tree
version=v4
num_class=1
num_tree_per_iteration=1
label_index=0
max_feature_idx=73
objective=binary sigmoid:1
feature_names=cvss_base cvss_missing av_N av_A av_L av_P ac_L ac_H pr_N pr_L pr_H ui_N ui_R s_U s_C c_H c_L c_N i_H i_L i_N a_H a_L a_N cwe_79 cwe_787 cwe_89 cwe_125 cwe_20 cwe_352 cwe_22 cwe_416 cwe_78 cwe_862 cwe_120 cwe_200 cwe_434 cwe_287 cwe_476 cwe_269 cwe_119 cwe_863 cwe_77 cwe_190 cwe_400 cwe_284 cwe_306 cwe_94 cwe_502 cwe_798 cwe_918 cwe_276 cwe_732 cwe_362 cwe_other vendor_kev_rate product_kev_rate ref_total ref_exploit ref_patch ref_vendor_advisory dom_exploitdb dom_github dom_packetstorm dom_zdi desc_len kw_rce kw_unauth kw_deser kw_ssrf kw_auth_bypass poc_github poc_exploitdb epss
feature_infos=[-1:10] none [0:1] [0:1] [0:1] [0:1] [0:1] [0:1] [0:1] [0:1] [0:1] [0:1] [0:1] [0:1] [0:1] [0:1] [0:1] [0:1] [0:1] [0:1] [0:1] [0:1] [0:1] [0:1] [0:1] [0:1] [0:1] [0:1] [0:1] [0:1] [0:1] [0:1] [0:1] [0:1] [0:1] [0:1] [0:1] [0:1] [0:1] [0:1] [0:1] [0:1] [0:1] [0:1] [0:1] [0:1] [0:1] [0:1] [0:1] [0:1] [0:1] [0:1] [0:1] [0:1] [0:1] [0.0001377829736023393:0.24153363540535341] [8.0050512784711199e-05:0.2601131458211498] [1:172] [0:18] [0:22] [0:34] [0:1] [0:1] [0:1] [0:1] [21:3975] [0:1] [0:1] [0:1] [0:1] [0:1] [0:1] [0:1] [0.00054000000000000001:0.99999000000000005]
tree_sizes=3436 3444 3426 3447 3471 3496 3475 3481 3464 3455 3507 3501 3494 3480 3492 3490 3504 3507 3515 3509 3494 3481 3500 3508 3521 3499 3486 3500 3488 3503 3503 3501 3512 3495 3523 3490 3513 3498 3535 3513 3512 3492 3522 3498 3529 3508 3512 3514 3513 3510 3503 3515 3519 3514 3528 3516 3480 3522 3513 3496 3527 3514 3486 3532 3483 3496 3522 3531 3517 3523 3512 3528 3504 3521 3507 3523 3514 3497 3521 3531 3522 3508 3512 3523 3524 3518 3524 3508 3527 3519 3517 3529 3549 3511 3521 3506 3509 3501 3523 3545 3520 3521 3515 3511 3528 3493 3518 3514 3526 3501 3532 3520 3538 3511 3494 3496 3503 3538 3522 3526 3512 3521 3520 3522 3531 3525 3497 3537 3520 3521 3527 3552 3507 3518 3522 3517 3530 3504 3522 3511 3519 3522 3519 3549 3530 3521 3535 3555 3542 3537 3539 3557 3525 3528 3519 3542 3527 3547 3535 3522 3541 3504 3539 3514 3545 3503 3541 3522 3527 3557 3538 3517 3522 3520 3520 3538 3529 3527 3584 3510 3527 3538 3528 3542 3500 3545 3514 3548 3539 3540 3540 3530 3511 3542 3555 3528 3527 3493 3530 3533 3535 3527 3537 3544 3519 3536 3512 3526 3532 3536 3532 3549 3520 3489 3529 3540 3540 3519 3537 3524

Tree=0
num_leaves=31
num_cat=0
split_feature=73 56 56 73 73 31 73 23 56 60 56 11 73 4 4 73 60 56 56 11 4 56 56 73 4 73 11 56 58 0
split_gain=3.65725e+06 565705 47996.1 139999 44527.8 40418.4 26630.5 25946.8 22123 18753.3 18390.4 17438.8 17744.3 19356.6 15740.1 14461.2 12587.3 10449.3 9328.13 8891.83 12339.5 8504.46 8030.17 7587.11 7582.91 27378.6 40246.9 30574.1 14288.8 6792.67
threshold=0.043455000000000008 0.036580011770314246 0.0070793993871210567 0.24908000000000002 0.013875000000000002 1.0000000180025095e-35 0.023395000000000003 1.0000000180025095e-35 0.018723845800721603 1.0000000180025095e-35 0.0019941073967910724 1.0000000180025095e-35 0.0045350000000000008 1.0000000180025095e-35 1.0000000180025095e-35 0.0036250000000000002 1.0000000180025095e-35 0.0067497694644379725 0.0064957980922481463 1.0000000180025095e-35 1.0000000180025095e-35 0.0064496039836892472 0.0072401483730347776 0.055750000000000001 1.0000000180025095e-35 0.0073750000000000005 1.0000000180025095e-35 0.0016370956852815514 1.0000000180025095e-35 9.5000000000000018
decision_type=2 2 2 2 2 2 2 2 2 2 2 2 2 2 2 2 2 2 2 2 2 2 2 2 2 2 2 2 2 2
left_child=1 5 3 9 7 6 24 14 16 17 -11 29 -13 -14 -3 -16 -8 -2 23 -18 21 -21 -23 -12 -1 -26 -27 -28 -29 -7
right_child=2 4 -4 -5 -6 11 8 -9 -10 10 18 12 13 -15 15 -17 19 -19 -20 20 -22 22 -24 -25 25 26 27 28 -30 -31
leaf_value=-4.9053209424504809 -4.9454472856610181 -4.939010528140428 -0.93356720525177561 -1.1271921783795351 -1.306941649074175 -4.9451737149234596 -4.9472510200907047 -4.9438238528064939 -2.5358048701860429 -4.9415595210372922 -4.0314980648698304 -4.940375167280382 -4.9381961078551244 -1.5984736836748619 -4.936746247980814 -1.8804227107933178 -4.9447252559266106 -3.1798365613368529 -4.9359171254551519 -4.6314016487631919 -2.2812908414539814 -2.7303676399552188 -4.9385475879835345 -2.1520000773312562 -4.9066381869339928 -4.9470650737281865 -4.9436759596120465 -1.8746178267745242 -4.9367124535512739 -3.0524629990789096
leaf_weight=378.65839264541864 8.4802533844485861 2.1398770222440406 408.8467204477638 116.05513548664749 46.335182784125209 7.7309361780062318 20.836782317608595 5.2812453107908359 5.8154426552355281 3.2710578050464418 3.5072780083864989 2.6586350882425913 1.8949079355224947 7.5832343166694045 1.5418642517179257 12.384319669567047 6.72944491170347 3.6570385340601197 1.3761498695239414 12.030761231668299 3.6266747312620273 4.5633212393149725 1.9957775594666598 18.086026664823294 97.431307846680284 18.250196960754693 5.0939160091802504 11.024123656563459 1.5346592785790552 1.1800716845318673
leaf_count=52012 1177 297 2295 1307 728 1073 2892 733 264 454 351 369 263 102 214 361 934 236 191 1534 96 226 277 745 13387 2533 707 308 213 28
internal_value=-2.89447 -4.41794 -1.12339 -1.64833 -1.84135 -4.71892 -4.76815 -3.11101 -4.15056 -3.2805 -2.83853 -3.45829 -2.75973 -2.20433 -2.54234 -2.19737 -4.3824 -4.32161 -2.55057 -3.9884 -3.71007 -4.1092 -3.31604 -2.40451 -4.83659 -4.64294 -3.94702 -2.96703 -2.22255 -4.53154
internal_weight=1219.6 656.321 563.28 154.433 67.6825 588.639 567.591 21.3473 55.5982 38.3778 26.2405 21.0478 12.1368 9.47814 16.0661 13.9262 49.7828 12.1373 22.9695 28.946 22.2165 18.5899 6.5591 21.5933 511.993 133.334 35.9029 17.6527 12.5588 8.91101
internal_count=86307 79551 6756 4461 2333 77218 75383 1605 6223 3154 1741 1835 734 365 872 575 5959 1413 1287 3067 2133 2037 503 1096 69160 17148 3761 1228 521 1101
is_linear=0
shrinkage=1


Tree=1
num_leaves=31
num_cat=0
split_feature=56 60 65 15 65 18 55 55 56 65 10 55 65 57 56 56 56 65 65 2 55 46 57 55 56 55 65 8 65 65
split_gain=1428.58 1338.35 777.651 2197.92 3395.85 968.042 1782.95 697.599 1730.89 2741.38 3199.11 2927.1 4471.41 1299.86 740.367 2030.61 694.093 2454.89 3646.21 487.775 456.58 1599.58 500.895 447.553 440.165 415.772 1109.58 529.197 668.406 410.368
threshold=0.0011161097395399886 1.0000000180025095e-35 751.50000000000011 1.0000000180025095e-35 810.50000000000011 1.0000000180025095e-35 0.086183747651422601 0.0028177459508940948 0.002025402211110458 956.50000000000011 1.0000000180025095e-35 0.005360410972892026 116.50000000000001 2.5000000000000004 0.0072401483730347776 0.0070793993871210567 0.001919494434714227 358.50000000000006 361.50000000000006 1.0000000180025095e-35 0.00070332916830404132 1.0000000180025095e-35 1.5000000000000002 0.0037420077390576084 0.001506055158456856 0.016609917414209353 286.50000000000006 1.0000000180025095e-35 215.50000000000003 142.50000000000003
decision_type=2 2 2 2 2 2 2 2 2 2 2 2 2 2 2 2 2 2 2 2 2 2 2 2 2 2 2 2 2 2
left_child=-1 2 5 4 -4 23 20 13 9 11 -11 12 -9 24 15 -10 -13 -18 -19 25 21 -7 29 -2 -3 26 27 28 -16 -22
right_child=1 7 3 -5 -6 6 -8 8 14 10 -12 16 -14 -15 19 -17 17 18 -20 -21 22 -23 -24 -25 -26 -27 -28 -29 -30 -31
leaf_value=-0.032417356439450311 -0.032548860846031341 0.097730395243643978 1.4767634453374701 0.10048781208221619 0.27366638318783754 0.12397638773118431 0.58500723946676525 1.9782865010504362 0.12601805666213553 -0.019373082868942539 1.7283493090899726 0.069844308655995488 -0.020515334542556947 0.10366978775196327 0.20271193647974603 0.45872734763079293 0.16931246841507752 1.7288674658890677 -0.020209775778654654 0.10498897618404926 -0.033622374526740779 0.62641718741171815 0.09714277487677693 0.059101387657363044 -0.031926706971180253 0.11486522194386073 0.098755852380775611 0.11544254149855526 0.40310737185345108 0.069188604775923965
leaf_weight=64.983183596283197 52.870499913115054 29.403656842652708 1.7419234910048516 58.031969059258699 12.49466950353235 75.245930548757315 5.7065905225463203 1.0581445503048592 2146.0858053630218 1.5370474802330127 1.3506022281944752 37.801761365495622 1.9330529854632912 457.28672203281894 119.88825213443488 15.789397018030284 39.677286641672254 1.3489644262008362 1.9322264655493198 7703.5053813587874 38.893921203445643 5.2871884852647772 1936.2623314699158 461.09798565739766 103.77365719806403 3220.7008557962254 204.19965203059837 52.086307218298316 17.845157412812114 301.95639878325164
leaf_count=5901 5146 519 79 469 284 720 13 14 15153 139 7 1535 243 2434 282 167 1293 25 226 7037 2904 7 8820 13726 10599 1800 692 161 111 5849
internal_value=0.107536 0.10807 0.0895946 0.186631 0.508133 0.0870933 0.0952165 0.111912 0.113309 0.246739 1.03237 0.20779 1.00507 0.0796951 0.112433 0.128659 0.166328 0.24771 0.934737 0.109322 0.0937835 0.164241 0.0912206 0.0496287 -0.00278524 0.118526 0.148082 0.200349 0.231394 0.057393
internal_weight=17171.8 17106.8 2949.59 72.2686 14.2366 2877.32 2363.35 14157.2 13566.7 86.6391 2.88765 83.7514 2.9912 590.464 13480.1 2161.88 80.7602 42.9585 3.28119 11318.2 2357.65 80.5331 2277.11 513.968 133.177 3614.72 394.019 189.82 137.733 340.85
internal_count=86355 80454 38017 832 363 37185 18313 42437 28885 3482 146 3336 257 13552 25403 15320 3079 1544 251 10083 18300 727 17573 18872 11118 3046 1246 554 393 8753
is_linear=0
shrinkage=0.03


Tree=2
num_leaves=31
num_cat=0
split_feature=60 56 0 40 56 0 56 8 56 65 65 65 65 57 15 56 56 65 0 56 56 57 11 57 56 56 60 0 0 45
split_gain=1522.69 1082.63 1033.06 877.262 4174.51 1749.63 615.905 1216.04 1359.68 4471.4 852.56 608.802 1785.49 500.498 754.927 487.786 462.277 590.473 469.897 435.353 428.251 408.934 401.979 774.533 369.364 1003.43 782.12 645.441 769.658 455.489
threshold=1.0000000180025095e-35 0.0011161097395399886 6.0500000000000007 1.0000000180025095e-35 0.0036999751382169113 8.1500000000000004 0.0022020675352604339 1.0000000180025095e-35 0.002195863684994514 152.50000000000003 956.50000000000011 751.50000000000011 764.50000000000011 2.5000000000000004 1.0000000180025095e-35 0.001919494434714227 0.001933288950800299 358.50000000000006 7.5500000000000007 0.0025014244426696769 0.018723845800721603 14.500000000000002 1.0000000180025095e-35 4.5000000000000009 0.0072401483730347776 0.0070793993871210567 5.5000000000000009 6.9500000000000011 7.0500000000000007 1.0000000180025095e-35
decision_type=2 2 2 2 2 2 2 2 2 2 2 2 2 2 2 2 2 2 2 2 2 2 2 2 2 2 2 2 2 2
left_child=2 -2 21 6 5 -5 7 8 10 -10 15 13 -13 14 -4 -3 17 -17 -18 -8 -14 -1 23 -6 25 26 27 -21 -29 -30
right_child=1 3 11 4 22 -7 19 -9 9 -11 -12 12 20 -15 -16 16 18 -19 -20 24 -22 -23 -24 -25 -26 -27 -28 28 29 -31
leaf_value=-0.032342808194173289 -0.032293751294564008 0.064509373880431861 -0.032711672150515195 0.44444716860917372 0.31625145485658063 1.4358183398101436 -0.033290044198257131 0.080390496549852086 1.6018736591610021 -0.024084322935501872 0.48202757584585049 0.68475634994820667 0.068116152858025331 0.09196684010530061 0.072215436214752821 0.19726653905260727 -0.028950292319605903 0.54604961724232581 0.17664552664510846 0.062686412011812437 0.26684833015738574 0.092997483086166483 0.11017402501586661 -0.035133454632536885 0.1005487471214447 0.30649801283724837 0.23637280897521457 0.27660576280953558 0.11047040100937792 0.22860762047099814
leaf_weight=98.429062973242253 51.919554686173797 39.656143362633884 65.279207237996161 7.6896321191452426 22.596442805137489 1.8191089490428565 20.758970554918051 171.18636479089037 1.532785290852188 3.742269461043179 7.0506053115241221 4.7733202762901774 37.584610958583653 1780.4041123394854 984.77332739811391 16.973455962259326 10.52292212937027 6.1632162397727361 134.31855760049075 248.01009457558393 12.741094546392558 29.648867097683251 134.87296232860535 7.17613277491182 12140.496439701412 23.269828882068396 43.982112473808229 25.385291659273207 2238.8786801733077 29.687941379379481
leaf_count=9897 4659 1499 6218 155 106 52 928 3375 50 437 13 33 635 7498 15101 444 1066 80 366 9759 14 43 281 57 11760 171 99 132 11473 135
internal_value=0.100092 0.103919 0.0805182 0.104383 0.17159 0.752689 0.103599 0.141058 0.187695 0.628359 0.174005 0.0842175 0.182683 0.0822368 0.0656675 0.161285 0.183615 0.30895 0.161613 0.102598 0.122649 -0.00283199 0.133688 0.233167 0.102791 0.113184 0.111327 0.109071 0.114056 0.112116
internal_weight=18401.3 15387.7 3013.63 15335.8 174.154 9.50874 15161.6 391.146 219.96 5.27505 214.685 2885.56 55.099 2830.46 1050.05 207.634 167.978 23.1367 144.841 14770.5 50.3257 128.078 164.646 29.7726 14749.7 2609.21 2585.94 2541.96 2293.95 2268.57
internal_count=86536 47097 39439 42438 651 207 41787 7330 3955 487 3468 29499 682 28817 21319 3455 1956 524 1432 34457 649 9940 444 163 33529 21769 21598 21499 11740 11608
is_linear=0
shrinkage=0.03


Tree=3
num_leaves=31
num_cat=0
split_feature=73 56 56 73 60 46 65 47 73 55 55 15 40 55 73 67 65 65 56 52 56 60 73 56 56 56 73 56 55 56
split_gain=2716.02 1304.74 4509 1066.47 3251.78 2422.7 4627.86 2171.9 4000.42 1231.72 1301.12 1433.99 1205.77 1415.56 1200.39 982.335 3518.48 902.315 854.128 818.526 792.624 705.49 998.705 1601.97 945.699 604.529 1776.6 5175.65 3081 844.823
threshold=0.0079950000000000021 0.0074326147304572326 0.0083061737185340812 0.03727500000000001 1.0000000180025095e-35 1.0000000180025095e-35 829.50000000000011 1.0000000180025095e-35 0.026605000000000004 0.0021628711448338938 0.015259018883957556 1.0000000180025095e-35 1.0000000180025095e-35 0.0062067466550570329 0.036150000000000009 1.0000000180025095e-35 325.50000000000006 1271.5000000000002 0.0072401483730347776 1.0000000180025095e-35 0.0039470903806293018 1.5000000000000002 0.011185000000000002 0.024051509200471031 0.0021240207669432922 0.0068988356286288468 0.24908000000000002 0.0067497694644379725 0.021765767382888639 0.0027928750166438913
decision_type=2 2 2 2 2 2 2 2 2 2 2 2 2 2 2 2 2 2 2 2 2 2 2 2 2 2 2 2 2 2
left_child=1 -1 -3 4 17 7 -7 9 -9 -6 11 14 13 20 -11 21 -17 19 -12 -2 -13 24 -23 -24 -15 26 27 29 -29 -5
right_child=3 2 -4 25 5 6 -8 8 -10 10 18 12 -14 15 -16 16 -18 -19 -20 -21 -22 22 23 -25 -26 -27 -28 28 -30 -31
leaf_value=-0.0082485640992974122 -0.031367421112403551 1.1849265526550261 0.074666737603325553 -0.031506557841357016 -0.030263333719082984 -0.024211047115560949 1.791873876920467 -0.025137935465769992 1.5956279625645458 -0.03080230201418984 -0.031253094785415429 0.14329040833024567 0.44263219241529483 0.2322433724471768 0.29872993410550014 1.4310341385212269 0.24232702951890842 0.22025811801855091 0.11678585581267906 0.16989441708897754 -0.031141929970109734 0.15703817267829165 0.26304105487853924 0.67899772411894754 0.050985352730384362 0.088145567527720042 0.095546910738931234 0.23738109379131017 0.89442436616581389 0.14763336068853614
leaf_weight=352.10883786343038 185.21020280150697 2.4016525652259579 111.17213377216831 25.613932695705444 45.205757097806782 2.7893246235325924 1.2686666594818232 2.9091901476494959 1.5412840330973265 48.499688847921789 35.669644617475569 113.36055698106065 16.36233566282317 60.66822667280212 11.46973054576665 1.8282419424504031 14.020585240796207 15.281341089867054 1289.1449015913531 19.159284456633031 29.092894786968827 41.732555652037263 40.655472918413579 10.593787884339688 45.882582286372781 13066.577949940227 3490.0467758625746 14.338931269943714 12.323926218785346 270.10343202436343
leaf_count=35831 19146 86 2732 1209 4812 193 6 169 12 4681 2478 1038 156 230 18 47 234 98 2149 83 2173 240 255 135 1266 2870 1238 143 23 2533
internal_value=0.0919673 0.0203427 0.108282 0.0937299 0.114344 0.127547 0.785573 0.125637 0.725932 0.123755 0.127728 0.172979 0.194762 0.182226 0.0360899 0.230794 0.456246 0.00530301 0.112779 -0.0117641 0.107698 0.2107 0.271754 0.360374 0.15539 0.0912412 0.101825 0.169286 0.56243 0.132063
internal_weight=19377 465.683 113.574 18911.4 2032.35 1812.7 4.05799 1808.64 4.45047 1804.19 1758.98 434.167 374.197 357.835 59.9694 215.381 15.8488 219.651 1324.81 204.369 142.453 199.533 92.9818 51.2493 106.551 16879 3812.43 322.38 26.6629 295.717
internal_count=86284 38649 2818 47635 39619 20292 199 20093 181 19912 15100 10473 5774 5618 4699 2407 281 19327 4627 19229 3211 2126 630 390 1496 8016 5146 3908 166 3742
is_linear=0
shrinkage=0.03


Tree=4
num_leaves=31
num_cat=0
split_feature=73 4 73 46 73 49 73 65 47 73 73 19 62 59 65 11 73 59 73 73 73 65 65 73 4 65 65 65 65 65
split_gain=3017.52 785.59 2762.14 1432.72 1020.07 1384.63 1421.75 2670.83 892.31 872.541 762.797 708.592 548.048 454.027 491.068 422.656 513.471 427.787 365.576 358.443 1143.17 395.284 356.211 335.678 691.117 286.094 334.602 267.648 452.29 249.241
threshold=0.0069850000000000008 1.0000000180025095e-35 0.019515000000000001 1.0000000180025095e-35 0.03727500000000001 1.0000000180025095e-35 0.019835000000000002 321.50000000000006 1.0000000180025095e-35 0.032685000000000006 0.023395000000000003 1.0000000180025095e-35 1.0000000180025095e-35 1.0000000180025095e-35 162.50000000000003 1.0000000180025095e-35 0.027775000000000005 1.0000000180025095e-35 0.77983000000000013 0.015445000000000002 0.015635000000000007 225.50000000000003 62.500000000000007 0.0045350000000000008 1.0000000180025095e-35 304.50000000000006 306.50000000000006 196.50000000000003 257.50000000000006 286.50000000000006
decision_type=2 2 2 2 2 2 2 2 2 2 2 2 2 2 2 2 2 2 2 2 2 2 2 2 2 2 2 2 2 2
left_child=23 2 3 19 5 6 7 -4 10 15 -8 -5 13 14 -12 16 25 -17 -6 -2 21 -21 -22 -1 -25 -3 -27 -16 -29 -26
right_child=1 9 4 11 18 -7 8 -9 -10 -11 12 -13 -14 -15 27 17 -18 -19 -20 20 22 -23 -24 24 29 26 -28 28 -30 -31
leaf_value=-0.03038824942720773 -0.030736984404803776 -0.033690454297707825 -0.028032237109699657 -0.024566111034453907 0.079623157413907436 0.54321330714626404 0.018879913293158506 1.1229502168991472 0.40718627760311671 0.090706122391505134 -0.032562664813705247 0.48829690431726319 -0.030562149127644364 0.084748622276385494 0.25243205370523775 0.14933396239478422 0.12962348190371434 0.10973226030288101 0.089473180870537197 0.39598128550399464 0.083214229160079325 -0.025788954026940744 -0.034887507209468052 -0.029961560737955036 0.098701313686487296 0.15560285801178642 -0.030096783468265737 -0.033008691237830026 0.15966753169073769 -0.031685769168592899
leaf_weight=166.6222367589362 230.74061486218125 42.387896711006761 3.5833929297514251 3.3550269841216487 6923.5108741517179 6.1928741824813178 72.010150334332138 2.5798554164357483 8.3862659130245429 3565.8360897451639 11.877850839868186 6.9539676047861576 19.199782656040043 130.65824235090986 27.822031623218209 459.55804520985112 72.025129831396043 574.58683145139366 6933.7979122698307 8.6598754310980421 32.390574214514345 2.3741300464607766 72.755476367659867 98.868947892915457 90.197488016448915 20.5569739760831 14.209671312477438 11.187747743912039 228.46429521637037 14.939274182077495
leaf_count=19025 26211 2237 197 329 6499 74 2613 79 139 1090 485 31 1439 930 244 499 182 1070 596 148 128 125 4678 12232 1300 16 1194 408 1130 864
internal_value=0.085905 0.0875179 0.0840752 0.00166777 0.0861223 0.127412 0.121378 0.543261 0.115222 0.0981802 0.109535 0.333974 0.124666 0.131991 0.153707 0.120607 0.0725836 0.127458 0.0845579 -0.00913848 0.0336537 0.310629 0.00193532 0.00110403 0.0268482 0.0183586 0.0809851 0.162069 0.150573 0.0800501
internal_weight=19856.3 19485.7 14736.5 357.23 14379.3 521.962 515.77 6.16325 509.606 4749.16 501.22 10.309 429.21 410.01 279.352 1183.32 149.18 1034.14 13857.3 346.921 116.18 11.034 105.146 370.628 204.006 77.1545 34.7666 267.474 239.652 105.137
internal_count=86192 52771 46483 31650 14833 7738 7664 276 7388 6288 7249 360 4636 3197 2267 5198 3629 1569 7095 31290 5079 273 4806 33421 14396 3447 1210 1782 1538 2164
is_linear=0
shrinkage=0.03


Tree=5
num_leaves=31
num_cat=0
split_feature=60 56 4 35 56 56 56 9 57 16 55 59 56 71 55 71 56 57 55 36 55 55 56 3 46 58 55 55 56 60
split_gain=782.01 575.155 489.051 2361.89 1018.21 634.996 634.18 576.695 457.333 364.075 560.013 413.705 349.702 332.415 264.76 385.372 360.421 270.898 294.401 251.356 212.646 965.484 833.939 208.021 348.248 200.847 184.304 178.446 144.233 284.842
threshold=1.0000000180025095e-35 0.00078054427200581185 1.0000000180025095e-35 1.0000000180025095e-35 0.044512489803421006 0.003521635503638119 0.001933288950800299 1.0000000180025095e-35 3.5000000000000004 1.0000000180025095e-35 0.034771930691627664 1.0000000180025095e-35 0.0033897661317019196 1.0000000180025095e-35 0.0028177459508940948 1.0000000180025095e-35 0.0031429205094269147 2.5000000000000004 0.00027236291111624674 1.0000000180025095e-35 0.003521635503638119 0.0044112072716893424 0.0074326147304572326 1.0000000180025095e-35 1.0000000180025095e-35 1.5000000000000002 0.0021628711448338938 0.06386747763884322 0.0062335325816534918 1.5000000000000002
decision_type=2 2 2 2 2 2 2 2 2 2 2 2 2 2 2 2 2 2 2 2 2 2 2 2 2 2 2 2 2 2
left_child=8 -2 14 5 6 7 -5 12 9 11 -11 19 -4 -13 15 16 -3 18 -18 23 25 22 -22 -1 -25 -7 -9 28 29 -23
right_child=1 2 3 4 -6 20 -8 26 -10 10 -12 13 -14 -15 -16 -17 17 -19 -20 -21 21 27 -24 24 -26 -27 -28 -29 -30 -31
leaf_value=0.064204447767327089 -0.032075625117602917 -0.033810579059188411 -0.030608315552638765 0.40896644869974524 0.8299840505639573 -0.031029202965402184 -0.029626842517704144 -0.026354302893524504 0.078206637751418992 -0.033758755261436429 0.080634791516935991 -0.036269262578568974 0.09806631827852598 0.078471044986162711 0.08128858477834075 0.087956348016955649 0.078029404507265768 0.073823905120321109 -0.032917405937787289 -0.038135433582342108 0.16319371855658854 -0.033597600276471663 0.51710415576487334 0.073533136105262839 0.25262925864599328 0.079198028828003031 0.1487869833541253 0.13426003376110546 0.086246461521178652 0.081095821283185612
leaf_weight=1413.1704141134396 38.376222320832312 52.163156230468303 27.403178518172354 8.3773599751293677 3.7924669729545704 26.445455256383866 4.1531642675399771 5.2211650516837826 1825.5504349307157 93.413397091906518 64.091204706113786 67.259582030121237 58.284863222390413 33.065575945191085 11671.667268423829 246.92110268212855 33.773940602317452 172.95038896705955 55.548187194392085 20.403846624772996 40.393670990131795 27.016725020483136 6.5406192420050493 34.563604090828449 13.441008425317703 31.826611415017396 307.71605701977387 70.550078112632036 3920.0781955299899 64.877810613252223
leaf_count=19172 3540 3700 2662 13 16 2580 161 578 5235 9051 58 4592 207 66 20130 67 505 935 5095 803 282 1131 56 362 16 12 2147 64 2985 194
internal_value=0.080509 0.0832148 0.0834795 0.091875 0.442188 0.0905321 0.272152 0.126903 0.0676817 0.056597 0.0130049 0.0609263 0.0570376 0.00194855 0.0803135 0.0599307 0.0377135 0.0520133 0.00943258 0.064916 0.0870405 0.0878452 0.222272 0.0663801 0.127811 0.0294944 0.14579 0.0862458 0.0853682 0.0473776
internal_weight=20439 16874.1 16835.7 4602.68 16.323 4586.35 12.5305 398.625 3564.96 1739.41 157.505 1581.9 85.688 100.325 12233 561.357 314.436 262.273 89.3221 1481.58 4187.73 4129.46 46.9343 1461.18 48.0046 58.2721 312.937 4082.52 4011.97 91.8945
internal_count=86415 47060 43520 13088 190 12898 174 5594 39355 34120 9109 25011 2869 4658 30432 10302 10235 6535 5600 20353 7304 4712 338 19550 378 2592 2725 4374 4310 1325
is_linear=0
shrinkage=0.03


Tree=6
num_leaves=31
num_cat=0
split_feature=73 4 57 73 55 55 65 4 73 40 73 45 60 0 55 55 65 65 73 55 57 65 73 73 65 35 55 73 55 73
split_gain=1139.57 1354.82 1021.2 1085.15 579.64 522.445 916.191 509.346 1941.04 955.439 718.745 1924.99 948.259 993.593 1086.62 667.664 580.919 1224.71 461.994 414.485 412.368 358.641 476.552 349.958 349.655 349.263 326.704 323.658 354.812 762.988
threshold=0.0079950000000000021 1.0000000180025095e-35 1.5000000000000002 0.0026450000000000002 0.028894404390139527 0.005360410972892026 152.50000000000003 1.0000000180025095e-35 0.019515000000000001 1.0000000180025095e-35 0.036150000000000009 1.0000000180025095e-35 1.0000000180025095e-35 9.5000000000000018 0.0073991022256974679 0.0059228531034993181 751.50000000000011 764.50000000000011 0.011375000000000001 0.0066168109075340131 3.5000000000000004 261.50000000000006 0.033705000000000006 0.011185000000000002 62.500000000000007 1.0000000180025095e-35 0.0038435313493479849 0.77983000000000013 0.0069782869163078536 0.16886000000000004
decision_type=2 2 2 2 2 2 2 2 2 2 2 2 2 2 2 2 2 2 2 2 2 2 2 2 2 2 2 2 2 2
left_child=1 -1 3 -3 5 -5 -7 8 9 16 11 12 -10 19 15 -15 24 -18 20 -14 23 -21 -23 -9 -2 -8 -11 28 29 -12
right_child=7 2 -4 4 -6 6 25 18 10 26 27 -13 13 14 -16 -17 17 -19 -20 21 -22 22 -24 -25 -26 -27 -28 -29 -30 -31
leaf_value=-0.030106303051857894 0.064187807231476407 -0.029785051414125196 -0.032220208163705126 -0.029116515811857771 -0.033544960593399314 0.45904897355517321 0.12304799537682411 0.11587786556261291 -0.031341175147183563 0.30424949286279629 -0.009502822599509856 0.63891933261255651 -0.030092876774173046 -0.027878848315150917 -0.035713811121995835 0.28629378238475917 0.39617468487194912 -0.029568347768472506 0.083942828633926353 0.070670532279483986 -0.034126774453005319 0.11083234177704332 0.24078676368762611 0.22288671318614964 -0.032210387505177449 0.28983627762490632 -0.027374093933846749 0.07999384892526594 0.073791576054941549 0.064907029923440843
leaf_weight=191.43265742203221 38.086983899120241 51.500941576436162 71.444220149889588 15.617328963242469 19.397719892673194 7.4180623725987962 177.23122983425856 317.95174631942064 42.699662799481302 11.283363876864312 143.68821097863838 5.1628343854099503 21.608541149180382 6.5386860095895818 13.351274298503993 63.254323956556618 8.6627244302071649 16.066982351709157 4520.44033311354 181.02755772508681 14.718110691290347 216.01831650640815 28.990701140835881 30.763023214414716 254.75548951886594 11.809639240615068 3.2182176331989458 7521.9149424880743 5807.0284084114246 894.39429992623627
leaf_count=23782 482 5587 5689 1783 630 151 1129 1414 3762 95 2802 24 1578 386 250 130 77 1502 3808 663 297 676 37 41 25026 14 117 581 2868 1076
internal_value=0.0769598 0.0341017 0.0687695 0.0942906 0.121906 0.136215 0.149439 0.0781184 0.0754006 0.00365128 0.0769945 0.109891 0.104025 0.114953 0.210031 0.256882 -0.00755117 0.129169 0.0866031 0.0968642 0.119371 0.103359 0.127125 0.125928 -0.0194971 0.134938 0.233637 0.075662 0.0708908 0.0546082
internal_weight=20707.5 545.852 354.419 282.975 231.474 212.076 196.459 20161.6 15277.8 332.074 14945.7 578.652 573.489 530.789 83.1443 69.793 317.572 24.7297 4883.87 447.645 363.433 426.037 245.009 348.715 292.842 189.041 14.5016 14367 6845.11 1038.08
internal_count=86457 38765 14983 9294 3707 3077 1294 47692 42132 27299 14833 7506 7482 3720 766 516 27087 1579 5560 2954 1752 1376 713 1455 25508 1143 212 7327 6746 3878
is_linear=0
shrinkage=0.03


Tree=7
num_leaves=31
num_cat=0
split_feature=73 2 73 73 65 73 55 55 40 65 73 62 55 65 73 11 65 73 73 22 73 55 57 73 55 73 48 62 55 55
split_gain=851.338 481.619 2983.9 444.09 1451.77 893.651 964.196 1041.51 821.613 669.695 634.272 489.541 407.911 1029.67 931.79 742.854 541.367 450.167 406.755 395.927 383.434 374.561 366.692 339.862 427.298 582.961 684.4 248.445 259.228 239.233
threshold=0.0026450000000000002 1.0000000180025095e-35 0.011185000000000002 0.019515000000000001 751.50000000000011 0.03727500000000001 0.0059228531034993181 0.0092217361296526232 1.0000000180025095e-35 847.50000000000011 0.019835000000000002 1.0000000180025095e-35 0.016299180440167958 1027.5000000000002 0.045905000000000008 1.0000000180025095e-35 361.50000000000006 0.060315000000000007 0.013595000000000001 1.0000000180025095e-35 0.0093150000000000021 0.030810663257538635 4.5000000000000009 0.77983000000000013 0.0069782869163078536 0.16886000000000004 1.0000000180025095e-35 1.0000000180025095e-35 0.000661284296626267 0.028894404390139527
decision_type=2 2 2 2 2 2 2 2 2 2 2 2 2 2 2 2 2 2 2 2 2 2 2 2 2 2 2 2 2 2
left_child=-1 12 -3 4 8 6 -5 11 19 -6 -9 22 13 15 -15 17 27 -2 -18 -4 29 -12 -8 24 25 26 -7 28 -17 -14
right_child=1 2 3 5 9 23 7 10 -10 -11 21 -13 20 14 -16 16 18 -19 -20 -21 -22 -23 -24 -25 -26 -27 -28 -29 -30 -31
leaf_value=-0.029909532803084591 -0.030459667168668759 -0.030146809522253779 -0.033649433218135565 -0.030457516848862803 0.29098638159713686 -0.038140274087136772 0.19239283721466044 0.30588323761770048 0.19873565569237536 -0.028003042809200459 0.09583648675023658 -0.028619916964263904 0.066805780241309815 -0.024081573731565699 0.61383909379007495 0.051579545048382733 -0.032246667364501623 0.068138668277260422 0.084917041262770679 0.078821661214018748 0.077824590256976064 0.01843822083967403 -0.02875643271433714 0.07607114777088643 0.070030601829693326 0.057822083834162666 0.13924376030565794 0.050857943435870433 0.13105916724517763 -0.034449664713255175
leaf_weight=71.173775146715343 48.303827800322324 257.8726950394921 161.99339426960796 43.109496335033327 24.453292140737179 114.94499973673373 179.56146137323231 11.135380734223871 16.77501008566469 7.5044451761059454 386.7036779387854 9.9908813405781967 37.988899317570031 2.9309564614668471 5.4023764133453369 41.204114961903542 28.407979847863317 281.16031526215374 342.0709587787278 33.078232141211629 4155.1016110447235 66.463131221476942 6.7580973249860099 7702.8537938147783 5958.4704553647898 941.39430512674153 22.555653533432633 44.08764109108597 602.23394968500361 44.586361727677286
leaf_count=8187 5031 32706 13460 3825 219 2496 967 54 134 703 1123 890 521 227 3 801 2009 175 144 359 2049 564 275 597 2718 1069 90 822 2611 1514
internal_value=0.0733167 0.0736585 0.0709745 0.0726385 0.0322805 0.0732735 0.106382 0.115344 0.00344847 0.217503 0.0905048 0.173336 0.0812416 0.095413 0.410932 0.0932234 0.105489 0.0536344 0.0758704 -0.014273 0.0765525 0.0845506 0.184261 0.0716857 0.0668755 0.049402 -0.00824687 0.121316 0.126057 0.0123751
internal_weight=21650.3 21579.1 15945.6 15687.7 243.804 15443.9 703.722 660.613 211.847 31.9577 464.302 196.31 5633.48 1395.8 8.33333 1387.47 1058 329.464 370.479 195.072 4237.68 453.167 186.32 14740.2 7037.37 1078.89 137.501 687.526 643.438 82.5753
internal_count=86343 78156 62249 29543 14875 14668 7698 3873 13953 922 1741 2132 15907 11823 230 11593 6387 5206 2153 13819 4084 1687 1242 6970 6373 3655 2586 4234 3412 2035
is_linear=0
shrinkage=0.03


Tree=8
num_leaves=31
num_cat=0
split_feature=73 53 56 56 56 2 73 65 40 56 22 56 65 56 57 73 65 11 73 73 56 55 73 56 73 60 55 73 73 65
split_gain=1564.16 640.012 451.435 614.578 412.125 419.036 1042.41 1057.4 715.548 526.288 357.447 349.607 636.612 434.313 820.9 433.112 267.972 253.969 369.622 241.283 756.458 561.804 251.822 514.281 669.65 504.436 452.795 624.275 512.668 369.615
threshold=0.0079950000000000021 1.0000000180025095e-35 0.002195863684994514 0.002155962769067302 0.00078054427200581185 1.0000000180025095e-35 0.019515000000000001 751.50000000000011 1.0000000180025095e-35 0.0072401483730347776 1.0000000180025095e-35 0.0068988356286288468 891.50000000000011 0.0067497694644379725 2.5000000000000004 0.012195000000000003 847.50000000000011 1.0000000180025095e-35 0.24908000000000002 0.020785000000000001 0.0074326147304572326 0.0072480298081758826 0.77983000000000013 0.018723845800721603 0.104785 1.5000000000000002 0.02035367420542971 0.24908000000000002 0.24908000000000002 580.50000000000011
decision_type=2 2 2 2 2 2 2 2 2 2 2 2 2 2 2 2 2 2 2 2 2 2 2 2 2 2 2 2 2 2
left_child=1 2 3 -1 -2 11 7 8 10 -9 -7 12 13 17 -15 -13 -11 18 -6 20 21 -8 23 24 25 29 28 -28 -26 -21
right_child=4 -3 -4 -5 5 6 19 9 -10 16 -12 15 -14 14 -16 -17 -18 -19 -20 22 -22 -23 -24 -25 26 -27 27 -29 -30 -31
leaf_value=-0.030037069223561332 -0.03389158627296452 0.11302787187128276 -0.017368809261434543 0.095601546393346198 -0.031363916540641384 -0.032290677481870339 -0.026506070357606173 -0.027855141032247469 0.16370563888413772 0.23885546349402811 0.067509516523065916 0.10685074495483576 0.31326191607773191 0.072773713874178553 0.30482570823544858 0.07116444309538332 -0.025571671772488362 0.095498569199756161 0.074139372020738517 -0.012156355141465222 -0.040767074330363258 0.27802818255560857 0.072491216653301077 0.069985179905886985 -0.0092263709972620015 0.070742649094338209 0.14821167670461155 0.068164030302911294 0.057361539821609277 0.061173095901951205
leaf_weight=56.641160910017788 33.769168021157384 53.427679685875773 294.99679824383929 89.277641863096505 34.504730406682938 234.45907826488838 6.6567788249813011 10.918919755145906 19.851125915069133 29.186920229811221 36.48095681052655 334.07921996014193 10.937848675064741 33.523490614723414 23.287363167386502 4206.2082037744112 3.6880076220259062 648.85500561073422 200.8289233148098 285.73344348371029 14.570748785976319 25.508364831563085 7529.4902349710464 5243.1288500074297 113.2792331147939 138.77642965735868 109.2573554571718 454.79193753004074 1243.1771176457405 77.886985198128968
leaf_count=7038 2267 423 30572 696 2600 23794 635 1078 168 112 592 641 47 56 57 1025 323 712 42 7394 166 213 578 1318 871 663 154 155 969 782
internal_value=0.0687555 0.0159688 0.00397858 0.04696 0.0699912 0.0701593 0.0676274 0.0151945 -0.00568682 0.150878 -0.0186542 0.0773267 0.093989 0.0911104 0.171522 0.0738132 0.209312 0.0857559 0.0586032 0.0687773 0.136844 0.216104 0.0685589 0.0646878 0.0532001 0.022305 0.0612663 0.0839043 0.051798 0.0036754
internal_weight=21597.2 494.343 440.916 145.919 21102.8 21069.1 15576.8 334.585 290.791 43.7938 270.94 5492.22 951.937 941 56.8109 4540.29 32.8749 884.189 235.334 15242.3 46.7359 32.1651 15195.5 7666.03 2422.9 502.397 1920.51 564.049 1356.46 363.62
internal_count=86141 38729 38306 7734 47412 45145 39965 26067 24554 1513 24386 5180 3514 3467 113 1666 435 3354 2642 13898 1014 848 12884 12306 10988 8839 2149 309 1840 8176
is_linear=0
shrinkage=0.03


Tree=9
num_leaves=31
num_cat=0
split_feature=73 60 73 4 73 46 55 65 20 65 65 65 73 55 55 65 73 65 59 21 23 55 21 65 55 55 11 65 65 55
split_gain=1138.21 667.084 2260.67 319.86 1927.54 875.985 431.469 515.356 400.313 402.003 434.082 437.179 367.708 507.68 602.083 339.586 305.458 399.656 309.02 284.532 265.279 264.99 238.779 331.449 183.985 231.325 182.798 208.32 178.204 166.863
threshold=0.0036250000000000002 1.0000000180025095e-35 0.023395000000000003 1.0000000180025095e-35 0.019515000000000001 1.0000000180025095e-35 0.016299180440167958 1027.5000000000002 1.0000000180025095e-35 286.50000000000006 278.50000000000006 140.50000000000003 0.03727500000000001 0.0062067466550570329 0.0092217361296526232 261.50000000000006 0.66771000000000014 146.50000000000003 2.5000000000000004 1.0000000180025095e-35 1.0000000180025095e-35 0.057612852812660494 1.0000000180025095e-35 198.50000000000003 0.007222384741534674 0.0062472032940587771 1.0000000180025095e-35 344.50000000000006 407.50000000000006 0.086183747651422601
decision_type=2 2 2 2 2 2 2 2 2 2 2 2 2 2 2 2 2 2 2 2 2 2 2 2 2 2 2 2 2 2
left_child=-1 2 -2 4 5 -3 7 8 26 10 11 -10 13 -6 24 19 17 18 -4 20 -16 -17 23 -19 25 -15 27 -5 -28 -24
right_child=1 3 16 6 12 -7 -8 -9 9 -11 -12 -13 -14 14 15 21 -18 22 -20 -21 -22 -23 29 -25 -26 -27 28 -29 -30 -31
leaf_value=-0.030027779896990663 -0.031371686793961448 -0.03219265879101918 -0.043713430335537859 0.067525757932616157 -0.030709141601711152 0.17662268776646245 0.07055805266582818 0.27928170975952621 0.309054427391388 -0.030789129737231517 0.34420611810126045 0.11115973136542517 0.06681936915298177 0.12832873145432425 0.082294399211453317 0.090076686721802135 0.069925484418489323 0.054444120098079675 0.065976120609626113 -0.040543651136831969 -0.039846197782392727 0.21708301948852601 0.057790775834407303 -0.044190521890630961 0.17379297034861513 -0.031566965466945388 0.097914392680779533 -0.036423313673731604 0.062974200351567533 0.13966048052005348
leaf_weight=109.88870414439589 255.00939189037308 231.81475260388106 66.585467790719122 209.97606777120382 28.765530501492321 18.60997349768877 4009.3855377743021 12.240948963444678 11.082990233320741 10.505432093981652 9.9586074040271324 80.846955880988389 12188.244247427676 48.358136588707566 95.055916507728398 244.91036606859416 1736.5622569769621 77.583133617881685 34.13788180379197 30.053493775893003 18.574144430458546 15.409424999728797 1293.4132194621488 49.351516152266413 97.038803179748356 9.3356073573231679 610.44592376612127 18.288637571968138 177.25946688884869 22.343013962730765
leaf_count=13263 29541 22974 1231 841 1978 223 2764 49 85 693 13 312 3925 8 18 638 299 207 36 445 258 27 3346 731 230 286 686 787 352 2
internal_value=0.0660493 0.066537 0.0545678 0.0688617 0.066335 -0.0160341 0.0752383 0.091614 0.0893326 0.143307 0.161382 0.138087 0.0679507 0.0912675 0.0975909 0.0779719 0.0612569 0.0514645 -0.00625354 0.0405429 0.0621557 0.0983967 0.0554957 0.0160498 0.147986 0.102358 0.0832265 0.0590748 0.0901415 0.059286
internal_weight=21821 21711.1 3534.99 18176.2 13026.2 250.425 5149.99 1140.61 1128.36 112.394 101.889 91.9299 12775.7 587.501 558.736 404.003 3279.98 1543.41 100.723 143.684 113.63 260.32 1442.69 126.935 154.733 57.6937 1015.97 228.265 787.705 1315.76
internal_count=86248 72985 35393 37592 31010 23197 6582 3818 3769 1103 410 397 7813 3888 1910 1386 5852 5553 1267 721 276 665 4286 938 524 294 2666 1628 1038 3348
is_linear=0
shrinkage=0.03


Tree=10
num_leaves=31
num_cat=0
split_feature=60 0 56 55 0 55 4 56 60 8 58 0 59 55 55 63 56 0 67 0 55 55 56 55 58 55 0 55 55 56
split_gain=640.969 494.115 432.534 326.206 330.753 266.596 227.734 368.791 1516.05 306.279 214.639 265.367 205.489 222.163 183.139 161.105 181.277 387.572 193.816 331.708 162.176 315.112 144.472 192.624 138.506 136.268 128.982 185.931 112.668 110.387
threshold=1.0000000180025095e-35 6.0500000000000007 0.00078054427200581185 0.0028177459508940948 9.7000000000000011 0.034771930691627664 1.0000000180025095e-35 0.0093449173492394354 7.5000000000000009 1.0000000180025095e-35 1.5000000000000002 7.0500000000000007 1.0000000180025095e-35 0.0035378959508221264 0.0014676911939505613 1.0000000180025095e-35 0.018723845800721603 6.9500000000000011 1.0000000180025095e-35 8.8500000000000032 0.0015490702586549395 0.0045156434605919558 0.0062335325816534918 0.028776686551824315 1.0000000180025095e-35 0.048763003506173415 8.4500000000000011 0.021765767382888639 0.027768086900342593 0.036580011770314246
decision_type=2 2 2 2 2 2 2 2 2 2 2 2 2 2 2 2 2 2 2 2 2 2 2 2 2 2 2 2 2 2
left_child=1 5 -2 4 10 -1 -5 8 9 12 11 14 22 -14 -4 16 17 -3 19 20 -19 -22 -8 -24 -21 -15 28 -28 -23 -9
right_child=2 15 3 6 -6 -7 7 29 -10 -11 -12 -13 13 25 -16 -17 -18 18 -20 24 21 26 23 -25 -26 -27 27 -29 -30 -31
leaf_value=-0.033835178745755617 -0.032772238301923586 -0.033480439419446381 -0.032631280697834858 0.064405390325881828 0.065196590448619862 0.062452435315093154 0.12277646590849289 0.052802616451347782 0.50988438656901947 0.05370366114553262 0.059862353895180284 -0.034900931303340731 0.12797880376363324 0.066001124589560062 0.046809617145641629 0.062305596611687511 0.060927938083378042 0.073409332379985037 0.061063428520679558 -0.039050341625515093 -0.035578149274455621 0.057241910349128587 -0.032722524433756291 0.093570573777602639 0.018108648848797749 0.14259294957055205 -0.038475994480232478 0.056274284974203267 -0.037756192404453832 0.069402398374714444
leaf_weight=90.818921398837119 39.623599136248231 57.491243465337902 31.772558426950127 12866.084286625031 388.73150010360405 35.045836586505175 253.3772071832791 419.8227871004492 6.6294437777250996 236.62684265570715 108.62962413392961 80.831160095520318 72.28888058103621 390.52699253568426 131.43381659919396 1261.4095953889191 724.50741681922227 170.24378594616428 475.98039795830846 46.862099508754909 45.26625574240461 351.71792706195265 11.463022042531518 119.02765368949622 187.42631447501481 22.028693669941276 35.309686433523893 37.350913500413299 10.953417046926914 3635.0582082914189
leaf_count=9823 3518 6232 3451 20167 1098 60 2747 828 3 1981 171 6192 117 1224 3532 1451 837 1221 1233 2895 3582 4991 654 124 4149 22 2316 138 450 987
internal_value=0.0633486 0.0515772 0.0655546 0.0657638 0.0461284 -0.00674387 0.0665685 0.0719414 0.0873436 0.0843508 0.0249853 0.00927932 0.0926273 0.0792525 0.0312397 0.0537347 0.0486633 0.042361 0.0455866 0.0372044 0.0482093 0.0391488 0.109271 0.0823118 0.0065584 0.0704257 0.0469827 0.0103328 0.0542768 0.0676972
internal_weight=22344.3 3530.38 18814 18774.3 741.399 125.865 18032.9 5166.85 1111.97 1105.34 352.667 244.038 868.712 484.845 163.206 3404.52 2143.11 1418.6 1361.11 885.13 650.842 480.598 383.868 130.491 234.288 412.556 435.332 72.6606 362.671 4054.88
internal_count=86194 39378 46816 43298 14444 9883 28854 8687 6872 6869 13346 13175 4888 1363 6983 29495 28044 27207 20975 19742 12698 11477 3525 778 7044 1246 7895 2454 5441 1815
is_linear=0
shrinkage=0.03


Tree=11
num_leaves=31
num_cat=0
split_feature=73 57 8 73 0 55 56 55 73 55 56 62 73 73 55 57 55 45 56 73 57 55 73 58 0 56 40 0 56 56
split_gain=757.894 781.151 618.416 592.163 449.559 366.853 365.174 242.675 318.147 372.873 372.234 184.443 993.305 170.715 882.538 313.034 303.687 324.356 411.908 273.468 413.754 402.288 305.281 274.087 276.834 322.724 256.269 245.443 206.272 172.322
threshold=0.0079950000000000021 1.5000000000000002 1.0000000180025095e-35 0.0026450000000000002 5.4500000000000011 0.028894404390139527 0.00078054427200581185 0.003521635503638119 0.003935000000000001 0.0035378959508221264 0.002349486814060124 1.0000000180025095e-35 0.036150000000000009 0.043455000000000008 0.0033897661317019196 7.5000000000000009 0.015259018883957556 1.0000000180025095e-35 0.0072401483730347776 0.023395000000000003 2.5000000000000004 0.0059228531034993181 0.017965000000000005 1.0000000180025095e-35 5.5500000000000007 0.0093449173492394354 1.0000000180025095e-35 7.9500000000000011 0.037227276579386147 0.0068988356286288468
decision_type=2 2 2 2 2 2 2 2 2 2 2 2 2 2 2 2 2 2 2 2 2 2 2 2 2 2 2 2 2 2
left_child=1 2 3 -1 -5 7 -2 -6 10 -10 -9 13 -13 14 -8 16 19 18 -18 20 22 -21 23 24 25 -16 27 -26 -23 -15
right_child=6 -3 -4 4 5 -7 11 8 9 -11 -12 12 -14 29 15 -17 17 -19 -20 21 -22 28 -24 -25 26 -27 -28 -29 -30 -31
leaf_value=-0.029739479081199127 -0.034228276719672199 -0.031356159352432258 -0.030025073882618367 -0.029291663268206966 -0.028099513302717614 -0.033597198415745447 -0.030932761695401417 0.23985390594482531 0.24253919554160314 0.08382682012050742 -0.025803358308519611 -0.031821748899157412 0.058637888409782443 0.067992177753976285 -0.026814323542603737 -0.037188476151105529 -0.033098010262433086 0.19493276732026732 0.067954659267370904 -0.030335470688439992 -0.031737409731196591 0.12774697134342333 -0.03427019889701393 -0.028730795181550535 0.08067162878096075 0.20288925892001641 0.15301156764647469 -0.029074069453861186 0.050740665991443362 0.06043241551254102
leaf_weight=47.78839969355613 34.788321139290929 152.52638230472803 72.34535847697407 27.577705562114716 10.813730651047079 17.30143653973937 74.942139371298254 29.07371712801978 13.969116075895725 160.62076469324529 5.4195932438597074 113.32254420686513 2662.2551162377931 3570.912730504293 6.2868214454501858 22.413863017223775 36.491310731042176 16.988240868784487 1805.0652713659219 16.839302766136825 30.211997437290847 271.82537603611127 19.004036843311042 17.272305207327008 325.90929795149714 33.640870888717473 42.474972485564649 18.94848966319114 37.412317082285881 12563.283605107106
leaf_count=5331 2303 16471 9200 4074 1383 561 8396 57 8 1071 505 11835 2123 2643 682 624 1926 30 2454 1081 2391 987 1152 2312 2481 101 91 2014 15 1992
internal_value=0.061214 0.0259554 0.0486884 0.0669449 0.0844413 0.0977319 0.0620852 0.10817 0.115318 0.0978345 0.198563 0.0622413 0.0549344 0.0633108 0.0702673 0.0730858 0.0740222 0.0672187 0.0659354 0.0893451 0.0749396 0.110862 0.0819458 0.0869799 0.0917137 0.16695 0.0835482 0.0745749 0.118624 0.0621097
internal_weight=22257.7 537.436 384.91 312.564 264.776 237.198 21720.3 219.897 209.083 174.59 34.4933 21685.5 2775.58 18909.9 2775.73 2700.78 2678.37 1858.54 1841.56 819.826 493.749 326.077 463.537 444.533 427.26 39.9277 387.333 344.858 309.238 16134.2
internal_count=86294 38661 22190 12990 7659 3585 47633 3024 1641 1079 562 45330 13958 31372 26737 18341 17717 4410 4380 13307 11224 2083 8833 7681 5369 783 4586 4495 1002 4635
is_linear=0
shrinkage=0.03


Tree=12
num_leaves=31
num_cat=0
split_feature=73 73 58 23 0 40 56 56 57 56 73 60 65 56 59 59 56 56 65 73 73 56 73 56 58 60 56 65 73 58
split_gain=958.234 436.476 1019.24 657.082 524.809 581.45 411.504 474.068 313.868 330.847 267.238 273.5 454.468 369.42 501.222 302.917 239.603 196.231 172.441 170.322 164.701 274.385 161.199 295.233 377.068 216.744 260.302 371.166 275.499 410.222
threshold=0.0036250000000000002 0.019515000000000001 1.0000000180025095e-35 1.0000000180025095e-35 7.8500000000000005 1.0000000180025095e-35 0.0083061737185340812 0.010117439650664703 2.5000000000000004 0.0414396605349414 0.03727500000000001 1.0000000180025095e-35 1271.5000000000002 0.033474976598428303 1.0000000180025095e-35 1.5000000000000002 0.0058227935986299309 0.001933288950800299 58.500000000000007 0.031705000000000004 0.003935000000000001 0.0022020675352604339 0.77983000000000013 0.0025911217181607952 1.5000000000000002 1.0000000180025095e-35 0.023561139330300889 138.50000000000003 0.14175000000000001 1.0000000180025095e-35
decision_type=2 2 2 2 2 2 2 2 2 2 2 2 2 2 2 2 2 2 2 2 2 2 2 2 2 2 2 2 2 2
left_child=-1 2 3 4 8 -6 -5 -8 17 -10 11 12 -3 14 16 -16 19 -2 -19 -13 21 -20 23 24 -12 26 27 -25 29 -29
right_child=1 10 -4 6 5 -7 7 -9 9 -11 22 13 -14 -15 15 -17 -18 18 20 -21 -22 -23 -24 25 -26 -27 -28 28 -30 -31
leaf_value=-0.030024289095578211 -0.029159898066502918 -0.032859796413306351 -0.030924983082309322 -0.030749514001324293 -0.032699308988782379 0.13007330330734029 0.10705193783778666 -0.035505673217340203 -0.035571860692077822 0.05639695524106747 -0.040932759476241379 -0.028866497249027637 0.11990128572345195 0.065063650306214457 -0.032140777440913475 0.074907791513196528 0.12188286934066493 -0.034355522304443116 0.24020373237929452 0.088654759914410436 0.074535594440179653 0.081271715406286943 0.062538340200256323 -0.045762571971441811 0.058967256866854362 0.059601464825376975 0.059792054619143019 0.050498988659583327 0.048948537051172337 -0.046711563977402122
leaf_weight=107.7169059664011 15.691542764194308 52.740318905096501 147.28641909221187 127.28372263209894 94.883634562138468 23.875232758466154 54.451909949071705 33.145513621158898 49.068448202684522 118.74046802893281 62.370778838172555 16.345374130178243 25.03872212022543 1057.2080537602305 35.77055689971894 67.398288826923817 332.75541011244059 11.979014950338749 14.095032840035854 31.138574770651758 819.50764418719336 33.066671343985945 9070.5020225793123 45.627363590989262 72.453788143116981 8506.6810743352398 881.21811886876822 82.183090345934033 730.62219097279012 72.679406525101513
leaf_count=13285 1941 4113 18858 16074 8819 132 177 1688 2268 138 1214 1360 23 314 1601 262 1055 253 11 245 5387 337 628 484 45 3161 150 436 799 985
internal_value=0.0590101 0.0594342 0.0439646 0.0518836 0.0606572 0.000837308 0.00360945 0.0533184 0.0673386 0.0294532 0.0605611 0.0723581 0.017215 0.0751291 0.0969623 0.0378398 0.112862 0.0744063 0.0762869 0.0484395 0.077854 0.132772 0.0595796 0.0570066 0.0127917 0.057583 0.048081 0.0369452 0.0412537 0.00486956
internal_weight=22793.5 22685.8 1543.08 1395.79 1180.91 118.759 214.881 87.5974 1062.15 167.809 21142.7 1618.4 77.779 1540.62 483.408 103.169 380.239 894.34 878.648 47.4839 866.669 47.1617 19524.3 10453.8 134.825 10319 1812.33 931.112 885.485 154.862
internal_count=86243 72958 56083 37225 19286 8951 17939 1865 10335 2406 16875 8973 4136 4837 4523 1863 2660 7929 5988 1605 5735 348 7902 7274 1259 6015 2854 2704 2220 1421
is_linear=0
shrinkage=0.03


Tree=13
num_leaves=31
num_cat=0
split_feature=73 4 60 73 11 40 46 65 60 65 57 65 60 73 56 62 65 57 73 56 59 17 73 56 53 56 73 0 73 73
split_gain=809.557 1680.7 600.749 502.022 491.711 457.264 505.318 322.682 274.192 272.769 227.176 219.429 183.569 203.882 313.544 276.451 281.925 265.507 183.922 268.003 205.293 171.273 156.914 283.808 144.299 133.191 450.594 130.308 242.578 159.175
threshold=0.019515000000000001 1.0000000180025095e-35 1.0000000180025095e-35 0.0026450000000000002 1.0000000180025095e-35 1.0000000180025095e-35 1.0000000180025095e-35 407.50000000000006 6.5000000000000009 62.500000000000007 4.5000000000000009 68.500000000000014 1.5000000000000002 0.77983000000000013 0.0016060015895067055 1.0000000180025095e-35 507.50000000000006 1.5000000000000002 0.048815000000000004 0.031760312482723076 1.0000000180025095e-35 1.0000000180025095e-35 0.003935000000000001 0.0022383092388490035 1.0000000180025095e-35 0.026231540054596634 0.14175000000000001 7.7500000000000009 0.024385 0.032685000000000006
decision_type=2 2 2 2 2 2 2 2 2 2 2 2 2 2 2 2 2 2 2 2 2 2 2 2 2 2 2 2 2 2
left_child=1 5 -3 -4 8 6 9 10 -5 -1 11 -6 13 14 -2 27 17 -17 19 20 -14 25 23 -13 -25 26 -19 28 -16 -29
right_child=12 2 3 4 7 -7 -8 -9 -10 -11 -12 22 18 -15 15 16 -18 21 -20 -21 -22 -23 -24 24 -26 -27 -28 29 -30 -31
leaf_value=0.046971323234821859 -0.035698994922437194 -0.032469926030568752 -0.029764725057331964 -0.036708698829198 -0.035117208635135476 0.10721293044758055 0.10539024411982507 -0.035006947594315725 0.067665051063412973 -0.031444371986743172 -0.036366485143785411 0.17914906241937803 0.11423668125590326 0.060678527487218907 -0.039148012835344748 -0.043793090873556685 -0.046518556470940234 -0.041361221584304608 0.060910971844537226 0.065308602668913779 0.040669409355874937 -0.042047473719004413 0.075107065594827341 -0.028544249381167432 0.096678604927486908 0.058653458719306738 0.046405722290263782 0.076066374019207003 0.050412384310763336 0.05694405251002977
leaf_weight=43.39659059792757 34.500157198868692 63.957814782857895 51.019571786746383 61.266226301901042 14.870561449322848 27.775680597871542 28.046736057382077 23.945666014682502 34.606156965717673 404.49168769083917 15.5797968856059 37.400077783502638 212.30702578369528 7132.2411685734987 26.949899188242853 30.45444164564833 32.378972394391894 58.884547174442559 4452.9768472863361 624.43753570597619 42.39759285049513 19.170593674760312 833.02242846833542 10.945870270952581 28.752839285880327 456.45422637555748 446.3877509823069 434.11872601881623 1780.5448951870203 5131.8111865879036
leaf_count=699 1749 5478 6002 2651 331 294 481 1067 33 49553 358 125 486 511 966 744 452 1828 594 123 305 551 1158 1157 14 72 394 2273 2833 3024
internal_value=0.0569677 0.036885 0.05652 0.0616657 0.0660887 -0.00895304 -0.0159431 0.072523 0.0012757 -0.0237588 0.0752949 0.0772128 0.0585781 0.0569143 0.0537309 0.0541017 0.0395675 0.0423668 0.0634291 0.0761001 0.102198 0.0450837 0.0790847 0.12055 0.0622987 0.0468625 0.0361158 0.0561534 0.0490561 0.0584489
internal_weight=22595.1 1679.08 1175.37 1111.41 1060.39 503.711 475.935 964.517 95.8724 447.888 940.572 924.992 20916 15583.9 8451.66 8417.16 1043.73 1011.35 5332.12 879.142 254.705 980.897 910.121 77.0988 39.6987 961.727 505.272 7373.42 1807.49 5565.93
internal_count=86306 69401 18374 12896 6894 51027 50733 4210 2684 50252 3143 2785 16905 15397 14886 13137 4041 3589 1508 914 791 2845 2454 1296 1171 2294 2222 9096 3799 5297
is_linear=0
shrinkage=0.03


Tree=14
num_leaves=31
num_cat=0
split_feature=56 60 0 55 57 65 57 56 63 56 64 65 0 55 60 24 56 55 55 56 35 18 65 56 65 65 0 0 56 18
split_gain=392.587 379.889 630.272 388.613 712.178 196.253 260.42 181.71 181.63 266.947 180.277 141.988 140.91 115.287 97.4961 112.262 209.941 114.929 276.593 99.9869 94.8016 236.772 98.6597 91.233 90.1688 89.5101 79.8382 95.6094 129.805 495.089
threshold=0.00078054427200581185 1.0000000180025095e-35 6.0500000000000007 0.0028177459508940948 2.5000000000000004 138.50000000000003 1.5000000000000002 0.0022020675352604339 1.0000000180025095e-35 0.0072401483730347776 1.0000000180025095e-35 114.50000000000001 5.4500000000000011 0.034771930691627664 1.5000000000000002 1.0000000180025095e-35 0.011338004811851243 0.0036999751382169113 0.003521635503638119 0.0035371064566473123 1.0000000180025095e-35 1.0000000180025095e-35 152.50000000000003 0.0047237969248847241 956.50000000000011 114.50000000000001 3.9500000000000006 7.7500000000000009 0.022911396799314965 1.0000000180025095e-35
decision_type=2 2 2 2 2 2 2 2 2 2 2 2 2 2 2 2 2 2 2 2 2 2 2 2 2 2 2 2 2 2
left_child=-1 2 -2 4 -3 6 -4 12 9 -6 -7 23 -5 20 15 17 -17 18 19 -9 21 -14 25 -8 -24 -23 -19 28 29 -28
right_child=1 3 5 7 8 10 11 14 -10 -11 -12 -13 13 -15 -16 16 -18 26 -20 -21 -22 22 24 -25 -26 -27 27 -29 -30 -31
leaf_value=-0.032868014343177043 -0.034708596034572589 -0.034372125879050294 -0.03595611102694421 -0.030542907094325777 -0.037376841936195941 0.05101113477308826 -0.036668098268842458 0.061231549749141599 0.058763344325752698 0.052483596770606107 -0.046312941912350324 -0.039718233024408356 -0.029968057237559059 -0.045381065895651156 0.060717147422622277 -0.040619788671033129 0.046155691036416417 0.090254260529370078 0.12477443702134366 -0.034248600320031387 0.14081906558165055 0.083481774069199974 0.065659396052646951 0.047731870062846855 0.12675419800297266 0.13746170664469459 0.046877116220007661 0.057105359233279029 0.054538525604787245 -0.044294277021212601
leaf_weight=44.960206038318574 83.107178100850433 112.771995451767 50.812378988601267 10.501668222714214 48.683732079342008 3469.1679145107046 11.410858454648404 176.25295020733029 386.87513992656022 73.380510881543159 16.486614987719804 19.058717924635857 17.612817461136729 6.124575361609458 5440.5821101395413 29.137523781042546 153.92036109371111 61.521207374986261 74.699401755817235 9.8379599638283235 22.237382578663528 92.22979049384594 285.95563245238736 236.28557347180322 24.098918156232685 45.920018199365586 718.02457086089998 8968.3180778734386 2192.6727061970159 57.149556598626077
leaf_count=4457 9559 11773 4199 987 2334 21351 768 413 160 239 350 1053 1626 52 5035 1532 306 407 362 527 30 111 2298 1274 24 106 5192 6839 1460 1655
internal_value=0.0551015 0.0552757 0.04669 0.0570285 0.0336095 0.0484774 0.0257758 0.0578185 0.0487108 0.0166314 0.0505377 0.0376251 0.0757301 0.0780456 0.0573088 0.0558136 0.0321979 0.0561636 0.0761206 0.0560278 0.0796842 0.0764703 0.0807103 0.0437119 0.0708002 0.102283 0.0557235 0.055538 0.050784 0.0401071
internal_weight=22939.8 22894.8 3886.33 19008.5 621.711 3803.22 317.568 18386.8 508.939 122.064 3485.65 266.755 504.681 494.179 17882.1 12441.5 183.058 12258.5 260.79 186.091 488.055 465.817 448.204 247.696 310.055 138.15 11997.7 11936.2 2967.85 775.174
internal_count=86479 82022 38554 43468 14506 28995 7294 28962 2733 2573 21701 3095 5234 4247 23728 18693 1838 16855 1302 940 4195 4165 2539 2042 2322 217 15553 15146 8307 6847
is_linear=0
shrinkage=0.03


Tree=15
num_leaves=31
num_cat=0
split_feature=73 4 73 45 57 60 65 65 65 56 65 55 73 60 73 62 20 57 65 55 56 73 55 58 73 56 2 55 56 55
split_gain=902.551 1700.91 670.513 534.295 518.422 364.666 290.561 456.675 269.64 256.782 232.783 192.772 345.279 182.516 197.415 270.63 337.948 220.138 180.277 180.25 132.936 499.685 482.482 250.274 148.155 185.081 132.498 577.509 308.533 191.445
threshold=0.022145000000000001 1.0000000180025095e-35 0.0036250000000000002 1.0000000180025095e-35 3.5000000000000004 1.0000000180025095e-35 751.50000000000011 764.50000000000011 407.50000000000006 0.079010979990600375 62.500000000000007 0.026136412670283479 0.0093150000000000021 1.5000000000000002 0.66771000000000014 1.0000000180025095e-35 1.0000000180025095e-35 1.5000000000000002 507.50000000000006 0.0033897661317019196 0.0072401483730347776 0.24908000000000002 0.021765767382888639 1.0000000180025095e-35 0.029175000000000003 0.026935654732692067 1.0000000180025095e-35 0.004654583246142454 0.0016370956852815514 0.0040872057278096563
decision_type=2 2 2 2 2 2 2 2 2 2 2 2 2 2 2 2 2 2 2 2 2 2 2 2 2 2 2 2 2 2
left_child=1 3 -3 6 5 -4 10 -8 11 -6 -1 19 -13 14 15 26 17 -17 -19 -7 21 22 23 -15 25 -22 29 28 -28 -2
right_child=13 2 4 -5 9 8 7 -9 -10 -11 -12 12 -14 20 -16 16 -18 18 -20 -21 24 -23 -24 -25 -26 -27 27 -29 -30 -31
leaf_value=0.03652163063065695 0.084075104892636546 -0.029945000402459857 -0.032496039808039098 0.11979804666020806 -0.038258836525233007 -0.03114687571884088 0.15316410736504227 -0.030895374106394036 -0.034713562974789468 0.060968781641435321 -0.032468010267839402 -0.036338455287688518 0.063667173966300825 0.016602850222349405 0.056338864307082959 -0.044008454719675842 -0.045760260832892911 0.043465920009528806 -0.045566973266625781 0.085722971590955044 0.10905459219817529 0.056274664886732731 0.15475112068215832 0.096174493694998267 0.055641513113937453 0.060222209898292044 0.057743383041428953 0.050216696793269462 -0.043195657852439243 0.054410449716715222
leaf_weight=48.252008262090385 219.22753773350269 81.897937320638448 32.464012001175433 25.515671568922698 69.06782208243385 11.681068376172332 20.939837693236768 26.530169083271176 21.517786106560379 34.300469279289246 425.45062299678102 33.408845774363726 354.60383683117107 51.603440243750811 7947.6093325316906 27.80376248806715 45.617682768031955 695.47405873471871 20.311550165526569 524.21184928482398 108.66497207200155 712.24891009926796 104.63872817344964 117.06782062072307 3972.7938558701426 211.52280884515494 37.476503293961287 3989.8176282895729 92.659021888393909 2120.5842403899878
leaf_count=763 328 10240 2461 513 1907 833 114 2548 1108 2 49263 829 556 393 805 572 817 1828 270 889 67 139 78 128 395 46 365 5096 1875 1372
internal_value=0.0529888 0.0320175 0.0525169 -0.011614 0.0587847 0.0655321 -0.0182648 0.0517813 0.068929 -0.00506367 -0.0253785 0.0713777 0.0549852 0.0547384 0.0530512 0.0494395 0.0327774 0.0376505 0.0408794 0.0831222 0.0595847 0.0696502 0.104175 0.0720716 0.0572583 0.0770828 0.0514697 0.0481883 -0.0139085 0.0572246
internal_weight=22185 1709.84 1163.15 546.688 1081.26 977.887 521.173 47.47 945.423 103.368 473.703 923.906 388.013 20475.1 15196.6 7248.97 789.207 743.589 715.786 535.893 5278.54 985.559 273.31 168.671 4292.98 320.188 6459.76 4119.95 130.136 2339.81
internal_count=86600 72026 18825 53201 8585 6676 52688 2662 4215 1909 50026 3107 1385 14574 13328 12523 3487 2670 2098 1722 1246 738 599 521 508 113 9036 7336 2240 1700
is_linear=0
shrinkage=0.03


Tree=16
num_leaves=31
num_cat=0
split_feature=73 4 57 73 55 56 60 73 55 55 55 73 60 73 55 57 73 4 73 46 40 56 56 12 73 55 73 55 73 73
split_gain=523.417 701.595 532.056 448.402 300.394 274.887 190.871 622.567 299.092 352.694 211.255 385.873 142.039 141.347 119.799 215.961 202.199 116.268 496.625 383.1 484.293 130.228 304.64 170.024 241.659 106.518 100.844 99.5675 89.6737 79.5768
threshold=0.0079950000000000021 1.0000000180025095e-35 1.5000000000000002 0.0026450000000000002 0.016299180440167958 0.00078054427200581185 1.0000000180025095e-35 0.20147000000000001 0.0068272023513347773 0.00070332916830404132 0.0068988356286288468 0.043455000000000008 1.0000000180025095e-35 0.013005000000000001 0.077177660430596665 2.5000000000000004 0.051885000000000008 1.0000000180025095e-35 0.019515000000000001 1.0000000180025095e-35 1.0000000180025095e-35 0.0068988356286288468 0.0066168109075340131 1.0000000180025095e-35 0.53825500000000015 0.000661284296626267 0.012195000000000003 0.003521635503638119 0.003935000000000001 0.77983000000000013
decision_type=2 2 2 2 2 2 2 2 2 2 2 2 2 2 2 2 2 2 2 2 2 2 2 2 2 2 2 2 2 2
left_child=1 -1 3 -3 12 -2 7 8 9 25 13 -12 -5 -10 15 16 -13 18 19 20 -8 22 23 -19 -25 -7 -23 -14 -29 -20
right_child=5 2 -4 4 -6 6 17 -9 10 -11 11 14 27 -15 -16 -17 -18 21 29 -21 -22 26 -24 24 -26 -27 -28 28 -30 -31
leaf_value=-0.030041267275283182 -0.033957426451127391 -0.029680722359565762 -0.03273934621830675 -0.028170062287861609 -0.034124556264071265 -0.029911864422583086 -0.033643451270629433 0.052556955113130258 0.14449589927576187 -0.033897357366005451 -0.034231621323457237 0.036934086035330403 -0.02711530066076763 -0.032903445796406382 0.076680328879995249 0.043025480480795117 -0.051129608922986798 0.072675882809004083 0.050606344023275206 0.10804939535112676 0.098448321948468337 0.071477323809999396 0.19078403324965404 -0.035032887994220087 0.057545927595139608 0.094559083233047375 0.054246973152629469 0.12256984830305728 0.076811131323473142 0.055331229399197275
leaf_weight=158.93669839389622 32.496635559014976 45.226852431427687 68.414255919400603 10.314100277610121 22.290158317890018 7.264420118648558 144.89401606982574 2991.096452575177 21.854596181772653 138.61979136941954 75.878548216074705 44.59122330788523 6.8029165007174006 4.5120637989602974 62.565442006103694 352.20290308259428 47.390500901266932 627.63346516247839 6622.9630580889061 27.211641731671989 29.151472039520741 341.6700234580785 17.356978968717158 32.66828843858093 104.46534344553947 29.293803857639432 4078.2854772177525 50.617534775752574 225.35354821197689 6711.0116916447878
leaf_count=23815 2337 5606 5692 1179 748 686 12599 1021 140 14083 5570 60 885 162 3 261 286 233 6862 156 113 380 71 1571 11 67 705 519 349 401
internal_value=0.0516675 0.023667 0.0435877 0.058119 0.0707639 0.0523967 0.0525228 0.0463182 0.022485 -0.0120071 0.0324101 0.0285266 0.0788299 0.114045 0.0379727 0.0323605 -0.0084997 0.0537704 0.0522824 0.00547933 -0.0110829 0.0576313 0.0690546 0.0660463 0.0353976 0.0696878 0.0555948 0.0828182 0.0856163 0.0529884
internal_weight=23133 587.956 429.019 360.605 315.378 22545.1 22512.6 3775.27 784.173 175.178 608.995 582.629 293.088 26.3667 506.75 444.185 91.9817 18737.3 13535.2 201.257 174.045 5202.08 782.124 764.767 137.134 36.5582 4419.96 282.774 275.971 13334
internal_count=86571 38793 14978 9286 3680 47778 45441 22339 21318 14836 6482 6180 2932 302 610 607 346 23102 20131 12868 12712 2971 1886 1815 1582 753 1085 1753 868 7263
is_linear=0
shrinkage=0.03


Tree=17
num_leaves=31
num_cat=0
split_feature=56 60 57 67 55 55 63 65 65 15 65 15 56 65 16 12 65 56 20 65 65 56 56 65 65 59 26 55 55 56
split_gain=497.389 419.899 316.509 314.797 305.503 474.163 277.012 263.019 226.511 154.21 146.545 136.714 171.722 197.572 233.508 149.85 99.4308 79.6419 72.8368 138.688 94.3212 69.4188 75.6878 98.4323 91.9875 247.749 66.4295 60.3818 65.0043 59.8903
threshold=0.0012507313961251478 1.0000000180025095e-35 3.5000000000000004 1.0000000180025095e-35 0.0087812165602526738 0.0046063051656597817 1.0000000180025095e-35 158.50000000000003 140.50000000000003 1.0000000180025095e-35 94.500000000000014 1.0000000180025095e-35 0.006175010396599955 132.50000000000003 1.0000000180025095e-35 1.0000000180025095e-35 1271.5000000000002 0.003311830430759112 1.0000000180025095e-35 257.50000000000006 209.50000000000003 0.0062335325816534918 0.0083061737185340812 413.50000000000006 395.50000000000006 1.0000000180025095e-35 1.0000000180025095e-35 0.086183747651422601 0.00070332916830404132 0.0039470903806293018
decision_type=2 2 2 2 2 2 2 2 2 2 2 2 2 2 2 2 2 2 2 2 2 2 2 2 2 2 2 2 2 2
left_child=-1 2 3 4 5 7 -7 -2 -8 -9 -6 12 13 29 -15 17 -12 -16 -4 20 -20 -14 23 24 25 -23 -11 28 -5 -3
right_child=1 11 18 27 10 6 8 9 -10 26 16 -13 21 14 15 -17 -18 -19 19 -21 -22 22 -24 -25 -26 -27 -28 -29 -30 -31
leaf_value=-0.034007079863330285 -0.036950653197787446 0.062333923897423871 0.051097761494866015 0.076703203893530844 -0.040550202844516499 -0.038847454833247634 0.048702675424152228 -0.033596584133310743 -0.049678000909151393 0.045688644033020934 0.042034849868978374 0.053133623045250301 0.094297676851899825 -0.037244979906968421 -0.034499646441390586 -0.036150282349364474 0.1000717270708307 0.050303923485687359 -0.038409565900927686 -0.043315176775386911 0.054216049201081327 -0.040687188384148094 0.050254444014938802 -0.036300900850091779 0.066070786024280126 0.046201827274161764 -0.03634867162287634 0.092209982419259012 0.043815812095910636 -0.031268858042317944
leaf_weight=62.234653086867183 45.152716137934476 105.89323845412582 1765.4071009014733 62.823852951638401 17.590159094892442 195.78638827055693 75.190314176026732 24.061550382059067 28.201773028820753 359.76822087308392 400.98235261440277 17243.95423354581 29.532609147485346 68.689487917814404 10.235672932118176 25.274299566633999 28.16991182975471 112.27727560792118 10.695669903885571 20.604690650012344 72.929838807787746 38.859594824723899 1552.3229693411849 16.937802863307297 67.858466358855367 114.15159141272306 8.4056885959580523 29.53083589207381 469.65951720252633 5.9449485703371456
leaf_count=6344 4365 577 3108 23 380 17366 187 3053 468 3382 1440 25726 145 4434 780 2279 14 870 657 852 252 2513 2534 1161 79 625 652 3 1801 389
internal_value=0.0502543 0.0504837 0.0410644 0.031841 0.0230275 0.01113 -0.0179382 0.0310085 0.021649 0.0389058 0.0425747 0.0522374 0.0450207 0.0249341 0.008117 0.0293092 0.0460682 0.0429968 0.0496529 0.0249277 0.0420554 0.0486292 0.0478235 0.0318115 0.0371749 0.0240141 0.0437223 0.0503239 0.0478325 0.0571253
internal_weight=23069.1 23006.9 3614.96 1745.32 1183.31 736.567 299.178 437.388 103.392 392.235 446.742 19391.9 2147.98 328.315 216.477 147.787 429.152 122.513 1869.64 104.23 83.6255 1819.66 1790.13 237.807 220.87 153.011 368.174 562.014 532.483 111.838
internal_count=86459 80115 38003 33134 31307 29473 18021 11452 655 7087 1834 42112 16386 9329 8363 3929 1454 1650 4869 1761 909 7057 6912 4378 3217 3138 4034 1827 1824 966
is_linear=0
shrinkage=0.03


Tree=18
num_leaves=31
num_cat=0
split_feature=73 4 56 73 55 55 2 73 46 73 55 73 73 56 9 56 62 56 73 62 55 55 73 73 56 67 55 73 55 55
split_gain=556.289 400.756 367.73 303.784 274.312 355.726 217.502 850.116 306.97 200.026 650.016 538.137 193.669 326.461 247.78 238.892 267.112 208.63 241.57 185.948 185.259 430.155 227.477 257.797 171.786 201.424 272.373 152.901 467.836 401.05
threshold=0.0069850000000000008 1.0000000180025095e-35 0.0011161097395399886 0.0026450000000000002 0.016299180440167958 0.007222384741534674 1.0000000180025095e-35 0.019515000000000001 1.0000000180025095e-35 0.77983000000000013 0.0055825586881825175 0.16886000000000004 0.03727500000000001 0.031760312482723076 1.0000000180025095e-35 0.020591400204650768 1.0000000180025095e-35 0.0072401483730347776 0.14175000000000001 1.0000000180025095e-35 0.0068988356286288468 0.0068272023513347773 0.015445000000000002 0.015635000000000007 0.0054756753681658452 1.0000000180025095e-35 0.00086633713243444135 0.20147000000000001 0.030810663257538635 0.0055922520620867834
decision_type=2 2 2 2 2 2 2 2 2 2 2 2 2 2 2 2 2 2 2 2 2 2 2 2 2 2 2 2 2 2
left_child=1 -1 -2 -3 5 -5 -4 8 20 10 11 -9 13 14 19 16 27 -18 -19 -12 21 22 -8 -24 25 26 -13 28 29 -14
right_child=2 3 6 4 -6 -7 7 9 -10 -11 12 24 15 -15 -16 -17 17 18 -20 -21 -22 -23 23 -25 -26 -27 -28 -29 -30 -31
leaf_value=-0.029977770232764885 -0.035113155740259777 -0.029790605563966767 0.054859627765520308 0.0066144943798055423 -0.034530283637788851 0.08351180254248268 -0.030005430652072982 -0.037326175209407127 0.090178632106005616 0.052678852298346526 0.087815276041539242 0.046067686993927152 0.10214381729901535 0.043355928793170705 -0.032704351505583359 0.050050783940460801 -0.046403635721736697 -0.05066241133418508 0.036713580143880299 -0.029159363415693182 -0.035011276085727357 0.12679430167693509 0.1064605560414362 -0.03017981617146483 0.043036483470687149 0.04476756812632314 -0.051210582549913085 0.047623158364127449 0.061732129528672623 -0.017415212367738776
leaf_weight=122.73373546265066 45.172340743709356 56.185927348211408 6003.212758927606 82.201778500340879 32.551271699368954 158.65485239308327 111.32793960440904 129.00272023677826 30.873929843772203 7589.5879497230053 412.11272477963939 38.558257032185793 27.856194423511624 444.96286988910288 16.410889978520572 4905.772775631398 49.240009935572743 33.392737263813615 166.721848487854 12.156136711593716 128.7274703476578 24.261686506215483 27.382984707597643 21.474827037658542 351.74076327169314 76.776204076595604 74.333176030777395 1116.2229375150055 183.10609776899219 201.12786977551877
leaf_count=19269 3596 7158 5743 5179 1116 872 16832 4915 342 546 2030 23 7 326 554 785 532 191 128 982 9619 276 177 2742 240 43 397 474 241 1234
internal_value=0.0491097 0.0161296 0.0497803 0.0333378 0.0463721 0.0574034 0.0499548 0.0481309 0.0014734 0.0491449 0.0458837 0.0175371 0.0483918 0.061648 0.0799778 0.0466262 0.0371527 0.00832392 0.0219539 0.084403 -0.00753069 0.0117336 -0.00637194 0.0470013 0.0306542 0.00758573 -0.0178723 0.0418478 0.0261266 -0.00248982
internal_weight=22673.8 452.328 22221.5 329.594 273.408 240.857 22176.3 16173.1 344.049 15829.1 8239.49 670.411 7569.08 885.643 440.68 6683.44 1777.67 249.355 200.115 424.269 313.175 184.447 160.186 48.8578 541.408 189.668 112.891 1528.31 412.09 228.984
internal_count=86569 33594 52975 14325 7167 6051 49379 43636 29988 13648 13102 5618 7484 3892 3566 3592 2807 851 319 3012 29646 20027 19751 2919 703 463 420 1956 1482 1241
is_linear=0
shrinkage=0.03


Tree=19
num_leaves=31
num_cat=0
split_feature=73 4 60 73 73 65 11 65 12 55 65 73 57 57 23 55 60 73 58 57 55 65 65 55 73 55 73 55 57 55
split_gain=487.213 898.305 471.286 470.659 363.827 338.646 266.049 278.753 258.564 425.054 241.219 191.826 177.609 175.841 150.248 142.509 138.088 298.742 413.404 151.478 143.438 133.516 135.779 116.606 252.947 93.6325 85.7542 112.811 186.816 103.668
threshold=0.022145000000000001 1.0000000180025095e-35 1.0000000180025095e-35 0.011185000000000002 0.0026450000000000002 751.50000000000011 1.0000000180025095e-35 304.50000000000006 1.0000000180025095e-35 0.06386747763884322 407.50000000000006 0.013005000000000001 4.5000000000000009 4.5000000000000009 1.0000000180025095e-35 0.0033897661317019196 1.0000000180025095e-35 0.20147000000000001 1.0000000180025095e-35 2.5000000000000004 0.0069782869163078536 239.50000000000003 194.50000000000003 0.030522028566488325 0.010895000000000002 0.027768086900342593 0.03727500000000001 0.0092217361296526232 4.5000000000000009 0.0021628711448338938
decision_type=2 2 2 2 2 2 2 2 2 2 2 2 2 2 2 2 2 2 2 2 2 2 2 2 2 2 2 2 2 2
left_child=1 3 -3 -1 -4 8 7 -6 9 -5 12 -7 15 14 -10 -8 17 18 20 -20 -2 22 -21 -17 -25 -9 27 28 29 -18
right_child=16 2 4 5 6 11 10 25 13 -11 -12 -13 -14 -15 -16 23 26 -19 19 21 -22 -23 -24 24 -26 -27 -28 -29 -30 -31
leaf_value=-0.030107875165307604 -0.034461812018162216 -0.03279265464629557 -0.029720303376466452 -0.035342351503197748 -0.038977913009791865 0.1076984614119148 -0.031771907681036458 -0.028648977289272556 0.067739662245212579 0.083166504417232986 -0.035930793855684366 -0.031354739289164615 -0.037475587324080788 -0.038042330947525516 -0.032210928399983831 0.068611648669159891 -0.028289736021565395 0.047728894794099641 -0.044257329508988238 -0.044417459063510391 0.047449440079593133 -0.045408978300208062 0.044054894148757677 -0.037218945539199251 0.055539647101146825 0.06052895493343749 0.049713520731665184 0.052277217039528097 -0.032548246590140127 0.077935030958604531
leaf_weight=231.63501133164391 19.710791459539905 62.968014938756824 48.152342110872269 143.74476604093798 53.414168138988316 54.856384230777621 13.912267393898217 11.766045788535846 105.09972499450669 32.571162885054946 23.28705953899771 10.163343887310473 15.846940316259859 20.719706456176937 14.913155063521115 835.38103169295937 7.9894320904277256 2631.422521783039 75.34764118003659 18.65786611661315 336.4848789954558 29.602237057872117 77.003272780682892 28.899580982513726 248.60262473300099 72.721681861206889 16391.036808202974 1063.1509464071132 14.426701348274944 364.45318508055061
leaf_count=35931 1245 5535 6033 12714 1577 303 1169 1235 916 118 1076 773 370 834 1596 728 530 988 1971 504 691 713 206 745 215 93 4634 1255 573 1178
internal_value=0.0479536 0.0338782 0.0470177 0.00355646 0.0507563 0.0239913 0.0537489 0.0142231 0.0110822 -0.0131044 0.0584077 0.0858171 0.0603601 0.041263 0.055156 0.061768 0.0493098 0.0435018 0.0234749 -0.0109383 0.0428329 0.00929531 0.0265181 0.0629649 0.0457806 0.0479199 0.0503452 0.0574465 0.0714807 0.0755867
internal_weight=23057.9 2028.66 1414.95 613.703 1351.98 382.068 1303.83 137.902 317.049 176.316 1165.93 65.0197 1142.64 140.733 120.013 1126.8 21029.3 3188.23 556.807 200.611 356.196 125.263 95.6611 1112.88 277.502 84.4877 17841.1 1450.02 386.869 372.443
internal_count=86449 71961 18776 53185 13241 17254 7208 2905 16178 12832 4303 1076 3227 3346 2512 2857 14488 6318 5330 3394 1936 1423 710 1688 960 1328 8170 3536 2281 1708
is_linear=0
shrinkage=0.03


Tree=20
num_leaves=31
num_cat=0
split_feature=73 56 56 57 65 65 65 2 73 65 65 73 56 59 65 73 65 65 73 73 57 58 65 56 56 65 17 18 65 65
split_gain=671.512 563.608 225.096 221.784 152.782 367.577 151.185 146.643 844.43 575.543 231.378 203.485 368.488 425.752 496.249 317.712 217.281 270.454 218.563 191.378 385.934 247.868 247.228 242.404 207.508 197.595 176.597 136.478 109.669 106.52
threshold=0.0079950000000000021 0.0074326147304572326 0.00078054427200581185 1.5000000000000002 152.50000000000003 150.50000000000003 158.50000000000003 1.0000000180025095e-35 0.020445000000000001 751.50000000000011 62.500000000000007 0.77983000000000013 0.018723845800721603 1.0000000180025095e-35 55.500000000000007 0.027165000000000005 231.50000000000003 1271.5000000000002 0.20147000000000001 0.24908000000000002 2.5000000000000004 1.0000000180025095e-35 288.50000000000006 0.005055418790465083 0.0068988356286288468 296.50000000000006 1.0000000180025095e-35 1.0000000180025095e-35 286.50000000000006 194.50000000000003
decision_type=2 2 2 2 2 2 2 2 2 2 2 2 2 2 2 2 2 2 2 2 2 2 2 2 2 2 2 2 2 2
left_child=1 4 -2 6 5 -1 -3 -4 9 10 -9 12 13 15 -15 27 18 -18 -16 20 21 23 -23 -17 -25 -24 -11 -10 -8 -29
right_child=2 3 7 -5 -6 -7 28 8 11 26 -12 -13 -14 14 16 19 17 -19 -20 -21 -22 22 25 24 -26 -27 -28 29 -30 -31
leaf_value=-0.030607452644566508 -0.033705325820419595 -0.03309240671936315 0.051719398447604585 -0.032982843260625963 -0.030568293690374362 0.10429858483784929 0.072790976232123966 0.040943340401120604 -0.028479685014722887 -0.029953161067533172 -0.033288992246203415 0.050568237270560382 0.048070337848458294 0.083011065666846365 -0.043515607773948757 -0.035507770872699664 -0.048115309192693627 0.041384373853751474 0.036358093097408943 0.042213834423038304 -0.023667177747585678 -0.044443724778264394 0.058590366358547107 0.079331523734047005 0.028417407020171891 -0.043825575559020877 0.095005027659256003 -0.027219263851314766 -0.029489469018739851 0.090811993043549477
leaf_weight=48.545057750772685 30.11133834393695 14.10880556469783 5606.9572789077647 26.00919796153903 197.74172546109185 27.760585830081254 164.69092563120648 44.524770525749773 9.5500048606190813 11.736298967152832 224.18316132668406 7759.0756498277187 5793.5134700350463 63.681367396842688 39.625116266310215 27.044871584046632 146.73912125453353 37.430868455674499 127.71995720919222 1499.1821398586035 129.29938483098522 59.301453447667882 68.597647624090314 166.7587175774388 129.19950683414936 21.604118403047323 59.720554797910154 6.7780078439973286 9.4869963903911394 153.49034300725907
leaf_count=7446 2299 399 5180 1276 28172 228 403 470 771 1117 24883 566 1361 66 1313 683 2082 51 138 771 1576 1137 25 409 273 386 442 558 680 1064
internal_value=0.0466157 0.0117888 0.0473807 0.0481232 -0.0166951 0.0191867 0.0594419 0.0474923 0.0460597 -0.00071789 -0.0208825 0.0470395 0.043805 0.0345907 0.0066396 0.0396961 -0.00739228 -0.0298001 0.0172989 0.0364723 0.0221231 0.034677 0.00270487 0.0494214 0.0572757 0.0338493 0.0743514 0.0791332 0.0670835 0.0856824
internal_weight=22704.2 488.343 22215.8 214.296 274.047 76.3056 188.287 22185.7 16578.8 340.165 268.708 16238.6 8479.52 2686 415.196 2270.81 351.515 184.17 167.345 2100.99 601.806 472.506 149.503 323.003 295.958 90.2018 71.4569 169.818 174.178 160.268
internal_count=86225 38604 47621 2758 35846 7674 1482 45322 40142 26912 25353 13230 12664 11303 3650 7653 3584 2133 1451 5260 4489 2913 1548 1365 682 411 1559 2393 1083 1622
is_linear=0
shrinkage=0.03


Tree=21
num_leaves=31
num_cat=0
split_feature=73 4 60 73 35 65 65 56 65 11 65 65 57 60 73 58 55 57 65 65 73 57 55 55 56 55 65 55 65 73
split_gain=492.451 1362.8 435.4 334.566 259.245 222.195 244.945 236.775 212.074 197.755 276.566 158.952 155.8 124.228 363.422 476.358 149.743 116.34 138.706 102.769 71.6935 158.586 136.678 189.946 107.479 416.194 83.0723 198.799 104.201 81.3049
threshold=0.019515000000000001 1.0000000180025095e-35 1.0000000180025095e-35 0.0026450000000000002 1.0000000180025095e-35 751.50000000000011 764.50000000000011 0.17581565966311982 416.50000000000006 1.0000000180025095e-35 304.50000000000006 68.500000000000014 4.5000000000000009 1.0000000180025095e-35 0.20147000000000001 1.0000000180025095e-35 0.0069782869163078536 1.5000000000000002 288.50000000000006 290.50000000000006 0.03727500000000001 7.5000000000000009 0.0040436066657152303 0.0092217361296526232 0.026231540054596634 0.06386747763884322 227.50000000000003 0.0062067466550570329 194.50000000000003 0.09141500000000001
decision_type=2 2 2 2 2 2 2 2 2 2 2 2 2 2 2 2 2 2 2 2 2 2 2 2 2 2 2 2 2 2
left_child=1 5 -3 -4 8 7 -7 -1 9 10 -5 -11 -13 14 15 16 -2 18 -17 -20 21 22 -15 26 25 -25 28 -28 -24 -22
right_child=13 2 3 4 -6 6 -8 -9 -10 11 -12 12 -14 20 -16 17 -18 -19 19 -21 29 -23 23 24 -26 -27 27 -29 -30 -31
leaf_value=-0.031562224309770681 -0.034268225227491872 -0.032787256247664938 -0.029669474256891495 -0.038742409093634488 0.11839374665893732 0.099421797104741888 -0.030630597036043893 0.042346023791134349 -0.034900029806545739 -0.036597939414981698 0.051024315931070929 0.059209344366724447 -0.037161568588732881 -0.029738126209077637 0.04598435570291539 -0.042098785136714917 0.043195909228584628 -0.045246720057990318 0.063251439485454003 -0.039960083549466605 0.041738047601513686 -0.038235257106115424 0.046223872937167093 -0.034821937920385918 0.052135128783281678 0.10906684854065839 -0.032087892332367481 0.069177978667121623 0.10123810050585556 0.048232994928845578
leaf_weight=343.18353981291875 23.310408980585635 59.858429458457977 45.506643956992775 49.441778151784092 51.216558857820928 28.712299376260489 22.557607110124081 43.123873445671052 25.457336612511426 15.723849019501356 78.911184167489409 952.7646723757498 14.710754913743584 16.386771034915 2785.383340136148 32.382286584936082 341.90879908250645 91.812770769931376 34.239188038278371 10.759117757901548 2054.0491571691819 15.933962238021193 42.874017818365246 51.024060074705631 1136.4447794472799 26.76492737326771 18.469063196331263 207.48052623122931 142.07415020186454 13750.848791980185
leaf_count=48521 1612 5435 6016 1513 113 112 2395 86 1488 335 666 2407 357 1226 1016 1067 870 2637 15 323 2337 380 270 1268 336 25 916 330 94 2313
internal_value=0.0457271 0.0303206 0.0457925 0.0496285 0.0526879 -0.0154186 0.0427104 -0.0232237 0.0496267 0.0515922 0.0164138 0.0561633 0.0577071 0.0470089 0.0416356 0.0189263 0.0381716 -0.0225966 0.00451235 0.0382413 0.048028 0.0540643 0.054983 0.055855 0.049799 0.0154419 0.0735865 0.0607956 0.0888021 0.0473916
internal_weight=22513.3 1731.17 1293.59 1233.73 1188.23 437.577 51.2699 386.307 1137.01 1111.55 128.353 983.199 967.475 20782.1 3319.8 534.413 365.219 169.193 77.3806 44.9983 17462.4 1657.45 1641.52 1625.13 1214.23 77.789 410.898 225.95 184.948 15804.9
internal_count=86479 69444 18330 12895 6879 51114 2507 48607 6766 5278 2179 3099 2764 17035 7540 6524 2482 4042 1405 338 9495 4845 4465 3239 1629 1293 1610 1246 364 4650
is_linear=0
shrinkage=0.03


Tree=22
num_leaves=31
num_cat=0
split_feature=73 56 60 73 62 65 21 52 73 73 65 55 73 58 18 55 65 4 73 11 73 55 56 58 73 63 59 55 56 0
split_gain=567.201 245.144 214.086 596.855 411.632 327.853 189.182 143.66 329.558 121.951 299.762 120.612 547.444 92.4968 198.673 73.3232 90.1193 72.8808 501.536 109.812 178.301 147.496 94.1392 142.375 88.4577 183.085 163.118 221.692 186.158 149.819
threshold=0.0036250000000000002 0.00078054427200581185 1.0000000180025095e-35 0.09141500000000001 1.0000000180025095e-35 751.50000000000011 1.0000000180025095e-35 1.0000000180025095e-35 0.043455000000000008 0.53825500000000015 146.50000000000003 0.0021628711448338938 0.42477500000000007 1.0000000180025095e-35 1.0000000180025095e-35 0.026136412670283479 294.50000000000006 1.0000000180025095e-35 0.011185000000000002 1.0000000180025095e-35 0.010425000000000002 0.016299180440167958 0.0062335325816534918 1.0000000180025095e-35 0.104785 1.0000000180025095e-35 1.0000000180025095e-35 0.007222384741534674 0.0036472570579653518 9.0500000000000025
decision_type=2 2 2 2 2 2 2 2 2 2 2 2 2 2 2 2 2 2 2 2 2 2 2 2 2 2 2 2 2 2
left_child=-1 -2 3 4 5 6 -3 8 -8 10 -5 12 -4 -12 -15 16 -10 18 -13 20 -19 -21 23 -22 25 26 28 -28 -20 -29
right_child=1 2 11 9 -6 -7 7 -9 15 -11 13 17 -14 14 -16 -17 -18 19 24 21 22 -23 -24 -25 -26 -27 27 29 -30 -31
leaf_value=-0.029937463006379558 -0.032968607934365859 -0.034208172293434008 -0.03519303980225371 -0.049324195961494371 -0.03508699610280492 0.087966785515927931 -0.032904968773789255 0.082815209342118626 0.030256207151221261 0.047482237318876901 0.046236514650717819 -0.029911034251940055 0.045959053537303139 -0.049618794213111161 0.032548235477025497 0.054849066820976039 -0.047594752698358812 -0.035457833249707187 -0.033248124897290864 0.062031112876219936 -0.038576969770360764 0.048591143287808392 0.045579120235506344 0.049363900836061125 0.04700292010376398 -0.044469151403481878 -0.035691374624507118 0.035803749715257543 0.047667368398233288 -0.051179316263536299
leaf_weight=91.431934414897114 35.863418750930578 61.108908754074946 90.062286430504173 36.307329044211656 136.86033197632059 61.500654097180814 85.741070768563077 31.552987889386714 89.003845674451441 2082.8352247625589 493.31412561796606 78.682513923151419 423.10990805923939 27.828277544584125 340.76977280853316 101.592055702582 14.799481933005152 25.232885380275548 25.346961471252143 1037.2389861163683 30.135416899807751 2701.248217582237 1368.6687948438339 34.456472490914166 9982.1980553455651 21.887217675335705 44.220056674908847 600.31776353344321 1590.16787684476 17.520631220191717
leaf_count=13406 3867 8293 8959 270 16069 174 8130 76 258 408 255 10146 114 195 516 30 179 932 1094 831 894 657 669 38 1536 329 1793 1293 4975 190
internal_value=0.0443648 0.0446797 0.0448099 0.0380533 0.010248 0.0242288 0.0138133 0.0229848 0.0162392 0.0434781 0.0341505 0.04614 0.031676 0.0377199 0.0262274 0.0368142 0.0188086 0.046561 0.0452845 0.0495877 0.0425129 0.0523356 0.0439094 0.00837237 0.0457686 0.0403922 0.0412268 0.0286062 0.046378 0.0332584
internal_weight=21761 21669.6 21633.7 3563.21 582.159 445.299 383.798 322.689 291.136 2981.05 898.22 18070.5 513.172 861.912 368.598 205.395 103.803 17557.3 12360.3 5196.98 1458.49 3738.49 1433.26 64.5919 12281.7 2299.46 2277.57 662.058 1615.51 617.838
internal_count=86576 73170 69303 34853 33209 17140 16966 8673 8597 1644 1236 34450 9073 966 711 467 437 25377 21356 4021 2533 1488 1601 932 11210 9674 9345 3276 6069 1483
is_linear=0
shrinkage=0.03


Tree=23
num_leaves=31
num_cat=0
split_feature=73 4 55 57 73 56 55 73 56 64 55 16 55 71 65 2 65 73 59 73 55 57 55 65 73 0 0 73 60 55
split_gain=341.448 830.064 394.107 343.046 357.547 183.479 173.584 156.686 307.455 394.919 290.815 410.604 300.918 206.787 193.552 208.811 219.159 203.084 168.978 444.09 282.735 259.03 164.407 154.529 364.857 134.707 130.451 127.878 157.673 134.684
threshold=0.010425000000000002 1.0000000180025095e-35 0.028894404390139527 2.5000000000000004 0.0026450000000000002 0.00078054427200581185 0.0033897661317019196 0.77983000000000013 0.023561139330300889 1.0000000180025095e-35 0.048763003506173415 1.0000000180025095e-35 0.031824896673176999 1.0000000180025095e-35 751.50000000000011 1.0000000180025095e-35 584.50000000000011 0.015445000000000002 1.0000000180025095e-35 0.12170000000000002 0.015259018883957556 51.500000000000007 0.0052393313713162363 192.50000000000003 0.16886000000000004 7.0500000000000007 7.1500000000000012 0.036150000000000009 1.0000000180025095e-35 0.0073991022256974679
decision_type=2 2 2 2 2 2 2 2 2 2 2 2 2 2 2 2 2 2 2 2 2 2 2 2 2 2 2 2 2 2
left_child=1 -1 3 4 -3 -2 -6 8 9 10 11 12 14 -13 15 -7 17 -17 23 -20 21 -21 -16 24 -19 -24 -25 28 -28 -30
right_child=5 2 -4 -5 6 7 -8 -9 -10 -11 -12 13 -14 -15 22 16 -18 18 19 20 -22 -23 25 26 -26 -27 27 -29 29 -31
leaf_value=-0.030052299892333573 -0.034193934728947641 -0.02962571283447386 -0.036963529414301644 -0.034791192618589532 -0.030546500954329491 0.045536930188076495 0.060105851247250999 0.047616666720762466 0.045626854179767889 -0.048504261007755206 0.058962654330192432 -0.044578209751340116 -0.052677444998714691 0.037908121068719866 -0.040297331357415846 -0.029652829827411097 -0.046353244669188963 -0.040463814064573736 -0.043008155779186277 -0.05336909367869741 0.0454115221045433 0.049337532295654712 0.092645091857576509 -0.043168131267978228 0.033153656362595194 0.050065474434397357 -0.028618511883130814 0.037526787170813133 0.074665910751508691 -0.030801426018797949
leaf_weight=190.5455098899547 26.118389344541356 45.197439485229552 55.020002346020192 43.798788153100759 19.060037020593882 1013.4116335730068 596.81568826525472 8155.7187426686287 8344.9951020060107 48.679262857418507 471.88163781538606 87.378687112592161 33.461626567877829 38.7251375480555 14.48859866382554 49.06006028293632 33.273947837995365 73.565495302900672 92.540139447199181 58.072459225542843 275.20031418837607 34.364889093674719 89.833652414847165 15.657654820941387 324.28307078033686 284.06545984279364 15.44198235683143 1077.2898759781383 201.77150537027046 10.994513954035936
leaf_count=33426 1682 6657 1801 2786 2378 2452 2829 596 3051 1083 285 3806 459 156 494 7955 1008 3055 3348 300 82 6 179 519 342 727 1877 1621 1017 415
internal_value=0.0434506 0.025819 0.03985 0.0458897 0.0512796 0.0442523 0.0572554 0.0443522 0.0422503 0.0357541 0.0367202 0.0339599 0.0357762 -0.0191486 0.0365984 0.0342025 0.0291055 0.0302526 0.0316142 0.0154211 0.0302054 -0.0150671 0.056661 0.0359377 0.0194739 0.0605156 0.040877 0.0419173 0.0623893 0.0690974
internal_weight=21820.7 950.437 759.892 704.872 661.073 20870.3 615.876 20844.2 12688.4 4343.44 4294.76 3822.88 3696.78 126.104 3663.32 3274.93 2261.52 2228.24 2179.18 460.178 367.638 92.4373 388.388 1719 397.849 373.899 1321.16 1305.5 228.208 212.766
internal_count=86392 49877 16451 14650 11864 36515 5207 34833 34237 31186 30103 29818 25856 3962 25397 23997 21545 20537 12582 3736 388 306 1400 8846 3397 906 5449 4930 3309 1432
is_linear=0
shrinkage=0.03


Tree=24
num_leaves=31
num_cat=0
split_feature=56 60 0 64 55 57 65 65 57 11 56 4 35 55 55 58 36 59 55 24 26 65 55 0 0 58 11 56 60 55
split_gain=243.204 214.992 417.684 138.041 111.919 249.748 331.431 96.5653 208.252 96.2274 85.074 69.0412 152.552 68.5663 99.2726 71.9823 167.173 76.1844 65.4355 130.677 79.6624 120.139 82.0794 78.4496 59.7442 53.6503 51.434 79.2632 70.9543 63.6756
threshold=0.00078054427200581185 1.0000000180025095e-35 6.0500000000000007 1.0000000180025095e-35 0.0028177459508940948 2.5000000000000004 132.50000000000003 138.50000000000003 1.5000000000000002 1.0000000180025095e-35 0.0047237969248847241 1.0000000180025095e-35 1.0000000180025095e-35 0.000661284296626267 0.00070332916830404132 2.5000000000000004 1.0000000180025095e-35 2.5000000000000004 0.0078429521481543762 1.0000000180025095e-35 1.0000000180025095e-35 368.50000000000006 0.0072480298081758826 7.7500000000000009 7.5500000000000007 1.5000000000000002 1.0000000180025095e-35 0.0033897661317019196 7.5000000000000009 0.0053182043232061528
decision_type=2 2 2 2 2 2 2 2 2 2 2 2 2 2 2 2 2 2 2 2 2 2 2 2 2 2 2 2 2 2
left_child=-1 2 -2 7 5 6 -3 8 -4 -7 -10 24 26 -9 -15 16 17 18 19 20 22 -22 -16 -24 -6 -25 27 -13 -29 -28
right_child=1 4 3 -5 11 9 -8 13 10 -11 -12 12 -14 14 15 -17 -18 -19 -20 -21 21 -23 23 25 -26 -27 29 28 -30 -31
leaf_value=-0.032676673433812295 -0.036308567476623817 0.048330947461011818 -0.037316959251136025 -0.048986930416545338 0.040517646065932139 -0.041364067392128979 -0.036032192375956541 -0.038935905987478966 -0.039571726258041166 0.04325802651707767 0.035673364884346186 -0.029883701254555618 0.095966992888043917 0.065822880095430511 0.038872963663705511 0.047128170509189903 -0.049214795253106999 -0.04254900964277579 0.043810865989590497 -0.038783694789353007 -0.046085632299844831 0.035427300254877545 -0.043078375176434744 0.027714993849635841 0.045126430974880297 -0.049942363104339492 0.06173525717937825 0.041224087484232154 0.066053866439282849 0.047940161178569994
leaf_weight=37.462203728035092 69.026550119742751 73.65818194905296 44.202188676921651 15.602798576932399 3791.6228676144965 11.567160599399356 94.551793402293697 9.1698350585065764 13.422785002039744 673.87369962083176 273.94457631348632 12.836463125888256 58.60979508748278 130.42303919326514 1120.5500486197416 743.44369616685435 19.595064673572779 9.9967669178731722 882.58907273598015 21.542875105980784 26.585266444366425 38.686996754258871 17.341694903559983 129.53566089039668 8487.0535912849009 7.6292903944849959 344.44363754196092 1389.175373332575 114.45168079202995 3432.0644658035599
leaf_count=4469 9533 746 4188 346 12763 721 11168 621 1060 2092 2015 932 121 91 10854 336 741 378 1520 2274 1600 618 906 1258 7465 103 971 2069 15 4657
internal_value=0.0430154 0.0431454 0.0363759 0.0378176 0.0444521 0.0337439 0.000977248 0.0382198 0.022704 0.0417718 0.0320337 0.0449686 0.0478553 0.0398416 0.0400834 0.0389494 0.036256 0.0370204 0.0373936 0.0332057 0.0343908 0.00203281 0.0360444 0.0154122 0.0437067 0.0230654 0.0473046 0.0425191 0.0431567 0.0492144
internal_weight=22094.7 22057.2 3573.29 3504.26 18483.9 853.651 168.21 3488.66 331.57 685.441 287.367 17630.3 5351.58 3157.09 3147.92 3017.5 2274.05 2254.46 2244.46 1361.87 1340.33 65.2723 1275.06 154.507 12278.7 137.165 5292.97 1516.46 1503.63 3776.51
internal_count=86631 82162 38442 28909 43720 14727 11914 28563 7263 2813 3075 28993 8765 21300 20679 20588 20252 19511 19133 17613 15339 2218 13121 2267 20228 1361 8644 3016 2084 5628
is_linear=0
shrinkage=0.03


Tree=25
num_leaves=31
num_cat=0
split_feature=73 73 4 11 73 23 8 57 57 60 62 73 60 73 62 55 73 55 73 55 55 73 45 55 55 73 55 55 57 73
split_gain=511.379 288.559 749.519 488.098 457.505 325.886 306.137 240.655 237.563 230.722 135.243 97.9412 138.494 212.321 265.311 158.861 109.018 95.4753 364.685 73.7154 72.8387 117.327 74.4665 118.22 68.1398 291.741 59.3524 57.5831 81.3188 116.712
threshold=0.0036250000000000002 0.025995000000000001 1.0000000180025095e-35 1.0000000180025095e-35 0.012905000000000002 1.0000000180025095e-35 1.0000000180025095e-35 4.5000000000000009 4.5000000000000009 6.5000000000000009 1.0000000180025095e-35 0.89998500000000015 1.0000000180025095e-35 0.14175000000000001 1.0000000180025095e-35 0.0069782869163078536 0.03727500000000001 0.0069782869163078536 0.066180000000000017 0.0035378959508221264 0.0073991022256974679 0.017965000000000005 1.0000000180025095e-35 0.030810663257538635 0.030522028566488325 0.010585000000000002 0.012889886427373445 0.086183747651422601 2.5000000000000004 0.051885000000000008
decision_type=2 2 2 2 2 2 2 2 2 2 2 2 2 2 2 2 2 2 2 2 2 2 2 2 2 2 2 2 2 2
left_child=-1 2 4 9 -2 6 -6 24 10 -4 19 12 13 14 15 -3 26 18 -18 -8 -21 -22 23 -23 -5 -26 -14 28 29 -17
right_child=1 11 3 7 5 -7 8 -9 -10 -11 -12 -13 16 -15 -16 27 17 -19 -20 20 21 22 -24 -25 25 -27 -28 -29 -30 -31
leaf_value=-0.029928585680223212 -0.030104866484585369 -0.037491048803638335 -0.038325517436946455 0.056035430946009775 -0.038642064574057139 -0.038290704236024459 -0.027671605078889324 -0.03794486869683486 -0.041630787884330278 0.050883556871404723 -0.030136287721300677 0.046539528452697328 0.060704686613275674 0.03912387444394045 -0.04375717778222582 0.027668441993735873 -0.04014336149077527 0.043355894720016615 0.037927752713020874 0.07210464662635864 -0.037349642975025708 0.04862895682263222 0.092379172365469955 -0.047329206155991586 -0.037356401408012337 0.048427159316950713 0.046718373870054584 0.069121134365790454 0.038275615288117536 -0.050232008469424855
leaf_weight=88.358310607261956 216.3274834533222 31.736486651003361 89.774175727274269 844.06014804728329 47.504209840204567 67.598287965869531 9.2785599043127132 27.389913270482793 27.669256885303184 35.657946616411209 17.924741825321689 5891.4812461063266 440.8751978657674 2045.9769100490957 58.325362592702731 49.653127088677138 55.438032380770892 8800.4568249243312 1274.206007478293 137.59961550310254 14.534166536992414 115.65810922975652 29.494526624679565 12.030598499113692 38.034704712918028 448.51861706795171 815.46828635921702 33.351066589355469 178.69186473777518 25.295012869872153
leaf_count=13334 37529 1378 4618 2109 3073 4569 1255 713 954 29 2333 301 1553 1241 1732 367 1022 2424 984 1618 499 324 2 128 1048 338 669 1 178 161
internal_value=0.0418303 0.0421214 0.0317276 0.0437696 0.00602181 0.0223562 0.0323829 0.0489968 0.0417277 -0.0127632 0.0486846 0.0432694 0.041871 0.0353111 0.0145736 0.0253513 0.0432637 0.0422161 0.0346449 0.0531996 0.0557068 0.0422256 0.0497732 0.0392904 0.0508136 0.0416584 0.0516708 0.0324067 0.0273267 0.0010618
internal_weight=21968.4 21880 2179.06 1483.44 695.62 479.292 411.694 1358 364.19 125.432 336.52 19701 13809.5 2423.03 377.053 318.728 11386.4 10130.1 1329.64 318.596 309.317 171.717 157.183 127.689 1330.61 486.553 1256.34 286.991 253.64 74.9481
internal_count=86484 73150 61139 8855 52284 14755 10186 4208 7113 4647 6159 12011 11710 5058 3817 2085 6652 4430 2006 3826 2571 953 454 452 3495 1386 2222 707 706 528
is_linear=0
shrinkage=0.03


Tree=26
num_leaves=31
num_cat=0
split_feature=73 4 11 65 40 55 65 73 57 65 65 60 73 56 55 56 55 47 73 57 65 65 65 66 60 73 8 56 0 73
split_gain=511.459 574.727 571.614 361.809 298.256 339.301 265.107 239.989 171.631 157.628 143.154 130.268 448.834 247.315 364.272 116.976 109.88 166.766 91.8854 178.457 244.319 127.318 190.518 85.4391 67.0815 86.7865 91.5389 344.44 91.8065 245.554
threshold=0.020445000000000001 1.0000000180025095e-35 1.0000000180025095e-35 751.50000000000011 1.0000000180025095e-35 0.06386747763884322 407.50000000000006 0.0026450000000000002 4.5000000000000009 68.500000000000014 847.50000000000011 1.0000000180025095e-35 0.16886000000000004 0.018723845800721603 0.086183747651422601 0.0059738020574179301 0.013997073386456787 1.0000000180025095e-35 0.66771000000000014 2.5000000000000004 192.50000000000003 245.50000000000003 472.50000000000006 1.0000000180025095e-35 1.5000000000000002 0.77983000000000013 1.0000000180025095e-35 0.0028543105875636922 8.1500000000000004 0.12170000000000002
decision_type=2 2 2 2 2 2 2 2 2 2 2 2 2 2 2 2 2 2 2 2 2 2 2 2 2 2 2 2 2 2
left_child=1 3 -3 4 5 -1 7 -4 9 -9 -5 12 13 14 -2 -7 -15 -18 19 20 -14 -22 -23 -6 25 26 -13 -28 29 -29
right_child=11 2 6 10 23 15 -8 8 -10 -11 -12 24 18 16 -16 -17 17 -19 -20 -21 21 22 -24 -25 -26 -27 27 28 -30 -31
leaf_value=-0.032545342691462469 -0.042111765691911641 -0.036843882798797113 -0.029486388790351561 0.070805444543596469 -0.032819964446439233 0.086691287677641504 -0.035557562425026064 -0.03634637549165233 -0.03656804306500943 0.051278116159617339 -0.029071140467977562 0.043364077706896549 -0.052438878691209209 0.048525340396691326 0.066408224297978255 -0.035663295739060109 -0.051314965769334482 0.045467139079582428 0.044637710527426586 0.04070278472056188 0.04054088094467357 -0.058308958839171268 0.037493953822228046 0.085181335867616045 0.046259897554829135 0.044913420021705876 -0.040288203503196389 0.011721561393656309 0.041575404855945644 0.039925893161576735
leaf_weight=329.08860672987066 140.7760650718119 88.350507742958143 36.860373995732516 70.804963713977486 6.1112095694988957 30.596843010745943 37.360942163737491 18.17080091452226 20.564705975120887 963.31625374895521 15.16519910446368 2916.9242772450671 43.268862939905375 105.30241654440761 33.697719937190413 8.4376047654077393 30.219041855074465 31.921825532801449 1766.0157642960548 745.99577341787517 149.17454961035401 34.278243202250451 38.739866122603416 31.122351436875761 4780.6124178194441 4958.9292766451836 51.715880507137626 407.35015187971294 1814.9548317198642 880.03390231449157
leaf_count=48733 5616 5837 5482 723 243 49 2379 507 709 3592 1841 1931 266 56 2 237 164 4 303 350 87 179 24 45 1372 340 1498 1848 1689 325
internal_value=0.0407381 0.0247246 0.0361957 -0.00248448 -0.0143653 -0.0225948 0.0422201 0.0450486 0.047817 0.0496205 0.0530555 0.0421376 0.0364913 0.00404469 -0.0208933 0.0600132 0.0299995 -0.00166521 0.0404827 0.0331911 0.0120084 0.0247373 -0.00766073 0.0654617 0.0432492 0.0419402 0.0395046 0.0359226 0.0372056 0.0310176
internal_weight=20585.9 1655.95 1164.62 491.327 405.357 368.123 1076.27 1038.91 1002.05 981.487 85.9702 18929.9 3119.39 341.917 174.474 39.0344 167.443 62.1409 2777.47 1011.46 265.462 222.193 73.0181 37.2336 15810.5 11029.9 6070.98 3154.05 3102.34 1287.38
internal_count=86431 70377 18506 51871 49307 49019 12669 10290 4808 4099 2564 16054 7051 5842 5618 286 224 168 1209 906 556 290 203 288 9003 7631 7291 5360 3862 2173
is_linear=0
shrinkage=0.03


Tree=27
num_leaves=31
num_cat=0
split_feature=55 24 60 63 56 56 60 65 55 65 0 55 56 65 60 56 56 60 65 0 65 65 55 56 65 0 20 2 57 65
split_gain=243.782 368.998 175.672 149.439 136.473 113.593 98.4856 278.011 170.753 173.687 136.073 108.756 185.527 96.131 84.3556 196.459 723.561 80.958 78.3404 143.931 107.251 76.2491 71.8754 94.3392 89.5567 117.614 120.824 107.516 84.9658 175.388
threshold=0.0073991022256974679 1.0000000180025095e-35 1.5000000000000002 1.0000000180025095e-35 0.0014704024238964472 0.001933288950800299 1.0000000180025095e-35 142.50000000000003 0.003521635503638119 373.50000000000006 5.3500000000000005 0.0015490702586549395 0.0045541502434662514 422.50000000000006 1.5000000000000002 0.0068988356286288468 0.0067497694644379725 2.5000000000000004 298.50000000000006 7.1500000000000012 312.50000000000006 425.50000000000006 0.048763003506173415 0.026231540054596634 688.50000000000011 6.7500000000000009 1.0000000180025095e-35 1.0000000180025095e-35 2.5000000000000004 198.50000000000003
decision_type=2 2 2 2 2 2 2 2 2 2 2 2 2 2 2 2 2 2 2 2 2 2 2 2 2 2 2 2 2 2
left_child=1 3 -3 4 -1 13 7 -6 9 -8 -10 -9 -13 -2 22 16 -16 18 -12 -20 -21 -15 23 24 25 26 -7 -28 29 -27
right_child=5 2 -4 -5 6 14 8 11 10 -11 17 12 -14 21 15 -17 -18 -19 19 20 -22 -23 -24 -25 -26 28 27 -29 -30 -31
leaf_value=-0.033296152429930163 -0.034289518256918283 -0.041195965744188927 0.036113934692092113 0.041751901705203626 -0.038273725224017688 -0.044712762452925423 0.025412133853952398 0.047784520630107304 -0.036819527244540184 -0.038588000688055291 0.046639346389899201 -0.039188133325674702 0.026910044658387526 0.055061587733589282 0.052277407494555513 0.044066339879436367 0.19699550014014552 -0.042309154035436773 -0.0383565187007072 -0.038097884206916059 0.038103328790007156 -0.032544331001742324 0.045046412664902107 0.041580295059245119 0.044038221914387006 0.037237117261530138 -0.042301314377876757 0.030479498085541078 0.040165384177919566 0.0083171739611842179
leaf_weight=27.884074487024918 31.189116878435016 82.812759099993855 37.753678008448333 2404.8041155368555 58.054452667711303 31.798801091499627 393.92402917332947 214.30716309207492 19.63645423296839 41.356575406389311 1087.4944796562195 39.243693184806034 813.05277771316469 34.227543202694505 274.96637999918312 4331.4709819327109 34.329318265896291 9.6375396940857154 23.490092011168599 16.319814863614738 616.41710096551105 11.236543302889912 2757.3734737308696 5389.8760370227974 648.1864141295664 503.78647206351161 20.706403004005551 117.15235564135946 832.07502492610365 302.56482683261856
leaf_count=4320 2679 9710 731 1810 6379 1712 10158 1638 1701 2615 4810 3958 14633 9 464 2211 59 240 1587 369 2777 828 1027 2534 995 1432 1067 814 605 2764
internal_value=0.0401455 0.0349358 -0.0168895 0.0360223 0.0319113 0.0421446 0.0324667 0.0251917 0.0361587 0.0192569 0.040295 0.0286787 0.0238242 0.00563666 0.0423278 0.0457375 0.068923 0.0411792 0.0416646 0.0333621 0.0360809 0.0331752 0.0408314 0.0393445 0.0344235 0.0309543 0.00712825 0.0193219 0.0334156 0.0264093
internal_weight=21207.1 5886.19 120.566 5765.62 3360.82 15320.9 3332.93 1124.66 2208.28 435.281 1773 1066.6 852.296 76.6532 15244.3 4640.77 309.296 1753.36 1743.72 656.227 632.737 45.4641 10603.5 7846.15 2456.27 1808.08 169.658 137.859 1638.43 806.351
internal_count=86636 67436 10441 56995 55185 19200 50865 26608 24257 12773 11484 20229 18591 3516 15684 2734 523 9783 9543 4733 3146 837 12950 11923 9389 8394 3593 1881 4801 4196
is_linear=0
shrinkage=0.03


Tree=28
num_leaves=31
num_cat=0
split_feature=73 4 73 57 73 57 8 65 65 65 65 56 19 73 55 4 73 55 73 65 11 65 65 56 55 55 59 57 62 56
split_gain=444.98 450.13 333.914 250.243 250.587 219.02 200.422 188.353 166.117 158.603 115.62 168.273 147.284 110.332 325.677 285.169 271.381 426.261 180.185 116.121 99.9055 137.7 98.9511 150.195 86.2986 76.1449 117.758 223.026 82.2823 139.3
threshold=0.020445000000000001 1.0000000180025095e-35 0.011185000000000002 3.5000000000000004 0.0026450000000000002 2.5000000000000004 1.0000000180025095e-35 407.50000000000006 68.500000000000014 413.50000000000006 221.50000000000003 0.010117439650664703 1.0000000180025095e-35 0.77983000000000013 0.0069782869163078536 1.0000000180025095e-35 0.24908000000000002 0.0059228531034993181 0.036150000000000009 1027.5000000000002 1.0000000180025095e-35 304.50000000000006 476.50000000000006 0.0069318971412261092 0.0066746296630805562 0.0015954949508172561 1.0000000180025095e-35 51.500000000000007 1.0000000180025095e-35 0.0072401483730347776
decision_type=2 2 2 2 2 2 2 2 2 2 2 2 2 2 2 2 2 2 2 2 2 2 2 2 2 2 2 2 2 2
left_child=1 2 -1 4 -3 6 -4 8 -6 -5 12 -12 -8 14 15 16 17 -2 24 -17 21 -10 25 -24 -19 -18 28 -28 -27 -30
right_child=13 3 5 9 7 -7 10 -9 20 -11 11 -13 -14 -15 -16 19 22 18 -20 -21 -22 -23 23 -25 -26 26 27 -29 29 -31
leaf_value=-0.030050927910944041 -0.039100667568558824 -0.029616338128266299 -0.035611239208580489 -0.039706571215748589 -0.036122891697687412 -0.034727027173315883 -0.035046334649939975 -0.034723093944544252 -0.034586770776562574 0.0345886026993735 0.06382967314323755 -0.038479982621347948 0.049268779200857253 0.043617202936720043 0.041054218769843817 0.042793023171273079 0.043734997372907806 0.056704856339279831 -0.010612396701234402 0.10618404727795284 0.049179710031033483 0.047898800401834869 -0.05695215403805267 0.033156514744633006 -0.034217673658637926 0.033896116912695742 -0.057225323791349314 0.047039669093836195 -0.057673668699193652 0.034004088579011001
leaf_weight=190.34115594392642 158.67318671918474 44.66241341480054 34.991792177082971 61.658668195595965 21.740932560060173 54.458594156662002 34.984284670092165 26.994868220528588 31.188391377218068 43.076766376150772 151.04432473191991 15.331894402159376 37.74462756793946 7768.2514607235789 10236.421951546334 467.18286498496309 278.05316412448883 111.46199402934872 71.340918484609574 27.139376698061824 897.11925782682374 41.074149127583951 29.234329059720039 36.081339791417122 9.5993783797603083 460.0449294000864 40.540213525295258 32.272670745849609 24.202241823077202 35.55658546090126
leaf_count=35923 5743 6929 3145 2028 696 4788 3668 1858 2451 513 3425 312 471 623 6135 1044 82 651 675 7 3389 727 121 18 375 285 168 1 100 17
internal_value=0.0395481 0.0247294 0.00147465 0.0350547 0.0394117 0.0197741 0.0306894 0.0424659 0.0446011 -0.00911149 0.0405001 0.0542281 0.00878601 0.0408098 0.0389916 0.0271229 0.0196579 -0.0028306 0.0271287 0.0464807 0.0464469 0.012312 0.028087 -0.00742543 0.049274 0.0307566 0.0246037 -0.011001 0.0296027 -0.0034634
internal_weight=21472.5 1686.41 518.897 1167.52 1062.78 328.556 274.097 1018.12 991.123 104.735 239.105 166.376 72.7289 19786.1 12017.8 1781.38 1287.06 351.075 192.402 494.322 969.382 72.2625 935.985 65.3157 121.061 870.67 592.617 72.8129 519.804 59.7588
internal_count=86368 70323 51732 18591 16050 15809 11021 9121 7263 2541 7876 3737 4139 16045 15422 9287 8236 7444 1701 1051 6567 3178 792 139 1026 653 571 169 402 117
is_linear=0
shrinkage=0.03


Tree=29
num_leaves=31
num_cat=0
split_feature=73 58 4 73 56 11 22 65 73 60 73 56 8 56 73 23 55 60 57 65 55 56 73 73 8 57 58 56 59 55
split_gain=450.212 472.819 243.585 343.639 364.602 270.705 261.906 239.855 206.722 200.563 167.727 305.35 319.916 363.645 219.049 367.178 338.101 212.849 198.763 163.387 154.511 147.623 167.078 473.193 123.761 117.441 113.187 93.7073 84.8531 84.7622
threshold=0.022145000000000001 1.0000000180025095e-35 1.0000000180025095e-35 0.011185000000000002 0.010117439650664703 1.0000000180025095e-35 1.0000000180025095e-35 398.50000000000006 0.0026450000000000002 6.5000000000000009 0.77983000000000013 0.023561139330300889 1.0000000180025095e-35 0.0028543105875636922 0.16886000000000004 1.0000000180025095e-35 0.0055825586881825175 7.5000000000000009 4.5000000000000009 221.50000000000003 0.031781826281211616 0.0068988356286288468 0.24908000000000002 0.20147000000000001 1.0000000180025095e-35 4.5000000000000009 1.5000000000000002 0.001919494434714227 1.0000000180025095e-35 0.0059628976246150316
decision_type=2 2 2 2 2 2 2 2 2 2 2 2 2 2 2 2 2 2 2 2 2 2 2 2 2 2 2 2 2 2
left_child=1 2 3 -1 19 9 -6 8 -7 -4 11 12 21 -14 15 16 -15 18 20 -5 26 22 23 27 -21 -10 29 -2 -26 -18
right_child=10 -3 5 4 6 7 -8 -9 25 -11 -12 -13 13 14 -16 -17 17 -19 -20 24 -22 -23 -24 -25 28 -27 -28 -29 -30 -31
leaf_value=-0.029991605829818725 -0.029745726166771798 -0.031757933647487573 -0.037583039815160056 -0.028972667524970876 -0.043957918837326602 -0.029402661966100103 0.051429734655128664 -0.035999019380684984 0.046510046288428218 0.048278809495046239 0.0432166676493164 0.041122495746780965 -0.042004664470690768 -0.038552807397673604 0.032465181905451022 -0.046460837016250291 0.062862027724454594 0.10909342892705105 -0.051011310379008835 -0.028356034273920236 -0.056276118572869627 0.026661721666279135 0.036957476938825583 0.22072141196640013 0.067781793867599444 -0.036282873671753715 -0.046775198069710984 0.057186056177587201 -0.027066775011986503 0.028053750394131285
leaf_weight=135.42955630715005 10.86689966265112 125.59193785768002 73.258124050684273 21.354381527518854 85.588953309925273 33.868957046186551 36.019263176713139 35.22457529627718 998.47921690973453 35.555253883358091 8118.6630661636591 7390.6296294606291 72.364887463860214 77.709157739533111 1530.8898823177442 82.887045610230416 73.504408346023411 26.590963399037719 29.540315088117495 13.650555689586325 18.15587682556361 438.81474631652236 613.68612484633923 15.20627744682133 180.60929325572215 14.969250248279421 15.633465260732917 446.1716075243894 8.3962140397634339 446.17891781148501
leaf_count=24896 597 20640 4126 3478 1455 5317 36 2090 3301 40 624 1394 2062 2251 1055 1608 211 11 441 1982 190 658 299 41 2462 460 205 1352 1220 1564
internal_value=0.0385816 0.0241963 0.0284148 0.0103688 0.0262248 0.0356866 -0.0155159 0.0402173 0.0428126 -0.00934314 0.039913 0.0375334 0.03072 0.0238135 0.0259007 0.0128276 0.0200347 0.027554 0.0236546 0.0488528 0.0277245 0.0414483 0.0473934 0.0608481 0.0571554 0.0452526 0.0306731 0.0550587 0.063448 0.0330883
internal_weight=21205.5 1798 1672.4 481.048 345.619 1191.36 121.608 1082.54 1047.32 108.813 19407.5 11288.8 3898.2 2373.45 2301.09 770.2 687.313 609.604 583.013 224.01 553.473 1524.75 1085.93 472.245 202.656 1013.45 535.317 457.039 189.006 519.683
internal_count=86066 71503 50863 35529 10633 15334 1491 11168 9078 4166 14563 13939 12545 9598 7536 6481 4873 2622 2611 9142 2170 2947 2289 1990 5664 3761 1980 1949 3682 1775
is_linear=0
shrinkage=0.03


Tree=30
num_leaves=31
num_cat=0
split_feature=71 55 0 55 55 59 57 23 57 55 27 34 0 65 55 65 62 58 55 20 55 65 11 65 57 4 55 55 0 0
split_gain=148.714 158.691 205.337 186.105 277.277 185.369 150.197 137.685 112.502 92.8129 87.0312 84.9916 74.3 83.7138 69.1768 57.0971 125.297 141.448 117.037 73.5478 68.8721 59.2699 56.0344 48.8587 42.6674 36.7648 49.8599 139.093 201.165 45.6591
threshold=1.0000000180025095e-35 0.0069782869163078536 6.9500000000000011 0.0040872057278096563 0.003521635503638119 4.5000000000000009 3.5000000000000004 1.0000000180025095e-35 12.500000000000002 0.0069318971412261092 1.0000000180025095e-35 1.0000000180025095e-35 7.0500000000000007 891.50000000000011 0.0015954949508172561 190.50000000000003 1.0000000180025095e-35 2.5000000000000004 0.000661284296626267 1.0000000180025095e-35 0.00070332916830404132 178.50000000000003 1.0000000180025095e-35 1027.5000000000002 18.500000000000004 1.0000000180025095e-35 0.051588093059875891 0.036496636214826468 7.1500000000000012 7.5500000000000007
decision_type=2 2 2 2 2 2 2 2 2 2 2 2 2 2 2 2 2 2 2 2 2 2 2 2 2 2 2 2 2 2
left_child=1 2 3 4 6 -5 -1 -6 9 10 11 12 23 15 -8 16 19 -18 -17 21 -20 22 -14 -4 25 26 27 29 -29 -3
right_child=-2 24 8 5 7 -7 14 -9 -10 -11 -12 -13 13 -15 -16 18 17 -19 20 -21 -22 -23 -24 -25 -26 -27 -28 28 -30 -31
leaf_value=-0.03569481451475659 0.04196346010469415 0.032053597994592301 0.041526867837957331 -0.03856045571086749 0.071312124556760087 0.044087681308592572 0.037037499811272842 -0.039338002589931358 -0.045073218533964315 -0.044152354707504296 -0.03639935080921472 -0.041208895146792969 -0.035058546430636196 -0.041772518659407488 -0.037784495738638325 -0.038477717360941452 -0.042045642709217408 0.037694252194583895 0.061577821626688491 -0.035644347256101924 0.035712870078610098 -0.041147187869393073 0.036678393716091197 0.095070852721004476 0.0070822238058873849 0.04059110730323949 0.041187351411031539 0.027938650230168127 -0.06506949246693082 0.03787301919959233
leaf_weight=65.882024222286418 5532.4286093953997 1836.0634879607242 37.348049595486373 101.24461963400245 99.734870876418427 31.179059090558439 67.464271168923005 10.617731411941348 15.662777172401546 12.969725491246207 15.009491438511757 12.58031500992365 9.2815089770592731 12.321461993735282 12.436173693509771 17.950292485766113 47.378216159995645 33.194291268475354 97.977113997098058 13.518343063304199 2181.2022169111297 8.5853198906406742 422.78846564609557 29.00877692992799 40.86722102900967 3488.5268261053134 1824.5794019943569 68.321653890423477 28.980814388720319 3927.5663530807942
leaf_count=10876 1609 11307 197 11635 214 15 664 1145 248 578 1096 810 806 670 754 1582 4278 46 80 1487 15398 598 2961 8 75 8439 777 256 320 7453
internal_value=0.0377561 0.0361558 0.0304043 0.0098661 0.0247626 -0.0189164 -0.00244767 0.0604081 0.0330899 0.0335199 0.0338777 0.0342508 0.034591 0.0338353 0.0250687 0.0341789 0.0252477 -0.009135 0.0362461 0.031354 0.0368513 0.0334854 0.03506 0.0659983 0.0378737 0.0379857 0.0367979 0.0354247 -0.000143261 0.0360251
internal_weight=20102.7 14570.2 3355.34 388.559 256.135 132.424 145.782 110.353 2966.78 2951.11 2938.14 2923.13 2910.55 2844.2 79.9004 2831.88 534.746 80.5725 2297.13 454.174 2279.18 440.655 432.07 66.3568 11214.9 11174 7685.51 5860.93 97.3025 5763.63
internal_count=86382 84773 56146 25303 13653 11650 12294 1359 30843 30595 30017 28921 28111 27906 1418 27236 10176 4324 17060 5852 15478 4365 3767 205 28627 28552 20113 19336 576 18760
is_linear=0
shrinkage=0.03


Tree=31
num_leaves=31
num_cat=0
split_feature=73 4 73 46 65 73 11 65 73 56 21 73 60 57 65 65 55 55 73 73 55 55 65 65 2 59 55 23 58 58
split_gain=471.703 592.715 313.281 300.178 227.233 191.574 192.611 249.913 175.832 324.703 397.492 365.816 200.646 155.706 143.401 141.487 116.986 133.248 114.817 121.257 173.901 145.244 128.355 269.675 123.055 205.545 132.744 113.604 110.858 236.559
threshold=0.022535000000000003 1.0000000180025095e-35 0.017965000000000005 1.0000000180025095e-35 416.50000000000006 0.0026450000000000002 1.0000000180025095e-35 304.50000000000006 0.77983000000000013 0.022911396799314965 1.0000000180025095e-35 0.16886000000000004 1.5000000000000002 4.5000000000000009 323.50000000000006 68.500000000000014 0.021765767382888639 0.029049548550006982 0.027165000000000005 0.20147000000000001 0.086183747651422601 0.031781826281211616 65.500000000000014 199.50000000000003 1.0000000180025095e-35 1.0000000180025095e-35 0.0055825586881825175 1.0000000180025095e-35 1.0000000180025095e-35 4.5000000000000009
decision_type=2 2 2 2 2 2 2 2 2 2 2 2 2 2 2 2 2 2 2 2 2 2 2 2 2 2 2 2 2 2
left_child=1 2 3 -1 5 -3 7 -7 9 10 11 -2 18 15 27 -8 -14 -18 -12 20 21 22 -20 -24 -25 26 -26 -4 -13 -30
right_child=8 4 14 -5 -6 6 13 -9 -10 -11 12 28 16 -15 -16 -17 17 -19 19 -21 -22 -23 23 24 25 -27 -28 -29 29 -31
leaf_value=-0.031661069062396234 -0.044871538547084457 -0.029491323381829582 0.041650152811026804 0.056737371468172051 -0.034921312491914665 -0.037833894807468745 -0.036845484471188905 0.040454629377615008 0.04204525308750607 0.039849951515465484 0.053112945718799681 0.029061632881729492 0.03716295859820231 -0.036425218846379927 -0.039232576198901192 0.045932020044709455 0.082245010655449577 0.036268397088077338 0.044030884518170603 0.032112777612001757 0.063880130110144984 -0.052164656002377331 -0.045481925251172152 0.034043078997725455 -0.039205865943374205 -0.046411678715488132 0.023170339034159208 -0.041347264039354056 -0.057070052978563504 0.047950488016584983
leaf_weight=297.96771013666876 112.30630506714806 38.103624138282612 168.56798909162171 38.168721780646592 41.134652332402766 64.562410311773419 18.231567967683077 82.383148390101269 7849.2210704162717 7121.7409822396003 162.41320546390489 222.88484266912565 384.79799083247781 21.186433529946953 26.396997371455655 1007.1370279435068 144.89853239012882 97.112548150122166 129.11046581994742 1555.0451780417934 68.387183213606477 27.557181923184544 66.482000824529678 246.38376204529777 33.69190182723105 54.855355044594035 271.39062500512227 15.47280758875422 44.391424528788775 32.629165649414062
leaf_count=48804 2571 6137 2058 481 3196 3529 510 976 623 1375 1888 180 552 721 1307 3689 57 52 154 1036 9 373 1530 608 1004 983 971 765 223 1
internal_value=0.0371912 0.0225898 -0.00353694 -0.0214848 0.0338038 0.0361256 0.0382434 0.00603433 0.0386162 0.0361148 0.0288266 0.00107517 0.0323535 0.0427558 0.0250976 0.0444257 0.0476183 0.064021 0.0286782 0.0270394 0.0182265 0.0143902 0.0167394 0.0114446 0.0177511 0.00653552 0.0161762 0.0344866 0.0183729 -0.0125346
internal_weight=20444.6 1819.31 546.574 336.136 1272.74 1231.6 1193.5 146.946 18625.3 10776.1 3654.34 412.212 3242.13 1046.56 210.438 1025.37 626.809 242.011 2615.32 2452.9 897.858 829.471 801.914 672.804 606.322 359.938 305.083 184.041 299.905 77.0206
internal_count=86363 72173 53415 49285 18758 15562 9425 4505 14190 13567 12192 2975 9217 4920 4130 4199 661 109 8556 6668 5632 5623 5250 5096 3566 2958 1975 2823 404 224
is_linear=0
shrinkage=0.03


Tree=32
num_leaves=31
num_cat=0
split_feature=73 4 73 11 0 57 56 60 73 56 2 55 20 59 57 36 73 55 11 73 73 60 59 55 55 59 55 55 55 73
split_gain=561.298 807.824 300.44 266.254 248.156 217.275 206.971 180.637 154.397 289.659 232.433 204.563 300.828 239.421 213.369 162.422 125.672 221.888 118.421 144.199 118.324 152.513 247.259 227.319 216.342 144.587 115.442 95.7614 243.016 121.568
threshold=0.020445000000000001 1.0000000180025095e-35 0.0036250000000000002 1.0000000180025095e-35 5.4500000000000011 3.5000000000000004 0.0093449173492394354 6.5000000000000009 0.77983000000000013 0.023561139330300889 1.0000000180025095e-35 0.0066168109075340131 1.0000000180025095e-35 1.0000000180025095e-35 51.500000000000007 1.0000000180025095e-35 0.24908000000000002 0.0059228531034993181 1.0000000180025095e-35 0.060315000000000007 0.027165000000000005 1.5000000000000002 1.0000000180025095e-35 0.030649897275830201 0.031781826281211616 1.0000000180025095e-35 0.013997073386456787 0.06386747763884322 0.027768086900342593 0.42477500000000007
decision_type=2 2 2 2 2 2 2 2 2 2 2 2 2 2 2 2 2 2 2 2 2 2 2 2 2 2 2 2 2 2
left_child=1 4 -3 7 6 -5 -1 -4 9 10 18 12 13 16 -15 20 17 -12 19 -2 26 22 27 -24 -25 -23 -13 28 29 -22
right_child=8 2 3 5 -6 -7 -8 -9 -10 -11 11 15 -14 14 -16 -17 -18 -19 -20 -21 21 25 23 24 -26 -27 -28 -29 -30 -31
leaf_value=-0.029571156895345473 -0.040511704192523743 -0.029838209538528872 -0.03734398304571427 0.042532668001260557 -0.033084590785961786 -0.037517163459256923 0.047310479280141537 0.044915962119939236 0.041323219113016715 0.039141992113295526 -0.037992694573423455 0.063136551941383345 -0.044999967330707158 -0.047358018976558391 0.043378904261938689 -0.055445384869363963 0.030732248189588141 0.034724190209688761 0.04957999069849673 0.032916983658152779 0.016683786367774987 0.020951255875344174 -0.055931529454269213 0.033340308137192042 -0.059805714040598035 0.065158344110288993 -0.03013042360002087 0.047316489891227387 -0.056425846856527836 0.038520767040980126
leaf_weight=51.24571400298737 25.068930671783164 66.599813394015655 70.618086101487279 990.2048730768729 278.06769124767743 30.752444579266012 78.728202252881601 35.186068034730852 7010.1557264849544 7055.9430485395715 71.729372737696394 146.21395973837934 74.096777375554666 83.226778030162677 31.37203560769558 18.929910764563829 560.57850207388401 77.561425482388586 602.91937940800563 338.99863999569789 441.37612585490569 108.52401548065245 58.456406562356278 108.52166756615043 27.262433757539839 176.87222433835268 12.41940205497667 221.24383452581242 30.738981765694916 482.88380536437035
leaf_count=12674 1138 10164 4180 3186 38286 954 908 30 602 1455 2888 827 2127 1469 9 167 370 459 430 294 1457 155 575 211 268 48 607 54 291 128
internal_value=0.0363098 0.0192806 0.0317334 0.0353959 -0.0171274 0.0400871 0.0170035 -0.00982333 0.0378437 0.035572 0.0287535 0.0242626 0.0125166 0.017734 -0.0223579 0.0300094 0.0242286 -0.000234232 0.0414034 0.0277637 0.0309309 0.0285267 0.0243391 -0.00698757 0.0143382 0.0484801 0.0556917 0.0295139 0.0253444 0.0281219
internal_weight=19366.5 1601.4 1193.36 1126.76 408.042 1020.96 129.974 105.804 17765.1 10754.9 3698.99 2732.01 898.565 824.468 114.599 1833.44 709.869 149.291 966.987 364.068 1814.51 1655.88 1370.48 194.241 135.784 285.396 158.633 1176.24 954.999 924.26
internal_count=86411 70382 18514 8350 51868 4140 13582 4210 16029 15427 13972 12110 7322 5195 1478 4788 3717 3347 1862 1432 4621 3187 2984 1054 479 203 1434 1930 1876 1585
is_linear=0
shrinkage=0.03


Tree=33
num_leaves=31
num_cat=0
split_feature=73 16 58 57 73 60 73 55 52 73 56 60 55 55 0 26 56 73 55 57 55 56 56 65 73 0 65 65 55 2
split_gain=292.717 388.408 281.253 224.129 193.747 179.357 137.287 127.518 220.828 119.384 298.307 248.908 212.975 327.479 157.924 164.25 189.989 149.161 196.661 132.538 118.961 109.292 124.675 99.8091 260.489 155.274 171.636 133.064 276.407 135.386
threshold=0.025995000000000001 1.0000000180025095e-35 1.0000000180025095e-35 4.5000000000000009 0.0026450000000000002 6.5000000000000009 0.023395000000000003 0.0033897661317019196 1.0000000180025095e-35 0.77983000000000013 0.022911396799314965 1.5000000000000002 0.048763003506173415 0.031781826281211616 6.9500000000000011 1.0000000180025095e-35 0.018723845800721603 0.16886000000000004 0.0067755698008389251 11.500000000000002 0.0039295846732344255 0.0068988356286288468 0.0064496039836892472 192.50000000000003 0.12170000000000002 8.9500000000000011 77.500000000000014 196.50000000000003 0.027768086900342593 1.0000000180025095e-35
decision_type=2 2 2 2 2 2 2 2 2 2 2 2 2 2 2 2 2 2 2 2 2 2 2 2 2 2 2 2 2 2
left_child=1 2 3 4 -1 -5 -4 8 -6 10 11 12 13 14 17 19 -17 -2 -19 23 -13 22 -22 24 -16 -26 -27 -25 29 -29
right_child=9 -3 6 5 7 -7 -8 -9 -10 -11 -12 20 -14 -15 15 16 -18 18 -20 -21 21 -23 -24 27 25 26 -28 28 -30 -31
leaf_value=-0.029537495940963908 -0.042834309177723226 -0.033840166996715611 -0.031858160872443551 -0.04076292408047457 -0.03132874495114505 0.041517553609791494 0.03255480512756951 0.036975793620613373 0.061546294362881282 0.040781554070532751 0.039264387599860652 0.0021906403207051918 0.047285933592759982 -0.054368518174627276 -0.043384907464661712 -0.056424825804635384 0.038461103844767017 -0.050919256777601264 0.034048319844494024 -0.049979104655025239 0.049180612820242046 0.034263251547253293 0.091839763634484498 0.063268451058615616 0.034029416118854711 0.033187169716684964 -0.059658001130013495 0.042560870270825654 -0.063103776340892356 0.023900120453205657
leaf_weight=41.788609574316069 58.029492760077119 91.77929966757074 97.171210633357987 66.135991319548339 63.449464910198003 36.022702954011038 41.822964552091435 1850.4314224668778 34.862388107925653 7019.3692289888859 7032.1303989049047 55.821238702628762 324.17157174553722 49.362860063556582 59.51136013190262 45.369224687339738 31.265579178929329 31.03853966621682 103.92908815294504 19.171281120507047 279.68792678695172 300.36003730632365 81.177771372720599 105.60737339220941 279.50167983141728 33.207832121290267 36.75992366950959 530.34304533852264 28.199873765464872 1046.5395496007986
leaf_count=7299 1404 17070 15048 2923 10962 109 526 20396 136 602 1243 307 117 570 1455 487 8 157 55 252 227 139 41 89 219 19 227 582 303 3530
internal_value=0.0364069 0.0263758 0.0288663 0.0316106 0.0338344 -0.0116284 -0.0123824 0.0352078 0.00189379 0.0377333 0.0356978 0.0285208 0.0244422 0.0214112 0.0229863 0.0252527 -0.0177164 -0.00302689 0.0142775 0.0267999 0.0442891 0.0478344 0.0590042 0.0275175 0.0141534 0.0240474 -0.0157455 0.0307024 0.0285216 0.0301992
internal_weight=19874 2323.46 2231.68 2092.69 1990.53 102.159 138.994 1948.74 98.3119 17550.6 10531.2 3499.06 2782.01 2457.84 2408.47 2215.48 76.6348 192.997 134.968 2138.84 717.047 661.226 360.866 2119.67 408.981 349.469 69.9678 1710.69 1605.08 1576.88
internal_count=86502 74469 57399 41825 38793 3032 15574 31494 11098 12033 11431 10188 9474 9357 8787 7171 495 1616 212 6676 714 407 268 6424 1920 465 246 4504 4415 4112
is_linear=0
shrinkage=0.03


Tree=34
num_leaves=31
num_cat=0
split_feature=60 0 64 55 57 65 65 57 11 55 58 36 55 0 17 55 60 11 27 65 16 55 65 16 55 47 65 72 55 55
split_gain=229.337 306.907 134.888 119.889 308.733 131.581 101.356 150.571 73.8607 70.0396 88.4834 123.119 103.963 136.508 82.1433 74.6573 69.1024 65.3818 91.6627 74.9583 173.471 65.2205 62.8185 61.1894 260.382 54.3271 53.558 53.0268 45.7342 49.072
threshold=1.0000000180025095e-35 6.0500000000000007 1.0000000180025095e-35 0.0028177459508940948 2.5000000000000004 132.50000000000003 138.50000000000003 1.5000000000000002 1.0000000180025095e-35 0.0015490702586549395 2.5000000000000004 1.0000000180025095e-35 0.0078429521481543762 7.1500000000000012 1.0000000180025095e-35 0.000661284296626267 1.5000000000000002 1.0000000180025095e-35 1.0000000180025095e-35 476.50000000000006 1.0000000180025095e-35 0.0039692727316404828 608.50000000000011 1.0000000180025095e-35 0.034771930691627664 1.0000000180025095e-35 875.50000000000011 1.0000000180025095e-35 0.0021089081406406199 0.0072480298081758826
decision_type=2 2 2 2 2 2 2 2 2 2 2 2 2 2 2 2 2 2 2 2 2 2 2 2 2 2 2 2 2 2
left_child=1 -1 6 4 5 -2 7 -3 -6 15 11 12 13 -11 22 -8 17 18 19 23 -21 -9 25 -5 -25 28 -22 -23 -15 -30
right_child=3 2 -4 16 8 -7 9 21 -10 10 -12 -13 -14 14 -16 -17 -18 -19 -20 20 26 27 -24 24 -26 -27 -28 -29 29 -31
leaf_value=-0.037444961281456711 0.029438874142999238 -0.038100268659207938 -0.052296375715093914 0.034925446869900616 -0.042898068110136307 -0.037451945739079548 -0.039665051684441038 -0.042925457072722488 0.035712929549373419 -0.037883510834151021 0.039881785987334203 -0.051617901922794286 0.035495260542860688 -0.041360745246810895 -0.038015302243001016 0.046430904146788007 0.040832172912255903 0.037604149087405267 -0.04684781131820024 -0.05996903263009469 -0.047421529846354671 0.02906563779058826 -0.044513647474947342 -0.053592503457613828 0.037030536201720345 -0.053391879090627294 0.039778332817044446 -0.050215169566141478 0.029380358886889692 0.010608444744849111
leaf_weight=61.409191809827462 36.848200581269339 43.153564748819917 17.030247650342062 1777.5599154930096 10.158516351599244 87.778176010819152 8.5788868449162674 12.10694998432882 575.89330459479243 33.192252158652991 632.15559046436101 16.950543950777501 830.75451403204352 8.1862236093729717 18.508014556020498 356.13970008981414 4909.5809146077372 9163.189448868623 12.485193515662102 25.249688310548663 6.2303047492168835 209.09755465807393 10.899823143845422 36.788007964147255 115.98639031872153 6.9585071564652017 59.957344967173412 6.9952752203680566 804.31407268741168 150.21951835276559
leaf_count=9793 1080 4368 370 3590 688 11752 693 1065 2110 4409 327 711 1675 713 1747 1082 5285 18545 588 779 457 2013 589 1894 144 230 250 81 7368 1978
internal_value=0.0358915 0.0285421 0.0298338 0.0372998 0.0251703 -0.0175975 0.0302945 0.012705 0.0342795 0.0319486 0.0301381 0.0268423 0.0275835 0.021188 0.0231864 0.0443028 0.0378334 0.036515 0.031593 0.0321003 0.00549281 0.0224368 0.0243792 0.0333572 0.0150019 0.0251986 0.0309865 0.0262797 0.0258215 0.0264403
internal_weight=20044.4 3226.65 3165.24 16817.7 710.678 124.626 3148.21 271.353 586.052 2876.86 2512.14 1879.98 1863.03 1032.28 999.086 364.719 16107 11197.4 2034.26 2021.77 91.4373 228.2 980.578 1930.33 152.774 969.678 66.1876 216.093 962.72 954.534
internal_count=86374 39212 29419 47162 15630 12832 29049 7527 2798 21522 19747 19420 18709 17034 12625 1775 31532 26247 7702 7114 1486 3159 10878 5628 2038 10289 707 2094 10059 9346
is_linear=0
shrinkage=0.03


Tree=35
num_leaves=31
num_cat=0
split_feature=73 2 11 73 45 57 46 73 55 20 55 2 65 65 66 55 73 55 65 65 57 65 60 56 62 0 73 73 55 55
split_gain=498.839 437.387 417.788 282.748 219.989 212.419 209.81 161.561 248.243 236.504 174.204 161.048 158.228 160.886 147.103 195.4 129.444 195.07 147.074 183.531 105.642 140.344 102.813 96.6221 200.798 270.625 126.54 112.282 137.086 103.31
threshold=0.020445000000000001 1.0000000180025095e-35 1.0000000180025095e-35 0.0036250000000000002 1.0000000180025095e-35 3.5000000000000004 1.0000000180025095e-35 0.77983000000000013 0.0069782869163078536 1.0000000180025095e-35 0.0029347433605403247 1.0000000180025095e-35 398.50000000000006 71.500000000000014 1.0000000180025095e-35 0.0035825669712940523 0.24908000000000002 0.0047066900193518816 243.50000000000003 314.50000000000006 2.5000000000000004 344.50000000000006 1.5000000000000002 0.022911396799314965 1.0000000180025095e-35 8.1500000000000004 0.16886000000000004 0.027165000000000005 0.013997073386456787 0.048763003506173415
decision_type=2 2 2 2 2 2 2 2 2 2 2 2 2 2 2 2 2 2 2 2 2 2 2 2 2 2 2 2 2 2
left_child=1 2 -1 -4 6 12 14 8 9 11 -11 20 13 -5 -3 -16 17 -13 -19 -20 21 -2 23 24 27 26 -26 28 -10 -29
right_child=7 4 3 5 -6 -7 -8 -9 22 10 -12 16 -14 -15 15 -17 -18 18 19 -21 -22 -23 -24 -25 25 -27 -28 29 -30 -31
leaf_value=-0.036984296747940452 0.031336889562516672 -0.032327717724495102 -0.029797455944052663 -0.037368140472551374 0.061773587940383588 -0.03730769559195752 0.049984138347755579 0.039795316667823648 0.060041877448457383 0.015102733199258974 -0.048581535146143461 -0.038115460156022282 -0.036032265900871892 0.042754136693050018 0.063313015378204676 -0.037014449402259154 0.026961592002654581 -0.040477415047039805 0.038042223971307319 -0.043220446486788446 0.049008135610489792 -0.051856215202719859 0.040612352526332877 0.036121795596126501 -0.04482170812100128 -0.058886822255875375 0.036581252101564432 0.02407295082028834 -0.032284230615114769 0.045223898547479088
leaf_weight=82.234157709637657 105.20004448993132 270.19649513997138 60.584842881886289 22.375033086398616 36.132974794600159 33.191499034175649 39.36373464949429 6716.7753264829516 175.73819930944592 91.932112329639494 65.286861476255581 73.714893906144425 23.953046954236925 952.44257705262862 36.50243557151407 31.806425184477121 810.11641743779182 33.13031162135303 178.48776219459251 28.209701127372682 377.88953133905306 21.098287335364148 2843.075889127329 4161.1534180967137 19.998162071220577 53.053964812541381 95.979947194457054 1136.2385616833344 15.148605636786668 255.93999996036291
leaf_count=5968 332 45470 9431 596 466 1178 460 590 334 873 1696 3047 1317 2742 863 2017 602 1047 491 604 231 381 643 1085 308 646 36 2371 620 104
internal_value=0.0346638 0.0185599 0.027898 0.032811 -0.00794141 0.0365119 -0.0147532 0.0361451 0.0338157 0.0235933 -0.0114827 0.026986 0.039 0.0408787 -0.0224064 0.0167378 0.0206332 0.00424857 0.017374 0.0267969 0.0410752 0.0171412 0.0358967 0.033623 0.0276712 -0.00339108 0.0222817 0.0309879 0.0525849 0.027991
internal_weight=18847 1588.78 1174.78 1092.55 414.002 1031.96 377.869 17258.2 10541.4 1785.07 157.219 1627.85 998.771 974.818 338.505 68.3089 1123.66 313.543 239.828 206.697 504.188 126.298 8756.33 5913.25 1752.1 169.032 115.978 1583.07 190.887 1392.18
internal_count=86549 70508 21232 15264 49276 5833 48810 16041 15451 9304 2569 6735 4655 3338 48350 2880 5791 5189 2142 1095 944 713 6147 5504 4419 990 344 3429 954 2475
is_linear=0
shrinkage=0.03


Tree=36
num_leaves=31
num_cat=0
split_feature=73 8 2 73 57 73 73 56 2 0 64 73 73 48 55 56 57 57 35 55 23 57 55 55 58 55 56 55 56 19
split_gain=369.821 377.915 438.764 282.926 237.429 176.049 169.749 337.594 270.149 257.381 185.491 151.037 288.685 284.111 314.404 193.466 171.239 150.853 118.115 106.575 104.379 104.314 95.9125 115.918 84.6919 82.9758 209.306 82.721 75.9194 142.564
threshold=0.020445000000000001 1.0000000180025095e-35 1.0000000180025095e-35 0.012905000000000002 2.5000000000000004 0.0026450000000000002 0.77983000000000013 0.023561139330300889 1.0000000180025095e-35 6.0500000000000007 1.0000000180025095e-35 0.14175000000000001 0.027165000000000005 1.0000000180025095e-35 0.030810663257538635 0.012841886520352541 1.5000000000000002 4.5000000000000009 1.0000000180025095e-35 0.0062067466550570329 1.0000000180025095e-35 2.5000000000000004 0.021765767382888639 0.022816273384930998 1.0000000180025095e-35 0.014255165993021049 0.022911396799314965 0.013997073386456787 0.0074326147304572326 1.0000000180025095e-35
decision_type=2 2 2 2 2 2 2 2 2 2 2 2 2 2 2 2 2 2 2 2 2 2 2 2 2 2 2 2 2 2
left_child=1 2 5 -3 20 -1 7 8 21 -10 11 12 19 14 15 -14 -16 18 24 -11 28 -2 25 -24 -7 -13 -27 -21 -5 -30
right_child=6 3 -4 4 -6 17 -8 -9 9 10 -12 22 13 -15 16 -17 -18 -19 -20 27 -22 -23 23 -25 -26 26 -28 -29 29 -31
leaf_value=-0.029458090368127868 0.027676786252114234 -0.031704114688909137 -0.032314567810232432 0.052302680904502574 -0.038340722386476983 0.036531313667838156 0.039407305891616444 0.037257203997930713 -0.046396069532597735 -0.029605911486072851 -0.052745661294255952 0.024866045923341962 -0.036098213712484999 0.054356197788911487 -0.053642804572279927 0.0192562782199697 0.038821386249992422 -0.035580313163268179 0.076919773281581366 0.052487946349213409 -0.033969443327874514 0.047929096187902163 0.070855974475059869 0.032447853708925369 -0.033651910536581953 -0.080280750083324498 0.039785591844421098 -0.030175997821333886 -0.041077003728585366 0.051008922360663733
leaf_weight=37.047032866626978 392.56959991063923 180.06083281105384 95.41321162530221 124.05586695577949 53.686559983994812 1046.0279792477377 6917.4395926445723 6918.7166075813584 48.899967997567728 16.746425497578457 28.309765311423689 1250.9047626901884 260.03160174004734 76.394226874457672 19.792017653118819 71.946716188453138 139.46360406000167 24.906815069261938 65.786536805564538 187.46294585312717 18.734536988427863 568.49649151810445 82.951828831806779 490.48949282662943 14.970236191758884 22.589518851600587 28.361512824892998 10.938962252577765 25.909267889335752 33.640978859737515
leaf_count=6520 1467 29802 17928 3762 3167 4902 624 1487 1088 1782 389 1312 4999 160 239 90 206 1013 112 932 1818 431 19 247 1069 108 2 496 325 9
internal_value=0.0344345 0.0211394 0.029328 -0.00298581 0.0172562 0.0342987 0.0357377 0.0333428 0.0260079 0.0211865 0.0224335 0.0232537 0.0121626 0.00092576 -0.00747702 -0.0240799 0.0270671 0.0363734 0.037994 0.0416675 0.0321236 0.0396939 0.0278744 0.0381175 0.0355103 0.0233367 -0.0139674 0.0478018 0.039015 0.0109272
internal_weight=19252.7 1720.24 1284.15 436.088 256.027 1188.74 17532.5 10615.1 3696.35 2735.28 2686.38 2658.07 782.777 567.628 491.234 331.978 159.256 1151.69 1126.78 215.148 202.341 961.066 1875.3 573.441 1061 1301.86 50.951 198.402 183.606 59.5502
internal_count=86505 70427 31544 38883 9081 13616 16078 15454 13967 12069 10981 10592 8904 5694 5534 5089 445 7096 6083 3210 5914 1898 1688 266 5971 1422 110 1428 4096 334
is_linear=0
shrinkage=0.03


Tree=37
num_leaves=31
num_cat=0
split_feature=73 4 73 55 56 0 73 11 57 73 55 55 4 17 73 55 73 23 56 0 73 55 73 56 56 56 56 55 62 55
split_gain=430.544 450.874 262.762 255.914 293.642 247.008 236.098 159.6 148.823 137.119 262.793 160.34 116.13 208.178 147.01 282.998 147.83 107.996 90.381 162.688 388.72 106.49 216.544 99.2111 138.352 89.102 133.023 86.8486 73.3654 65.0132
threshold=0.025995000000000001 1.0000000180025095e-35 0.0036250000000000002 0.0068272023513347773 0.010117439650664703 5.4500000000000011 0.011185000000000002 1.0000000180025095e-35 4.5000000000000009 0.77983000000000013 0.0069782869163078536 0.0068272023513347773 1.0000000180025095e-35 1.0000000180025095e-35 0.24908000000000002 0.0055825586881825175 0.073035000000000017 1.0000000180025095e-35 0.023561139330300889 7.5500000000000007 0.09141500000000001 0.021765767382888639 0.53825500000000015 0.0069318971412261092 0.0067497694644379725 0.039092439184851828 0.045669345270555904 0.0062472032940587771 1.0000000180025095e-35 0.0015954949508172561
decision_type=2 2 2 2 2 2 2 2 2 2 2 2 2 2 2 2 2 2 2 2 2 2 2 2 2 2 2 2 2 2
left_child=1 3 -3 -1 6 17 -5 25 -9 10 11 12 13 14 15 -2 27 -6 19 20 -12 22 -22 24 -21 -4 -27 -17 -8 -16
right_child=9 2 7 4 5 -7 28 8 -10 -11 18 -13 -14 -15 29 16 -18 -19 -20 23 21 -23 -24 -25 -26 26 -28 -29 -30 -31
leaf_value=-0.03076980150606743 -0.039483146770308723 -0.029792460052569681 -0.032546015606678427 -0.029558050685490903 0.041547494351621118 -0.045299137979068829 0.049081359932889673 0.038297068910487196 -0.036264908116391006 0.038884770359553095 -0.048679739698057757 -0.052864392570468634 0.038005108778697158 -0.045172781504065646 0.038447768715052504 0.045519703057417885 -0.047878154439811159 -0.043516987568282234 0.037333788098680577 0.036709382442814548 -0.059858779040425907 0.036350546013923131 0.032749664518975055 0.02762660936199799 0.071860306123944714 0.03644126477787038 -0.041247333626221815 -0.036862488165488698 -0.0283481035419373 0.021196130575389435
leaf_weight=175.655389939202 95.637209296808578 61.703495541121811 42.113972012186423 45.433084921212867 62.693539337255061 111.0338231024798 207.73947167024016 1179.5003062849864 23.847767678555101 6818.2324636429548 73.671016498934478 24.330747668165714 371.52373409993015 43.225151046877727 292.40810117125511 119.29530764138326 20.141642407048494 16.146541036432609 6139.4316147621721 646.82774354144931 34.388676643371582 264.18423146149144 62.498593956232071 923.40072528249584 120.37388479383662 83.696027393452823 24.996942445170134 11.992017929209394 11.003474257420747 617.52696651220322
leaf_count=36944 3015 10178 4424 9183 70 3127 3561 3464 727 620 1026 324 702 953 94 505 252 750 1139 1104 176 171 24 1001 78 106 172 326 1714 581
internal_value=0.0340053 0.0209978 0.0303851 -0.000123791 0.0117736 -0.0166335 0.0321766 0.0331472 0.0367905 0.0355992 0.0333238 0.0221537 0.0233479 0.018783 0.0212093 0.000681772 0.0261411 0.0237993 0.035478 0.030102 0.0136913 0.0265164 -0.00039602 0.0343115 0.0423109 0.00402444 0.0183615 0.037773 0.0450751 0.0267761
internal_weight=18724.7 2045.56 1415.86 629.705 454.05 189.874 264.176 1354.16 1203.35 16679.1 9860.86 1596.08 1571.75 1200.23 1157 247.066 151.429 78.8401 8264.78 2125.34 434.743 361.072 96.8873 1690.6 767.202 150.807 108.693 131.287 218.743 909.935
internal_count=86511 74420 19071 55349 18405 3947 14458 8893 4191 12091 11471 6752 6428 5726 4773 4098 1083 820 4719 3580 1397 371 200 2183 1182 4702 278 831 5275 675
is_linear=0
shrinkage=0.03


Tree=38
num_leaves=31
num_cat=0
split_feature=73 62 73 73 56 8 56 60 21 65 55 52 57 60 73 55 16 73 56 2 73 9 73 65 59 56 55 35 55 2
split_gain=307.2 353.049 189.552 165.997 315.855 190.448 297.67 181.531 191.995 164.537 155.872 205.34 146.955 163.022 133.383 137.187 161.823 142.435 120.266 112.286 124.357 111.774 204.638 110.241 457.554 149.192 149.494 94.6353 90.1676 370.951
threshold=0.025995000000000001 1.0000000180025095e-35 0.023885000000000003 0.77983000000000013 0.023561139330300889 1.0000000180025095e-35 0.0028543105875636922 1.0000000180025095e-35 1.0000000180025095e-35 158.50000000000003 0.0033897661317019196 1.0000000180025095e-35 4.5000000000000009 6.5000000000000009 0.0026450000000000002 0.016299180440167958 1.0000000180025095e-35 0.0069850000000000008 0.0058227935986299309 1.0000000180025095e-35 0.043455000000000008 1.0000000180025095e-35 0.017965000000000005 278.50000000000006 1.0000000180025095e-35 0.0059228531034993181 0.077177660430596665 1.0000000180025095e-35 0.0072480298081758826 1.0000000180025095e-35
decision_type=2 2 2 2 2 2 2 2 2 2 2 2 2 2 2 2 2 2 2 2 2 2 2 2 2 2 2 2 2 2
left_child=1 2 10 4 5 19 -7 8 -8 -10 11 -1 14 -14 -12 16 27 -17 -19 -2 -21 22 -20 -9 25 26 -25 -16 29 -11
right_child=3 -3 -4 -5 -6 6 7 23 9 28 12 -13 13 -15 15 17 -18 18 21 20 -22 -23 -24 24 -26 -27 -28 -29 -30 -31
leaf_value=-0.031590057421326298 0.04486519694405075 -0.031883341973688813 -0.045758054524172344 0.038618134022934673 0.036510981994675999 -0.043261023694221468 -0.048033529800681825 0.032853690482412899 -0.049219733153414748 0.037518219754241543 -0.029337548991532868 0.053112037732598656 -0.040655979915254173 0.040768286636810404 0.038408248209470558 -0.035809877810596739 -0.030994018517974051 -0.036370135794182412 -0.039797018629060196 -0.035102944970008716 0.029186542199183065 0.035338067769243357 0.028557559707874259 -0.048626271664181986 -0.056313392799274831 0.033203161974477376 0.039945607004440921 0.07571330795160959 0.026747676723467527 -0.057240882170509294
leaf_weight=85.009885650593787 529.0486209616065 100.50790228124242 32.165922689018771 6664.1953911334276 6172.7536433096975 64.74994279560633 51.258932732511312 989.86272491374984 35.128978222142905 89.143991980236024 31.871955228736624 35.782557293539867 54.656722789397463 35.766048365272582 926.81020319089293 35.951364692766219 28.260816187364981 26.907660933909938 55.958440568996593 27.256101681850851 767.71750935888849 457.76828838628717 127.12753747683018 42.682359126862139 67.913730824366212 412.41291015362367 27.303228378295898 65.905647759558633 303.0317496531643 62.282481333240867
leaf_count=17575 283 18997 859 608 1223 1750 811 1399 606 89 5320 237 2215 108 15896 1626 6877 2048 1399 1026 1086 698 328 455 641 379 1 205 520 1211
internal_value=0.0335726 0.0227531 0.0255134 0.0349648 0.0324362 0.0251786 0.019641 0.021618 0.00665023 0.0124618 0.0267011 -0.00626854 0.0288596 -0.00835557 0.0307789 0.0319062 0.0389386 0.0216627 0.0248059 0.0341316 0.026941 0.0274271 0.00756295 0.0268664 0.0160568 0.0263408 -0.0139961 0.0409586 0.0173273 -0.00157652
internal_weight=18407.2 2100.45 1999.94 16306.7 9642.55 3469.79 2145.77 2081.02 540.846 489.587 1967.78 120.792 1846.98 90.4228 1756.56 1724.69 1020.98 703.713 667.762 1324.02 794.974 640.854 183.086 1540.17 550.312 482.398 69.9856 992.716 454.458 151.426
internal_count=86476 74388 55391 12088 11480 10257 7862 6112 3237 2426 54532 17812 36720 2323 34397 29077 22978 6099 4473 2395 2112 2425 1727 2875 1476 835 456 16101 1820 1300
is_linear=0
shrinkage=0.03


Tree=39
num_leaves=31
num_cat=0
split_feature=73 62 55 52 9 57 73 4 73 64 72 73 55 55 55 73 11 60 55 73 55 55 73 18 73 55 60 57 55 55
split_gain=287.367 439.298 329.142 224.279 167.963 137.14 128.49 125.232 301.59 158.934 157.574 122.496 114.645 274.722 110.115 189.818 101.671 178.889 120.553 98.9742 173.81 168.098 173.629 106.355 159.926 149.488 97.1 149.155 94.8865 92.4175
threshold=0.09141500000000001 1.0000000180025095e-35 0.003521635503638119 1.0000000180025095e-35 1.0000000180025095e-35 11.500000000000002 0.0026450000000000002 1.0000000180025095e-35 0.011185000000000002 1.0000000180025095e-35 1.0000000180025095e-35 0.036150000000000009 0.0062067466550570329 0.0035825669712940523 0.011945845925157792 0.017965000000000005 1.0000000180025095e-35 1.5000000000000002 0.028894404390139527 0.89998500000000015 0.02035367420542971 0.015677023898642627 0.53825500000000015 1.0000000180025095e-35 0.66771000000000014 0.0059228531034993181 1.5000000000000002 3.5000000000000004 0.0072480298081758826 0.06386747763884322
decision_type=2 2 2 2 2 2 2 2 2 2 2 2 2 2 2 2 2 2 2 2 2 2 2 2 2 2 2 2 2 2
left_child=1 2 3 -1 -3 6 -4 8 -8 10 12 -6 13 -10 -14 -16 17 18 28 20 21 23 -23 24 25 -2 27 29 -9 -17
right_child=19 4 5 -5 11 -7 7 16 9 -11 -12 -13 14 -15 15 26 -18 -19 -20 -21 -22 22 -24 -25 -26 -27 -28 -29 -30 -31
leaf_value=-0.033175972391363634 -0.050282194727750709 -0.037386383882637125 -0.029309745239545458 0.051236296817166231 -0.033702745817843702 -0.049163002413597431 -0.029861378939662515 -0.035003904391640001 0.066717021650947492 -0.050997599340214715 -0.062579219198186237 0.02919764596441354 0.039694460609031326 -0.036592620217747472 -0.037145362791579567 0.016360715605880205 0.039109522148410493 0.034756695820559749 -0.054878951419064063 0.038942382685674196 0.03702120988201802 -0.077406828444388884 0.011744713337007853 0.03154544174240656 0.030344975198296448 0.010851159763759218 0.037445304078246026 -0.059028236841362158 0.031556135713736909 0.042687528341235098
leaf_weight=121.09001991420519 49.440729894442484 118.52559195470531 31.105768470326439 35.931167782749981 37.99524651071988 18.553633656352758 82.548553086118773 27.109130007214844 34.133451031288132 21.667284011375159 15.859409332275389 97.02573204273358 839.59034603671171 67.012605766765773 41.141606025863439 504.49167799786665 1891.4172375763301 321.17688936949708 34.097461102996022 4628.5935768261552 4942.4243009504862 24.078888645395637 90.162773936986923 2818.872585532954 262.02287194132805 124.88156666862778 525.82808980555274 19.799053244525567 60.607691023265943 157.64087575487792
leaf_count=19592 353 15479 5330 242 5242 335 16044 1624 71 293 214 171 4243 3967 1506 1837 3656 589 719 294 1112 120 87 1658 116 245 310 186 349 77
internal_value=0.0330242 0.0269824 0.0289944 -0.0136579 -0.0114743 0.0304239 0.0307502 0.0311587 0.0261791 0.0282687 0.0290702 0.0113797 0.0297623 -0.00141719 0.0312723 0.0255831 0.0360722 0.0230452 -0.00786505 0.035405 0.0334308 0.0281548 -0.00755453 0.02941 0.0155738 -0.00667519 0.0277489 0.0202282 0.0108229 0.0226835
internal_weight=18044.8 5104.35 4850.8 157.021 253.547 4693.78 4675.23 4644.12 2309.71 2227.16 2205.5 135.021 2189.64 101.146 2088.49 1248.9 2334.41 442.991 121.814 12940.5 8311.88 3369.46 114.242 3255.22 436.345 174.322 1207.76 681.932 87.7168 662.133
internal_count=86061 82076 61184 19834 20892 41350 41015 35685 28748 12704 12411 5413 12197 4038 8159 3916 6937 3281 2692 3985 3691 2579 207 2372 714 598 2410 2100 1973 1914
is_linear=0
shrinkage=0.03


Tree=40
num_leaves=31
num_cat=0
split_feature=73 60 57 65 16 73 56 15 73 57 60 64 58 8 73 73 2 65 65 56 56 20 65 73 73 65 8 56 62 57
split_gain=400.432 346.967 320.829 275.325 202.418 151.1 295.512 223.603 214.549 150.418 234.221 130.592 143.913 127.278 167.442 127.887 131.936 203.212 153.049 106.607 102.012 94.8044 157.867 92.8158 188.049 119.209 86.7639 177.403 165.463 169.546
threshold=0.025995000000000001 1.0000000180025095e-35 4.5000000000000009 751.50000000000011 1.0000000180025095e-35 0.77983000000000013 0.023561139330300889 1.0000000180025095e-35 0.16886000000000004 7.5000000000000009 1.5000000000000002 1.0000000180025095e-35 1.0000000180025095e-35 1.0000000180025095e-35 0.010425000000000002 0.0026450000000000002 1.0000000180025095e-35 956.50000000000011 407.50000000000006 0.0016060015895067055 0.0072401483730347776 1.0000000180025095e-35 829.50000000000011 0.011275000000000002 0.017965000000000005 323.50000000000006 1.0000000180025095e-35 0.0028543105875636922 1.0000000180025095e-35 4.5000000000000009
decision_type=2 2 2 2 2 2 2 2 2 2 2 2 2 2 2 2 2 2 2 2 2 2 2 2 2 2 2 2 2 2
left_child=1 3 4 -1 13 6 7 8 -2 10 -10 19 -13 15 -15 -3 18 -18 -17 -9 26 -22 -23 -16 -25 -26 -21 -28 29 -29
right_child=5 2 -4 -5 -6 -7 -8 11 9 -11 -12 12 -14 14 23 16 17 -19 -20 20 21 22 -24 24 25 -27 27 28 -30 -31
leaf_value=-0.03232805569006917 -0.042607027141636881 -0.029212999150304567 -0.041199048125776266 0.054582155298066905 -0.035286876366398191 0.037672851320104221 0.035700844678123629 -0.038551645451636841 -0.054648146608776829 0.040684849872234613 0.032723634053932006 -0.053881430002333947 0.033073759603167316 -0.031197560543040719 0.050919785560976219 0.038843899979316074 -0.037051029643850604 0.054423625720455969 -0.038905312502146905 0.039499770886859582 0.023000113436483727 -0.058051109281646134 0.038718845166939124 -0.035937381524141117 0.033601894973119009 -0.041575246455855822 -0.044078436261724634 0.034532401250014784 -0.0053224023832762627 -0.052782442116017222
leaf_weight=175.50450150948018 78.433329395251349 28.307307326234877 64.392890971619636 39.347127521177754 45.491662001702935 6248.6970513537526 5917.4304572716355 20.786356984172016 52.430028724251315 104.31723192799836 56.201214469969273 36.466041507897899 30.648722162470222 62.48095797165297 75.967246877495199 1109.9923774169292 53.872350830817595 35.32712642615661 22.503064100397751 867.70695777214132 1020.9514014213346 33.516540131764486 26.155091217719018 54.290647258982062 190.5290449692402 20.221527256537229 30.06148157431744 965.97543466556817 114.42022260616068 19.584441432263702
leaf_count=33382 2003 5240 2844 818 7371 611 1189 770 259 56 20 600 13 9148 690 3063 5457 127 1016 1238 1331 230 5 3523 1012 765 508 1914 981 249
internal_value=0.0324354 0.0197023 0.0240874 -0.0162325 0.0265846 0.0340463 0.0316253 0.0246422 -0.000504897 0.0151289 -0.00955951 0.0269559 -0.0142698 0.0283071 0.0136101 0.0330365 0.0345015 -0.000621103 0.037266 0.027853 0.0283137 0.0208508 -0.0156961 0.0218872 0.0134056 0.0262264 0.0323381 0.0268089 0.0287845 0.0327456
internal_weight=17602 1978.23 1763.38 214.852 1698.98 15623.8 9375.08 3457.65 291.382 212.948 108.631 3166.27 67.1148 1653.49 403.489 1250 1221.69 89.1995 1132.5 3099.16 3078.37 1080.62 59.6716 341.008 265.041 210.751 1997.75 1130.04 1099.98 985.56
internal_count=86433 74456 40256 34200 37412 11977 11366 10177 2338 335 279 7839 613 30041 15138 14903 9663 5584 4079 7226 6456 1566 235 5990 5300 1777 4890 3652 3144 2163
is_linear=0
shrinkage=0.03


Tree=41
num_leaves=31
num_cat=0
split_feature=73 58 4 73 56 22 65 56 73 56 64 2 57 58 62 58 73 73 57 65 65 65 73 0 65 12 65 57 73 57
split_gain=316.81 329.409 215.605 202.979 176.001 202.42 170.581 150.853 145.917 201.387 183.564 169.035 191.732 151.01 133.501 253.826 173.508 131.508 123.963 114.333 105.007 87.3867 124.584 87.1959 181.391 78.894 210.437 74.0804 66.6172 170.662
threshold=0.022535000000000003 1.0000000180025095e-35 1.0000000180025095e-35 0.011185000000000002 0.037227276579386147 1.0000000180025095e-35 416.50000000000006 0.0058227935986299309 0.89998500000000015 0.023561139330300889 1.0000000180025095e-35 1.0000000180025095e-35 14.500000000000002 1.0000000180025095e-35 1.0000000180025095e-35 1.0000000180025095e-35 0.09141500000000001 0.0026450000000000002 1.5000000000000002 344.50000000000006 225.50000000000003 164.50000000000003 0.77983000000000013 6.0500000000000007 863.50000000000011 1.0000000180025095e-35 304.50000000000006 4.5000000000000009 0.16886000000000004 4.5000000000000009
decision_type=2 2 2 2 2 2 2 2 2 2 2 2 2 2 2 2 2 2 2 2 2 2 2 2 2 2 2 2 2 2
left_child=1 2 3 -1 7 -6 17 -5 9 10 11 18 14 -12 23 -16 -17 -4 19 -2 -9 22 -18 24 -13 27 -27 -19 29 -25
right_child=8 -3 6 4 5 -7 -8 20 -10 -11 13 12 -14 -15 15 16 21 25 -20 -21 -22 -23 -24 28 -26 26 -28 -29 -30 -31
leaf_value=-0.029904202131654588 0.02391688641021204 -0.03173936754166061 -0.029232045728946977 -0.029563369267231156 -0.045377870393379934 0.043005435526641121 -0.035313785251117391 -0.029729880203662455 0.038253984135871985 0.035230513133186148 -0.054997301039615601 -0.05166385339063128 -0.054215930979876766 0.030825697720220695 -0.054002423777142136 -0.040984055112982636 -0.054117885959821407 0.037634254537016264 0.043106344881123276 -0.051238829374648638 0.046546203671251056 0.026628734472975344 0.032978640370805681 0.024516555629361451 0.036113893185175959 -0.037684482649656362 0.041639098203141267 -0.033982456502350114 0.032078134445331266 -0.047482188045089448
leaf_weight=107.43496493098792 107.7276999738533 102.10966037737671 29.784430681262165 31.35890492843464 68.171789326472208 34.254842198453844 33.865842959843576 17.057772665866651 4737.1553226932883 6866.098553926684 43.433722693473101 36.30864762479905 26.515102001139894 30.705818131566048 46.116404292988591 40.488248751382343 29.667178507195786 986.11910657142289 847.23446526494808 20.917171908542514 193.09033673885278 505.4066955614835 27.606569677591324 782.55910916568246 48.038560151588172 47.806093881838024 77.669686550041661 12.442268544109536 1983.3275107806548 29.893402544315904
leaf_count=24983 471 20909 6107 5031 509 13 2706 2302 308 1436 730 572 295 15 901 1685 202 3375 581 281 3042 434 7 4490 67 1895 810 485 988 675
internal_value=0.0325008 0.0203199 0.0235805 0.00591397 0.0171568 -0.0156896 0.0302839 0.0310947 0.0338079 0.0319688 0.0270999 0.0278667 0.0248171 -0.0195154 0.025426 0.0131081 0.01832 0.0322381 0.0389421 0.0113959 0.0402434 0.0226524 -0.0122909 0.0281974 -0.0018341 0.0338915 0.0113579 0.0367088 0.0291038 0.0218123
internal_weight=17950.4 1741.17 1639.06 451.369 343.934 102.427 1187.69 241.507 16209.2 11472 4605.95 4531.81 3555.93 74.1395 3529.41 649.285 603.169 1153.82 975.879 128.645 210.148 562.68 57.2737 2880.13 84.3472 1124.04 125.476 998.561 2795.78 812.453
internal_count=86305 72167 51258 35880 10897 522 15378 10375 14138 13830 12394 11649 10316 745 10021 3229 2328 12672 1333 752 5344 643 209 6792 639 6565 2705 3860 6153 5165
is_linear=0
shrinkage=0.03


Tree=42
num_leaves=31
num_cat=0
split_feature=73 55 62 73 56 64 31 60 59 4 73 12 73 4 55 73 60 56 22 73 12 56 55 55 58 62 73 55 56 55
split_gain=296.765 355.185 267.351 146.462 230.178 176.081 154.116 137.976 128.95 292.953 166.72 209.566 171.446 125.581 216.542 241.527 162.413 117.318 337.05 108.463 97.4526 88.455 85.8869 80.4471 89.7016 77.9288 175.15 83.3631 243.689 77.6411
threshold=0.025995000000000001 0.003521635503638119 1.0000000180025095e-35 0.89998500000000015 0.023561139330300889 1.0000000180025095e-35 1.0000000180025095e-35 1.5000000000000002 1.0000000180025095e-35 1.0000000180025095e-35 0.77983000000000013 1.0000000180025095e-35 0.14175000000000001 1.0000000180025095e-35 0.030810663257538635 0.011185000000000002 1.0000000180025095e-35 0.020591400204650768 1.0000000180025095e-35 0.0026450000000000002 1.0000000180025095e-35 0.011338004811851243 0.028894404390139527 0.0039295846732344255 1.0000000180025095e-35 1.0000000180025095e-35 0.14175000000000001 0.0042814658813455381 0.0072401483730347776 0.027768086900342593
decision_type=2 2 2 2 2 2 2 2 2 2 2 2 2 2 2 2 2 2 2 2 2 2 2 2 2 2 2 2 2 2
left_child=1 -1 13 4 5 7 -7 8 25 10 11 21 -13 14 15 -3 -15 -17 -19 -18 -21 -10 29 24 -9 -2 -27 -28 -29 -22
right_child=3 2 -4 -5 -6 6 -8 23 9 -11 -12 12 -14 16 -16 17 19 18 -20 20 22 -23 -24 -25 -26 26 27 28 -30 -31
leaf_value=-0.031664523892641558 0.029438734223038825 -0.029804158905100641 -0.032630133338709927 0.037776303109628727 0.034841098854507715 -0.058094118239956083 0.028546690732079591 -0.04986989313258279 -0.051151836069109551 0.032924768936969412 0.026953151757387897 -0.051735974571202464 0.031070170458611799 -0.034597074828086848 -0.045127856344597345 0.039103139269854308 -0.029043611436379062 -0.046861963060925764 0.043228616714841323 0.037191503135835739 -0.032956866520899165 -4.7224062062561362e-05 -0.038860208908379816 0.040873964880777422 0.025676429110469905 -0.042333748174788438 0.033108590238227757 -0.063020971286117056 0.02422945423298423 0.033993456733450549
leaf_weight=108.40374675788917 2187.9638045489555 74.181189073831774 71.581583122955635 4435.0927400141954 6479.6200209744275 40.940340044675395 32.199021400418133 17.162891979329288 123.93140502262395 351.64724535006098 108.83343800902367 28.085075155249797 98.884927127044648 31.979545030510053 49.191294477554038 301.98639926069882 24.08971988176927 61.763883998850361 91.427895005792379 1099.6063083161134 18.284663843456656 40.322139054536819 25.524211333598942 734.46675121737644 63.24755663331598 41.57764716364909 236.933771712007 35.706084127537906 133.01316300034523 83.282516059000045
leaf_count=24399 4165 16020 13174 316 1324 531 146 222 1968 531 50 551 98 2253 1671 7143 4067 1100 25 2529 1202 84 580 402 95 1126 118 219 100 274
internal_value=0.0317283 0.0209695 0.0239362 0.0331727 0.0312709 0.0258526 -0.0200806 0.0266567 0.0239756 0.0129898 -0.00457134 -0.0164043 0.0124927 0.0261279 0.0144876 0.020102 0.0313626 0.0282828 0.00683753 0.0330753 0.0343179 -0.0386825 0.0093586 0.0377573 0.00913723 0.0271032 0.015637 0.0216683 0.0055021 0.0217369
internal_weight=17230.9 2041.3 1932.9 15189.6 10754.5 4274.92 73.1394 4201.78 3386.9 751.704 400.057 291.224 126.97 1861.32 578.551 529.359 1282.77 455.178 153.192 1250.79 1226.7 164.254 127.091 814.877 80.4104 2635.19 447.231 405.653 168.719 101.567
internal_count=86483 74437 50038 12046 11730 10406 677 9729 9010 3282 2751 2701 649 36864 25959 24288 10905 8268 1125 8652 4585 2052 2056 719 317 5728 1563 437 319 1476
is_linear=0
shrinkage=0.03


Tree=43
num_leaves=31
num_cat=0
split_feature=73 57 62 73 73 56 64 31 56 4 73 58 60 0 57 56 4 65 73 65 65 11 65 8 60 62 73 58 56 73
split_gain=369.89 307.516 250.718 196.501 141.547 214.596 185.016 153.048 137.187 143.11 219.569 324.302 250.18 244.781 172.554 128.465 118.619 233.533 303.551 165.444 123.512 97.0469 140.299 91.5984 75.603 84.2528 123.694 443.632 66.829 184.961
threshold=0.025995000000000001 4.5000000000000009 1.0000000180025095e-35 0.0036250000000000002 0.89998500000000015 0.023561139330300889 1.0000000180025095e-35 1.0000000180025095e-35 0.0012507313961251478 1.0000000180025095e-35 0.16886000000000004 1.0000000180025095e-35 1.5000000000000002 7.4500000000000011 4.5000000000000009 0.001933288950800299 1.0000000180025095e-35 751.50000000000011 0.017965000000000005 366.50000000000006 323.50000000000006 1.0000000180025095e-35 304.50000000000006 1.0000000180025095e-35 1.5000000000000002 1.0000000180025095e-35 0.77983000000000013 1.5000000000000002 0.0068988356286288468 0.081220000000000014
decision_type=2 2 2 2 2 2 2 2 2 2 2 2 2 2 2 2 2 2 2 2 2 2 2 2 2 2 2 2 2 2
left_child=1 2 3 -1 5 6 8 -8 -2 10 11 13 -13 -10 28 -5 17 18 -17 21 23 22 -18 -20 25 -12 27 -27 -15 -30
right_child=4 -3 -4 15 -6 -7 7 -9 9 -11 24 12 -14 14 -16 16 19 -19 20 -21 -22 -23 -24 -25 -26 26 -28 -29 29 -31
leaf_value=-0.029757530864174469 -0.040925699547864479 -0.038609382011331954 -0.031808248600671316 -0.031034855011753022 0.037471721474452373 0.034502866866316859 -0.056667738051351363 0.029258692825308765 -0.046276097325178261 0.038467267143020102 0.029407384950875231 -0.045159655091961043 0.024641891181903984 0.038831494331513144 -0.04450870298136822 -0.031685680890190297 -0.037870475401791358 0.047088382056263443 -0.042298628713895788 -0.039050357244711051 -0.042235346325905421 0.037023631485092086 0.040539476965948756 0.033407397988227394 0.039539666169937204 -0.059949626846404161 0.032137315143935738 0.025405366835667024 0.026559398726595084 -0.070400001368022491
leaf_weight=59.126236602663994 26.039670275640674 79.632229002658278 75.809390738373622 34.597376588499174 4282.3186652287841 6338.6505913790315 43.446630347287282 31.322467389283702 43.190131905721501 803.15389863681048 1645.2461063414812 136.76993447064888 68.759163618087769 343.60539403511211 27.84658163273707 141.80780048668385 38.755033865338191 152.28713493444957 14.502465970115734 27.52705923630856 23.34963117656298 977.53053068718873 41.492088861530647 229.97259660018608 469.04903357475996 74.974421459250152 213.4234512001276 195.67236670479178 165.30720159900375 18.852094070985913
leaf_count=11582 856 4975 17204 5974 300 1304 552 147 804 694 970 3009 132 1396 644 26004 1477 1500 617 1020 771 1295 307 1450 145 400 63 152 372 87
internal_value=0.031263 0.0187661 0.0213009 0.0236304 0.0328492 0.0309863 0.0258037 -0.0207601 0.0266311 0.027059 0.0243558 0.0106409 -0.0218015 0.0217941 0.0271591 0.0255239 0.0267299 0.0154998 0.00367015 0.0325248 0.0224386 0.0344225 0.00267166 0.0287624 0.0285955 0.0261673 0.0151172 0.00162673 0.0310175 0.0163072
internal_weight=16824 1896.39 1816.76 1740.95 14927.6 10645.3 4306.66 74.7691 4231.89 4205.85 3402.7 804.331 205.529 598.801 555.611 1681.82 1647.22 561.92 409.632 1085.3 267.825 1057.78 80.2471 244.475 2598.37 2129.32 484.07 270.647 527.765 184.159
internal_count=86203 74176 69201 51997 12027 11727 10423 699 9724 8868 8174 6444 3141 3303 2499 40415 34441 30342 28842 4099 2838 3079 1784 2067 1730 1585 615 552 1855 459
is_linear=0
shrinkage=0.03


Tree=44
num_leaves=31
num_cat=0
split_feature=56 60 64 15 57 55 65 58 55 55 71 55 56 57 65 34 21 65 71 56 72 55 42 55 56 58 65 56 60 55
split_gain=171.713 148.947 94.1818 90.8138 210.496 87.4414 85.9054 143.629 82.9026 74.208 56.8456 88.5712 112.529 77.4233 144.107 49.7713 51.727 98.8032 108.629 82.5414 56.7657 48.2472 67.1349 58.9189 53.6241 99.6205 44.7579 92.9718 43.0688 46.7719
threshold=0.00078054427200581185 1.0000000180025095e-35 1.0000000180025095e-35 1.0000000180025095e-35 11.500000000000002 0.0036392459991437072 94.500000000000014 1.5000000000000002 0.0015954949508172561 0.0014676911939505613 1.0000000180025095e-35 0.0028543105875636922 0.0027928750166438913 2.5000000000000004 102.50000000000001 1.0000000180025095e-35 1.0000000180025095e-35 298.50000000000006 1.0000000180025095e-35 0.0057950219280482303 1.0000000180025095e-35 0.0015490702586549395 1.0000000180025095e-35 0.000661284296626267 0.0036999751382169113 5.5000000000000009 194.50000000000003 0.19223587426221075 1.5000000000000002 0.051588093059875891
decision_type=2 2 2 2 2 2 2 2 2 2 2 2 2 2 2 2 2 2 2 2 2 2 2 2 2 2 2 2 2 2
left_child=-1 2 6 4 5 8 7 -2 9 -3 11 12 -5 14 -14 16 17 19 -19 -8 26 23 24 -18 25 -23 27 -21 29 -13
right_child=1 3 -4 10 -6 -7 15 -9 -10 -11 -12 28 13 -15 -16 -17 21 18 -20 20 -22 22 -24 -25 -26 -27 -28 -29 -30 -31
leaf_value=-0.033937638116481816 -0.046581670433486606 -0.038012737246266443 -0.049932158423515102 -0.04316389147315098 -0.068797397939902527 0.028652801882995106 -0.039086599530624169 0.028392718187170176 -0.042114579431533843 0.034251113417796256 0.036477654798682313 0.029683435025316833 0.042983730414530616 0.031455976572635325 -0.039049210606329154 -0.046359164971224665 -0.040938759161775473 -0.045726851221011916 0.028993085213131674 -0.040769785691608156 -0.04389175871301669 -0.04898618354301898 -0.053894491379293204 0.042293371378895467 0.027625593775750319 0.036424531536785237 0.032857475225985117 0.039508840494809412 0.035869123632488217 0.036385040652628542
leaf_weight=35.910832501598634 38.812372132437304 15.833515367703511 14.236385617405174 25.698832097114064 20.008468447485939 1563.3748806430958 17.434298279578798 53.455458730226383 29.149210849660449 53.238305449485779 3519.7140525304712 4666.086887469748 32.662744658067822 194.92583970585838 44.099629044067115 7.6371419503120697 7.12288973503746 42.095943190506659 28.617206012364477 23.326221015071496 9.2286736062960681 22.620891228783876 8.4183748466894013 267.7071332038613 1936.3497188595356 24.634617313742638 288.26840665354393 26.848569646012038 2442.4311300450936 1205.6474891938269
leaf_count=4465 2909 2864 387 2360 276 9810 3345 143 3480 566 507 14037 120 734 5233 549 749 4817 79 3717 143 2585 265 1122 14395 2 3092 2 3070 482
internal_value=0.030898 0.03104 0.0247296 0.032325 0.0257497 0.0269289 0.0251266 -0.00330648 -0.000522943 0.0173798 0.0332342 0.0319045 0.0157395 0.021449 -0.00403993 0.0260954 0.0263172 0.0167842 -0.0155055 0.0230633 0.0262831 0.0281418 0.0264871 0.0399956 0.0268552 -0.00462887 0.0283203 0.00211999 0.0324808 0.0310654
internal_weight=16665.6 16629.7 2816.81 13812.9 1681.6 1661.6 2802.58 92.2678 98.221 69.0718 12131.3 8611.55 297.387 271.688 76.7624 2710.31 2702.67 435.819 70.7131 365.106 347.672 2266.85 1992.02 274.83 1983.61 47.2555 338.443 50.1748 8314.17 5871.73
internal_count=86305 81840 38301 43539 16996 16720 37914 3052 6910 3430 26543 26036 8447 6087 5353 34862 34313 15195 4896 10299 6954 19118 17247 1871 16982 2587 6811 3719 17589 14519
is_linear=0
shrinkage=0.03


Tree=45
num_leaves=31
num_cat=0
split_feature=73 60 55 65 73 4 55 59 11 73 46 58 19 65 56 73 73 73 56 58 65 55 56 65 55 65 65 73 64 31
split_gain=350.19 388.562 270.158 214.675 221.073 200.455 258.134 182.152 311.407 171.724 182.978 152.324 129.838 114.759 129.847 111.373 107.297 98.6614 171.88 91.4227 169.701 87.6372 83.6771 82.3661 196.559 69.7493 69.0964 84.1514 68.6112 139.376
threshold=0.104785 1.0000000180025095e-35 0.0021628711448338938 751.50000000000011 0.043455000000000008 1.0000000180025095e-35 0.0055825586881825175 1.0000000180025095e-35 1.0000000180025095e-35 0.019515000000000001 1.0000000180025095e-35 1.0000000180025095e-35 1.0000000180025095e-35 62.500000000000007 0.074008704164995345 0.073035000000000017 0.0026450000000000002 0.89998500000000015 0.022911396799314965 1.0000000180025095e-35 312.50000000000006 0.0092217361296526232 0.0016370956852815514 257.50000000000006 0.028894404390139527 199.50000000000003 541.50000000000011 0.09141500000000001 1.0000000180025095e-35 1.0000000180025095e-35
decision_type=2 2 2 2 2 2 2 2 2 2 2 2 2 2 2 2 2 2 2 2 2 2 2 2 2 2 2 2 2 2
left_child=1 3 -3 4 -1 6 -4 9 13 10 -8 -6 -13 -9 25 -10 -7 18 28 21 -21 -11 -18 24 -23 -15 -24 -28 -2 -30
right_child=17 2 5 -5 11 16 7 8 15 19 -12 12 -14 14 -16 -17 22 -19 -20 20 -22 23 26 -25 -26 -27 27 -29 29 -31
leaf_value=-0.033104284784170046 0.026067266169331138 -0.032883552567132351 -0.034239937119151534 0.045868511874747303 0.025149174127325858 -0.029027608678517735 -0.032658046031126375 0.043205840039768392 -0.053119541232353823 0.042917468644218616 0.048097847876787767 -0.049399546040062303 0.023976415032756323 -0.060037223669054889 -0.097032785863623308 0.0098901066660380434 -0.030159975945979592 0.036916253946897064 0.03487457848092218 -0.059871521237021892 0.027541269795670058 -0.06270851065227008 0.034685241211358839 0.03229628182403687 0.021610595358423433 0.018225237324582807 -0.04775720364478088 0.035764566832262708 -0.064775679766059316 0.034467603844574583
leaf_weight=187.78451230982319 2870.4032992422581 66.831763832597062 74.646609974792227 76.260194023139775 179.62234191736206 24.152737643569708 80.353946187067777 124.69281164044514 87.699912919313647 460.84383854805492 35.636582385981455 57.411076419521123 33.767893947195262 10.196819649543611 9.6392197376117092 34.901643287856132 17.678933758405037 4230.3537900932133 4406.8207554370165 27.302111603319645 67.051062406972051 27.821274958085269 2490.2727770865895 556.90478587616235 181.82186632277444 123.30499925895128 19.795127092860639 21.728244781494141 21.72921722359024 28.011535238474607
leaf_count=35674 2618 12680 7280 930 455 4365 8305 137 2629 563 92 721 106 382 64 58 1596 309 610 293 108 246 4165 614 211 998 435 1 118 9
internal_value=0.0303615 0.0237844 0.0266311 -0.000401486 -0.00817898 0.0275267 0.0201242 0.0223615 0.00417679 0.0272934 -0.0076478 0.00916343 -0.0222596 0.0222873 0.00389139 -0.0352474 0.0329899 0.0332491 0.0311271 0.0303631 0.00188481 0.032549 0.0335886 0.0262678 0.0101762 0.0118457 0.0340454 -0.00423888 0.0254617 -0.00930894
internal_weight=16635.4 5078.12 4543.28 534.846 458.586 4476.45 1902.82 1828.17 390.435 1437.74 115.991 270.801 91.179 267.834 143.141 122.602 2573.63 11557.3 7326.96 1321.74 94.3532 1227.39 2549.48 766.548 209.643 133.502 2531.8 41.5234 2920.14 49.7408
internal_count=86772 83108 45222 37886 36956 32542 21980 14700 4268 10432 8397 1282 827 1581 1444 2687 10562 3664 3355 2035 401 1634 6197 1071 457 1380 4601 436 2745 127
is_linear=0
shrinkage=0.03


Tree=46
num_leaves=31
num_cat=0
split_feature=73 60 73 58 56 73 73 2 73 64 58 56 65 65 73 59 65 65 16 56 65 73 73 59 2 65 73 62 56 56
split_gain=272.289 335.926 226.492 307.127 192.428 147.066 115.705 117.507 226.397 114.279 115.865 97.9394 196.972 87.4063 82.0545 139.943 187.518 191.877 184.301 142.699 122.339 77.4454 166.114 76.4552 129.825 75.7056 177.896 107.997 70.021 180.805
threshold=0.77983000000000013 1.0000000180025095e-35 0.24908000000000002 1.0000000180025095e-35 0.0013997099996706566 0.010255000000000002 0.0026450000000000002 1.0000000180025095e-35 0.011185000000000002 1.0000000180025095e-35 1.0000000180025095e-35 0.023561139330300889 146.50000000000003 148.50000000000003 0.104785 1.0000000180025095e-35 62.500000000000007 223.50000000000003 1.0000000180025095e-35 0.037227276579386147 1271.5000000000002 0.051885000000000008 0.048815000000000004 1.0000000180025095e-35 1.0000000180025095e-35 194.50000000000003 0.039845000000000005 1.0000000180025095e-35 0.0030578462405835565 0.0029214086191665547
decision_type=2 2 2 2 2 2 2 2 2 2 2 2 2 2 2 2 2 2 2 2 2 2 2 2 2 2 2 2 2 2
left_child=1 2 3 5 -3 -1 -6 -8 -9 14 -11 12 -4 -7 15 18 -17 -18 25 20 -19 22 -5 -14 -25 26 -10 -27 29 -16
right_child=-2 4 11 21 6 13 7 8 9 10 -12 -13 23 -15 28 16 17 19 -20 -21 -22 -23 -24 24 -26 27 -28 -29 -30 -31
leaf_value=-0.031526789760546972 0.035691179649999051 -0.034348335897470425 -0.052006718905367087 -0.034515037585341295 -0.029191183986233441 -0.038958745864663531 0.034257807527228915 -0.029706274085693408 -0.046499615496923476 -0.058305368247298088 0.032051022376030025 0.036436708903826498 0.024129908167731154 0.02599466725660279 -0.055388308012496508 0.033766358591149875 -0.060774537101286746 -0.046124328492151354 -0.049586403439081918 0.024644902073341642 0.029934874379462642 -0.050420889082519127 0.03824878785144397 0.034005413975206948 -0.057660373489273907 0.033502511038914801 0.024642353102051279 -0.044502108289771004 0.032165675078855871 0.034394107698660456
leaf_weight=50.557629334856756 5611.8492846041918 41.140162592404522 34.417864412069321 96.860498863272369 28.812202390632592 18.821949363453314 3838.6215620246949 61.173396759433672 36.111927281133831 26.837248589610681 22.721358150243759 359.89497885107994 555.20084220170975 351.45089166087564 28.918436921201646 163.39566577225924 47.718431532150134 64.095008725766093 26.262650153483264 132.70740458113141 26.094763370696455 82.835080324322917 38.757213188800961 26.208076104521751 27.525830805301666 1184.1938426566776 215.17456259671599 15.370165979489682 3081.3499435652047 61.094914801418781
leaf_count=11026 619 5312 151 19806 6190 1605 8328 13831 1595 244 5 41 387 4796 152 228 1127 2317 985 99 59 1124 76 5 117 4580 212 401 1070 22
internal_value=0.0303277 0.0275232 0.0150222 0.00106223 0.0297772 0.0160353 0.0300722 0.0302644 0.0273066 0.0279919 -0.0170647 0.0239078 0.0168534 0.0225969 0.0284345 0.0234932 0.00849179 -0.00683694 0.0278923 0.00493003 -0.024031 -0.0277237 -0.0135926 0.0208243 -0.013147 0.029328 0.0142749 0.0324668 0.0314039 0.00525821
internal_weight=16356.2 10744.3 1642.53 639.283 9101.79 420.83 9060.65 9031.84 5193.22 5132.05 49.5586 1003.25 643.353 370.273 5082.49 1911.12 434.011 270.616 1477.11 222.897 90.1898 218.453 135.618 608.935 53.7339 1450.85 251.286 1199.56 3171.36 90.0134
internal_count=86510 85891 39134 38433 46757 17427 41445 35255 26927 13096 249 701 660 6401 12847 11603 3830 3602 7773 2475 2376 21006 19882 509 122 6788 1807 4981 1244 174
is_linear=0
shrinkage=0.03


Tree=47
num_leaves=31
num_cat=0
split_feature=73 57 55 16 73 56 0 61 62 73 55 55 2 73 64 58 2 55 73 73 35 73 55 57 65 55 56 57 56 0
split_gain=381.87 289.654 252.944 184.797 170.282 342.581 228.071 232.311 165.258 124.353 146.547 117.498 128.735 156.478 105.302 117.01 107.025 134.307 191.638 92.0668 78.7396 88.9845 82.1804 78.4725 132.935 72.5691 184.265 71.8694 103.338 65.5766
threshold=0.025995000000000001 4.5000000000000009 0.003521635503638119 1.0000000180025095e-35 0.77983000000000013 0.022911396799314965 6.9500000000000011 1.0000000180025095e-35 1.0000000180025095e-35 0.16886000000000004 0.0067755698008389251 0.030810663257538635 1.0000000180025095e-35 0.010585000000000002 1.0000000180025095e-35 1.0000000180025095e-35 1.0000000180025095e-35 0.0055112087782088837 0.24908000000000002 0.0026450000000000002 1.0000000180025095e-35 0.0038850000000000004 0.0035825669712940523 2.5000000000000004 344.50000000000006 0.0042814658813455381 0.0042793000449186415 8.5000000000000018 0.02231702036974894 7.8500000000000005
decision_type=2 2 2 2 2 2 2 2 2 2 2 2 2 2 2 2 2 2 2 2 2 2 2 2 2 2 2 2 2 2
left_child=1 2 -1 8 5 6 9 14 11 -2 -11 19 13 -13 16 -16 23 18 -18 -4 21 -21 -23 24 -8 -20 -27 -19 -29 -24
right_child=4 -3 3 -5 -6 -7 7 -9 -10 10 -12 12 -14 -15 15 -17 17 27 25 20 -22 22 29 -25 -26 26 -28 28 -30 -31
leaf_value=-0.031191786773139028 -0.044263640276314638 -0.038858508868990546 -0.028994899457195807 -0.034615734501828095 0.035379041596267244 0.033059058321508294 0.028005846149149048 -0.060059941475138767 -0.03203878448390321 -0.050885796134312815 0.023400316346374201 -0.041403463391284555 -0.045623452329031193 0.029248849042153278 -0.05006245807341677 0.030959896172007763 -0.038037249029888302 0.025949407250748929 0.020849354418793601 -0.030466173423444532 0.060319693984099879 0.052901842760703921 0.029089650636713541 0.043560746767864034 -0.055332177270353798 0.037775286964795901 -0.070615996612582582 -0.054709854007101467 0.035216333707118318 0.0064408864979871687
leaf_weight=84.885491808527149 65.078706158325076 80.637733086128719 23.773613646742888 49.972192705608904 5336.6153380945325 5435.6587288305163 206.93227486358956 29.316974060842767 45.946646837168373 30.174000311177224 101.55745115503669 34.281963088549674 36.985021907137707 140.96938339364715 35.471033355104737 27.740439556539059 72.070238052518107 1701.5597586564254 308.20747962594032 22.350714521249756 71.028464803937823 116.31961297080852 936.75866816996131 391.7052018516697 17.858862417284399 27.409612506628036 27.144354313611984 23.415470641339198 20.811052322387695 131.89784459676594
leaf_count=23073 1597 4974 4839 11223 601 1236 411 262 8956 161 89 1033 1087 345 550 12 2665 3446 270 2210 273 157 9820 150 213 3 119 202 1 6442
internal_value=0.0294873 0.0163751 0.0190238 0.0216887 0.0311662 0.0285242 0.0205296 0.0226577 0.0235129 -0.0106735 0.00612939 0.0252184 0.00449566 0.0152716 0.0235262 -0.0145773 0.0243922 0.021253 0.00631695 0.02859 0.0296828 0.0278319 0.0289563 0.0354437 0.0211692 0.0152092 -0.0164572 0.0249674 -0.0125515 0.0263029
internal_weight=15634.5 1775.81 1695.17 1610.28 13858.7 8522.11 3086.45 2889.64 1560.31 196.81 131.731 1514.37 212.236 175.251 2860.33 63.2115 2797.11 2180.62 434.832 1302.13 1278.36 1207.33 1184.98 616.496 224.791 362.761 54.554 1745.79 44.2265 1068.66
internal_count=86420 74432 69458 46385 11988 11387 10151 8304 35162 1847 250 26206 2465 1378 8042 562 7480 6706 3057 23741 18902 18629 16419 774 624 392 122 3649 203 16262
is_linear=0
shrinkage=0.03


Tree=48
num_leaves=31
num_cat=0
split_feature=73 62 73 73 56 20 65 2 56 60 21 4 11 65 11 49 73 65 73 65 55 55 36 72 60 55 56 73 73 9
split_gain=379.622 218.675 192.975 154.268 329.511 312.43 320.064 199.098 178.573 154.318 155.68 147.803 374.515 161.307 217.986 267.878 138.018 127.117 125.953 113.254 217.458 163.466 107.164 104.707 98.645 85.4574 77.118 77.0514 77.3554 73.1963
threshold=0.025995000000000001 1.0000000180025095e-35 0.0038850000000000004 0.77983000000000013 0.022911396799314965 1.0000000180025095e-35 201.50000000000003 1.0000000180025095e-35 0.0062335325816534918 1.5000000000000002 1.0000000180025095e-35 1.0000000180025095e-35 1.0000000180025095e-35 751.50000000000011 1.0000000180025095e-35 1.0000000180025095e-35 0.015445000000000002 407.50000000000006 0.66771000000000014 253.50000000000003 0.011945845925157792 0.06386747763884322 1.0000000180025095e-35 1.0000000180025095e-35 3.5000000000000004 0.021765767382888639 0.0072401483730347776 0.027165000000000005 0.045905000000000008 1.0000000180025095e-35
decision_type=2 2 2 2 2 2 2 2 2 2 2 2 2 2 2 2 2 2 2 2 2 2 2 2 2 2 2 2 2 2
left_child=1 2 -1 4 5 7 8 -2 -7 10 18 13 -13 14 16 -16 -4 -14 -9 22 23 -22 27 29 -18 -11 -15 -12 -29 -21
right_child=3 -3 11 -5 -6 6 -8 9 -10 25 19 12 17 26 15 -17 24 -19 -20 20 21 -23 -24 -25 -26 -27 -28 28 -30 -31
leaf_value=-0.03036428460156897 0.035583981160994427 -0.031870416738395767 -0.030115047044977666 0.035132023125707103 0.033048194022370032 0.032991258996582402 -0.051366115728626649 -0.04845313255180831 -0.05339558913366739 0.022013020392261815 0.054734246943068818 -0.039029591681423621 0.03357387841959586 -0.029417112845294604 -0.037045450183232277 0.051017208327066965 0.037816808094739085 -0.038062461729073752 0.022464040157930805 0.0064175085549849943 -0.06174825378238763 0.03064413665810781 -0.052126471469534932 -0.065167134912892416 -0.046367572984625925 0.048636888449796987 0.046868713111464164 -0.036066040806666443 0.023519358081828482 0.02930102290070349
leaf_weight=68.539148246636614 880.45872228289954 79.949826065800153 38.863681174698286 5307.6665296331048 5533.278520187363 118.50845013943035 103.61117732222192 60.948055746266618 25.330673567717895 241.14607102656737 70.291875832364894 70.846314122900367 977.49961369414814 12.714433419751002 178.23101839597803 36.701782838557847 167.27424144255929 22.021630537230521 34.683892011642456 300.32498585630674 63.529958392959088 22.815007261931896 15.732894426444544 13.726380696054546 12.699097332544623 201.07462078751996 107.94979763566516 19.249109596246853 793.52123955998104 216.41582268453203
leaf_count=13440 1129 19071 10241 602 1228 578 1645 951 266 383 130 3258 2316 1214 21802 341 1172 805 29 1628 501 12 178 94 139 88 536 1024 1239 348
internal_value=0.0294342 0.0163416 0.0186354 0.0310886 0.0286223 0.0209164 -0.0114175 0.0236465 0.0175146 0.0185132 0.014189 0.0207197 0.0272284 0.00812796 -0.000433217 -0.0218413 0.0205966 0.0319591 -0.0227665 0.0165343 0.00661975 -0.037264 0.0233233 0.0138195 0.0316533 0.0342011 0.0386547 0.024725 0.0220656 0.0160394
internal_weight=15795.6 1773.29 1693.34 14022.3 8714.65 3181.37 247.45 2933.92 143.839 2053.46 1611.24 1624.8 1070.37 554.434 433.77 214.933 218.837 999.521 95.6319 1515.61 616.812 86.345 898.795 530.467 179.973 442.221 120.664 883.062 812.77 516.741
internal_count=86388 74335 55264 12053 11451 10223 2489 7734 844 6605 6134 41824 6379 35445 33695 22143 11552 3121 980 5154 2583 513 2571 2070 1311 471 1750 2393 2263 1976
is_linear=0
shrinkage=0.03


Tree=49
num_leaves=31
num_cat=0
split_feature=73 4 65 12 11 73 60 65 73 56 56 4 15 3 58 64 73 62 58 60 65 73 73 58 73 25 32 58 73 60
split_gain=376.616 245.761 230.243 352.655 196.564 173.792 168.595 167.856 141.12 282.316 120.907 107.832 217.014 189.688 227.316 158.044 104.564 96.7674 290.392 171.541 173.634 156.846 90.9089 91.9117 84.9155 168.737 100.681 87.076 80.8136 77.3116
threshold=0.025995000000000001 1.0000000180025095e-35 829.50000000000011 1.0000000180025095e-35 1.0000000180025095e-35 0.015445000000000002 6.5000000000000009 407.50000000000006 0.77983000000000013 0.022911396799314965 0.0016060015895067055 1.0000000180025095e-35 1.0000000180025095e-35 1.0000000180025095e-35 1.5000000000000002 1.0000000180025095e-35 0.53825500000000015 1.0000000180025095e-35 1.5000000000000002 1.5000000000000002 237.50000000000003 0.20147000000000001 0.0026450000000000002 1.0000000180025095e-35 0.16886000000000004 1.0000000180025095e-35 1.0000000180025095e-35 1.5000000000000002 0.09141500000000001 4.5000000000000009
decision_type=2 2 2 2 2 2 2 2 2 2 2 2 2 2 2 2 2 2 2 2 2 2 2 2 2 2 2 2 2 2
left_child=1 2 3 -1 6 -5 -3 22 9 10 -2 12 13 14 -12 17 -16 24 21 20 -20 28 -6 -24 25 26 27 -14 -19 -7
right_child=8 4 -4 5 7 29 -8 -9 -10 -11 11 -13 15 -15 16 -17 -18 18 19 -21 -22 -23 23 -25 -26 -27 -28 -29 -30 -31
leaf_value=-0.036015694522721443 -0.038710935509953651 -0.037464055658636579 0.03753331872543611 -0.030183919015924959 -0.028899864768676915 0.034936780173538275 0.041590856278983825 -0.0368828321429771 0.034670540823881907 0.032479578692565632 -0.049303329527401386 0.032644383979852934 0.023962222629262842 0.052538377687247534 -0.045362990393935043 -0.049312325439977232 0.038269797714125579 -0.039294101633012841 -0.059006397595365211 0.098668933498569408 0.031029564784773016 -0.062606673500010313 0.032296545864814091 -0.035496261676633924 0.029431328924469868 -0.051027606501283927 -0.044504441754828775 -0.045139538772154875 0.01959080739827173 -0.045720859417532546
leaf_weight=229.05106859793887 29.142299235449173 79.752179124276154 116.04651424882468 55.38394667673856 22.504935940844007 172.51485184638295 33.778528434690088 34.328600208391435 4850.9346456713974 5339.6680156700313 109.15009480610024 654.96288713347167 551.23744396248367 35.852175618289039 16.674710200051777 27.003121095127426 56.233971312642097 30.121504893293604 21.066440866212361 28.22704491764307 154.62714548013173 56.385777018964291 1002.3395607648417 17.545675821136683 1323.3037766185589 31.201736899558455 20.390306647401303 16.021589092211798 63.342930147890002 10.555004677735267
leaf_count=34279 1222 6369 2061 17228 5495 1675 39 2432 593 1242 1710 838 2170 19 291 261 8 1078 216 14 180 267 3888 1020 733 388 335 214 204 105
internal_value=0.0288517 0.0158466 -0.000103409 -0.00950597 0.02366 0.0160025 -0.0137853 0.0276174 0.0305699 0.0282436 0.0212219 0.0217804 0.0189682 -0.00962062 -0.0220815 0.0216531 0.0187874 0.0225088 0.00804939 0.0312842 0.019961 -0.023567 0.0297749 0.0310966 0.0251371 0.0159221 0.0195575 0.0219345 0.00039844 0.0300633
internal_weight=15189.3 1773.8 583.551 467.505 1190.25 238.454 113.531 1076.72 13415.5 8564.61 3224.94 3195.8 2540.84 217.911 182.059 2322.93 72.9087 2295.93 353.771 203.921 175.694 149.85 1042.39 1019.89 1942.15 618.851 587.649 567.259 93.4644 183.07
internal_count=86574 74591 55348 53287 19243 19008 6408 12835 11983 11390 10148 8926 8088 2028 2009 6060 299 5799 1959 410 396 1549 10403 4908 3840 3107 2719 2384 1282 1780
is_linear=0
shrinkage=0.03


Tree=50
num_leaves=31
num_cat=0
split_feature=73 60 58 55 4 73 59 16 56 60 73 12 73 56 73 55 55 31 56 2 59 25 73 73 62 0 65 55 62 55
split_gain=302.94 392.39 273.179 234.499 165.357 259.946 165.347 199.253 177.284 150.978 111.906 95.0321 188.296 142.766 93.9444 181.337 254.821 217.362 111.912 128.685 232.807 190.768 178.952 88.6155 77.8573 72.6288 58.2374 55.9581 74.3553 150.429
threshold=0.104785 1.0000000180025095e-35 1.0000000180025095e-35 0.0021628711448338938 1.0000000180025095e-35 0.015445000000000002 1.0000000180025095e-35 1.0000000180025095e-35 0.037227276579386147 1.5000000000000002 0.010255000000000002 1.0000000180025095e-35 0.013875000000000002 0.012841886520352541 0.77983000000000013 0.02035367420542971 0.015677023898642627 1.0000000180025095e-35 0.0074326147304572326 1.0000000180025095e-35 1.0000000180025095e-35 1.0000000180025095e-35 0.16886000000000004 0.0026450000000000002 1.0000000180025095e-35 7.1500000000000012 150.50000000000003 0.0015490702586549395 1.0000000180025095e-35 0.0067755698008389251
decision_type=2 2 2 2 2 2 2 2 2 2 2 2 2 2 2 2 2 2 2 2 2 2 2 2 2 2 2 2 2 2
left_child=1 2 10 -3 5 -5 7 -7 9 -8 -1 23 -13 -14 15 16 18 -18 19 -2 22 -22 -21 -6 26 -11 -12 -24 -29 -30
right_child=14 3 -4 4 11 6 8 -9 -10 25 24 12 13 -15 -16 -17 17 -19 -20 20 21 -23 27 -25 -26 -27 -28 28 29 -31
leaf_value=-0.031601161900131285 0.035576680411467096 -0.033032703481096271 -0.039440088195140756 -0.030705428699465322 -0.028719980103283773 0.028437689051117349 -0.047568729795002838 -0.05690189923200191 0.019261385874052152 0.031619943717681072 -0.036619027429181959 -0.036941406646483647 -0.040453757454503546 0.030208974572998759 0.0345637116452224 0.033480508980780581 -0.092458726127362972 0.032053596996215523 0.032239294723707332 -0.045993759141361765 -0.05420533036063295 0.031040187545940342 0.034701472515887316 0.034800380959542465 -0.036786404155428616 -0.049678065032103084 0.025561346567934372 0.020798203904908268 -0.059461357359867316 0.018914331983243746
leaf_weight=46.784905523993075 298.3904114831239 60.262492735171691 134.44461628631689 87.604460606002249 19.261790825054049 1374.2994275814854 83.048893675557338 24.17527850123588 281.00020034611225 46.888078279793262 13.456562062376177 47.700694738421589 26.730165386805311 383.06938071828336 5095.8022536411881 3150.0833400532138 30.806383065879345 20.246091976761818 860.67225480079651 36.607400197535753 75.674340239376761 33.374751448631287 202.94239266077057 1969.7055522880983 20.773317502811551 11.517346799955702 255.27847913675942 567.53657658817247 32.271917255595326 64.370118256658316
leaf_count=10971 107 12671 20414 14882 3889 3532 2205 438 246 109 1073 2276 947 238 603 913 158 3 181 360 441 22 78 3169 2452 243 2754 559 194 63
internal_value=0.0287504 0.0225719 -0.00345855 0.0253473 0.0261625 0.0195248 0.0219568 0.0269228 0.00549291 -0.0218015 0.0110006 0.0313307 0.0189345 0.0255126 0.0316316 0.0288449 0.0222637 -0.0434132 0.0238268 0.0182843 0.0131595 -0.0280707 0.0181601 0.0341711 0.0179701 0.0150219 0.0223235 0.0209184 0.0166611 -0.00759879
internal_weight=15354.8 4886 470.738 4415.26 4355 1908.53 1820.93 1398.47 422.455 141.454 336.293 2446.47 457.5 409.8 10468.8 5372.98 2222.89 51.0525 2171.84 1311.17 1012.78 109.049 903.728 1988.97 289.508 58.4054 268.735 867.121 664.179 96.642
internal_count=86191 82509 37664 44845 32174 21655 6773 3970 2803 2557 17250 10519 3461 1185 3682 3079 2166 161 2005 1824 1717 463 1254 7058 6279 352 3827 894 816 257
is_linear=0
shrinkage=0.03


Tree=51
num_leaves=31
num_cat=0
split_feature=73 62 32 57 73 57 4 59 63 22 73 65 65 72 60 65 73 4 11 60 25 73 0 3 65 73 60 65 58 57
split_gain=247.582 328.562 218.422 104.75 105.032 139.751 106.601 206.508 161.945 144.934 126.622 105.589 109.99 104.95 98.4121 97.4147 87.9169 81.688 78.9458 266.897 82.2087 77.7163 77.2581 119.059 76.1248 73.7805 64.9481 86.2823 134.471 64.3908
threshold=0.09141500000000001 1.0000000180025095e-35 1.0000000180025095e-35 12.500000000000002 0.0069850000000000008 1.5000000000000002 1.0000000180025095e-35 1.0000000180025095e-35 1.0000000180025095e-35 1.0000000180025095e-35 0.011185000000000002 270.50000000000006 58.500000000000007 1.0000000180025095e-35 1.0000000180025095e-35 150.50000000000003 0.89998500000000015 1.0000000180025095e-35 1.0000000180025095e-35 1.5000000000000002 1.0000000180025095e-35 0.0026450000000000002 7.2500000000000009 1.0000000180025095e-35 55.500000000000007 0.036150000000000009 1.0000000180025095e-35 521.50000000000011 2.5000000000000004 5.5000000000000009
decision_type=2 2 2 2 2 2 2 2 2 2 2 2 2 2 2 2 2 2 2 2 2 2 2 2 2 2 2 2 2 2
left_child=1 2 3 4 5 15 7 8 10 11 -6 12 24 29 -3 -1 26 -17 19 20 -8 -19 -13 -24 -9 -16 27 -2 -29 -12
right_child=16 14 -4 -5 6 -7 18 9 -10 -11 13 22 -14 -15 25 17 -18 21 -20 -21 -22 -23 23 -25 -26 -27 -28 28 -30 -31
leaf_value=-0.034702419847837264 0.025260681097006712 -0.03676896184227138 -0.046058566873290532 -0.0444197124565252 -0.029309557839572908 -0.032957060840040492 -0.049912327715539662 -0.05847824405222822 -0.047350313555899512 0.035864962664807848 0.030787188871716401 0.023710031671130501 -0.058987075153533373 -0.076210107270870242 -0.035885800249411619 -0.028854532395901779 0.035188427363615424 -0.028564186749561564 0.034835242697179122 0.032225164448180819 0.0082064107318942474 0.035518958283560678 -0.052207896091323237 0.029192806203632526 0.032478154547942027 0.01838131426368814 0.03096564281277852 -0.066457025609223772 0.035762624845964763 0.0051113496707565305
leaf_weight=27.058605543919839 1577.983589095762 91.721199642750435 37.947751512750983 18.383181969402358 33.795134465908632 57.154546615318395 51.714882883243263 10.773286854848264 25.554481013212353 77.407386817387305 1498.88133628387 85.1928222021088 61.817630346398801 7.6085657008225089 29.267425737576559 22.603276156354696 3619.3578732721508 17.878595426562242 1633.9933219114318 347.67382568912581 37.052136077079922 199.25439534336329 38.890516489977017 26.355261123972014 26.96445201174356 87.520994506077841 5581.7377661135979 22.73262167640496 21.725070953369141 93.846172687364742
leaf_count=3625 1477 17535 1138 378 9128 9180 2140 218 952 284 11123 1404 2678 89 3358 7104 313 4754 1472 476 678 2208 1423 62 51 245 2057 132 1 917
internal_value=0.0288643 0.0230599 0.0247893 0.0254106 0.0257137 0.00923901 0.0270264 0.0220386 0.0263317 0.000261917 0.0275122 -0.0108611 -0.0346642 0.0287297 -0.0136905 0.0183678 0.0313537 0.0244771 0.0318005 0.020385 -0.0258319 0.0301356 0.00501597 -0.0193827 0.00567283 0.00459265 0.0294226 0.024098 -0.0168176 0.0292785
internal_weight=15469.8 4646.31 4437.8 4399.85 4381.47 323.949 4057.52 1987.09 1659.69 327.401 1634.13 249.994 99.5554 1600.34 208.51 266.795 10823.5 239.736 2070.43 436.441 88.767 217.133 150.439 65.2458 37.7377 116.788 7204.18 1622.44 44.4577 1592.73
internal_count=86600 82620 61482 60344 59966 26871 33095 28329 22209 6120 21257 5836 2947 12129 21138 17691 3980 14066 4766 3294 2818 6962 2889 1485 269 3603 3667 1610 133 12040
is_linear=0
shrinkage=0.03


Tree=52
num_leaves=31
num_cat=0
split_feature=56 71 24 57 56 62 55 0 0 55 55 59 56 20 41 59 60 55 0 55 56 57 26 56 60 57 56 56 0 57
split_gain=192.209 184.448 117.493 160.805 109.296 86.7188 85.755 69.3195 61.7439 103.251 127.022 72.3073 68.1603 60.1204 82.6476 56.2499 53.9544 54.0771 127.859 62.6443 174.734 103.162 60.6729 143.122 49.9352 45.4102 39.5038 64.8276 143.88 56.3434
threshold=0.023561139330300889 1.0000000180025095e-35 1.0000000180025095e-35 14.500000000000002 0.00078054427200581185 1.0000000180025095e-35 0.0063844283733814023 6.7500000000000009 8.5500000000000025 0.0068272023513347773 0.025074921457035035 1.5000000000000002 0.0072401483730347776 1.0000000180025095e-35 1.0000000180025095e-35 2.5000000000000004 7.5000000000000009 0.06386747763884322 5.2500000000000009 0.031781826281211616 0.0068179619555235353 1.5000000000000002 1.0000000180025095e-35 0.0072401483730347776 1.0000000180025095e-35 1.5000000000000002 0.0039470903806293018 0.0048839834471266904 8.7500000000000018 1.5000000000000002
decision_type=2 2 2 2 2 2 2 2 2 2 2 2 2 2 2 2 2 2 2 2 2 2 2 2 2 2 2 2 2 2
left_child=1 2 3 4 -1 15 -4 -7 13 11 -11 -10 -12 -9 -15 16 17 18 -6 22 21 -21 26 -24 -8 -25 -20 28 -28 -30
right_child=-2 -3 6 -5 5 7 24 8 9 10 12 -13 -14 14 -16 -17 -18 -19 19 20 -22 -23 23 25 -26 -27 27 -29 29 -31
leaf_value=-0.033761060175257381 0.030622341646427433 0.031911782725112817 -0.045394261517215317 -0.052485124321475916 -0.037889075244112398 -0.036213423772249877 -0.040923431797247112 0.02947120262401564 0.018972975734459066 -0.057558272709030758 -0.051643134081335723 -0.050634943429217032 0.030843194046672649 -0.041408539706174675 0.034969918813747634 -0.046932603962636765 0.060814261549174638 0.035194274148168253 0.029840499260265028 -0.050945711775246871 -0.067009307814053495 0.027590132975289876 -0.061090073275040582 -0.048496829997405316 0.017358857004030528 0.027703084619343829 -0.04639308717482607 0.023834781581429678 -0.051352899833058789 0.027258115551607492
leaf_weight=30.832267649937421 7475.0454820202431 1771.1994300946826 36.991766697610728 25.470194798195735 30.332061661174521 24.6105600039009 14.843773752683772 264.08424187276978 245.84575057588518 44.418447895324789 10.76194326544646 13.257146028685382 37.998809166951105 26.787204389693215 22.586791532114148 9.1984002944082004 34.932362818857655 337.79749035509303 961.41927073139232 16.209927282296121 24.694397874874994 122.5669824690558 24.161641546641476 6.8570397860603398 79.885505859507248 73.966811894671991 37.893380674300715 2243.9909812132828 8.0251041201408935 98.702656159759499
leaf_count=4133 5727 1411 6823 402 5008 4582 3182 2848 4111 1697 190 555 34 2667 23 281 21 248 12782 456 367 337 1337 272 1183 309 2765 22078 457 390
internal_value=0.0273126 0.0236051 0.0206022 0.0213729 0.0217797 0.0221495 -0.00730035 0.0122974 0.0141423 0.00549902 -0.0214356 0.0152305 0.0119657 0.0238078 -0.00646761 0.0238334 0.0240069 0.0236692 0.0225929 0.0231102 0.00492909 0.0181179 0.0239688 0.00149685 0.00789412 0.0207246 0.0246723 0.0225805 0.00308923 0.0209254
internal_weight=14155.4 6680.32 4909.12 4777.4 4751.93 4721.1 131.721 690.351 665.74 352.282 93.1792 259.103 48.7608 313.458 49.374 4030.75 4021.55 3986.62 3648.82 3618.49 163.471 138.777 3455.02 104.985 94.7293 80.8239 3350.03 2388.61 144.621 106.728
internal_count=86676 80949 79538 68350 67948 63815 11188 16707 12125 6587 1921 4666 224 5538 2690 47108 46827 46806 46558 41550 1160 793 40390 1918 4365 581 38472 25690 3612 847
is_linear=0
shrinkage=0.03


Tree=53
num_leaves=31
num_cat=0
split_feature=73 4 73 63 57 73 73 26 60 62 64 73 12 60 73 65 65 73 73 8 65 19 60 65 12 60 73 73 73 48
split_gain=323.336 295.233 227.555 178.909 172.562 203.777 112.279 101.818 107.329 101.053 101.665 100.689 106.081 95.7626 91.3641 87.8653 89.7527 78.4579 76.6992 138.315 115.545 85.5102 70.4027 110.739 112.563 61.2787 59.295 51.6009 69.2115 57.9692
threshold=0.09141500000000001 1.0000000180025095e-35 0.011185000000000002 1.0000000180025095e-35 6.5000000000000009 0.081220000000000014 0.77983000000000013 1.0000000180025095e-35 1.0000000180025095e-35 1.0000000180025095e-35 1.0000000180025095e-35 0.0026450000000000002 1.0000000180025095e-35 1.5000000000000002 0.055750000000000001 182.50000000000003 344.50000000000006 0.081220000000000014 0.025995000000000001 1.0000000180025095e-35 221.50000000000003 1.0000000180025095e-35 1.5000000000000002 148.50000000000003 1.0000000180025095e-35 1.5000000000000002 0.029175000000000003 0.027165000000000005 0.029175000000000003 1.0000000180025095e-35
decision_type=2 2 2 2 2 2 2 2 2 2 2 2 2 2 2 2 2 2 2 2 2 2 2 2 2 2 2 2 2 2
left_child=1 2 -1 4 5 9 7 25 -9 10 18 -3 -13 15 -11 -14 26 -6 19 -4 21 -21 23 24 -20 -2 -17 -25 -29 -30
right_child=6 11 3 -5 17 -7 -8 8 -10 14 -12 12 13 -15 -16 16 -18 -19 22 20 -22 -23 -24 27 -26 -27 -28 28 29 -31
leaf_value=-0.029861143243612654 0.026326275018074548 -0.029079818515365456 -0.038838000846290001 -0.047067901043885509 -0.050029184084395537 -0.068508716522972232 0.033979503963400617 -0.058188123782681705 0.01474829737168073 -0.037166711383943847 -0.046781675788817097 0.031742335299973133 -0.048204640338568354 0.026702833220572573 0.018781657395620672 -0.031591348406970685 -0.043867304420631838 0.01460289465536453 -0.063915761172734842 -0.0414235812320215 0.026498128872494531 0.022571222442377289 0.035405150549870514 0.043670547197354408 0.01977916563331461 0.033577722327675669 0.027799681836421578 -0.045859574534082369 0.018550763045343976 0.047275227005435475
leaf_weight=107.39972010988276 3974.2677309217397 26.649852306465618 45.055282918387093 40.150541517068632 49.152798400726169 23.167310462566093 4926.053102415055 22.723785628797486 76.418082539923489 51.895034734625369 18.731111429282464 1925.7582071180223 29.899117041262798 253.35827289440203 51.297089379280806 17.007330421125516 24.042289674049243 24.932792650535703 26.48319226433523 45.242227504728362 250.94852123782039 30.821951918653212 423.84486616333015 97.358129685395397 29.77801754057873 1451.9103125869296 97.687492448370904 13.046785752056165 596.40354812226724 70.427166544366628
leaf_count=35766 2797 7158 3830 1321 1850 183 606 168 74 6980 481 6659 1933 745 152 1807 1752 42 523 3020 4479 513 257 197 123 305 170 321 2108 39
internal_value=0.0278071 0.020945 0.0124316 0.014851 0.0162206 0.0180973 0.0306743 0.027722 -0.0023832 0.0192814 0.0210844 0.0280939 0.028755 0.0150798 -0.00944129 -0.00243706 0.00770066 -0.0283731 0.0218928 0.00989152 0.0167033 -0.0155359 0.0254335 0.0203264 -0.0200458 0.0282724 0.018796 0.0232708 0.0202898 0.0216507
internal_weight=14821.9 4370.54 1996.14 1888.74 1848.59 1774.5 10451.4 5525.32 99.1419 1751.33 1648.14 2374.4 2347.75 421.995 103.192 168.636 138.737 74.0856 1629.41 372.068 327.013 76.0642 1257.34 833.497 56.2612 5426.18 114.695 777.236 679.878 666.831
internal_count=86359 82409 62185 26419 25098 23206 3950 3344 242 23023 15891 20224 13066 6407 7132 5662 3729 1892 15410 11842 8012 3533 3568 3311 646 3102 1977 2665 2468 2147
is_linear=0
shrinkage=0.03


Tree=54
num_leaves=31
num_cat=0
split_feature=73 60 55 62 57 73 55 55 57 56 20 56 0 56 73 16 56 66 73 73 73 73 66 42 56 8 59 73 55 55
split_gain=324.613 299.402 201.331 123.146 112.562 108.676 221.162 247.265 199.253 166.307 149.619 140.613 120.183 162.691 147.118 104.562 94.5472 94.3562 93.735 87.4688 87.9944 126.563 82.5822 82.2767 67.0071 70.0733 444.08 155.251 138.255 104.881
threshold=0.09141500000000001 1.0000000180025095e-35 0.0021628711448338938 1.0000000180025095e-35 11.500000000000002 0.77983000000000013 0.02035367420542971 0.015677023898642627 48.000000000000007 0.0074326147304572326 1.0000000180025095e-35 0.0030229461992641034 8.9500000000000011 0.0051989228559195817 0.24908000000000002 1.0000000180025095e-35 0.030758389275860835 1.0000000180025095e-35 0.066180000000000017 0.010255000000000002 0.013005000000000001 0.048815000000000004 1.0000000180025095e-35 1.0000000180025095e-35 0.0013997099996706566 1.0000000180025095e-35 1.0000000180025095e-35 0.010425000000000002 0.030810663257538635 0.030649897275830201
decision_type=2 2 2 2 2 2 2 2 2 2 2 2 2 2 2 2 2 2 2 2 2 2 2 2 2 2 2 2 2 2
left_child=1 3 -3 16 15 6 7 9 -9 10 12 -12 -2 -14 -15 23 19 18 -17 -1 -21 -22 -23 24 -4 -26 27 -27 29 -28
right_child=5 2 4 -5 -6 -7 -8 8 -10 -11 11 -13 13 14 -16 17 -18 -19 -20 20 21 22 -24 -25 25 26 28 -29 -30 -31
leaf_value=-0.030753912685914781 0.023638572569121986 -0.032938412578837797 -0.030069784906122183 -0.036270909113594811 -0.046181748433535598 0.033543906803200518 0.032319073619399952 -0.089944083961323487 0.031397008615196072 0.03139277613016956 0.018957027956749282 -0.055452356809442181 -0.05961682474723537 -0.056106728908372497 0.015820881511496916 -0.046848092684467539 -0.051974719375262567 0.030441816806002966 0.024721361121668197 0.041907890428620961 -0.036972418740391914 0.027373536858751994 -0.048022251372075525 -0.05013489448998678 0.029577874156984253 -0.031835243733405683 -0.029244923579844269 0.028886328594316401 -0.067481884232327469 0.018346376478047991
leaf_weight=42.086554800160229 765.88142137229443 56.453956132289022 18.733148661907762 84.312463742855471 19.719015002017841 4697.1728857308626 3093.3565405532718 31.830489134415984 18.710471868515015 855.40526733547449 40.182361846789718 50.833574928692542 33.533380260691047 27.248571569100022 273.05474741756916 50.638881822349504 23.891112240497023 44.848730177967809 23.426392999012023 77.664607277256437 48.738913513254374 117.5727209544275 13.776235983707009 12.153521977132185 1886.6517560373759 38.216824454371817 89.105396527447738 1331.7172978706658 42.37693103030324 76.61990519054234
leaf_count=12168 778 12648 2402 17533 372 613 993 167 3 184 104 330 260 256 245 5503 314 114 21 2054 5096 304 181 215 9760 5078 3103 4935 510 136
internal_value=0.0272813 0.0201728 0.0228682 -0.00420319 0.0237439 0.0302258 0.0272169 0.0196776 -0.0452855 0.0213036 0.0140354 -0.0227526 0.017098 0.00206692 0.00912985 0.0241381 0.00423452 -0.00349926 -0.0241833 0.00887114 0.0154351 0.00385006 0.0191627 0.025079 0.0253557 0.025664 0.0209689 0.0271704 -0.0197905 -0.00726393
internal_weight=13985.9 4098.7 3690.66 408.043 3634.21 9887.21 5190.04 2096.68 50.541 2046.14 1190.73 91.0159 1099.72 333.837 300.303 3614.49 323.73 118.914 74.0653 299.839 257.752 180.088 131.349 3495.57 3483.42 3464.69 1578.04 1369.93 208.102 165.725
internal_count=86380 82447 44797 37650 32149 3933 3320 2327 170 2157 1973 434 1539 761 501 31777 20117 5638 5524 19803 7635 5581 485 26139 25924 23522 13762 10013 3749 3239
is_linear=0
shrinkage=0.03


Tree=55
num_leaves=31
num_cat=0
split_feature=73 60 9 59 65 16 28 65 65 11 72 73 73 52 73 0 73 35 4 73 60 2 21 11 73 73 20 57 73 73
split_gain=308.735 202.49 150.341 297.384 361.753 166.451 152.239 149.818 145.272 144.14 133.337 122.765 108.721 186.903 90.6941 181.724 71.5801 136.047 81.7573 166.816 68.2842 66.7026 52.7068 49.7265 124.909 83.4254 48.7788 45.8779 41.2421 39.1251
threshold=0.104785 1.0000000180025095e-35 1.0000000180025095e-35 1.0000000180025095e-35 80.500000000000014 1.0000000180025095e-35 1.0000000180025095e-35 751.50000000000011 290.50000000000006 1.0000000180025095e-35 1.0000000180025095e-35 0.89998500000000015 0.045905000000000008 1.0000000180025095e-35 0.013875000000000002 6.7500000000000009 0.0051650000000000003 1.0000000180025095e-35 1.0000000180025095e-35 0.029175000000000003 1.5000000000000002 1.0000000180025095e-35 1.0000000180025095e-35 1.0000000180025095e-35 0.081220000000000014 0.019515000000000001 1.0000000180025095e-35 1.5000000000000002 0.0045350000000000008 0.004595000000000001
decision_type=2 2 2 2 2 2 2 2 2 2 2 2 2 2 2 2 2 2 2 2 2 2 2 2 2 2 2 2 2 2
left_child=1 7 3 5 9 10 -6 8 12 -5 14 20 13 -1 15 26 17 28 19 -18 21 -2 -14 -16 25 -25 -3 -9 -4 -30
right_child=11 2 16 4 6 -7 -8 27 -10 -11 -12 -13 22 -15 23 -17 18 -19 -20 -21 -22 -23 -24 24 -26 -27 -28 -29 29 -31
leaf_value=-0.034440584908782754 0.032632915236014803 0.031948050376627068 -0.032244300013646053 0.030363528362573087 -0.054269133849246178 -0.045488631676376054 0.024547884996828025 0.048769224595090428 -0.040436998563577513 -0.054538029739144282 -0.092284292680723662 0.03452729677173378 -0.040660285372359051 0.044622292161184338 0.032192781487551843 -0.034590310840248772 -0.037200930511260173 0.05425106035033344 0.033105169056698171 0.025125999555819664 0.033157689723982642 0.023813376789209591 0.023159627761245232 -0.033448504443803477 -0.062328340744852447 0.024885851643154364 -0.029076480724637321 -0.031710788773519467 0.032007900423979427 -0.036103702005200335
leaf_weight=110.38118963374291 991.44277187436819 116.11231878795661 49.421263416297734 156.94786226016004 133.39977041166276 31.151284503634088 25.780310292495415 67.062924347817898 81.333262560539879 19.386967121274211 7.9345127653796217 3584.6208705790341 11.564792049000969 34.548349850112572 745.31708139681723 67.252205677563325 44.358024191111326 35.578197089023888 1501.3169772617985 263.3104197490029 1475.0756606906652 3648.7782382571604 176.71959995734505 22.052744900691323 14.960921397898344 611.8364567887038 12.329724089009686 6.3539620365481815 22.899760004947893 10.173342738882637
leaf_count=25251 315 2273 6557 469 6724 3444 293 183 10628 315 48 317 210 152 1671 7836 6235 136 1718 479 344 2739 528 1534 89 2126 2335 734 46 610
internal_value=0.0271178 0.0204966 0.0227804 0.0169246 -0.00877337 0.0222198 -0.0414306 0.00227443 -0.00475051 0.0207742 0.0235675 0.0301049 0.00405503 -0.0154169 0.0242033 0.00504877 0.0287379 0.00604833 0.0302147 0.0160486 0.0275073 0.0257044 0.0190456 0.0268864 0.020751 0.0228069 0.0259107 0.0414714 -0.0151413 0.010612
internal_weight=14079.4 4379.48 3891.52 1964.46 335.515 1628.95 159.18 487.964 414.547 176.335 1597.8 9699.92 333.214 144.93 1589.86 195.694 1927.06 118.073 1808.99 307.668 6115.3 4640.22 188.284 1394.17 648.85 633.889 128.442 73.4169 82.4944 33.0731
internal_count=86339 82624 44938 29157 7801 21356 7017 37686 36769 784 17912 3715 26141 25403 17864 12444 15781 7349 8432 6714 3398 3054 738 5420 3749 3660 4608 917 7213 656
is_linear=0
shrinkage=0.03


Tree=56
num_leaves=31
num_cat=0
split_feature=73 73 56 2 55 73 65 56 57 73 0 56 53 65 65 73 73 55 53 65 56 57 55 65 57 55 56 65 73 4
split_gain=416.061 277.936 440.604 165.721 217.555 235.274 176.926 141.499 134.591 116.178 167.054 112.915 107.72 96.8855 97.9703 94.9173 331.375 220.004 309.925 92.5127 74.7728 156.846 72.9981 159.688 157.372 73.26 61.5363 87.3167 59.9482 63.7537
threshold=0.0079950000000000021 0.77983000000000013 0.018723845800721603 1.0000000180025095e-35 0.0059228531034993181 0.24908000000000002 229.50000000000003 0.0022020675352604339 4.5000000000000009 0.53825500000000015 9.8500000000000032 0.0021661074635644776 1.0000000180025095e-35 199.50000000000003 99.500000000000014 0.027165000000000005 0.14175000000000001 0.031781826281211616 1.0000000180025095e-35 194.50000000000003 0.0048839834471266904 1.5000000000000002 0.021765767382888639 196.50000000000003 8.5000000000000018 0.028776686551824315 0.0050913009295631218 1271.5000000000002 0.09141500000000001 1.0000000180025095e-35
decision_type=2 2 2 2 2 2 2 2 2 2 2 2 2 2 2 2 2 2 2 2 2 2 2 2 2 2 2 2 2 2
left_child=7 2 3 13 5 -5 8 11 -7 -8 -11 -1 -9 14 -2 19 17 18 -17 -6 21 -18 23 24 -22 -24 -19 -28 29 -4
right_child=1 -3 28 4 15 6 9 12 -10 10 -12 -13 -14 -15 -16 16 20 26 -20 -21 22 -23 25 -25 -26 -27 27 -29 -30 -31
leaf_value=-0.030220197986020134 0.01437310520194501 0.033154566770798435 0.020714842239717861 -0.035790923887066096 -0.029437225259506504 -0.064329239631657861 0.024820332341165877 -0.033996505297421688 0.015048318353580984 -0.066036798469581465 0.03417607543376977 0.037235801808930817 0.03026612906639117 0.028127123126864547 -0.052665535820848819 -0.047771187422637397 0.016578166892133109 0.036702417184201884 0.038796123566645552 0.034003017093512868 -0.067816897757927527 -0.072388241367942821 0.047287791757720389 0.023135935886369034 0.032243742746540516 0.018564397411098631 -0.052664344221368981 0.034318345196867397 0.031629284019016123 0.030504612287596881
leaf_weight=30.276135617517866 76.030044220387936 4540.2817802354693 1269.9004654564196 162.72355011530453 21.343571779318154 47.886575914919376 269.37968514859676 159.84795267577283 31.158512428402901 32.502966210246086 26.213366910815239 78.003153499565087 26.689206831273623 932.49255015456583 25.327118552988395 180.55895370186772 81.445986627601087 74.548639121931046 46.010313948616385 325.17029616353102 35.577514089643955 21.759064201265574 192.48964787274599 461.50891371606849 22.293902739882469 139.58199513703585 19.736798571888357 19.854356050491333 3348.8235263228416 1155.179313876899
leaf_count=7779 745 605 3002 20379 4560 216 180 29925 31 144 5 773 261 3725 986 2640 109 199 4 7826 200 121 31 350 5 107 175 2 624 688
internal_value=0.0263282 0.0270948 0.0240411 0.0151897 0.010547 -0.00541668 0.00678105 -0.00890298 -0.0332426 0.0164953 -0.0214746 0.0182704 -0.0246896 0.0251023 -0.00272937 0.0160875 0.0123398 -0.0130317 -0.0300984 0.0300219 0.0213988 -0.00269359 0.0243188 0.0172395 -0.0293774 0.0353063 0.0208131 -0.00927303 0.0290131 0.0253888
internal_weight=13854.6 13559.8 9019.5 3245.59 2211.74 569.865 407.141 294.816 79.0451 328.096 58.7163 108.279 186.537 1033.85 101.357 1641.88 1295.37 340.709 226.569 346.514 954.657 103.205 851.452 519.38 57.8714 332.072 114.14 39.5912 5773.9 2425.08
internal_count=86397 47659 47054 42740 37284 20955 576 38738 247 329 149 8552 30186 5456 1731 16329 3943 3020 2644 12386 923 230 693 555 205 138 376 177 4314 3690
is_linear=0
shrinkage=0.03


Tree=57
num_leaves=31
num_cat=0
split_feature=73 62 55 52 55 55 73 56 55 4 73 63 73 57 57 56 2 59 57 73 0 11 73 55 56 73 56 59 11 56
split_gain=268.354 220.464 162.794 177.887 129.549 123.946 164.297 158.867 293.532 103.262 149.154 141.645 97.0149 121.677 105.728 96.0309 89.9646 245.193 198.778 123.717 85.5109 82.9982 170.673 105.065 80.7514 73.9796 68.3045 61.4872 169.733 115.041
threshold=0.09141500000000001 1.0000000180025095e-35 0.003521635503638119 1.0000000180025095e-35 0.040204257762726812 0.021143348457428057 0.77983000000000013 0.0074326147304572326 0.010501873210954102 1.0000000180025095e-35 0.011185000000000002 1.0000000180025095e-35 0.081220000000000014 11.500000000000002 6.5000000000000009 0.0028377571438526162 1.0000000180025095e-35 1.0000000180025095e-35 51.500000000000007 0.14175000000000001 9.5000000000000018 1.0000000180025095e-35 0.013875000000000002 0.030810663257538635 0.0072401483730347776 0.0026450000000000002 0.0013997099996706566 1.0000000180025095e-35 1.0000000180025095e-35 0.095310720481565928
decision_type=2 2 2 2 2 2 2 2 2 2 2 2 2 2 2 2 2 2 2 2 2 2 2 2 2 2 2 2 2 2
left_child=1 2 3 -1 15 6 7 8 16 10 -4 12 14 -14 27 -3 -2 19 -19 -18 -16 22 -11 24 -24 -23 -27 29 -29 -12
right_child=5 4 9 -5 -6 -7 -8 -9 -10 21 11 -13 13 -15 20 -17 17 18 -20 -21 -22 25 23 -25 -26 26 -28 28 -30 -31
leaf_value=-0.0336385427462551 0.031204071210350463 0.020436321528479077 -0.029638235839854303 0.045470827726344726 0.024674754756369172 0.032452426471158723 0.031704290502723595 0.028925846898377912 -0.071656042102093559 -0.037246689311976028 0.026484412333967096 -0.04855652520638664 -0.076109536036032974 0.023694616539751339 -0.053631416878871865 -0.038775744069562045 -0.043937981355279439 -0.053714735847184954 0.037921099560085193 0.018673127371971826 0.023146282034311357 -0.028604989020197053 -0.033624896954750141 -0.059638272674821344 0.029267057894231327 -0.030142834780177461 0.031923564275261336 0.025673653310787997 -0.018277079345716457 -0.066504615450256183
leaf_weight=91.225806682836264 251.88152551464736 30.873561369429808 57.071674181730486 34.443636532407254 65.933645253418945 5154.3019436267205 2023.2867667898536 978.99595792591572 35.023138239979744 48.005876954062842 1319.6964355454547 26.386948951752856 20.015574939083308 22.308178530074656 29.236351787112653 111.5819650843041 28.489435493131168 83.250066405511461 27.715534714981914 824.99191270885058 22.197772831190377 18.036020811763592 18.67043384630233 12.562304611084981 321.86282510869205 15.380582329118623 1576.7544372823322 246.73264967475552 115.31547139130998 11.160785284359006
leaf_count=19703 119 3178 16767 252 140 1195 378 278 194 2391 8192 690 134 15 785 17716 324 509 7 982 76 4141 864 203 258 1234 2511 938 1996 68
internal_value=0.0264951 0.0201948 0.0217593 -0.0117683 -0.00985008 0.0293157 0.025508 0.0198752 0.012777 0.0228476 0.0177544 0.0192617 0.0202899 -0.0241717 0.0213819 -0.0258901 0.015265 0.0110742 -0.0306929 0.0165342 -0.0206865 0.0275723 0.0153038 0.0225335 0.0257305 0.030617 0.0313054 0.0226715 0.0116632 0.0256552
internal_weight=13623.4 4215.45 4007.06 125.669 208.389 9407.94 4253.63 2230.35 1251.35 3881.39 1870.12 1813.05 1786.66 42.3238 1744.34 142.456 1216.33 964.447 110.966 853.481 51.4341 2011.27 401.101 353.096 340.533 1610.17 1592.14 1692.91 362.048 1330.86
internal_count=86238 82252 61218 19955 21034 3986 2791 2413 2135 41263 29661 12894 12204 149 12055 20894 1941 1822 516 1306 861 11602 3716 1325 1122 7886 3745 11194 2934 8260
is_linear=0
shrinkage=0.03


Tree=58
num_leaves=31
num_cat=0
split_feature=73 4 73 20 65 32 63 56 56 73 60 57 73 73 56 60 73 24 8 56 73 73 65 65 15 56 40 73 0 62
split_gain=265.986 231.859 200.36 164.298 281.769 177.382 137.608 135.968 102.36 194.812 104.069 90.6534 117.62 86.0758 70.1723 67.5113 124.235 80.7825 64.7852 130.281 84.7722 56.0894 247.987 130.794 61.3294 230.917 52.1354 48.5038 46.1872 186.467
threshold=0.09141500000000001 1.0000000180025095e-35 0.011185000000000002 1.0000000180025095e-35 697.50000000000011 1.0000000180025095e-35 1.0000000180025095e-35 0.071706371629366064 0.023561139330300889 0.77983000000000013 1.5000000000000002 5.5000000000000009 0.055750000000000001 0.0026450000000000002 0.0013997099996706566 1.5000000000000002 0.081220000000000014 1.0000000180025095e-35 1.0000000180025095e-35 0.026231540054596634 0.060315000000000007 0.16886000000000004 269.50000000000006 174.50000000000003 1.0000000180025095e-35 0.0039752142193818186 1.0000000180025095e-35 0.24908000000000002 8.9500000000000011 1.0000000180025095e-35
decision_type=2 2 2 2 2 2 2 2 2 2 2 2 2 2 2 2 2 2 2 2 2 2 2 2 2 2 2 2 2 2
left_child=1 2 -1 5 7 6 11 -5 9 10 21 15 -13 -3 -15 16 17 26 -16 20 -20 22 23 -2 25 -23 -4 -12 -26 -30
right_child=8 13 3 4 -6 -7 -8 -9 -10 -11 27 12 -14 14 18 -17 -18 -19 19 -21 -22 24 -24 -25 28 -27 -28 -29 29 -31
leaf_value=-0.029808250604891035 -0.049053841177921206 -0.0289415976368184 0.018689376321763162 -0.047793969666872174 0.03518913804446501 -0.044052434518000526 -0.046881190001553372 0.006440814088467979 0.032168242931747026 0.031839718577163403 0.043338888812917337 -0.049183794704510286 0.017091180169817911 -0.029958072908063172 0.030597075371995311 0.031589281713176445 -0.06440864977448478 -0.043661092132922331 -0.039131407374135715 0.026573022786279876 0.015222042978415109 0.027465220594685646 -0.053914109241855565 0.029894648784199861 0.024142797753117045 -0.057294184991200758 0.045490510712189701 0.022297146162095428 0.020293996111608884 -0.030888763513687349
leaf_weight=93.941860478604212 20.72797754581552 23.837803872069344 823.32517305150395 115.96566985192476 94.327057027025148 38.937851129681803 26.29023080249317 64.234890084480867 5045.9369707927108 2380.3994207829237 205.12223088042811 35.702939168317243 69.251672101207078 18.207786274841055 1728.3832511313958 536.57207854627632 15.166927421349099 16.910263061115984 50.793404631200247 336.57743995916098 50.70320200547576 82.753757029306144 53.048895665328018 147.17882372671738 889.22232467168942 43.193237745668739 70.659545034170151 197.28548349440098 432.66354990238324 74.250264765694737
leaf_count=36063 254 7123 11419 7814 569 1205 982 120 773 424 102 1279 132 2448 5261 1093 120 1478 4721 530 79 100 457 274 665 220 129 115 377 266
internal_value=0.0264538 0.0201591 0.0127531 0.0148638 -0.00658958 0.0184727 0.0200268 -0.0285324 0.0292199 0.0259263 0.0193535 0.0211781 -0.00570533 0.0268615 0.0274833 0.0231097 0.0181678 0.0196119 0.0279797 0.0176069 -0.0120952 0.0161619 0.00202705 0.0199158 0.0182112 -0.00182517 0.0208562 0.0331038 0.0200187 0.0127509
internal_weight=13781.6 4209.79 2001.29 1907.34 274.528 1632.82 1593.88 180.201 9571.78 4525.85 2145.45 1567.59 104.955 2208.5 2184.67 1462.63 926.062 910.895 2166.46 438.074 101.497 1743.04 220.956 167.907 1522.08 125.947 893.985 402.408 1396.14 506.914
internal_count=86592 82565 62403 26340 8503 17837 16632 7934 4027 3254 2830 15650 1411 20162 13039 14239 13146 13026 10591 5330 4800 2613 985 528 1628 320 11548 217 1308 643
is_linear=0
shrinkage=0.03


Tree=59
num_leaves=31
num_cat=0
split_feature=71 60 59 63 64 65 65 57 0 0 38 24 62 0 58 60 65 26 58 65 57 65 65 57 57 58 40 57 60 65
split_gain=164.867 114.999 69.3671 68.0401 70.4422 92.3899 121.281 68.4562 57.3584 59.0705 53.4144 50.7185 47.8453 64.4641 51.945 71.1885 64.2556 82.4968 45.9241 88.8201 45.8649 54.8406 127.852 66.1884 48.7038 35.8089 35.7713 31.9207 156.17 27.9207
threshold=1.0000000180025095e-35 1.5000000000000002 3.5000000000000004 1.0000000180025095e-35 1.0000000180025095e-35 358.50000000000006 493.50000000000006 19.500000000000004 6.5500000000000007 5.3500000000000005 1.0000000180025095e-35 1.0000000180025095e-35 1.0000000180025095e-35 7.1500000000000012 1.5000000000000002 1.0000000180025095e-35 225.50000000000003 1.0000000180025095e-35 1.0000000180025095e-35 223.50000000000003 8.5000000000000018 370.50000000000006 112.50000000000001 2.5000000000000004 1.5000000000000002 1.0000000180025095e-35 1.0000000180025095e-35 2.5000000000000004 1.0000000180025095e-35 751.50000000000011
decision_type=2 2 2 2 2 2 2 2 2 2 2 2 2 2 2 2 2 2 2 2 2 2 2 2 2 2 2 2 2 2
left_child=1 2 3 4 7 -6 -7 10 9 -5 11 12 26 -14 15 16 18 -18 -15 -20 21 22 23 -13 -23 27 29 -10 -29 -1
right_child=-2 -3 -4 8 5 6 -8 -9 25 -11 -12 20 13 14 -16 -17 17 -19 19 -21 -22 24 -24 -25 -26 -27 -28 28 -30 -31
leaf_value=0.021560133304131736 0.031570861227022455 0.029549268728773115 -0.057209093477284048 0.017184419676836451 -0.058094397635859274 0.023751004893225406 -0.054619780843438125 -0.07048567700507008 0.024862294755864451 -0.049117106586543474 -0.050959917799924301 -0.055449149923071234 -0.039456597954331735 0.02475235031971464 0.028635053793709529 0.021361773062159618 -0.052096550646418958 0.019213805282372199 -0.042834344141925718 0.034964200460720192 0.033615461490905121 0.029989168286055998 -0.056776576243001906 0.032330544658059041 -0.047248969371509422 0.029916802372058616 0.036616484947880459 0.022960933013776368 -0.090774319621680311 0.029799331757247745
leaf_weight=4221.4680859056534 3320.9459086436545 2398.3078774691094 9.0207738858298381 40.065053287078626 20.343991392990574 97.499576029134914 20.706414193147793 6.3995702790562055 110.88776366249658 16.145001798693556 8.3165280071552825 8.6221825889660959 18.894528820528649 68.344594537629746 184.88434138544835 207.80250131781213 42.44796190422494 21.34467964747455 32.287773485528305 20.959380810847506 40.94513593998272 53.200958528323099 38.987322395492811 39.157852545031346 7.5859250610228619 1468.35308332555 164.33734272292349 48.537286245613359 12.918880532262845 413.55387161846738
leaf_count=41837 1614 8597 306 206 459 241 989 83 168 672 988 1484 4478 1263 664 1516 2961 606 4307 29 23 663 6600 140 1253 1074 618 135 153 2172
internal_value=0.025781 0.0238244 0.0219762 0.0220799 0.02051 -0.000616998 0.00967958 0.0210328 0.0273735 -0.00238479 0.02115 0.0212665 0.021801 0.0137507 0.0155549 0.00934735 -0.0041623 -0.0283082 0.00863332 -0.0121309 0.00593253 -0.00192384 -0.017154 0.0156782 0.0197415 0.0283938 0.0227992 0.0153206 -0.00201829 0.0223015
internal_weight=13163.3 9842.33 7444.02 7435 5738.09 138.55 118.206 5599.54 1696.91 56.2101 5593.14 5584.82 5396.33 596.966 578.071 393.187 185.384 63.7926 121.592 53.2472 188.499 147.554 86.7674 47.78 60.7869 1640.7 4799.36 172.344 61.4562 4635.02
internal_count=86299 84685 76088 75782 73374 1689 1230 71685 2408 878 71602 70614 60451 15824 11346 10682 9166 3567 5599 4336 10163 10140 8224 1624 1916 1530 44627 456 288 44009
is_linear=0
shrinkage=0.03


Tree=60
num_leaves=31
num_cat=0
split_feature=56 56 64 58 55 60 12 36 56 58 55 65 56 26 63 56 18 55 65 55 62 57 56 58 55 58 55 55 55 65
split_gain=181.919 153.497 126.187 150.031 106.549 107.186 183.336 135.024 117.465 112.071 83.921 226.704 77.1866 79.2532 113.063 118.131 64.1377 92.6314 68.6224 62.9871 60.5983 72.9833 115.649 122.97 58.5729 95.5148 151.99 116.879 73.6664 57.7524
threshold=0.023561139330300889 0.02231702036974894 1.0000000180025095e-35 1.0000000180025095e-35 0.048763003506173415 1.5000000000000002 1.0000000180025095e-35 1.0000000180025095e-35 0.0034497823525313528 4.5000000000000009 0.01115846687889677 55.500000000000007 0.00078054427200581185 1.0000000180025095e-35 1.0000000180025095e-35 0.018723845800721603 1.0000000180025095e-35 0.0067755698008389251 419.50000000000006 0.036496636214826468 1.0000000180025095e-35 3.5000000000000004 0.0055721364692771459 1.0000000180025095e-35 0.021765767382888639 1.0000000180025095e-35 0.0056425094143049059 0.0092217361296526232 0.022816273384930998 182.50000000000003
decision_type=2 2 2 2 2 2 2 2 2 2 2 2 2 2 2 2 2 2 2 2 2 2 2 2 2 2 2 2 2 2
left_child=1 2 4 -4 5 6 7 12 -8 -9 16 -12 -1 19 15 -15 17 -10 -18 20 -14 22 29 -24 25 26 -7 -28 -26 -22
right_child=-2 -3 3 -5 -6 24 8 9 10 -11 11 -13 13 14 -16 -17 18 -19 -20 -21 21 -23 23 -25 28 -27 27 -29 -30 -31
leaf_value=-0.033609110258874912 0.028541572656505938 -0.075343251387909968 -0.051420540585910668 0.026686530132205975 0.034573603903167764 -0.046448177473197058 -0.042681938124740436 -0.061364197332633069 -0.044854292299485239 0.030528771013397293 0.026787026306296247 -0.067979953611063335 0.024748841245559906 -0.056538205869540392 0.024349547063038518 0.025386958899706824 0.02359422790650522 0.015418657263321265 -0.056984372876083038 -0.057630754970874276 -0.041632308181497629 0.022549140878770458 0.0092095056508300563 -0.053456168855233029 0.082347563328452528 0.031410335501924479 0.027026470411905798 -0.064165440834831736 0.034629078461233004 0.02509404550547599
leaf_weight=21.860264459857717 6590.7688025375828 13.793027341482228 45.322625214699656 41.504959479440004 559.41155764402356 38.324341433821246 47.931358561501838 31.494478807668202 36.69177417026367 18.113898724317551 45.750578087288886 43.356589589267969 2998.0691308822716 44.107846341328695 79.936635202262551 23.687840970698744 249.27008513442706 57.7896073164884 8.9580417381366697 7.8385097598657003 11.854204135539474 415.8106002798886 58.616224003955722 52.841390267712995 31.459735170006752 458.82644506869838 147.33728558756411 12.881980934413148 358.52650017850101 137.02896412304835
leaf_count=2738 5696 240 1581 20 597 4187 6113 1148 7632 3 152 1134 29316 3816 203 25 3784 3602 646 199 1637 2565 1993 2850 13 844 832 377 621 1731
internal_value=0.0250819 0.0213388 0.0215703 -0.0142054 0.0220905 0.0208003 0.0187346 0.020906 0.00142998 -0.0278704 0.00630113 -0.0195661 0.0215413 0.0218648 0.000317368 -0.0279606 0.012873 -0.00821292 0.0205899 0.022729 0.0229161 0.014765 0.0022937 -0.0207111 0.0294347 0.0239 0.0064735 0.0193419 0.0386792 0.0195389
internal_weight=12689.2 6098.4 6084.6 86.8276 5997.78 5438.36 4391.01 3901.26 489.748 49.6084 441.817 89.1072 3851.65 3829.79 147.732 67.7957 352.71 94.4814 258.228 3682.06 3674.22 676.151 260.341 111.458 1047.36 657.37 198.544 160.219 389.986 148.883
internal_count=86295 80599 80359 1601 78758 78161 71287 48224 23063 1151 16950 1286 47073 44335 4044 3841 15664 11234 4430 40291 40092 10776 8211 4843 6874 6240 5396 1209 634 3368
is_linear=0
shrinkage=0.03


Tree=61
num_leaves=31
num_cat=0
split_feature=73 55 23 60 73 24 55 65 60 57 65 73 64 73 71 65 73 65 65 55 71 17 65 73 60 2 20 65 57 60
split_gain=324.906 229.185 232.934 157.642 163.653 127.294 111.873 142.966 129.716 103.554 97.8727 132.244 95.3374 92.2037 90.8559 86.9344 85.3279 73.3654 178.029 158.221 88.3552 80.556 189.367 71.0841 71.0009 70.8781 124.844 66.671 78.7917 110.677
threshold=0.77983000000000013 0.0069782869163078536 1.0000000180025095e-35 1.5000000000000002 0.12170000000000002 1.0000000180025095e-35 0.0060062908598989394 348.50000000000006 1.0000000180025095e-35 6.5000000000000009 55.500000000000007 0.020785000000000001 1.0000000180025095e-35 0.32766500000000004 1.0000000180025095e-35 257.50000000000006 0.020445000000000001 428.50000000000006 697.50000000000011 0.014255165993021049 1.0000000180025095e-35 1.0000000180025095e-35 62.500000000000007 0.0045350000000000008 1.5000000000000002 1.0000000180025095e-35 1.0000000180025095e-35 444.50000000000006 1.5000000000000002 1.0000000180025095e-35
decision_type=2 2 2 2 2 2 2 2 2 2 2 2 2 2 2 2 2 2 2 2 2 2 2 2 2 2 2 2 2 2
left_child=1 2 6 4 5 9 12 24 -9 10 11 16 23 -4 -11 -15 -3 21 20 -20 -19 -12 -23 -1 -8 -25 27 28 29 -27
right_child=-2 3 13 -5 -6 -7 7 8 -10 14 17 -13 -14 15 -16 -17 -18 18 19 -21 -22 22 -24 25 -26 26 -28 -29 -30 -31
leaf_value=-0.029259645366244362 0.03204270688236615 -0.041539642391054746 -0.037107211558261917 0.030479592789352524 0.026482030141743742 -0.049016665512854891 -0.050916674573896863 0.031058802965877097 -0.053662519744137528 -0.059044310027015739 0.0217367835840773 -0.072803183890244386 -0.044035986024736823 -0.054761498073585518 0.028335646695147491 0.015474971670874709 0.034989833525591679 -0.047904006164905193 0.029465870059409479 -0.063457780068031003 0.02360724247972245 0.031544383079359903 -0.052383899850721588 0.029000448886237824 0.011568052522511167 -0.049912551169742567 -0.039551141160291549 -0.014154999856591848 0.024950883046826161 0.014730910836517256
leaf_weight=25.040705587831326 3968.2280183248222 18.667049900162965 105.81054165825481 2350.6122925580712 2323.3896689808462 26.58059665269684 61.67563542840071 94.739014427294023 18.649934468441643 29.440377554972656 1725.4030712749809 24.065842984709889 20.337696337606758 18.435540802776814 15.773589073214678 85.25561261177063 38.484564263373613 67.135694630793296 164.33698109537363 17.376908992533572 19.476153620518744 52.508843961521052 43.185520789469592 568.30753176566213 21.71298851701431 30.671768851927482 35.068816036800854 54.282781530753709 564.54566459462512 95.36490829475224
leaf_count=5958 603 489 23498 3219 1136 3145 3887 881 857 564 12840 319 964 84 9 92 8 2714 1065 321 29 88 3026 3829 159 3454 4705 1747 4839 1861
internal_value=0.0249223 0.0216773 0.012131 0.0241594 0.0208997 0.0151066 0.0160486 -0.00510379 0.0167767 0.0158975 0.0168373 -0.0153286 0.0190368 -0.0175436 -0.0286069 0.00258364 0.00970904 0.0180943 0.0034347 0.0202811 -0.0317376 0.0202512 -0.00648131 0.0200022 -0.0347024 0.0209382 0.0150339 0.0176534 0.0201705 -0.00126952
internal_weight=12684.6 8716.34 1799.9 6916.44 4565.82 2242.44 1590.4 196.778 113.389 2215.85 2170.64 81.2175 1393.62 209.502 45.214 103.691 57.1516 2089.42 268.326 181.714 86.6118 1821.1 95.6944 1373.28 83.3886 1348.24 779.934 744.865 690.582 126.037
internal_count=86390 85787 56815 28972 25753 24617 33141 5784 1738 21472 20899 816 27357 23674 573 176 497 20083 4129 1386 2743 15954 3114 26393 4046 20435 16606 11901 10154 5315
is_linear=0
shrinkage=0.03


Tree=62
num_leaves=31
num_cat=0
split_feature=73 60 27 55 62 2 55 72 73 73 55 55 57 0 56 0 73 20 56 73 60 55 55 56 0 0 56 55 73 72
split_gain=330.934 213.553 176.323 174.319 125.73 121.807 173.845 110.683 115.018 108.72 163.043 340.478 299.839 104.256 92.9001 85.8501 84.97 68.3363 136.232 65.0658 60.8314 127.521 189.419 159.288 130.124 122.745 261.306 59.7672 147.842 55.1314
threshold=0.104785 1.0000000180025095e-35 1.0000000180025095e-35 0.0021628711448338938 1.0000000180025095e-35 1.0000000180025095e-35 0.0055825586881825175 1.0000000180025095e-35 0.017965000000000005 0.89998500000000015 0.02035367420542971 0.014255165993021049 21.500000000000004 5.3500000000000005 0.030758389275860835 8.0500000000000025 0.010255000000000002 1.0000000180025095e-35 0.0054371352928383214 0.0026450000000000002 1.5000000000000002 0.011945845925157792 0.06386747763884322 0.037227276579386147 9.9500000000000011 7.3500000000000005 0.043552575160501622 0.0078429521481543762 0.53825500000000015 1.0000000180025095e-35
decision_type=2 2 2 2 2 2 2 2 2 2 2 2 2 2 2 2 2 2 2 2 2 2 2 2 2 2 2 2 2 2
left_child=1 4 3 -3 14 15 -7 8 13 10 11 17 -13 -8 16 19 -1 -2 -19 -5 21 -10 23 24 -23 -25 -27 28 -20 -18
right_child=9 2 -4 5 -6 6 7 -9 20 -11 -12 12 -14 -15 -16 -17 29 18 27 -21 -22 22 -24 25 -26 26 -28 -29 -30 -31
leaf_value=-0.031159015982123544 0.023459876475337871 -0.033471912584496652 -0.044894687214869645 -0.028589511464655937 -0.036741559033589243 -0.035502646099445943 0.027437145254353031 -0.080466378533205582 0.027622723299500711 0.033156941074667358 0.030215141744895941 -0.10351231682120773 0.019530084584473955 -0.033055246695025228 -0.051923450031317431 -0.054603693034209089 0.018359577065707136 -0.057814051874206976 -0.059055207332451655 0.027677049499808287 0.027621197602863728 -0.050053331294049631 0.033407111927032662 0.023413085046849646 0.032054784052735485 0.021403500342012244 -0.092994286060103196 0.0332844598342062 0.023817666480325232 -0.048204091091323349
leaf_weight=39.071379729604814 2192.3709407203132 51.536660278739873 36.160029436694458 17.91096807224676 77.19964623474516 56.829706379212439 39.028246306814253 9.3511150358244759 405.23295022372622 2789.2671051584184 3370.8992947160732 36.233666129875928 33.678525210358202 70.618098916776944 22.64757525769528 10.736052708351052 265.5409443222452 25.947620969032869 27.304897090420127 1950.206880823127 605.03309415257536 96.873596385354176 144.38339091045782 145.97126263380051 20.396102191647515 44.840179808437824 28.674009643495083 80.65930094756186 60.408601693809032 10.749526395404244
leaf_count=12339 1703 12169 2209 4157 17516 6576 1667 74 1291 301 1009 200 22 7821 286 396 7532 184 191 6172 620 1495 80 88 9 27 146 17 31 216
internal_value=0.0249174 0.0179482 0.0202173 0.020866 -0.00245651 0.0216431 0.0156525 0.0174786 0.0181005 0.0282706 0.0259265 0.0200319 -0.0448 -0.0114698 0.0054593 0.0266798 0.00973132 0.0219489 0.0048694 0.0271507 0.0202808 0.0152447 0.00478382 -0.00755096 -0.0356224 0.00754099 -0.0238662 0.0148137 -0.00235524 0.0156053
internal_weight=12765.8 4148.99 3733.78 3697.62 415.209 3646.09 1667.23 1610.4 1601.05 8616.77 5827.5 2456.6 69.9122 109.646 338.009 1978.85 315.362 2386.69 194.32 1968.12 1491.4 886.371 481.139 336.755 117.27 219.485 73.5142 168.373 87.7135 276.29
internal_count=86544 82886 44997 42788 37889 30619 19894 13318 13244 3658 3357 2348 222 9488 20373 10725 20087 2126 423 10329 3756 3136 1845 1765 1504 261 173 239 222 7748
is_linear=0
shrinkage=0.03


Tree=63
num_leaves=31
num_cat=0
split_feature=56 71 56 24 65 55 55 56 65 57 56 67 21 60 65 55 55 0 9 13 58 48 56 55 58 65 65 56 32 61
split_gain=179.066 163.281 146.977 227.024 88.3422 82.1257 144.484 175.786 103.685 76.1838 57.0701 84.1207 111.34 86.9142 79.4235 64.1226 78.1579 58.6894 54.6126 54.1403 59.2592 59.9905 74.6143 163.443 175.789 128.805 156.291 59.7557 52.5376 52.2656
threshold=0.0011161097395399886 1.0000000180025095e-35 0.023561139330300889 1.0000000180025095e-35 875.50000000000011 0.048763003506173415 0.031781826281211616 0.002025402211110458 751.50000000000011 19.500000000000004 0.0039470903806293018 1.0000000180025095e-35 1.0000000180025095e-35 1.5000000000000002 282.50000000000006 0.021765767382888639 0.0092217361296526232 5.5500000000000007 1.0000000180025095e-35 1.0000000180025095e-35 2.5000000000000004 1.0000000180025095e-35 0.0072401483730347776 0.0022939534990536327 1.0000000180025095e-35 267.50000000000006 198.50000000000003 0.0059738020574179301 1.0000000180025095e-35 1.0000000180025095e-35
decision_type=2 2 2 2 2 2 2 2 2 2 2 2 2 2 2 2 2 2 2 2 2 2 2 2 2 2 2 2 2 2
left_child=-1 2 3 5 -5 6 9 -8 -9 10 -2 12 14 17 18 16 -15 -14 -12 -19 21 22 23 27 -25 26 -26 -21 -17 -24
right_child=1 -3 -4 4 -6 -7 7 8 -10 -11 11 -13 13 15 -16 28 -18 19 -20 20 -22 -23 29 24 25 -27 -28 -29 -30 -31
leaf_value=-0.037697865502361858 0.025458835364932608 0.03083899819556021 0.026473331788947285 -0.050417010602575515 0.026855380598393871 0.032463959128017625 0.040968606898815867 -0.061555384764514789 0.019516928128387304 -0.054944688522757613 0.0091054751583774726 0.025713469087029976 0.039714123809390947 0.021809206310811742 -0.041702889438095733 0.034550272369691624 -0.067234328025155998 0.02991680563404539 -0.044093625684000576 0.02891398816035361 0.02794888897966297 0.032483284922253899 0.01357336952759192 -0.047960764793940541 -0.052117780765771234 -0.058702342066128038 0.025437539136694619 -0.043369136132073667 0.077473784345765809 -0.055086279746482218
leaf_weight=40.544001986971125 1067.1612676567747 3037.8428574043792 4703.1339199132053 57.39720049983589 16.551737011759542 412.0846605245024 32.904583744355477 55.627022095373832 18.409431159030646 11.456406865036113 148.90858432563255 758.44589744444238 69.759963987744413 169.23546996619552 44.547595272480976 133.86970066884533 8.401076805777846 130.33473719039466 18.646648506226484 122.18573777150596 138.7400213193614 76.821365008479916 542.74136012792587 104.62554200622253 27.641826245584525 26.861307342885993 127.07053275336511 10.351250571082344 32.252121716737747 9.1982204652158526
leaf_count=5934 18138 1574 5454 10645 148 535 54 1040 36 169 5206 3798 1280 1393 5616 273 200 603 2531 1874 246 341 6555 6102 2734 1537 825 1434 5 129
internal_value=0.0245978 0.0248094 0.022788 0.0188185 -0.0329938 0.0197174 0.0183577 -0.0159148 -0.041405 0.0193315 0.0195719 0.0172371 0.0139154 0.0164296 -0.00657321 0.0299241 0.0172452 0.0130643 0.00295866 0.0116232 0.00958969 0.00713369 0.00509611 -0.00444769 -0.0171879 0.000709449 0.0113353 0.0229861 0.0432975 0.0123316
internal_weight=12153.8 12113.2 9075.37 4372.23 73.9489 4298.28 3886.2 106.941 74.0365 3779.26 3767.8 2700.64 1942.19 1730.09 212.103 343.758 177.637 1386.33 167.555 1316.57 1186.24 1047.5 970.676 418.736 286.199 181.574 154.712 132.537 166.122 551.94
internal_count=86409 80475 78901 73447 10793 62654 62119 1130 1076 60989 60820 42682 38884 25531 13353 1871 1593 23660 7737 22380 21777 21531 21190 14506 11198 5096 3559 3308 278 6684
is_linear=0
shrinkage=0.03


Tree=64
num_leaves=31
num_cat=0
split_feature=73 2 73 65 64 73 11 57 25 58 11 65 57 73 65 72 73 73 24 17 73 73 0 0 57 58 62 65 58 65
split_gain=305.035 154.159 266.176 238.566 127.875 98.8365 86.0736 326.525 92.0744 76.8892 74.8241 127.884 74.6446 74.4399 179.042 57.9145 158.856 54.8579 136.4 53.6196 51.92 68.7544 46.0819 196.208 40.1236 37.0289 83.5296 265.121 88.0652 69.1903
threshold=0.77983000000000013 1.0000000180025095e-35 0.019515000000000001 751.50000000000011 1.0000000180025095e-35 0.0051650000000000003 1.0000000180025095e-35 7.5000000000000009 1.0000000180025095e-35 1.0000000180025095e-35 1.0000000180025095e-35 440.50000000000006 1.5000000000000002 0.027775000000000005 304.50000000000006 1.0000000180025095e-35 0.32766500000000004 0.14175000000000001 1.0000000180025095e-35 1.0000000180025095e-35 0.0040450000000000009 0.0026450000000000002 8.7500000000000018 7.2500000000000009 3.5000000000000004 2.5000000000000004 1.0000000180025095e-35 288.50000000000006 1.5000000000000002 174.50000000000003
decision_type=2 2 2 2 2 2 2 2 2 2 2 2 2 2 2 2 2 2 2 2 2 2 2 2 2 2 2 2 2 2
left_child=1 5 3 -3 6 12 17 15 -9 -6 11 13 20 14 -7 25 -17 18 22 -5 21 -1 23 -4 -15 26 -8 28 29 -28
right_child=-2 2 4 19 9 10 7 8 -10 -11 -12 -13 -14 24 -16 16 -18 -19 -20 -21 -22 -23 -24 -25 -26 -27 27 -29 -30 -31
leaf_value=-0.028750002150358861 0.031470223370912931 -0.032279642931450171 0.020750502477366518 -0.029557741702289888 -0.05601521287149356 -0.041090596994607716 0.020488840651196862 -0.064109361584839444 0.011491701880975915 0.022349362763882854 0.030360384663061474 -0.056284190305710767 -0.033130564363288137 0.018839800579404722 0.030698997805322356 -0.058419003239285408 0.016757701237557484 0.0298570831760742 -0.051533048048298398 0.040365635095129256 -0.035730267447053314 0.030226231929689776 0.026040284908567218 -0.072172180269485783 0.034566374466540248 0.031515383536222699 0.014148445442752774 -0.057229626954224434 0.037412579010900671 -0.027853728928880498
leaf_weight=20.407979422830977 3802.1743879541755 169.39778390730498 144.02219134295592 10.771730572916566 31.202835291624069 53.068633659218904 2408.6023812195053 55.086917985463515 19.18548892182298 16.650480836629868 2287.978079181863 18.658862608950585 36.2346267994144 338.69419158902019 73.138015885720961 31.551165972079616 112.52671887725592 1024.4136152362917 23.047229654388502 68.1300542447716 15.583747204742393 108.74075094377622 480.88855749624781 22.81779949797783 263.43054088461213 214.63531675818376 132.03597036330029 51.83785472396994 106.24592351098545 47.054502678511199
leaf_count=5963 613 46154 511 1647 453 2728 6485 913 44 9 3907 846 5036 621 817 297 98 365 757 612 845 2471 802 222 107 203 878 946 206 858
internal_value=0.0244173 0.0212162 0.0180007 -0.0122658 0.0195298 0.0263784 0.0200106 0.0170878 -0.0446874 -0.028849 0.0276624 0.0193692 0.00481089 0.0213818 0.000426474 0.0185796 5.79114e-06 0.025478 0.0187556 0.0305692 0.0144719 0.0207576 0.0213322 0.00768768 0.0257661 0.0194833 0.0185316 0.00453083 0.0159117 0.00301934
internal_weight=12188.2 8386.04 5170.1 248.3 4921.8 3215.94 4873.95 3178.76 74.2724 47.8533 3034.97 746.99 180.967 728.331 126.207 3104.49 144.078 1695.19 670.776 78.9018 144.732 129.149 647.729 166.84 602.125 2960.41 2745.78 337.174 285.336 179.09
internal_count=86414 85801 62460 48413 14047 23341 13585 10928 957 462 9026 5119 14315 4273 3545 9971 395 2657 2292 2259 9279 8434 1535 733 728 9576 9373 2888 1942 1736
is_linear=0
shrinkage=0.03


Tree=65
num_leaves=31
num_cat=0
split_feature=73 55 26 60 56 65 56 0 65 73 73 73 62 55 55 8 57 73 0 73 72 56 72 60 65 73 56 20 55 55
split_gain=286.959 256.613 118.761 117.319 105.81 100.315 99.0428 157.279 118.193 174.945 94.1151 87.5673 103.951 133.529 121.285 180.167 325.444 140.499 99.1408 103.433 86.272 80.5988 76.3718 75.6176 75.3147 74.8215 72.6326 63.7977 119.32 61.8705
threshold=0.77983000000000013 0.0066168109075340131 1.0000000180025095e-35 1.5000000000000002 0.0016370956852815514 498.50000000000006 0.0039470903806293018 8.9500000000000011 229.50000000000003 0.32766500000000004 0.53825500000000015 0.104785 1.0000000180025095e-35 0.077177660430596665 0.015259018883957556 1.0000000180025095e-35 1.5000000000000002 0.073035000000000017 7.9500000000000011 0.073035000000000017 1.0000000180025095e-35 0.020591400204650768 1.0000000180025095e-35 1.5000000000000002 608.50000000000011 0.019515000000000001 0.079010979990600375 1.0000000180025095e-35 0.068361472679930133 0.00072278150876777675
decision_type=2 2 2 2 2 2 2 2 2 2 2 2 2 2 2 2 2 2 2 2 2 2 2 2 2 2 2 2 2 2
left_child=1 2 5 4 -3 6 7 10 9 -8 23 12 14 -14 22 18 17 25 -16 -20 26 -13 -6 -1 -7 -17 -10 -27 -29 -11
right_child=-2 3 -4 -5 11 24 8 -9 20 29 -12 21 13 -15 15 16 -18 -19 19 -21 -22 -23 -24 -25 -26 27 -28 28 -30 -31
leaf_value=0.03080227929154496 0.031240480515506746 -0.034178701681728187 -0.050244150646189964 0.029458271934908232 0.027184748190870706 -0.050780759752434956 -0.041668325236584626 -0.046722181178861386 0.016672368608395157 0.036601429357471349 -0.057773749170760974 0.017608996684828373 -0.041874360153810908 0.03100063649288809 0.023015982919317876 -0.035464954558070194 -0.060919704095307441 -0.066347894389386208 -0.059940517010971264 0.024851795481835397 -0.059919945192699768 0.029090337763807525 -0.054699694727000932 -0.038730644303882449 0.00024650624572919319 0.024176791530721348 -0.11728736808641338 -0.07003685984405271 0.030853650780095838 -0.0054363356713847026
leaf_weight=497.83541291730944 3693.955590326339 30.21799856913276 27.939786426373757 2158.0522846390959 948.88406391616445 35.396430633089039 97.336201411962975 26.520108551718295 561.47375268727774 51.282138854265213 10.63774988055229 835.08570384490304 57.545743049995508 35.98028247221373 736.66619356046431 24.596976659726351 73.855924264411442 20.111401557922363 26.5205035477411 23.651653863489628 12.89967385609634 1650.8540824726224 9.4684665065724385 13.667194815003311 91.389355625491589 235.97812706814148 2.6805836339481166 18.695785928051919 21.837848001159728 78.763152092695236
leaf_count=10930 617 2719 3010 3355 14087 2953 14458 1719 12921 7 49 866 5982 26 2255 1445 1159 107 509 13 142 404 111 2113 3653 390 21 178 12 142
internal_value=0.0242651 0.0212001 0.00997813 0.0236477 0.0210022 0.0111483 0.0135402 0.0233581 0.00682326 -0.0114612 0.0270001 0.0213626 0.0170359 -0.0138073 0.0183895 0.0119426 -0.00458024 0.00852237 0.020234 -0.0202641 0.0140354 0.0252421 0.0263196 0.0288724 -0.0142853 0.0137261 0.0158295 0.0182139 -0.0162471 0.0112937
internal_weight=12109.8 8415.82 1507.82 6908 4749.95 1479.88 1353.1 548.66 804.436 227.381 522.14 4719.73 2233.79 93.526 2140.27 1181.91 395.076 321.22 786.838 50.1722 577.054 2485.94 958.353 511.503 126.786 301.109 564.154 276.512 40.5336 130.045
internal_count=86353 85736 52118 33618 30263 49108 42502 14811 27691 14607 13092 27544 26274 6008 20266 6068 3291 2132 2777 522 13084 1270 14198 13043 6606 2025 12942 580 190 149
is_linear=0
shrinkage=0.03


Tree=66
num_leaves=31
num_cat=0
split_feature=73 56 70 73 4 22 56 60 55 65 73 36 25 63 31 65 65 73 55 56 55 55 65 65 65 73 56 73 56 56
split_gain=293.121 281.7 138.239 129.049 237.447 167.995 123.291 101.03 194.922 191.574 110.522 82.6672 81.3283 65.2618 93.0092 59.6164 96.9005 88.5796 56.558 51.092 45.0503 56.5463 194.672 52.5868 162.934 43.878 43.1851 88.0049 217.892 125.078
threshold=0.77983000000000013 0.023561139330300889 1.0000000180025095e-35 0.026605000000000004 1.0000000180025095e-35 1.0000000180025095e-35 0.0013997099996706566 1.0000000180025095e-35 0.0029021728080734686 144.50000000000003 0.012905000000000002 1.0000000180025095e-35 1.0000000180025095e-35 1.0000000180025095e-35 1.0000000180025095e-35 751.50000000000011 498.50000000000006 0.045905000000000008 0.0036999751382169113 0.039092439184851828 0.0015490702586549395 0.021765767382888639 196.50000000000003 239.50000000000003 288.50000000000006 0.0083150000000000012 0.0019941073967910724 0.011185000000000002 0.0022020675352604339 0.0028543105875636922
decision_type=2 2 2 2 2 2 2 2 2 2 2 2 2 2 2 2 2 2 2 2 2 2 2 2 2 2 2 2 2 2
left_child=1 2 6 4 5 12 -1 9 13 -8 -11 18 -3 14 -9 16 17 -12 -10 25 -19 22 -22 -24 -25 -6 -20 28 -28 -29
right_child=-2 3 -4 -5 19 -7 7 8 11 10 15 -13 -14 -15 -16 -17 -18 20 26 -21 21 -23 23 24 -26 -27 27 29 -30 -31
leaf_value=-0.035184131341971507 0.030900161007150047 -0.047296128826259852 -0.059819609411016647 0.027690944399098871 0.012857914106844399 0.032072767334018898 -0.043455663467662595 -0.041082053008872639 0.035081454049544644 -0.03158800263985613 -0.032661644393909742 -0.054509540289803121 0.0092506153305887424 0.015650927224249586 0.024225910691876473 0.03602835856299054 -0.051520592808401017 0.031497332747129181 0.032281088080851665 0.025909532865540975 -0.059540721046905852 0.03187903109553776 0.025043297460400502 -0.062965183502012606 0.012275043703781489 -0.04986984858013202 0.031565495537345147 -0.045239338670406491 -0.038684095253128679 0.020678678437522257
leaf_weight=43.324906826601364 3405.8060802780092 98.294778619077988 21.649785183428321 3731.841327579692 30.033127745380625 45.891549406806007 62.787768008827697 86.165562042559031 225.55010549875442 52.060782606364228 36.680247671611141 12.278144775889812 29.369877099059522 46.199232752900571 24.601610219571739 90.008873553713784 21.207402922678739 117.11977546254639 208.41197678400204 526.32521399564575 35.842578671639785 95.85671289707534 172.73833299230319 28.313943324959837 221.79049028106965 13.864939327817408 78.332760512363166 25.37676046253182 78.626635179971345 1802.5647176789353
leaf_count=6957 598 2697 687 1210 300 62 9745 12901 1549 17409 6401 198 245 178 242 306 761 116 3089 815 393 70 253 246 533 176 1425 575 9026 7200
internal_value=0.0235163 0.0203939 0.0141241 0.0254154 0.0139761 -0.0166787 0.0145896 0.0152117 0.0182642 0.00674631 0.0104083 0.0203565 -0.0343165 -0.0140663 -0.02649 0.0131113 0.0102384 0.0121575 0.0207589 0.0233192 0.01465 0.0110416 0.00662704 0.012363 0.00354038 -0.00762374 0.0192707 0.0178891 -0.00364718 0.0197393
internal_weight=11468.9 8063.11 3587.49 4475.62 743.779 173.556 3565.84 3522.51 2588.11 934.407 871.619 2431.14 127.665 156.966 110.767 819.558 729.549 708.342 2418.86 570.223 671.662 554.542 458.685 422.843 250.104 43.8981 2193.31 1984.9 156.959 1827.94
internal_count=86363 85765 80260 5505 4295 3004 79573 72616 36383 36233 26488 23062 2942 13321 13143 9079 8773 8012 22864 1291 1611 1495 1425 1032 779 476 21315 18226 10451 7775
is_linear=0
shrinkage=0.03


Tree=67
num_leaves=31
num_cat=0
split_feature=73 56 23 59 73 2 55 25 58 56 56 56 73 56 0 64 56 56 57 73 11 66 65 65 55 62 73 18 65 18
split_gain=326.726 331.764 237.007 133.118 129.514 193.56 127.618 118.803 101.06 111.532 94.6894 105.31 152.303 194.378 122.25 119.757 109.386 86.5933 85.7344 82.3525 80.5124 78.9839 115.198 248.671 132.904 122.678 81.2165 72.1674 128.572 61.1246
threshold=0.77983000000000013 0.022911396799314965 1.0000000180025095e-35 1.0000000180025095e-35 0.025995000000000001 1.0000000180025095e-35 0.0073991022256974679 1.0000000180025095e-35 4.5000000000000009 0.0029752212764485838 0.0013997099996706566 0.0039470903806293018 0.019515000000000001 0.0074326147304572326 8.9500000000000011 1.0000000180025095e-35 0.0043756935958853332 0.17666694414367556 4.5000000000000009 0.42477500000000007 1.0000000180025095e-35 1.0000000180025095e-35 341.50000000000006 211.50000000000003 0.06386747763884322 1.0000000180025095e-35 0.045905000000000008 1.0000000180025095e-35 1271.5000000000002 1.0000000180025095e-35
decision_type=2 2 2 2 2 2 2 2 2 2 2 2 2 2 2 2 2 2 2 2 2 2 2 2 2 2 2 2 2 2
left_child=1 2 10 6 5 18 8 17 9 -4 -1 14 13 -13 -12 16 -14 -7 -3 -16 -8 27 23 25 -25 -23 -24 28 -18 -22
right_child=-2 4 3 -5 -6 7 20 -9 -10 -11 11 12 15 -15 19 -17 21 -19 -20 -21 29 22 26 24 -26 -27 -28 -29 -30 -31
leaf_value=-0.035088588165845182 0.030940805496474631 0.024324336752621373 0.014208463024736721 -0.043282048890800784 0.02756083665385662 -0.046584478360114638 -0.048301526252178109 0.023193200270251992 0.036278989602561366 -0.044557451268529821 0.027903356215824411 -0.036205650910242658 -0.056763286280479823 0.025997315034998119 -0.042060793249441189 -0.050801239452952007 -0.045943190581240571 0.013461768043537633 -0.041999166548360937 0.016555515189758629 0.025506672572773188 0.018368540336161879 -0.039783489911470862 -0.067316100018375832 0.028060787345144181 -0.055841817048951525 0.024254064266287449 0.023436453340071533 0.038046853139719894 -0.052658340678662485
leaf_weight=31.285896761692129 3593.3877155873924 531.40020068059675 39.453178309486248 75.572625375760254 3861.3936571124941 85.842552278190851 15.129882961395195 50.391937038162723 24.532288477406837 105.28320304589579 905.77936305053299 118.69221232662676 17.345667252724525 71.768956079613417 37.77598236547783 23.357863058918156 36.250543879054021 28.270221804501489 17.258204587269574 47.751759916543961 178.43180871463846 211.60017181909643 17.991394517710432 66.549742265604436 15.730762013234196 21.164620776195079 319.5020148253534 1102.4121330439812 28.346873641712591 8.5644107424886879
leaf_count=4757 615 1170 3494 8774 1263 2592 1360 247 14 16992 9820 21488 408 1383 2310 285 1006 78 291 39 1996 565 454 926 8 440 325 2775 10 425
internal_value=0.0234088 0.0200619 0.0131325 -0.00726593 0.0253903 0.0136158 0.00015929 -0.0148609 -0.0189973 -0.0285511 0.0161005 0.0166383 0.0127466 -0.0127532 0.0246681 0.0153628 0.0162314 -0.0317209 0.0221655 -0.00952109 0.0162164 0.016958 0.00858047 -0.00446222 -0.0489635 0.0114108 0.0207328 0.021631 -0.00906823 0.0216657
internal_weight=11688.2 8094.83 3520.27 446.967 4574.56 713.163 371.395 164.505 169.269 144.736 3073.31 3042.02 2050.71 190.461 991.307 1860.25 1836.89 114.113 548.658 85.5277 202.126 1819.55 652.539 315.045 82.2805 232.765 337.493 1167.01 64.5974 186.996
internal_count=86310 85695 80054 33055 5641 4378 24281 2917 20500 20486 46999 42242 30073 22871 12169 7202 6917 2670 1461 2349 3781 6509 2718 1939 934 1005 779 3791 1016 2421
is_linear=0
shrinkage=0.03


Tree=68
num_leaves=31
num_cat=0
split_feature=73 56 70 73 4 22 55 55 65 11 65 26 65 56 56 73 56 8 65 65 60 65 73 58 55 65 52 55 56 2
split_gain=324.508 307.888 131.494 124.334 163.929 306.297 117.524 289.683 99.4902 90.6664 112.059 88.822 167.172 85.757 84.8711 144.112 93.1424 78.4837 64.7607 64.2613 60.4298 117.12 98.1848 120.477 67.7659 121.735 52.4711 100.186 49.4056 43.709
threshold=0.77983000000000013 0.023561139330300889 1.0000000180025095e-35 0.025995000000000001 1.0000000180025095e-35 1.0000000180025095e-35 0.06386747763884322 0.031781826281211616 1271.5000000000002 1.0000000180025095e-35 304.50000000000006 1.0000000180025095e-35 368.50000000000006 0.0013997099996706566 0.0019941073967910724 0.0051650000000000003 0.0027928750166438913 1.0000000180025095e-35 373.50000000000006 74.500000000000014 1.0000000180025095e-35 138.50000000000003 0.14175000000000001 1.0000000180025095e-35 0.0021628711448338938 102.50000000000001 1.0000000180025095e-35 0.013203819495353141 0.02231702036974894 1.0000000180025095e-35
decision_type=2 2 2 2 2 2 2 2 2 2 2 2 2 2 2 2 2 2 2 2 2 2 2 2 2 2 2 2 2 2
left_child=1 2 6 4 5 -3 7 11 -9 10 -6 13 -13 -1 17 -16 19 -15 -14 -17 21 -18 23 26 25 -22 27 -23 -26 -24
right_child=-2 3 -4 -5 9 -7 -8 8 -10 -11 -12 12 18 14 15 16 20 -19 -20 -21 24 22 29 -25 28 -27 -28 -29 -30 -31
leaf_value=-0.034574222470724982 0.030599558818857914 -0.045348345739173915 -0.059554110240403586 0.026970145089598208 -0.042601123527703552 0.035223234885909338 0.033799170761523306 -0.056443009585426251 0.02285549272248279 0.026684481620167042 0.026782389667994622 -0.057102959698517627 0.036586104332188125 0.034127750441476423 -0.030371517201304161 0.025524592077067629 -0.043211700193559167 -0.033014697868558443 -0.048436834805212527 -0.043862983831226769 0.037208384511321899 -0.035677205865186835 0.03273511067666264 -0.039195772688765722 0.019466646789706766 -0.043124433276965753 0.042592773586434297 0.025905519009979599 -0.059339616346903649 0.012437869256589247
leaf_weight=31.321165683155414 3319.5647686775774 101.8305970687652 21.573818439792376 3606.1676377467811 40.390296733356081 71.400193474953994 230.30329106142744 72.55004223564174 17.071568934246898 450.13376453053206 41.469287058804184 44.491526633559261 43.122268462204374 266.52251882263226 66.432617711310741 16.20411979657365 37.362890485266689 15.871698617876971 8.9581117042689566 40.104372852423694 27.35753017780371 41.852741470327601 123.61041182652116 69.13710664230166 1703.5475631797453 41.422443443618249 31.64237915771082 52.409766001801472 6.2494122579228124 420.82831234158948
leaf_count=6127 603 2928 704 1223 547 74 295 2212 21 666 87 3206 25 2843 17126 79 4972 2874 894 3095 120 6754 31 9578 13835 4296 49 350 134 645
internal_value=0.022749 0.0193791 0.0126654 0.024716 0.0131678 -0.0121278 0.0131399 0.0116326 -0.0412523 0.0214119 -0.00755307 0.0131801 -0.0150225 0.0140951 0.0146215 0.0129628 0.0140763 0.0302509 0.0213247 -0.0237981 0.0149198 0.00792453 0.0105631 -0.00767186 0.0179691 -0.0110964 0.00981106 -0.00152482 0.0191441 0.0170978
internal_weight=11060.9 7741.34 3429.95 4311.39 705.224 173.231 3408.37 3178.07 89.6216 531.993 81.8596 3088.45 96.5719 2991.88 2960.56 2678.16 2611.73 282.394 52.0804 56.3085 2555.42 776.844 739.481 195.042 1778.58 68.78 125.905 94.2625 1709.8 544.439
internal_count=86393 85790 80265 5525 4302 3002 79561 79266 2233 1300 634 77033 4125 72908 66781 61064 43938 5717 919 3174 40764 22379 17407 16731 18385 4416 7153 7104 13969 676
is_linear=0
shrinkage=0.03


Tree=69
num_leaves=31
num_cat=0
split_feature=73 55 65 55 73 32 62 64 37 39 55 56 56 55 31 56 65 4 72 73 65 60 65 59 2 59 56 56 55 55
split_gain=305.237 242.917 138.777 211.592 131.483 159.818 135.07 111.701 100.795 86.4923 85.4847 82.9553 73.8101 72.4469 71.453 66.9366 80.2077 63.6592 104.461 95.0287 101.438 80.7903 80.2339 63.4852 56.6304 135.975 171.547 74.7661 226.484 74.3121
threshold=0.77983000000000013 0.0069782869163078536 194.50000000000003 0.00070332916830404132 0.09141500000000001 1.0000000180025095e-35 1.0000000180025095e-35 1.0000000180025095e-35 1.0000000180025095e-35 1.0000000180025095e-35 0.0068988356286288468 0.17666694414367556 0.079010979990600375 0.000661284296626267 1.0000000180025095e-35 0.0029614265517496591 308.50000000000006 1.0000000180025095e-35 1.0000000180025095e-35 0.017965000000000005 829.50000000000011 1.0000000180025095e-35 425.50000000000006 1.5000000000000002 1.0000000180025095e-35 1.0000000180025095e-35 0.032660197162707801 0.0072401483730347776 0.0068272023513347773 0.0053775539794239388
decision_type=2 2 2 2 2 2 2 2 2 2 2 2 2 2 2 2 2 2 2 2 2 2 2 2 2 2 2 2 2 2
left_child=1 2 3 -1 5 6 7 17 14 -8 12 -9 13 -4 -5 16 -6 18 19 20 -3 -19 -23 -24 29 27 -27 -26 -29 -15
right_child=-2 4 10 8 15 -7 9 11 -10 -11 -12 -13 -14 24 -16 -17 -18 21 -20 -21 -22 22 23 -25 25 26 -28 28 -30 -31
leaf_value=0.028707578632766129 0.030575176748050183 -0.032357539076952629 -0.040058397267480395 -0.047249163291098462 -0.053057338884730777 -0.048600225470599619 -0.045493714064739031 -0.059957345293555418 0.028276389198673511 0.031641503542365508 -0.051503282730655103 0.031021648674323062 -0.1030176868905362 0.027383017949415386 0.013214798946218024 0.027048095316559977 0.020467256722792756 -0.037914453395304304 -0.068560552836952643 0.018639753298141031 0.030965348140054565 0.026710339624553922 -0.05022960965695053 0.031177065313352275 0.01945191262305028 -0.043946364907271905 0.026425162308984607 -0.058726592429238188 0.044704644789709605 -0.0065416369388141956
leaf_weight=80.457123404892627 3381.8950022645295 67.96625542093534 20.673704766959418 127.63329269288806 19.773185733007267 31.40286311507225 46.448991683602799 26.37125101138372 22.395691215118859 17.253029313636944 17.205549506645184 12.696438789367674 3.8470323730725786 451.42183076124638 19.934569444973022 3297.4745815442875 36.43512788740918 17.4552507547196 12.20425176527351 1231.4960257722996 33.061901526292786 1334.619685594691 21.360421453253366 13.175741316750644 580.90274956321809 81.910527484607883 49.12431975081563 41.283217886462808 33.727823172463104 66.28379317233339
leaf_count=2800 609 10467 3085 17394 191 619 4636 365 178 38 1322 1 28 5915 298 1362 95 1027 111 3311 426 5636 703 4 14384 7092 55 2234 52 2070
internal_value=0.0230415 0.0197782 0.00933254 -0.0111414 0.0224582 0.0177265 0.0184783 0.0194735 -0.0300627 -0.0244363 0.0131461 -0.0303542 0.014021 0.0144381 -0.0390473 0.0264947 -0.00587285 0.0201971 0.0155242 0.0163451 -0.0115345 0.0247144 0.0255399 -0.0191691 0.0153317 0.010241 -0.0175641 0.015814 -0.0122437 0.0230353
internal_weight=11197.9 7816 1596.8 250.421 6219.2 2865.51 2834.11 2770.41 169.964 63.702 1346.38 39.0677 1329.17 1325.33 147.568 3353.68 56.2083 2731.34 1344.73 1332.52 101.028 1386.61 1369.16 34.5362 1304.65 786.949 131.035 655.914 75.011 517.706
internal_count=86508 85899 56907 20670 28992 27344 26725 22051 17870 4674 36237 366 34915 34887 17692 1648 286 21685 14315 14204 10893 7370 6343 707 31802 23817 7147 16670 2286 7985
is_linear=0
shrinkage=0.03


Tree=70
num_leaves=31
num_cat=0
split_feature=73 60 73 56 55 52 73 57 56 18 0 14 2 73 0 55 57 73 8 0 2 73 0 56 0 73 2 68 56 55
split_gain=466.001 220.187 143.968 186.851 125.062 102.795 102.705 168.251 101.028 154.143 97.7391 93.5426 92.1542 187.229 94.8218 86.6275 82.0938 135.059 80.1158 150.262 149.056 78.872 145.906 72.4746 69.6521 61.8109 89.7267 83.9083 94.599 60.1689
threshold=0.09141500000000001 1.0000000180025095e-35 0.89998500000000015 0.020591400204650768 0.0021628711448338938 1.0000000180025095e-35 0.025995000000000001 4.5000000000000009 0.023561139330300889 1.0000000180025095e-35 8.8500000000000032 1.0000000180025095e-35 1.0000000180025095e-35 0.12170000000000002 6.0500000000000007 0.0035825669712940523 2.5000000000000004 0.32766500000000004 1.0000000180025095e-35 5.4500000000000011 1.0000000180025095e-35 0.0069850000000000008 6.4500000000000011 0.0093449173492394354 8.7500000000000018 0.027165000000000005 1.0000000180025095e-35 1.0000000180025095e-35 0.0070793993871210567 0.0033897661317019196
decision_type=2 2 2 2 2 2 2 2 2 2 2 2 2 2 2 2 2 2 2 2 2 2 2 2 2 2 2 2 2 2
left_child=1 5 3 12 -3 11 7 10 9 -8 15 -1 16 -14 23 29 17 -2 20 -20 21 22 -17 -15 -21 -11 -27 28 -28 -6
right_child=2 4 -4 -5 6 -7 8 -9 -10 25 -12 -13 13 14 -16 18 -18 -19 19 24 -22 -23 -24 -25 -26 26 27 -29 -30 -31
leaf_value=-0.028072251189575594 -0.068315876522671709 -0.033333891614492898 0.031932301520010843 0.028331200346367481 -0.031315299972177746 0.038024609344674831 -0.042306240428577883 -0.041577491510974118 0.025032957231255853 0.036557640719099588 -0.038048011053908946 0.011348827723433317 -0.049485038321804127 -0.056611438173911802 0.016108586841421087 0.025157838435696953 0.035919494291905989 0.021858519062505792 0.024557953748861803 -0.038784795994055453 -0.038131563242525791 0.024123204784241493 -0.039642910652129236 0.026458524958388373 0.013417719729864375 0.024075915127473368 -0.039063595654388439 0.037238562030960848 0.0051339488559342897 0.041320176363850838
leaf_weight=205.1151083977893 17.715272499015555 46.947405258018989 2419.8814383167773 2659.822978079319 10.4822978755692 32.364014176302589 46.423892956459895 56.671991326846182 1183.1994508504868 90.847851728089154 34.226547106867656 72.862123063649051 40.4899366084137 27.668711201054975 1716.8576484882506 72.112851132114884 335.07351609226316 73.316126495599747 83.351733691582922 99.384130210091826 44.002687913307454 473.24177146470174 53.649653170956299 13.378790199756621 29.286576996790245 193.72194129496347 70.969636530615389 36.012643862515688 110.00564219127409 121.64141356933396
leaf_count=28308 162 12751 315 678 3114 220 1153 2322 539 182 2251 9068 439 161 2069 2242 84 41 1562 7144 4528 1069 2993 4 845 474 1082 34 269 404
internal_value=0.0217707 0.0121528 0.025938 0.0229623 0.0147605 -0.0118173 0.0155759 0.00829565 0.020102 0.00942896 0.0111009 -0.0177357 0.0165329 0.0135471 0.0150262 0.0128417 0.0290736 0.00375839 0.00932398 -0.00664482 0.0145916 0.0185217 -0.0025805 -0.0295508 -0.0268912 0.0142922 0.00929031 -0.00395984 -0.0123176 0.0353655
internal_weight=10470.7 3166.52 7304.2 4884.32 2856.18 310.341 2809.23 1078.05 1731.18 547.982 1021.38 277.977 2224.5 1798.4 1757.91 987.153 426.105 91.0314 855.029 212.022 643.007 599.004 125.763 41.0475 128.671 501.558 410.71 216.988 180.975 132.124
internal_count=86507 82554 3953 3638 44958 37596 32207 28474 3733 3194 26152 37376 2960 2673 2234 23901 287 203 20383 9551 10832 6304 5235 165 7989 2041 1859 1385 1351 3518
is_linear=0
shrinkage=0.03


Tree=71
num_leaves=31
num_cat=0
split_feature=73 55 20 55 73 55 0 0 73 73 55 24 64 73 62 65 32 65 55 55 0 73 73 0 55 73 60 47 55 73
split_gain=296.358 197.952 133.119 167.464 125.863 118.994 106.381 214.551 112.601 158.327 93.4115 88.7429 77.587 76.5281 69.7672 111.174 61.9412 61.7233 61.3066 61.0903 56.8262 54.1403 51.0146 122.023 86.2741 111.178 49.2964 48.5311 48.4249 93.7373
threshold=0.77983000000000013 0.0069782869163078536 1.0000000180025095e-35 0.0066168109075340131 0.09141500000000001 0.0068272023513347773 7.5500000000000007 7.1500000000000012 0.041535000000000009 0.032685000000000006 0.0066746296630805562 1.0000000180025095e-35 1.0000000180025095e-35 0.066180000000000017 1.0000000180025095e-35 215.50000000000003 1.0000000180025095e-35 58.500000000000007 0.0021628711448338938 0.077177660430596665 4.3500000000000005 0.0045350000000000008 0.019515000000000001 7.8500000000000005 0.028894404390139527 0.010585000000000002 1.5000000000000002 1.0000000180025095e-35 0.030810663257538635 0.026605000000000004
decision_type=2 2 2 2 2 2 2 2 2 2 2 2 2 2 2 2 2 2 2 2 2 2 2 2 2 2 2 2 2 2
left_child=1 2 5 20 6 12 7 11 9 -9 -5 13 14 17 21 -16 22 -3 -17 -18 -4 -1 23 24 -8 -26 -6 -23 -19 -30
right_child=-2 4 3 10 26 -7 16 8 -10 -11 -12 -13 -14 -15 15 18 19 28 -20 -21 -22 27 -24 -25 25 -27 -28 -29 29 -31
leaf_value=-0.029016206597564976 0.030089538051493628 -0.045500210161473133 0.010437770487238313 0.056023697909285179 0.023360320811986336 -0.050349725524466364 0.026313883699842073 -0.044896232357258377 -0.071585052088629114 0.022919811906924693 -0.042556876104543645 -0.044504255185297346 -0.043277266301771825 -0.083266511358228809 -0.04571387695676854 -0.047748273814462949 -0.045118157264897256 0.02365078432634363 0.01408798870952897 0.027046874145246539 -0.042923456491498958 0.019091596047157135 0.024265780582520151 -0.034679402434996787 -0.045988974348000804 0.015879317413183158 0.031735389860209851 -0.057306735544729689 0.012544508916557159 -0.070539404874065639
leaf_weight=21.039645117707551 3140.40449343808 12.348310692468656 21.371461518399883 35.412517065473367 2289.3996620352846 25.464978164935019 298.26844229910057 59.435456848470494 33.636472422280349 62.672952836728655 10.536032583913764 20.605664226575755 20.107664200128056 5.7498124099802217 39.159108624153305 14.722488405415787 24.314782029832713 501.41287043824559 177.7867450377089 17.239166490733624 101.23601176164811 1143.2615638561547 1442.7814865572145 43.267772501567379 37.423656865023077 80.816660312586464 890.95079194381833 6.5926267532631746 82.229594650445506 13.324881911743431
leaf_count=6586 605 432 1818 125 1449 2026 2006 3392 260 163 1102 3152 977 50 6407 1105 451 7740 3720 7 14762 18295 2413 4854 1015 237 196 239 955 146
internal_value=0.0223436 0.0191107 0.0097989 -0.0153683 0.0216533 0.0127368 0.0169226 0.00763706 -0.0238184 -0.0101858 0.0329941 0.0153692 0.0139006 0.0174441 0.0147506 -0.000291422 0.0206968 0.0185293 0.00913664 -0.0152476 -0.033613 0.0177244 0.0214894 0.0127434 0.017741 -0.00392377 0.0257158 0.0186042 0.0199276 0.00034805
internal_weight=10673 7532.57 1616.69 168.556 5915.88 1448.13 2735.53 791.416 155.745 122.108 45.9485 635.671 1422.67 615.065 1402.56 231.668 1944.11 609.316 192.509 41.5539 122.607 1170.89 1902.56 459.777 416.509 118.24 3180.35 1149.85 596.967 95.5545
internal_count=86685 86080 57162 17807 28918 39355 27273 16290 3815 3555 1227 12475 37329 9323 36352 11232 10983 9273 4825 458 16580 25120 10525 8112 3258 1252 1645 18534 8841 1101
is_linear=0
shrinkage=0.03


Tree=72
num_leaves=31
num_cat=0
split_feature=73 60 56 73 55 55 26 56 73 73 73 56 64 13 55 23 73 55 73 73 56 4 73 15 56 55 55 73 73 55
split_gain=293.814 194.418 128.861 205.155 120.93 204.601 139.859 118.817 117.949 117.859 106.411 115.682 106.34 97.4719 82.1358 75.0352 133.931 97.0951 77.5279 73.2601 72.0859 63.3567 156.587 96.8118 92.3503 75.9672 65.879 63.6295 62.5512 158.174
threshold=0.89998500000000015 1.5000000000000002 0.022911396799314965 0.09141500000000001 0.048763003506173415 0.031781826281211616 1.0000000180025095e-35 0.0039470903806293018 0.77983000000000013 0.0079950000000000021 0.012905000000000002 0.0074326147304572326 1.0000000180025095e-35 1.0000000180025095e-35 0.0069782869163078536 1.0000000180025095e-35 0.66771000000000014 0.0087812165602526738 0.16886000000000004 0.77983000000000013 0.00078054427200581185 1.0000000180025095e-35 0.032685000000000006 1.0000000180025095e-35 0.036580011770314246 0.012237203456119618 0.027897052336334126 0.024385 0.014165000000000002 0.027768086900342593
decision_type=2 2 2 2 2 2 2 2 2 2 2 2 2 2 2 2 2 2 2 2 2 2 2 2 2 2 2 2 2 2
left_child=1 2 4 14 5 6 7 13 -8 -3 11 -9 15 -1 -4 -12 17 -17 -19 -7 -15 22 23 27 26 -24 -23 -16 29 -26
right_child=-2 9 3 -5 -6 19 8 10 -10 -11 12 -13 -14 20 21 16 -18 18 -20 -21 -22 24 25 -25 28 -27 -28 -29 -30 -31
leaf_value=-0.04710444511881088 0.03164921592341003 -0.035093262452999811 -0.055378682384499958 0.027166124479467695 0.031231135611798608 -0.053374397378801952 -0.055355266984702466 -0.034163879549962028 0.0205249017373931 0.027650108577147076 0.014133205326707341 0.023950164716310833 -0.053877116243885526 -0.034817027770403942 -0.042473934995697064 -0.046806626427112391 0.02168526744306714 -0.04472089224558766 0.024038870420661093 0.020498728365401474 0.024115264977629693 0.014784930415905454 0.029284247148556104 -0.057089033986829942 0.031460642135441114 0.0010407174381777079 -0.067071365069457406 0.016514141394066515 0.029082431355525896 -0.047351674269587092
leaf_weight=17.329380706651136 2222.6714497525245 26.464361444115639 16.06169259280432 1820.7831355035305 281.21601541701239 58.551067775988486 49.086569054983556 98.639172857510857 28.503861412405968 2214.0073276176117 1440.384718614514 43.802599567454308 21.703252429899294 18.224935995414853 23.686958742968272 72.513562502659624 104.9605415686965 20.287153930810746 47.137414421886206 14.582732513546942 919.64988645451376 16.455183618469164 153.9045782238245 50.500794779509306 59.144436572445557 192.04837507009506 17.422021611128002 48.398619540035725 327.1120160035789 36.02972536534071
leaf_count=3157 303 3793 328 530 570 1844 4058 29547 14 4911 9617 1335 354 2752 922 3350 60 600 28 7 16204 90 42 1050 156 257 162 52 83 324
internal_value=0.0219655 0.0193494 0.0165274 0.0212897 0.0124587 0.0106625 0.0119246 0.0130267 -0.0275732 0.0268937 0.00858137 -0.0162507 0.0106618 0.0216156 0.00989945 0.0115244 -0.00381438 -0.0229585 0.00299876 -0.0385664 0.0229342 0.0110919 0.00333149 -0.0256736 0.0190381 0.0136536 -0.0280274 -0.00318499 0.0228712 0.00144283
internal_weight=10461.3 8238.59 5998.12 2761.55 3236.57 2955.36 2882.22 2804.63 77.5904 2240.47 1849.43 142.442 1706.99 955.204 940.764 1685.28 244.899 139.938 67.4246 73.1338 937.875 924.703 468.539 122.586 456.163 345.953 33.8772 72.0856 422.286 95.1742
internal_count=86500 86197 77493 3996 73497 72927 71076 67004 4072 8704 44891 30882 14009 22113 3466 13655 4038 3978 628 1851 18956 3138 2323 2024 815 299 252 974 563 480
is_linear=0
shrinkage=0.03


Tree=73
num_leaves=31
num_cat=0
split_feature=73 56 55 60 64 36 73 0 62 73 0 56 56 56 56 73 73 55 55 56 8 73 55 55 56 55 55 71 65 59
split_gain=272.539 256.693 183.951 137.615 121.253 111.556 107.587 199.197 90.2373 199.928 92.8589 190.461 72.0806 70.3406 67.7934 57.8171 56.5289 56.021 75.4241 52.6451 137.674 128.079 120.515 89.4541 73.0689 66.1414 140.579 139.977 62.19 59.7961
threshold=0.89998500000000015 0.023561139330300889 0.0069782869163078536 1.5000000000000002 1.0000000180025095e-35 1.0000000180025095e-35 0.025995000000000001 7.9500000000000011 1.0000000180025095e-35 0.12170000000000002 8.9500000000000011 0.0072401483730347776 0.00078054427200581185 0.036580011770314246 0.0034245551013037472 0.0026450000000000002 0.051885000000000008 0.006065409998572845 0.0059228531034993181 0.0022020675352604339 1.0000000180025095e-35 0.010255000000000002 0.0035378959508221264 0.0033897661317019196 0.0025911217181607952 0.048763003506173415 0.031781826281211616 1.0000000180025095e-35 51.500000000000007 2.5000000000000004
decision_type=2 2 2 2 2 2 2 2 2 2 2 2 2 2 2 2 2 2 2 2 2 2 2 2 2 2 2 2 2 2
left_child=1 4 3 16 5 8 7 13 12 -10 -11 -12 -1 -4 -6 -14 -3 18 -7 20 -17 22 23 -21 -23 26 29 -28 -22 -26
right_child=-2 2 6 -5 14 17 -8 -9 9 10 11 -13 15 -15 -16 19 -18 -19 -20 21 28 24 -24 -25 25 -27 27 -29 -30 -31
leaf_value=-0.033853605748175059 0.031465023234549375 -0.047989944930461374 -0.043921275243180395 0.027599714554986336 0.0057516587314440214 -0.057523170789950041 0.027070485135349265 -0.046574866186747353 -0.037073203477997398 0.019394116234603975 -0.067293225480797914 0.014459248758073018 -0.0289157497348837 0.020005457063768047 -0.055202879256379081 0.034797306219564526 -0.15354327671556328 -0.0647422580604088 0.034002151689928262 -0.032093312466820866 0.030860423605815687 -0.045933490481931169 -0.036603337622826873 0.036320122237835699 0.018450168247926176 0.033087638190208761 -0.06266798291801165 0.023870965325638437 -0.042593249744931005 -0.052217686984526418
leaf_weight=23.79188965272624 2202.2361823618412 13.283468512701804 14.995509896893052 14.210381290176882 30.800311853177845 12.476088939467447 3732.3464712575078 44.800329336081631 87.940861015027622 362.24876180419233 36.364397706696764 80.979481711983681 23.004855376260821 589.12214675021823 33.76170903845923 345.05099723534659 7.3684514239430419 21.198774456104729 19.330504092678893 23.730781231017318 14.244219023734329 15.043780063686425 76.221844839747064 56.072245440736879 2316.2826613842044 251.26554385013878 38.191106715472415 28.740197045728564 32.182565111434087 9.8930878455284965
leaf_count=3688 312 311 1152 64 976 670 1203 1139 20354 388 242 86 7185 1598 689 2171 52 571 27 7850 16 616 14222 353 15896 217 597 15 3524 157
internal_value=0.0220716 0.0195922 0.0245596 -0.0432371 0.0140181 0.0146996 0.0251088 0.0138017 0.0153014 0.00425403 0.0118934 -0.0112301 0.0172264 0.0183487 -0.0264794 0.0176131 -0.0910027 -0.0281658 -0.00255761 0.0179558 0.0282786 0.0165109 -0.00985448 0.0158308 0.0180608 0.0184421 0.0168912 -0.0257039 -0.0198814 0.0181273
internal_weight=10557.2 8354.94 4416.13 34.8623 3938.82 3874.25 4381.26 648.918 3821.25 567.534 479.593 117.344 3253.72 604.118 64.562 3229.92 20.6519 53.0054 31.8066 3206.92 391.478 2815.44 156.025 79.803 2659.42 2644.37 2393.11 66.9313 46.4268 2326.18
internal_count=86341 86029 5519 427 80510 78845 5092 3889 77577 21070 716 328 56507 2750 1665 52819 363 1268 697 45634 5711 39923 22425 8203 17498 16882 16665 612 3540 16053
is_linear=0
shrinkage=0.03


Tree=74
num_leaves=31
num_cat=0
split_feature=71 56 56 64 24 56 58 56 60 59 60 57 65 65 20 11 58 57 57 58 56 56 57 28 63 56 69 65 57 65
split_gain=199.788 174.768 123.904 99.5908 80.0598 165.536 78.0655 110.498 63.4328 73.8511 90.9277 107.754 80.4566 129.939 84.4498 53.8124 154.078 50.744 50.6616 74.0484 104.771 50.2321 85.4606 49.6885 49.1135 47.7031 46.0248 40.2774 54.4438 53.3097
threshold=1.0000000180025095e-35 0.048022201973341977 0.0013997099996706566 1.0000000180025095e-35 1.0000000180025095e-35 0.011338004811851243 1.0000000180025095e-35 0.0414396605349414 1.5000000000000002 1.0000000180025095e-35 1.0000000180025095e-35 4.5000000000000009 209.50000000000003 243.50000000000003 1.0000000180025095e-35 1.0000000180025095e-35 2.5000000000000004 9.5000000000000018 7.5000000000000009 1.5000000000000002 0.036580011770314246 0.0093449173492394354 1.5000000000000002 1.0000000180025095e-35 1.0000000180025095e-35 0.0029021728080734686 1.0000000180025095e-35 751.50000000000011 1.5000000000000002 601.50000000000011
decision_type=2 2 2 2 2 2 2 2 2 2 2 2 2 2 2 2 2 2 2 2 2 2 2 2 2 2 2 2 2 2
left_child=1 2 -1 4 8 -6 7 -5 9 23 11 -11 21 -14 15 16 -15 -13 -10 20 -20 -12 -23 26 -16 -25 27 28 29 -4
right_child=-2 -3 3 6 5 -7 -8 -9 18 10 12 17 13 14 24 -17 -18 -19 19 -21 -22 22 -24 25 -26 -27 -28 -29 -30 -31
leaf_value=-0.037305098170422393 0.028868603673959086 0.025926983753306914 0.012184346054592952 -0.058808737578351734 -0.051587569167882763 0.018766162928431265 0.026157473501507343 0.012214001913550444 0.025375936998382677 -0.052248132451866505 0.027440142587248008 0.014492138372722433 -0.078768111825448614 -0.05885330838518224 -0.05505130905190727 0.016391997898880153 0.032911101728064142 -0.057201685528834215 -0.065664034620295589 0.028806943010267431 0.019196959319465967 0.013449186032963526 -0.068882011416870489 0.019531245709217552 0.014056109198375511 -0.049573989031824195 -0.05920296765097996 0.028956455243600257 0.020503183077526584 -0.04858593766633524
leaf_weight=37.966571470838971 2443.2262676203391 2310.5257883567829 850.90877645061119 43.912076390522998 45.620778315002099 83.99896337557584 33.850737490924075 34.622875763801858 1133.9051284997258 44.515895309014013 308.30112301127519 70.1399647880462 15.908004713710396 32.456280248414259 28.720271641446743 290.83686434093397 31.517708197236061 9.1611123479669896 24.441459339112043 49.832635204074904 26.265531945042312 86.964523726375774 12.029001434566451 16.148670333670452 12.938678970909676 18.172036304371431 5.901826449262443 308.35858684848063 1745.5202159731998 12.228326600044964
leaf_count=6941 1614 1596 23979 1200 10320 368 17 59 6142 5314 1613 1261 456 1015 1849 2162 3 328 508 33 77 203 149 304 42 1189 335 1549 14914 813
internal_value=0.0213855 0.0190156 0.0160624 0.016446 0.0170429 -0.00620081 -0.0114169 -0.0277378 0.0176307 0.0157463 0.0084251 -0.0154497 0.012046 0.00269231 0.00615079 0.0109186 -0.0138335 0.00560064 0.0235676 0.0031235 -0.022186 0.0214866 0.00285606 0.0180784 -0.0337612 -0.017426 0.0185011 0.0186786 0.017453 0.0112682
internal_weight=10168.9 7725.67 5415.14 5377.18 5264.79 129.62 112.386 78.535 5135.17 3900.73 943.489 123.817 819.672 412.378 396.47 354.811 63.974 79.3011 1234.44 100.54 50.707 407.295 98.9935 2957.24 41.659 34.3207 2922.92 2917.02 2608.66 863.137
internal_count=86353 84739 83143 76202 74926 10688 1276 1259 64238 57478 14395 6903 7492 5527 5071 3180 1018 1589 6760 618 585 1965 352 43083 1891 1493 41590 41255 39706 24792
is_linear=0
shrinkage=0.03


Tree=75
num_leaves=31
num_cat=0
split_feature=73 56 2 55 73 55 55 55 59 57 31 55 60 56 60 56 59 55 60 57 56 73 56 56 55 55 73 58 29 55
split_gain=288.199 281.155 132.151 147.028 105.948 103.352 106.815 212.799 117.756 128.41 108.861 97.0647 86.27 107.93 87.0043 81.353 86.5493 79.4658 73.402 72.7205 85.596 71.6199 118.026 195.266 121.65 86.8811 70.9343 177.819 168.489 122.96
threshold=0.77983000000000013 0.022911396799314965 1.0000000180025095e-35 0.06386747763884322 0.09141500000000001 0.034261678046376622 0.0055825586881825175 0.0035825669712940523 1.0000000180025095e-35 1.5000000000000002 1.0000000180025095e-35 0.0069782869163078536 1.5000000000000002 0.0030578462405835565 3.5000000000000004 0.014475206292182307 1.5000000000000002 0.031781826281211616 1.5000000000000002 5.5000000000000009 0.024051509200471031 0.045905000000000008 0.0039470903806293018 0.0074326147304572326 0.0090829550563634089 0.06386747763884322 0.32766500000000004 1.0000000180025095e-35 1.0000000180025095e-35 0.0090829550563634089
decision_type=2 2 2 2 2 2 2 2 2 2 2 2 2 2 2 2 2 2 2 2 2 2 2 2 2 2 2 2 2 2
left_child=1 2 15 5 11 6 7 8 9 -4 -9 -3 13 -8 -14 21 -17 26 19 -13 -21 22 24 25 -1 -24 27 29 -29 -15
right_child=-2 4 3 -5 -6 -7 12 10 -10 -11 -12 18 14 17 -16 16 -18 -19 -20 20 -22 -23 23 -25 -26 -27 -28 28 -30 -31
leaf_value=0.027487119701371694 0.029190838920773017 -0.052861808734551742 -0.042526759931419064 0.032749816305872509 0.027792135488789557 -0.060934132341492288 -0.040662126396907888 -0.051891134232889255 -0.042155724845459985 0.019048305535782118 0.018168069920022501 0.014629161178903153 0.027409800311045975 0.024039915749012139 -0.05668206963207547 -0.070662442394696545 0.029572023936717026 -0.053173753733786411 0.025081050203846655 0.023577069433720215 -0.06700268574928557 0.028407088097629443 -0.041632661428253469 0.029745222771722389 -0.043014217548792193 0.028328057093038726 0.017148562372678363 -0.038084233155719752 0.036964376472592826 -0.0082009929917233361
leaf_weight=352.63836604374228 2794.5280174985528 16.328853627550416 33.497034121188335 179.41536361817271 2119.743214584887 20.536911641480401 42.744040241348557 108.93553732664441 40.153260189632419 263.66157960036071 23.856437065289356 952.17840922769392 271.63987440662459 277.50130878936034 10.63064699526876 17.293523053405806 12.695872565731408 18.187395121902227 848.40585571969859 15.888025720953008 20.624240141478367 557.5654735667631 97.575063421041705 82.054815894225612 22.612538669258356 18.333147897385061 475.23006903380156 141.11209303193027 32.37046817218652 171.68656568502774
leaf_count=8476 611 401 7539 234 564 636 3171 10497 5248 6880 151 2707 1262 9125 346 297 3 331 1590 52 353 542 10132 536 1737 62 373 9145 540 3068
internal_value=0.0210035 0.0178419 0.0113241 0.0068481 0.0232052 0.00442671 0.00516055 -0.00724601 0.00543718 0.0119879 -0.0392631 0.017947 0.00920993 0.00557659 0.0240539 0.0194519 -0.0286437 0.00738226 0.0186048 0.0130278 -0.0280098 0.0207516 0.0132686 -0.00545723 0.0231357 -0.0304193 0.00843288 0.00176413 -0.0239492 0.0117261
internal_weight=10039.6 7245.1 3271.93 2111.16 3973.17 1931.74 1911.21 470.104 337.312 297.159 132.792 1853.43 1441.1 1158.83 282.271 1160.77 29.9894 1116.09 1837.1 988.691 36.5123 1130.78 573.214 197.963 375.251 115.908 1097.9 622.67 173.483 449.188
internal_count=86609 85998 80331 58546 5667 58312 57676 30315 19667 14419 10648 5103 27361 25753 1608 21785 300 22582 4702 3112 405 21485 20943 10730 10213 10194 22251 21878 9685 12193
is_linear=0
shrinkage=0.03


Tree=76
num_leaves=31
num_cat=0
split_feature=73 60 65 27 56 73 56 56 65 56 60 72 73 65 4 11 65 65 57 11 73 9 60 73 56 65 65 57 65 73
split_gain=289.101 202.864 186.249 141.245 130.261 109.478 124.843 85.5783 126.08 92.8388 70.3591 98.1118 97.8556 80.9083 115.03 78.4836 76.7888 117.142 106.356 70.0225 69.6323 68.5898 67.5729 82.1707 93.723 64.7649 95.6919 63.0731 165.888 64.0215
threshold=0.09141500000000001 1.0000000180025095e-35 751.50000000000011 1.0000000180025095e-35 0.0025014244426696769 0.89998500000000015 0.023561139330300889 0.0016476714740374251 1868.5000000000002 0.0012507313961251478 1.5000000000000002 1.0000000180025095e-35 0.0079950000000000021 144.50000000000003 1.0000000180025095e-35 1.0000000180025095e-35 425.50000000000006 697.50000000000011 1.5000000000000002 1.0000000180025095e-35 0.0069850000000000008 1.0000000180025095e-35 1.5000000000000002 0.12170000000000002 0.0050913009295631218 160.50000000000003 152.50000000000003 2.5000000000000004 199.50000000000003 0.021455000000000005
decision_type=2 2 2 2 2 2 2 2 2 2 2 2 2 2 2 2 2 2 2 2 2 2 2 2 2 2 2 2 2 2
left_child=1 2 25 10 7 6 22 9 -9 -2 13 12 -12 14 19 -16 -15 21 -19 -3 -17 -18 23 24 -6 26 -1 -14 -29 -30
right_child=4 3 -4 -5 5 -7 -8 8 -10 -11 11 -13 27 16 15 20 17 18 -20 -21 -22 -23 -24 -25 -26 -27 -28 28 29 -31
leaf_value=-0.034600212550660682 -0.047265913899140997 0.0028824491174343526 0.03566113631338251 -0.046351901354059789 0.013778647837999406 0.031387919811683949 0.027672372351713635 -0.070307528736060582 0.030128099942097149 0.027675777159288886 -0.034608567797129022 -0.093339713481744246 0.033726099157012177 0.019346199720919385 -0.050687208569076644 -0.039021268498574221 -0.048051164597550503 0.02283972059136568 -0.053788473151297075 -0.056058994703067619 0.021077578001272478 0.00037299154637565293 0.028982315524830625 0.016641642305701951 -0.056662156130071868 -0.032709141841925186 0.028419227391825577 -0.062494873468003038 0.00098647646259446926 0.026943422469250813
leaf_weight=38.839394944661763 17.562272936338559 29.758821816067211 64.414151430944912 31.145176971855108 38.502040927298367 1923.6436694711447 2379.0933665558696 31.528144926065579 16.490090563893318 74.710764869116247 24.272096517728642 5.5024783480912438 450.09306461992674 1275.3053516456275 16.643038237292785 18.269252877973486 50.003890032414347 181.31054756080266 16.954894032678567 45.089453423570376 180.08183877950069 54.376869683212135 403.37648169882596 1814.7787269117543 29.017078460427001 157.49113193672383 46.589532094250899 20.899315231130458 106.60361452482175 432.97759162110742
leaf_count=11525 246 1052 896 2195 108 272 636 241 4 45 3729 38 1610 20663 505 924 3628 1974 1169 2418 308 1767 188 1952 263 24091 1253 800 1524 474
internal_value=0.0211944 0.0138348 -0.00933195 0.0162595 0.0247429 0.0253519 0.0228566 -0.00383632 -0.0359056 0.0130583 0.0169458 0.023203 0.0239122 0.0134499 -0.00111568 0.0100493 0.0161244 0.00252931 0.0160497 -0.0328955 0.0153742 -0.0230606 0.0178341 0.0154309 -0.0168792 -0.0213599 -0.000300753 0.0253506 0.0185766 0.0218265
internal_weight=9975.32 3246.62 307.334 2939.29 6728.7 6588.41 4664.77 140.291 48.0182 92.273 2908.14 1040.35 1034.85 1867.79 289.842 214.994 1577.95 302.646 198.265 74.8483 198.351 104.381 2285.67 1882.3 67.5191 242.92 85.4289 1010.57 560.481 539.581
internal_count=86498 82543 37765 44778 3955 3419 3147 536 245 291 42583 8175 8137 34408 5207 1737 29201 8538 3143 3470 1232 5395 2511 2323 371 36869 12778 4408 2798 1998
is_linear=0
shrinkage=0.03


Tree=77
num_leaves=31
num_cat=0
split_feature=73 55 57 73 60 73 26 65 65 65 65 65 0 55 58 64 8 72 31 0 73 55 55 73 57 65 14 65 0 59
split_gain=303.602 200.216 122.124 123.827 117.619 108.259 100.923 97.6239 162.437 120.912 80.7077 134.999 74.1488 71.5967 66.25 65.9378 65.2184 87.137 158.08 76.2812 165.015 88.7089 60.1267 59.9176 132.252 88.0174 59.2757 58.9187 54.2193 103.863
threshold=0.77983000000000013 0.0069782869163078536 18.500000000000004 0.025995000000000001 1.5000000000000002 0.023885000000000003 1.0000000180025095e-35 476.50000000000006 751.50000000000011 780.50000000000011 192.50000000000003 140.50000000000003 5.4500000000000011 0.003521635503638119 1.0000000180025095e-35 1.0000000180025095e-35 1.0000000180025095e-35 1.0000000180025095e-35 1.0000000180025095e-35 8.3500000000000032 0.12170000000000002 0.030810663257538635 0.0060062908598989394 0.030765000000000004 1.5000000000000002 194.50000000000003 1.0000000180025095e-35 62.500000000000007 8.9500000000000011 1.0000000180025095e-35
decision_type=2 2 2 2 2 2 2 2 2 2 2 2 2 2 2 2 2 2 2 2 2 2 2 2 2 2 2 2 2 2
left_child=1 6 3 5 16 14 7 10 -9 -10 11 13 -12 -1 15 -3 -5 19 -19 20 21 23 -15 -18 -25 -26 -13 -23 -21 -30
right_child=-2 2 -4 4 -6 -7 -8 8 9 -11 12 26 -14 22 -16 -17 17 18 -20 28 -22 27 -24 24 25 -27 -28 -29 29 -31
leaf_value=-0.041082347630863443 0.029444193787658328 0.015172281229869413 -0.083310497833667937 0.024775576801086576 0.030103097731551801 -0.049205043445315358 -0.048855973649087753 -0.051004158400073343 0.038560145424436955 -0.043452692623819449 -0.038769882865348222 -0.047653824911125839 0.016508211555210924 0.02580745185028813 -0.035558249568494904 -0.045536668263635532 0.023392972327932623 -0.078619619987745151 0.02954117466327864 0.029200439899343265 0.020667343949621324 -0.0050941023807418179 -0.040141926211542792 -0.079433763079044484 -0.072864493090122912 0.0125765474636323 0.0097608088241587336 -0.07028875565823095 0.019418423070802878 -0.023512008066531274
leaf_weight=18.8614016964857 3006.2510046064854 964.56079368689097 9.1909249795135093 1337.6475283748005 1427.1528893182985 24.898411174537614 26.328794875356834 60.501114610058721 53.767192243307363 22.024267721630167 21.379414785624249 65.165099362493493 1059.0615477344254 131.66569968356634 23.789310135529377 15.431042478303423 57.415890925389249 22.950591937464196 23.905639156699181 485.09172316873446 367.52367014018819 20.267552203033119 12.837695710535625 21.361253311159089 11.447945612773763 83.616808324062731 21.024554767238442 32.159838108345866 672.89422820665641 54.013834738405421
leaf_count=4281 629 18485 73 1160 455 430 3325 5762 221 2126 6198 7630 20566 3197 4958 264 169 176 4 255 292 95 1968 211 133 213 1519 341 863 283
internal_value=0.0214423 0.0180732 0.0206527 0.0208367 0.0229345 0.0114072 0.00829245 0.00935121 -0.0147528 0.0144725 0.0118305 -0.00353497 0.0153795 0.0124865 0.0129581 0.0141709 0.0197192 0.016057 -0.0239727 0.0171084 0.00827979 -0.0118434 0.0197129 -0.00144441 -0.013788 0.00163613 -0.0336971 -0.0456527 0.0214234 0.0162005
internal_weight=10154.2 7147.94 5655.32 5646.13 4617.45 1028.68 1492.62 1466.29 136.293 75.7915 1330 249.554 1080.44 163.365 1003.78 979.992 3190.3 1852.65 46.8562 1805.79 593.793 226.269 144.503 173.842 116.426 95.0648 86.1897 52.4274 1212 726.908
internal_count=86282 85653 28860 28787 4650 24137 56793 53468 8109 2347 45359 18595 26764 9446 23707 18749 4195 3035 180 2855 1454 1162 5165 726 557 346 9149 436 1401 1146
is_linear=0
shrinkage=0.03


Tree=78
num_leaves=31
num_cat=0
split_feature=71 56 64 58 24 56 57 57 58 13 56 55 55 57 65 59 26 55 55 55 62 65 58 34 20 67 56 65 58 55
split_gain=167.162 110.011 172.669 147.079 60.626 107.327 97.0515 58.8136 122.543 60.3665 58.7517 41.6996 76.8469 80.284 286.988 123.445 64.7973 62.6826 51.6774 166.3 83.4689 95.5097 80.1354 60.1835 56.4122 54.0797 49.1536 103.514 42.8075 45.6198
threshold=1.0000000180025095e-35 0.048022201973341977 1.0000000180025095e-35 1.0000000180025095e-35 1.0000000180025095e-35 0.011338004811851243 61.500000000000007 11.500000000000002 1.5000000000000002 1.0000000180025095e-35 0.00078054427200581185 0.06386747763884322 0.029395112010871392 1.5000000000000002 194.50000000000003 1.0000000180025095e-35 1.0000000180025095e-35 0.0092217361296526232 0.02035367420542971 0.015677023898642627 1.0000000180025095e-35 172.50000000000003 1.5000000000000002 1.0000000180025095e-35 1.0000000180025095e-35 1.0000000180025095e-35 0.0035371064566473123 77.500000000000014 2.5000000000000004 0.0034659485706130546
decision_type=2 2 2 2 2 2 2 2 2 2 2 2 2 2 2 2 2 2 2 2 2 2 2 2 2 2 2 2 2 2
left_child=1 2 4 -4 7 6 -6 10 9 -9 -1 12 16 14 15 -14 18 -18 19 20 23 -22 25 -12 28 -21 -15 -28 29 -23
right_child=-2 -3 3 -5 5 -7 -8 8 -10 -11 11 -13 13 26 -16 -17 17 -19 -20 22 21 24 -24 -25 -26 -27 27 -29 -30 -31
leaf_value=-0.033178052857463149 0.027947235359023919 0.024496361744914659 -0.054652966793774661 0.025784968833558391 -0.052578512427784337 0.019179023259987115 0.030934362160892879 0.013751964262510789 0.026981324889078385 -0.062389994565882539 0.021017614752015936 0.029985130327615055 -0.067409003490553523 0.03211651322986217 -0.069630627169543477 0.019622702350625989 0.0038114579662920046 -0.073424880167092851 0.026063720040605007 -0.067030367126871798 -0.045420203700355606 0.020479063209040329 0.021017425729749056 -0.049572050698926298 -0.039400786042162544 -0.001707110230141824 -0.062112740593702594 0.01329616287652886 0.029695242873468263 -0.0087283120049399081
leaf_weight=19.26234459283296 2204.8596674088039 2026.5739020997426 55.209571381274145 31.412266076542437 47.368165844498435 91.861615475849248 16.150761649012566 12.596416810294611 48.06636872922536 32.339479318761732 2661.4051535686012 256.00984862342011 15.173209918895735 116.62349829182494 49.313659030362032 158.65687020873884 106.11557351000374 9.374447998357935 903.06572941917693 35.178273638302926 29.955486532126088 89.895789917616639 21.971518692560494 10.001737691171 18.618492537119891 16.73596840002574 16.226510676147882 340.63598246860784 94.058444779017009 101.42788818961708
leaf_count=3901 1605 1594 1761 15 11010 381 2 40 58 701 40043 323 430 194 785 501 3951 155 2308 910 5405 1363 26 819 3350 68 201 833 89 3608
internal_value=0.0206869 0.0185293 0.0162878 -0.0255218 0.0169735 -0.0014809 -0.0311936 0.0175291 -0.00605514 -0.0412112 0.0179628 0.0181644 0.0175271 0.00829871 -0.00651677 0.0116838 0.0190935 -0.00303439 0.0197358 0.0178722 0.0189675 0.00481028 -0.0263404 0.0207349 0.00989256 -0.0464019 0.0152799 0.00970334 0.0132348 0.00503026
internal_weight=9636.14 7431.28 5404.71 86.6218 5318.09 155.381 63.5189 5162.71 93.0023 44.9359 5069.71 5050.44 4794.43 696.63 223.144 173.83 4097.8 115.49 3982.31 3079.25 3005.36 333.956 73.8858 2671.41 304.001 51.9142 473.486 356.862 285.382 191.324
internal_count=86430 84825 83231 1776 81455 11393 11012 70062 799 741 69263 65362 65039 2944 1716 931 62095 4106 57989 55681 54677 13815 1004 40862 8410 978 1228 1034 5060 4971
is_linear=0
shrinkage=0.03


Tree=79
num_leaves=31
num_cat=0
split_feature=73 56 73 4 70 55 55 26 56 56 56 64 73 56 55 73 55 11 57 0 73 56 73 57 13 56 73 59 73 9
split_gain=303.189 166.865 170.65 180.169 129.54 99.6057 185.866 123.834 100.929 84.2714 79.352 86.6592 78.8294 157.024 74.8269 114.964 76.2004 72.3448 68.6545 67.0382 69.6022 52.7225 50.7171 50.1778 45.0184 42.4258 40.4644 38.9766 179.458 87.7567
threshold=0.77983000000000013 0.022911396799314965 0.025995000000000001 1.0000000180025095e-35 1.0000000180025095e-35 0.048763003506173415 0.031824896673176999 1.0000000180025095e-35 0.018723845800721603 0.0013997099996706566 0.0039470903806293018 1.0000000180025095e-35 0.011185000000000002 0.0074326147304572326 0.028894404390139527 0.016595000000000002 0.029049548550006982 1.0000000180025095e-35 3.5000000000000004 8.9500000000000011 0.42477500000000007 0.0041591382847356653 0.0026450000000000002 11.500000000000002 1.0000000180025095e-35 0.0093449173492394354 0.022535000000000003 1.0000000180025095e-35 0.073035000000000017 1.0000000180025095e-35
decision_type=2 2 2 2 2 2 2 2 2 2 2 2 2 2 2 2 2 2 2 2 2 2 2 2 2 2 2 2 2 2
left_child=1 4 3 17 5 6 7 9 -9 -1 19 12 13 -12 -5 16 -16 18 26 22 -21 -14 -11 24 -24 -15 -3 -23 -29 -30
right_child=-2 2 -4 14 -6 -7 -8 8 -10 10 11 -13 21 25 15 -17 -18 -19 -20 20 -22 27 23 -25 -26 -27 -28 28 29 -31
leaf_value=-0.034579062654887013 0.028762431238996956 -0.034117126046311425 0.024273295629738342 0.024832057988340192 -0.062299521346009037 0.030190279631053137 -0.053006479262125428 -0.054600129650365294 0.023685106020835293 -0.028439332683892017 -0.034848632377328111 -0.047360620281530777 -0.050607239527905329 0.035329649315629645 0.010837474225360934 0.02514662923961361 -0.051520990414205471 -0.04624680721927163 -0.044923662027185937 -0.041118111780839142 0.018854608683364523 0.01492061892895024 -0.035929554492554909 -0.042158462423077275 0.025638214918569914 -0.031900100639591707 0.031691164729243389 -0.043358663605477625 -0.00042980870432588961 0.031909727421713094
leaf_weight=32.700962280418025 2625.9089346602559 9.8388940947479551 2907.2934555877 279.51348871237133 20.05061904276954 260.25194311141968 39.485146499879193 43.757070778636262 21.461233709356748 16.138192789221648 92.147443138383096 22.578949388349429 10.956211176962823 56.109734018333256 27.976312380749732 71.675554927671328 45.378971740254201 65.469360095798038 22.239714522263967 30.267803499475121 38.400114774703979 1442.6390814270999 10.001390086283207 9.3232810604386014 793.48035561270081 9.1117784205707704 37.970954481046647 59.37162577881827 179.3579419584712 129.40838430897566
leaf_count=6563 606 830 1213 696 699 569 1362 4119 26 3725 28702 501 554 361 109 44 468 1390 843 1967 26 12266 2446 238 10288 1197 14 4318 390 82
internal_value=0.0201046 0.0167498 0.0213527 0.00617586 0.0119333 0.0124035 0.0108696 0.0117285 -0.0288703 0.0126412 0.0131855 0.00985348 0.0105298 -0.00979334 0.0157864 -0.00169769 -0.0279128 -0.0238265 -0.00251613 0.0205966 -0.00779124 0.0122898 0.0229548 0.0240089 0.0248281 0.0255974 0.0177268 0.0126981 0.0039718 0.0131834
internal_weight=9410.26 6784.36 3467.36 560.063 3317 3296.95 3036.7 2997.21 65.2183 2931.99 2899.29 2001.68 1979.1 157.369 424.544 145.031 73.3553 135.519 70.0496 897.611 68.6679 1821.73 828.943 812.805 803.482 65.2215 47.8098 1810.78 368.138 308.766
internal_count=86612 86006 5607 4394 80399 79700 79131 77769 4145 73624 67061 48371 47870 30260 1317 621 577 3077 1687 18690 1993 17610 16697 12972 12734 1558 844 17056 4790 472
is_linear=0
shrinkage=0.03


Tree=80
num_leaves=31
num_cat=0
split_feature=73 56 73 0 56 64 31 42 23 73 0 57 55 2 57 55 55 59 73 56 56 66 66 73 73 56 55 0 57 73
split_gain=261.699 199.802 105.427 109.515 94.7527 88.0118 82.1783 79.733 78.3242 80.5203 79.0495 78.2311 104.086 66.3009 81.5882 72.1849 291.57 219.726 128.454 96.2484 71.7998 71.2954 67.7969 65.9672 59.7918 58.5096 57.8107 82.8461 62.0086 57.146
threshold=0.89998500000000015 0.022911396799314965 0.025995000000000001 7.9500000000000011 0.0012507313961251478 1.0000000180025095e-35 1.0000000180025095e-35 1.0000000180025095e-35 1.0000000180025095e-35 0.0038850000000000004 7.5500000000000007 2.5000000000000004 0.028776686551824315 1.0000000180025095e-35 9.5000000000000018 0.021765767382888639 0.014255165993021049 1.0000000180025095e-35 0.77983000000000013 0.0083061737185340812 0.02231702036974894 1.0000000180025095e-35 1.0000000180025095e-35 0.77983000000000013 0.012905000000000002 0.036580011770314246 0.0059228531034993181 6.4500000000000011 2.5000000000000004 0.027165000000000005
decision_type=2 2 2 2 2 2 2 2 2 2 2 2 2 2 2 2 2 2 2 2 2 2 2 2 2 2 2 2 2 2
left_child=1 4 3 11 -1 7 -7 8 9 -6 26 25 -13 22 15 16 17 24 -19 -17 -16 -21 -11 -9 -15 -3 27 -10 -29 -26
right_child=-2 2 -4 -5 5 6 -8 23 10 13 -12 12 -14 14 20 19 -18 18 -20 21 -22 -23 -24 -25 29 -27 -28 28 -30 -31
leaf_value=-0.03746866309398747 0.030680937160505777 -0.041781823684970923 0.024907461316870355 -0.024711503322337906 -0.029595045171006636 -0.054055329311145241 0.020227882638586572 -0.062556490751375052 -0.044328415024518238 0.027811629641735912 -0.05675419476314162 0.013630846288488051 -0.046079600232686091 -0.028990983254869339 -0.053937926121430287 0.026778059339792729 -0.071021349789755203 -0.047772311390661001 0.017980899579970001 0.018554360994739887 0.030812350922577711 -0.062654656543477835 0.0084122186182286878 0.02525453712975146 0.029882215165891211 0.023077206552103234 0.011542105023375283 -0.042009448967817928 0.020604022267756539 0.014432218690850452
leaf_weight=32.185598973388551 1812.3718149643391 11.987255381944122 3289.3247070796788 66.057024256559089 33.089771794038825 32.164358047593851 21.790839040419087 21.038487689162139 43.940707482601283 729.49408621230396 17.569831218570471 78.838521798956208 38.185641888878308 24.315507013408933 27.953231912862975 550.6613411847502 36.864794571360108 78.47631434109644 39.643698371946812 18.619092399952933 12.277336120605467 18.601457012235187 209.81228460965212 11.147395245730875 273.15995199320605 452.39510360371787 416.63586686630151 17.395815113908611 62.149284930666909 1034.5651165023446
leaf_count=6272 298 873 1301 1259 8028 1038 152 871 11522 4335 1227 675 463 9787 534 1366 682 5670 23 97 1 173 1843 3 5727 1106 13679 3364 1004 2919
internal_value=0.0204207 0.0180022 0.0227284 0.0116367 0.0130536 0.0134993 -0.0242325 0.0140594 0.0144775 0.0163461 0.00412153 0.0158018 -0.00607835 0.0168533 0.0138954 0.0147199 0.0111886 0.013326 -0.0257384 0.0236182 -0.0279543 -0.0226083 0.0234919 -0.0322991 0.0168068 0.0213168 0.006203 -0.0117589 0.00655945 0.0176798
internal_weight=9512.71 7700.34 3936.79 647.464 3763.55 3731.37 53.9552 3677.41 3645.23 3087.53 557.692 581.407 117.024 3054.44 2115.14 2074.91 1487.03 1450.16 118.12 587.882 40.2306 37.2205 939.306 32.1859 1332.04 464.382 540.122 123.486 79.5451 1307.73
internal_count=86292 85994 5677 4376 80317 74045 1190 72855 71981 41185 30796 3117 1138 33157 26979 26444 24808 24126 5693 1636 535 270 6178 874 18433 1979 29569 15890 4368 8646
is_linear=0
shrinkage=0.03


Tree=81
num_leaves=31
num_cat=0
split_feature=73 56 62 65 73 4 56 55 55 65 11 58 59 41 2 0 58 2 70 59 57 58 73 73 73 73 48 73 59 56
split_gain=337.874 247.553 151.978 200.45 131.195 150.555 115.089 110.779 182.138 224.412 118.584 109.326 186.823 106.712 97.9046 121.425 107.332 88.154 82.2868 71.4729 64.2953 104.711 63.8677 59.8433 56.674 101.961 123.137 117.371 164.093 95.3195
threshold=0.77983000000000013 0.022911396799314965 1.0000000180025095e-35 229.50000000000003 0.025995000000000001 1.0000000180025095e-35 0.039092439184851828 0.048763003506173415 0.029395112010871392 194.50000000000003 1.0000000180025095e-35 1.5000000000000002 1.5000000000000002 1.0000000180025095e-35 1.0000000180025095e-35 6.5500000000000007 4.5000000000000009 1.0000000180025095e-35 1.0000000180025095e-35 1.5000000000000002 5.5000000000000009 1.5000000000000002 0.0026450000000000002 0.012905000000000002 0.027165000000000005 0.24908000000000002 1.0000000180025095e-35 0.051885000000000008 1.5000000000000002 0.0070793993871210567
decision_type=2 2 2 2 2 2 2 2 2 2 2 2 2 2 2 2 2 2 2 2 2 2 2 2 2 2 2 2 2 2
left_child=1 2 7 -4 5 13 -7 8 14 10 17 12 -5 -3 22 16 -16 -10 20 -12 23 -22 -1 -17 -25 26 27 29 -29 -26
right_child=-2 4 3 11 -6 6 -8 -9 9 -11 19 -13 -14 -15 15 18 -18 -19 -20 -21 21 -23 -24 24 25 -27 -28 28 -30 -31
leaf_value=-0.028833354735429095 0.02864861812687023 -0.031317634663239877 -0.048337022945729807 -0.049999503891869149 0.023990546885424274 -0.047252738016647505 0.020690218690906398 0.030115526537938756 -0.056969950060716493 -0.059170736278354202 -0.05444891546531519 0.020884197149290951 0.018057858296206371 0.035256151581256064 -0.040790107603123925 -0.029204583715377881 0.035061771649107912 0.031360159385046819 -0.061750145489685222 0.029495192126341357 -0.052625592190360129 0.023444676221998025 0.022709443483714432 0.026249264028044447 -0.035070305165693733 0.017639193683586359 0.032090831323835771 -0.05221275229095617 0.034348829880901675 0.020303033988656783
leaf_weight=21.45272915775422 2586.3855179920793 113.53374808869557 85.141676400322467 70.022314367233776 2847.9612776748836 22.815382656292059 406.52132700581569 276.02786271460354 10.42964503756957 71.26326480897842 36.150064700399525 156.17388914158801 73.46461429601186 25.846582890022546 75.790208578109741 29.01109291712055 20.654953773017041 96.642478482739534 13.102433587133417 11.389015578199176 34.608798260684125 29.198968052514829 756.44653761648806 255.73782009078423 36.956348220352083 602.85839212685823 69.628839721437544 94.411040813894942 24.091846141964197 105.58850280742627
leaf_count=6740 606 3052 12221 6808 1226 497 818 508 399 1853 1425 823 1786 56 17106 10369 13 348 380 4 872 43 9382 5709 1519 447 89 980 10 335
internal_value=0.0194817 0.015815 0.00960694 -0.00800355 0.0213637 0.00818993 0.0169782 0.0121456 0.0100632 -0.0155253 0.00484267 0.00357892 -0.0152706 -0.018809 0.0127332 0.00795912 -0.0243524 0.0223086 0.0103821 -0.0341449 0.0111668 -0.0179906 0.0212528 0.0127074 0.0137535 0.0103059 -0.00307628 -0.012543 -0.0344745 0.00580257
internal_weight=9059.31 6472.92 3056.24 384.802 3416.68 568.717 429.337 2671.44 2395.41 225.874 154.611 299.661 143.487 139.38 2169.54 1391.64 96.4452 107.072 1295.19 47.5391 1282.09 63.8078 777.899 1218.28 1189.27 933.535 330.677 261.048 118.503 142.545
internal_count=86424 85818 80169 21638 5649 4423 1315 58531 58023 4029 2176 9417 8594 3108 53994 37872 17119 747 20753 1429 20373 915 16122 19458 9089 3380 2933 2844 990 1854
is_linear=0
shrinkage=0.03


Tree=82
num_leaves=31
num_cat=0
split_feature=73 56 0 62 32 25 63 56 73 55 56 56 56 58 60 57 66 73 0 24 25 60 57 57 57 65 73 54 56 0
split_gain=295.734 217.607 108.937 277.746 145.353 104.738 101.412 107.521 98.9729 86.2641 72.9197 75.5526 98.3808 181.12 77.1235 75.9558 84.4153 135.363 109.622 82.4958 70.0922 69.0657 162.292 63.6396 63.5533 92.6135 71.6926 63.4089 85.3093 61.4711
threshold=0.77983000000000013 0.023561139330300889 9.0500000000000025 1.0000000180025095e-35 1.0000000180025095e-35 1.0000000180025095e-35 1.0000000180025095e-35 0.010117439650664703 0.09141500000000001 0.0069782869163078536 0.0013997099996706566 0.0039470903806293018 0.0049775421792727509 1.5000000000000002 1.5000000000000002 6.5000000000000009 1.0000000180025095e-35 0.24908000000000002 8.9500000000000011 1.0000000180025095e-35 1.0000000180025095e-35 1.5000000000000002 5.5000000000000009 5.5000000000000009 2.5000000000000004 265.50000000000006 0.021455000000000005 1.0000000180025095e-35 0.0028377571438526162 7.5500000000000007
decision_type=2 2 2 2 2 2 2 2 2 2 2 2 2 2 2 2 2 2 2 2 2 2 2 2 2 2 2 2 2 2
left_child=1 2 10 4 5 6 23 -8 9 -3 -1 27 13 -13 15 16 19 18 -18 -14 -16 22 -11 -4 -23 26 -26 -12 29 -29
right_child=-2 8 3 -5 -6 -7 7 -9 -10 21 11 12 14 -15 20 -17 17 -19 -20 -21 -22 24 -24 -25 25 -27 -28 28 -30 -31
leaf_value=-0.033298573056479389 0.028227600941978567 -0.054487854593536736 0.015907980681084868 -0.052242839921608365 -0.070254224609838892 -0.05453540271580222 -0.078985592236172963 0.030581715739204318 0.026244167033917614 0.012826546699324863 0.024469305200731515 -0.048448646648254198 0.012088259733788683 0.023762224105212927 0.027855444702166814 0.026781042037362694 -0.052101740593338192 0.010385620177720947 0.02758086061529938 -0.041814845514252255 -0.057772163740716538 0.033244631050470951 -0.069273151341901013 -0.053126987448749892 -0.042287432705108235 0.0251597596955986 0.0077112896278878178 -0.034336132394934112 -0.043865403552367913 0.029924701349737789
leaf_weight=28.905080762808211 2420.4803147800267 14.587654616625512 565.01160227361834 80.201777002075687 20.43705169740133 21.419207003142219 20.797328707529232 12.102847321890293 1724.239577844739 828.35110471822554 712.87160752265481 67.461896939115832 682.07778130241786 56.686699577461695 300.10646227694815 171.13791134231724 80.214839160034899 118.06853729486465 18.542751547298394 25.584072816040134 7.9502039814833543 322.67199920932762 21.269183126627468 11.324438116978852 33.665192876243964 282.53643630095758 100.20516985841095 16.238857518037548 28.538310988980811 60.380792248528451
leaf_count=6520 601 364 5799 4929 388 647 275 3 537 2598 11924 6815 23396 250 2595 831 2888 114 23 6979 223 288 422 188 877 255 118 2577 2185 678
internal_value=0.019287 0.0159194 0.0102035 7.84912e-05 0.00659368 0.0091913 0.0115175 -0.0389664 0.0212502 0.0158664 0.0133201 0.0139085 0.00995798 -0.0155505 0.0122235 0.00848039 0.00506736 -0.0112743 -0.037014 0.0100832 0.0254658 0.0165463 0.0106923 0.0144618 0.0232524 0.0154483 -0.00508251 0.0212656 -0.000478756 0.0160383
internal_weight=8854.07 6433.59 3106.06 731.294 651.092 630.655 609.236 32.9002 3327.53 1603.29 2374.77 2345.86 1527.83 124.149 1403.68 1095.63 924.488 216.826 98.7576 707.662 308.057 1588.7 849.62 576.336 739.079 416.407 133.87 818.03 105.158 76.6196
internal_count=86287 85686 80227 12229 7300 6912 6265 278 5459 4922 67998 61478 44114 7065 37049 34231 33400 3025 2911 30375 2818 4558 3020 5987 1538 1250 995 17364 5440 3255
is_linear=0
shrinkage=0.03


Tree=83
num_leaves=31
num_cat=0
split_feature=73 56 64 73 57 60 73 55 65 73 55 63 65 65 36 55 18 55 55 70 60 11 73 73 55 60 0 56 63 65
split_gain=271.927 196.849 165.699 111.379 105.271 80.2228 105.838 135.406 119.602 120.286 96.0024 161.199 131.946 93.8049 90.2852 78.755 76.1768 68.5675 56.194 66.593 63.1721 81.0847 175.822 62.6033 60.2326 55.2911 88.6035 53.3119 49.3936 64.8788
threshold=0.89998500000000015 0.023561139330300889 1.0000000180025095e-35 0.09141500000000001 8.5000000000000018 1.0000000180025095e-35 0.66771000000000014 0.0015490702586549395 751.50000000000011 0.14175000000000001 0.0033897661317019196 1.0000000180025095e-35 102.50000000000001 192.50000000000003 1.0000000180025095e-35 0.0069782869163078536 1.0000000180025095e-35 0.021765767382888639 0.0042814658813455381 1.0000000180025095e-35 1.5000000000000002 1.0000000180025095e-35 0.16886000000000004 0.045905000000000008 0.0046575976997566331 1.0000000180025095e-35 7.2500000000000009 0.02231702036974894 1.0000000180025095e-35 404.50000000000006
decision_type=2 2 2 2 2 2 2 2 2 2 2 2 2 2 2 2 2 2 2 2 2 2 2 2 2 2 2 2 2 2
left_child=1 2 5 4 15 6 7 -1 9 -9 11 12 -7 17 18 -3 -15 -11 -12 20 21 22 24 -22 -20 26 -17 -23 29 -18
right_child=-2 3 -4 -5 -6 10 -8 8 -10 13 14 -13 -14 16 -16 25 28 -19 19 -21 23 27 -24 -25 -26 -27 -28 -29 -30 -31
leaf_value=0.026329738864767433 0.030358128331087378 -0.051683728966741546 -0.050897517012710392 0.026483295756246115 -0.059503770575280279 0.028826270970506853 0.019894920224539956 -0.036970056455195126 0.030559461131883736 -0.055692736536768282 0.030037514401764141 0.023952999516388167 -0.045348336657338485 -0.04906839148137216 -0.062555256807880905 0.015903918960219532 -0.025488108629455074 0.0099105348132406106 0.0075114797247048453 -0.062972612258947194 0.0030361878916210483 0.016673369209690782 0.018557002434231355 0.03025088377153777 -0.046101980403321308 0.018574069919274374 -0.054024765435677038 -0.058944254972567244 0.02261899319728498 0.017710167974527537
leaf_weight=125.79556851834059 1708.4240780882537 14.055930297938174 36.360949110123329 2079.6813882142305 15.502167170518076 27.671808569517452 302.4357845634222 136.54700363054872 62.308154254686087 45.173739575315267 288.51811029331293 101.13943825964816 88.601312018261524 21.05297993007116 11.749497554148546 45.78215785586508 62.537468210794032 20.407148373778909 24.670614260365255 8.6390049553010595 93.139214861672372 1255.3305378957884 143.48051260132343 420.06286534108222 75.710403027653228 1535.4367318301229 24.068794414983131 7.4939093932043752 121.7030149390921 60.69009602535516
leaf_count=3438 300 383 1629 631 256 636 188 32605 851 342 1848 215 15138 143 188 400 208 34 500 155 2557 14141 142 198 5113 3477 424 142 92 62
internal_value=0.0195875 0.0170476 0.011981 0.0218733 0.0159963 0.0126477 0.00524346 -0.00152909 -0.00817327 -0.013383 0.0154322 -0.00361803 -0.0276003 -0.00358721 0.0172115 0.0167553 0.00436883 -0.0354364 0.0176428 0.015866 0.0162341 0.0131221 -0.00270582 0.0253273 -0.0329813 0.0173864 -0.00861408 0.0161784 0.00914287 -0.00424147
internal_weight=8964.17 7255.75 3541.22 3714.53 1634.85 3504.86 958.651 656.215 530.42 468.111 2546.21 217.413 116.273 331.564 2328.79 1619.34 265.984 65.5809 2317.05 2028.53 2019.89 1506.69 243.862 513.202 100.381 1605.29 69.851 1262.82 244.931 123.228
internal_count=86436 86136 80565 5571 4940 78936 37963 37775 34337 33486 40973 15989 15774 881 24984 4684 505 376 24796 22948 22793 20038 5755 2755 5613 4301 824 14283 362 270
is_linear=0
shrinkage=0.03


Tree=84
num_leaves=31
num_cat=0
split_feature=73 55 73 60 56 56 55 73 73 55 65 13 20 73 55 55 21 31 55 55 56 56 56 56 58 65 73 32 65 73
split_gain=288.028 207.029 99.9397 98.5195 105.616 94.3305 93.076 90.2963 100.015 88.3325 124.364 112.293 104.542 97.2178 90.4168 94.7965 85.5418 76.5672 73.6878 153.04 223.751 122.03 71.6859 84.4458 66.2086 125.535 95.3205 79.4263 62.5041 132.609
threshold=0.89998500000000015 0.0069782869163078536 0.025995000000000001 1.5000000000000002 0.048022201973341977 0.0021661074635644776 0.016299180440167958 0.0069850000000000008 0.022985000000000002 0.0045490574989296342 751.50000000000011 1.0000000180025095e-35 1.0000000180025095e-35 0.32766500000000004 0.0060062908598989394 0.0059228531034993181 1.0000000180025095e-35 1.0000000180025095e-35 0.011945845925157792 0.02035367420542971 0.02161452528237261 0.0028543105875636922 0.012841886520352541 0.0022020675352604339 1.5000000000000002 335.50000000000006 0.66771000000000014 1.0000000180025095e-35 507.50000000000006 0.66771000000000014
decision_type=2 2 2 2 2 2 2 2 2 2 2 2 2 2 2 2 2 2 2 2 2 2 2 2 2 2 2 2 2 2
left_child=1 5 6 4 18 -1 -3 -8 16 11 12 -7 13 14 15 22 17 -9 -4 20 -20 -21 23 -11 25 27 -27 -13 -23 -30
right_child=-2 2 3 -5 -6 9 7 8 -10 10 -12 24 -14 -15 -16 -17 -18 -19 19 21 -22 28 -24 -25 -26 26 -28 -29 29 -31
leaf_value=-0.040874015634337187 0.03010244332020089 0.020559940079311747 0.020516990857750536 0.0279533776511313 0.024777750946400296 -0.052031301933364402 -0.040114683416774426 -0.045946511055849029 -0.052890344914177427 0.031944078748562088 0.030202985483614424 0.018143174982565499 -0.048939402442262317 0.0097772333990350443 -0.045523853112866476 0.032695668224345491 0.013181627265286806 0.030805992845911054 -0.066683980611798976 -0.049007720446721859 0.0087564412936569046 0.016604662137376044 0.017677261296066449 -0.044756653838697216 0.027612573931732817 -0.045830729480492369 0.01489438665462634 -0.056320140176894545 -0.072921630186834341 0.02118429756098698
leaf_weight=35.952720379864331 1635.7601984851062 432.82804794731783 814.76183935668087 1247.4587891958654 1260.029640827328 21.67913729706197 41.400845551746897 42.409153437765781 24.139718228019774 14.792314583086407 99.157608909648843 460.7693261046079 45.942720324732363 280.16479614377022 66.971413968014531 44.35507603501901 422.89483455131995 15.216781681403516 55.523507110658102 26.851434663811233 94.081917803734541 911.13430129655171 35.918975005042739 75.524027032864979 279.41154905303847 56.898843593342463 38.240122310817242 12.311643244931473 21.310164680937305 33.224336676299572
leaf_count=8654 302 16259 1181 489 463 4480 2344 2070 399 10 1188 15981 5102 297 7365 297 3172 8 560 730 96 1177 125 6722 646 5687 33 464 166 17
internal_value=0.0187653 0.0161164 0.0188832 0.0207874 0.0180007 0.00650636 0.0101865 0.00194156 0.00546424 0.00764411 -0.000606399 0.0139284 -0.00607011 -0.0021789 -0.0162611 -0.00457454 0.00849953 -0.0254994 0.0136265 0.00869742 -0.0194989 0.0129629 -0.0178242 -0.0319821 0.0156747 0.00976628 -0.0215219 0.0160906 0.0147349 -0.0162399
internal_weight=8647.12 7011.36 5443.27 4464.38 3216.92 1568.09 978.889 546.061 504.66 1532.14 662.827 869.311 563.669 517.727 237.562 170.59 480.521 57.6259 1956.89 1142.13 149.605 992.52 126.235 90.3163 847.631 568.22 95.139 473.081 965.669 54.5345
internal_count=86484 86182 29131 4879 4390 57051 24252 7993 5649 48397 21106 27291 19918 14816 14519 7154 5250 2078 3927 2746 656 2090 6857 6732 22811 22165 5720 16445 1360 183
is_linear=0
shrinkage=0.03


Tree=85
num_leaves=31
num_cat=0
split_feature=56 58 62 24 56 65 49 58 57 64 65 0 58 56 56 55 55 25 57 65 0 55 26 65 55 59 0 57 55 72
split_gain=140.058 136.807 94.7921 161.647 104.585 95.9475 106.157 81.2174 81.9071 74.6601 72.8475 70.3639 64.7814 80.3283 61.3334 54.5851 73.2801 52.8207 46.953 121.145 53.4886 43.7297 54.0652 97.7419 42.612 72.4189 68.3963 93.899 62.5347 67.0674
threshold=0.047574675621158906 1.5000000000000002 1.0000000180025095e-35 1.0000000180025095e-35 0.034661218704314191 555.50000000000011 1.0000000180025095e-35 1.0000000180025095e-35 4.5000000000000009 1.0000000180025095e-35 875.50000000000011 7.9500000000000011 1.0000000180025095e-35 0.033474976598428303 0.00078054427200581185 0.0028543105875636922 0.0022228184774181607 1.0000000180025095e-35 2.5000000000000004 132.50000000000003 7.7500000000000009 0.06386747763884322 1.0000000180025095e-35 370.50000000000006 0.029049548550006982 1.5000000000000002 8.7500000000000018 2.5000000000000004 0.030810663257538635 1.0000000180025095e-35
decision_type=2 2 2 2 2 2 2 2 2 2 2 2 2 2 2 2 2 2 2 2 2 2 2 2 2 2 2 2 2 2
left_child=1 2 3 9 5 6 7 -4 17 14 -5 -10 13 -11 -1 16 18 -9 19 -16 -20 22 24 -24 -17 26 27 28 29 -26
right_child=-2 -3 4 10 -6 -7 -8 8 11 12 -12 -13 -14 -15 15 21 -18 -19 20 -21 -22 -23 23 -25 25 -27 -28 -29 -30 -31
leaf_value=-0.035861488033417981 0.024640254551718671 0.02481505909304927 -0.05840767115658848 -0.060652916007151801 0.025462334688001558 0.015261879396406072 0.033064524152829379 -0.043877264071890423 0.024127054851091845 -0.054000361770603578 0.028006400874521786 -0.062777019681879723 0.030304715500548595 0.0055287994166023742 0.029256298873379074 0.01876174935862885 -0.048281135940365608 0.010929977655269849 -0.039045940256456739 -0.043896717571971181 0.02812719536741597 0.030189617681581127 -0.061628151145235094 0.021526157830985854 -0.066200482857538101 0.031934160480078355 0.016414249264509979 0.017559288253875746 -0.0068384336500733178 0.019306749805183272
leaf_weight=19.184086054272484 2454.8460751803359 1283.9149705371237 50.461875406646868 35.187610236171167 117.23357342055533 115.60950364428572 31.095385087537579 74.682175799505785 55.016354780236725 37.217382495611673 10.187846211192662 8.8842145328526367 27.483465587021783 43.403140305657871 37.730511426110752 2872.3045343835838 22.424176673404872 19.570032399933552 11.105936205480246 42.06104673127993 96.138518344669137 230.34135743323714 21.142679257318377 29.056359304930083 35.212107404659037 118.64388469944242 303.65816715545952 114.93420020665508 142.49936075083679 10.194990727119146
leaf_count=3395 1754 3514 6238 7483 101 2265 71 9580 586 1611 86 178 7 99 671 29623 2772 1174 1327 8929 506 285 1197 258 599 42 578 300 1281 9
internal_value=0.0185967 0.0161272 0.0137655 0.0151793 0.00101519 -0.00709969 -0.017903 -0.0256216 -0.0148592 0.0157889 -0.0405722 0.0112635 -0.00875379 -0.022277 0.016437 0.0166912 0.00176505 -0.0325021 0.00799006 -0.00937137 0.0208745 0.0174967 0.0166871 -0.0140162 0.0171193 0.0105968 0.00637701 -0.00370822 -0.0167407 -0.0469997
internal_weight=8471.43 6016.58 4732.66 4260.11 472.553 355.32 239.71 208.615 158.153 4214.74 45.3755 63.9006 108.104 80.6205 4106.63 4087.45 209.46 94.2522 187.036 79.7916 107.244 3877.99 3647.65 50.199 3597.45 725.143 606.499 302.841 187.906 45.4071
internal_count=86519 84765 81251 61058 20193 20092 17827 17756 11518 53489 7569 764 1717 1710 51772 48377 14205 10754 11433 9600 1833 34172 33887 1455 32432 2809 2767 2189 1889 608
is_linear=0
shrinkage=0.03


Tree=86
num_leaves=31
num_cat=0
split_feature=73 56 64 16 73 4 22 65 73 9 57 65 65 57 65 56 25 21 62 57 65 56 65 4 65 55 73 55 73 4
split_gain=279.328 183.163 170.863 118.65 104.449 126.592 157.541 80.2294 69.5327 130.237 105.358 85.8535 175.954 113.625 120.292 77.4096 66.9427 66.6485 61.6245 60.5182 151.745 49.2726 46.3619 43.3594 115.235 58.8111 45.8912 40.7253 163.681 37.095
threshold=0.89998500000000015 0.022911396799314965 1.0000000180025095e-35 1.0000000180025095e-35 0.026605000000000004 1.0000000180025095e-35 1.0000000180025095e-35 310.50000000000006 0.14175000000000001 1.0000000180025095e-35 4.5000000000000009 751.50000000000011 344.50000000000006 1.5000000000000002 288.50000000000006 0.0072401483730347776 1.0000000180025095e-35 1.0000000180025095e-35 1.0000000180025095e-35 2.5000000000000004 350.50000000000006 0.0063783844441154579 71.500000000000014 1.0000000180025095e-35 341.50000000000006 0.010957361226626923 0.0026450000000000002 0.028894404390139527 0.010585000000000002 1.0000000180025095e-35
decision_type=2 2 2 2 2 2 2 2 2 2 2 2 2 2 2 2 2 2 2 2 2 2 2 2 2 2 2 2 2 2
left_child=1 2 3 8 5 6 16 -5 9 10 11 12 13 14 -1 -16 -3 -15 -19 27 -21 -9 -11 24 -24 -26 -25 -7 -29 -6
right_child=-2 4 -4 7 29 19 -8 21 -10 22 -12 -13 -14 17 15 -17 -18 18 -20 20 -22 -23 23 26 25 -27 -28 28 -30 -31
leaf_value=-0.039889262995588703 0.029867373863643461 -0.045348313412962665 -0.051116605065814252 -0.047159388203409057 0.020878826853424903 0.031330419319574067 0.03260471548453088 -0.045880931480252678 0.016887611891091496 -0.040566414264151855 -0.043019845575331325 0.023626113922329085 -0.041915572166839034 -0.03696730142208237 -0.036196375046245378 0.031559862176638649 0.0096660860597064802 0.020461699475869646 -0.035235409986484528 -0.04760158186958726 0.0298750148686826 0.015104201561116009 -0.040936425945230094 -0.02832963185987291 -0.034377717119624451 0.029485135333913781 0.023390193172779596 -0.047893307223397776 0.026149449630023008 0.028218774385931403
leaf_weight=88.179091653873911 1619.9567162245512 85.88747405342292 38.341108164575417 47.780183490045602 2033.9375498481095 213.53273756476119 46.087671089568175 13.978759614372391 1770.8589183378499 11.336529961525228 47.9356310153089 138.44688551832223 86.125039832200855 20.831511460011825 20.39863467856776 51.555190877057612 25.418895021313801 306.93509376060683 18.088457540085074 39.962181580602191 50.195066287764348 57.500844947295263 37.606854265235597 15.074698415934106 14.406535860791335 85.407384826801717 551.78669464896666 32.593997972086072 133.85520026856102 910.74401615932584
leaf_count=14082 314 2787 1655 11939 1079 378 76 3203 1879 742 3551 1648 8107 3467 2033 344 249 4725 3431 500 42 2156 5499 4539 2564 370 4526 315 82 248
internal_value=0.0186406 0.0160366 0.0110716 0.0117911 0.0207892 0.00965565 -0.0135709 -0.0174961 0.0128659 0.00809111 -0.000403446 0.00244781 -0.00253555 0.00423684 -0.0165901 0.0121184 -0.0328105 0.0138999 0.0172634 0.0174438 -0.00461193 0.0027093 0.0173197 0.0183077 0.00316185 0.020018 0.0219673 0.0226753 0.011451 0.0231578
internal_weight=8614.75 6994.79 3422.57 3384.23 3572.21 627.533 157.394 119.26 3264.97 1494.11 778.496 730.56 592.113 505.988 160.133 71.9538 111.306 345.855 325.024 470.139 90.1572 71.4796 715.619 704.282 137.421 99.8139 566.861 379.982 166.449 2944.68
internal_count=86530 86216 80460 78805 5756 4429 3112 17298 61507 59628 41388 37837 36189 28082 16459 2377 3036 11623 8156 1317 542 5359 18240 17498 8433 2934 9065 775 397 1327
is_linear=0
shrinkage=0.03


Tree=87
num_leaves=31
num_cat=0
split_feature=73 0 55 32 73 73 60 49 8 55 22 60 0 62 73 73 55 73 0 55 55 73 73 55 0 0 73 73 55 32
split_gain=311.248 146.899 182.165 180.984 153.266 133.645 107.637 101.821 98.5261 82.4877 130.738 116.802 79.7249 75.0068 70.3177 78.2198 64.677 78.8439 56.2485 74.5099 98.5718 74.2397 64.2225 107.925 231.942 123.392 128.057 70.5324 51.7505 50.0842
threshold=0.77983000000000013 9.7000000000000011 0.06386747763884322 1.0000000180025095e-35 0.16886000000000004 0.025995000000000001 1.5000000000000002 1.0000000180025095e-35 1.0000000180025095e-35 0.0078429521481543762 1.0000000180025095e-35 6.5000000000000009 7.8500000000000005 1.0000000180025095e-35 0.011185000000000002 0.015635000000000007 0.01115846687889677 0.039845000000000005 7.7500000000000009 0.0069782869163078536 0.0060062908598989394 0.073035000000000017 0.12170000000000002 0.0069990775907807388 7.3500000000000005 6.4500000000000011 0.027165000000000005 0.051885000000000008 0.030649897275830201 1.0000000180025095e-35
decision_type=2 2 2 2 2 2 2 2 2 2 2 2 2 2 2 2 2 2 2 2 2 2 2 2 2 2 2 2 2 2
left_child=1 5 3 4 7 8 18 16 12 14 11 -11 -1 -6 -10 -16 -3 -18 22 20 21 -20 23 27 25 26 -25 -7 29 -24
right_child=-2 2 -4 -5 13 6 -8 -9 9 10 -12 -13 -14 -15 15 -17 17 -19 19 -21 -22 -23 28 24 -26 -27 -28 -29 -30 -31
leaf_value=0.014813665114373984 0.027433421483668133 -0.043767464662000974 0.030320745158984981 -0.071882863573840022 0.014629495724246122 0.035199141416649135 0.026900330024934083 0.02972015313950838 -0.029360219743453445 -0.042864331789894419 0.029752139860378213 0.026641387607297222 -0.037845082467464687 -0.01857151401319335 0.031910134614403063 -0.030541646087983258 -0.055495312761766585 0.0017239541394241597 -0.041074012190152061 0.022322237025077334 -0.05917345214045678 0.014799429040448219 0.0034250502592864649 0.027081205908181031 -0.071562544263885822 0.014600492172936111 -0.074203006606412061 -0.037212284533328088 0.025653203050734111 0.028034620466062865
leaf_weight=799.95395441760775 2243.2905525863171 99.246963278710609 185.86495772982016 31.549681331671309 433.07415476301685 92.446375996310962 1125.9241889533587 33.354036386765074 30.69431509700371 128.68512789026136 38.792824607575312 25.438238346483558 25.806026256177574 70.421763655147515 99.880446138937259 21.146891767653869 26.973517994687427 95.98259753070306 22.319323881500168 1363.1813234760193 18.627778902591672 264.52576981921447 324.32612295774743 16.574823003145866 44.36565234552836 174.34256647335133 31.303406704042573 13.076682820392305 285.86794313276187 95.735300794243813
leaf_count=28012 622 8759 107 695 419 1474 720 269 18378 6448 162 101 4391 222 4743 4019 717 223 1146 1381 316 392 702 31 542 393 408 432 138 36
internal_value=0.0178948 0.0143361 0.00368119 -0.00261197 0.00035803 0.016398 0.0190829 -0.0185212 0.00750569 -0.00595548 -0.0189288 -0.0312945 0.0131242 0.00995821 0.0105562 0.0208372 -0.0258633 -0.011175 0.0158697 0.0193225 0.00590711 0.0103243 0.0105123 0.000423335 -0.00974435 0.00286275 -0.039303 0.0259606 0.0158223 0.00908703
internal_weight=8262.77 6019.48 976.468 790.603 759.053 5043.02 3872.62 255.557 1170.4 344.638 192.916 154.123 825.76 503.496 151.722 121.027 222.203 122.956 2746.69 1668.65 305.473 286.845 1078.04 372.11 266.586 222.221 47.8782 105.523 705.929 420.061
internal_count=86398 85776 11411 11304 10609 74365 8111 9968 66254 33851 6711 6549 32403 641 27140 8762 9699 940 7391 3235 1854 1538 4156 3280 1374 832 439 1906 876 738
is_linear=0
shrinkage=0.03


Tree=88
num_leaves=31
num_cat=0
split_feature=73 56 73 2 22 73 56 64 31 25 57 0 60 73 12 65 56 56 57 60 60 67 30 48 56 56 73 56 65 65
split_gain=271.698 140.508 111.366 110.31 115.937 94.6488 80.3004 68.4828 75.9575 67.407 52.3452 53.799 50.3439 71.4151 49.074 132.041 45.4252 97.5046 142.024 83.28 59.4631 87.569 117.037 69.9606 69.337 80.8499 58.9738 50.889 49.8203 62.7527
threshold=0.89998500000000015 0.022911396799314965 0.025995000000000001 1.0000000180025095e-35 1.0000000180025095e-35 0.0038850000000000004 0.0012507313961251478 1.0000000180025095e-35 1.0000000180025095e-35 1.0000000180025095e-35 11.500000000000002 7.7500000000000009 1.5000000000000002 0.09141500000000001 1.0000000180025095e-35 304.50000000000006 0.0039470903806293018 0.0048839834471266904 3.5000000000000004 1.0000000180025095e-35 1.5000000000000002 1.0000000180025095e-35 1.0000000180025095e-35 1.0000000180025095e-35 0.006585252190963899 0.0059738020574179301 0.045905000000000008 0.0047920786754938865 290.50000000000006 284.50000000000006
decision_type=2 2 2 2 2 2 2 2 2 2 2 2 2 2 2 2 2 2 2 2 2 2 2 2 2 2 2 2 2 2
left_child=1 5 3 14 9 -1 -7 10 -9 -5 16 -12 13 -4 -3 -16 -8 18 27 -20 21 22 23 28 25 -23 -22 -18 29 -19
right_child=-2 2 12 4 -6 6 7 8 -10 -11 11 -13 -14 -15 15 -17 17 20 19 -21 26 24 -24 -25 -26 -27 -28 -29 -30 -31
leaf_value=-0.029805028534305143 0.029789190013020841 0.021298787070019285 0.010537231007190066 -0.043825918174588877 0.03031429356486463 -0.037968973884366708 0.019640025964427318 -0.051843040801856241 0.021355644246225484 0.011805668983252774 -0.054681476037422551 0.0050567202050469688 0.02826629170726986 0.023625128237660359 -0.042891735338636293 0.025978095018470721 -0.058908323802118613 0.0074334938506332429 0.028621456406254759 -0.049982692708836075 -0.00090139797207475681 0.0090854931641068514 -0.053666277318919424 0.032116332629961497 0.024694716530093839 -0.068088598956608543 0.029257723459444513 -0.0032590734585443248 -0.0037853419567939603 0.038418159590871692
leaf_weight=47.737954631040338 1584.7241133563221 337.74965531553607 531.60532300919294 80.199737177696079 37.518851646222174 27.388906046078773 876.91419005164062 29.619475357874762 21.123838721832726 25.359351265942678 18.944802987738512 41.977023398852907 991.26702437922359 1295.4960626102984 41.665635851502884 59.708178896573372 49.269207314151572 747.66379979890189 68.996141475421609 13.727647274325134 71.135719354322646 62.152556232671486 27.400495386187686 98.186132716189604 501.57258411045768 14.156856172397964 322.25286746351048 21.126951384649146 340.03050556808012 62.964065974083496
leaf_count=14392 314 793 532 2617 70 5392 14482 966 145 247 500 223 261 518 574 92 4799 19357 404 383 2553 773 1294 309 1920 660 162 743 10436 404
internal_value=0.0185909 0.0160019 0.0203353 0.00837146 -0.0144352 0.0117436 0.0123327 0.0127503 -0.0215475 -0.0304757 0.0132779 -0.0141031 0.0228029 0.019825 0.0158184 -0.00247056 0.013791 0.0116471 -0.0114594 0.0151362 0.0132257 0.0109673 0.00657117 0.0079347 0.0206478 -0.00592731 0.0238156 -0.0424867 0.00584518 0.00988454
internal_weight=8449.64 6864.91 3400.57 582.201 143.078 3464.34 3416.6 3389.21 50.7433 105.559 3338.47 60.9218 2818.37 1827.1 439.123 101.374 3277.55 2400.64 153.12 82.7238 2247.52 1854.13 1276.24 1248.84 577.882 76.3094 393.389 70.3962 1150.66 810.628
internal_count=86315 86001 5704 4393 2934 80297 65905 60513 1111 2864 59402 723 1311 1050 1459 666 58679 44197 6329 787 37868 35153 31800 30506 3353 1433 2715 5542 30197 19761
is_linear=0
shrinkage=0.03


Tree=89
num_leaves=31
num_cat=0
split_feature=73 56 73 4 22 70 73 56 4 55 55 59 73 65 73 9 55 55 59 65 25 55 73 65 55 73 57 65 72 56
split_gain=276.131 166.602 107.851 102.449 107.888 67.9171 67.4026 81.3422 68.6935 72.0996 263.239 227.879 160.789 92.5562 108.995 71.6492 63.2459 162.615 119.724 62.1593 61.1233 59.9009 125.421 58.1212 120.36 82.5209 88.1775 121.317 48.1009 88.8618
threshold=0.89998500000000015 0.022911396799314965 0.025995000000000001 1.0000000180025095e-35 1.0000000180025095e-35 1.0000000180025095e-35 0.0069850000000000008 0.002195863684994514 1.0000000180025095e-35 0.02035367420542971 0.015677023898642627 1.0000000180025095e-35 0.77983000000000013 223.50000000000003 0.32766500000000004 1.0000000180025095e-35 0.029049548550006982 0.048763003506173415 1.5000000000000002 1271.5000000000002 1.0000000180025095e-35 0.016299180440167958 0.0082450000000000023 194.50000000000003 0.00070332916830404132 0.77983000000000013 4.5000000000000009 62.500000000000007 1.0000000180025095e-35 0.0068179619555235353
decision_type=2 2 2 2 2 2 2 2 2 2 2 2 2 2 2 2 2 2 2 2 2 2 2 2 2 2 2 2 2 2
left_child=1 5 3 4 20 6 7 -1 9 10 11 23 -13 -11 15 -15 -10 18 -18 -7 -3 -5 -23 24 -8 26 27 -26 -25 -30
right_child=-2 2 -4 21 -6 19 8 -9 16 13 -12 12 -14 14 -16 -17 17 -19 -20 -21 -22 22 -24 28 25 -27 -28 -29 29 -31
leaf_value=0.014101630957569651 0.029480900421790603 -0.042692815804515484 0.022284663299105938 0.032249042828507435 0.029238639114187542 -0.063558595633389864 0.032423866600662495 -0.031166105479195082 0.022855484265831744 0.024762000089098051 -0.065762991114626773 -0.045214532656393532 0.01205158080216891 -0.050184890794750588 0.018927270119785171 0.0043955480431461663 -0.0558540047192349 0.034346816942410457 0.030165810607311702 0.026101944509610352 0.0099211386508645943 -0.043128614223910088 0.015443357799022754 0.015864170261585903 0.027732436709571363 0.021917982674000393 0.016265966057492056 -0.051755545044235303 -0.077609190073787027 0.00745583236718986
leaf_weight=67.736622370808618 1444.5343247577548 78.936031878576614 2706.5145714655519 127.8301084615523 37.106536671984941 19.910498375422321 69.656011730345199 73.580246671481291 677.02710904114065 463.71079449172248 44.152903696958674 115.38244647913962 70.512527354061604 45.939091107575223 120.85776567459106 39.894747489655856 49.698092571052257 64.378408412099816 19.689441750058904 9.7497792136855441 26.008475905226078 37.151376947527751 239.02261437405832 1136.5412005094113 20.561652001517359 45.104479312896729 36.314793781959452 91.802960516011808 13.022601162025238 51.52330315875588
leaf_count=6875 303 2762 1318 257 73 721 1078 25058 3928 1799 918 10020 56 1177 87 428 1547 22 4 9 233 633 407 16719 276 20 327 9166 178 112
internal_value=0.0175999 0.0149952 0.019831 0.00765084 -0.0141946 0.0102911 0.010699 -0.00952155 0.0116015 0.0090114 0.00571078 0.00766154 -0.0235444 0.0173335 0.000628608 -0.025058 0.0191362 0.000281692 -0.0313632 -0.0341958 -0.0296829 0.015348 0.00743699 0.0116359 -0.00112196 -0.0132846 -0.024039 -0.0370937 0.0144328 -0.0106289
internal_weight=8043.85 6599.32 3252.57 546.055 142.051 3346.75 3317.09 141.317 3175.77 2364.98 1694.57 1650.42 185.895 670.402 206.692 85.8338 810.793 133.766 69.3875 29.6603 104.945 404.004 276.174 1464.53 263.44 193.784 148.679 112.365 1201.09 64.5459
internal_count=86511 86208 5683 4365 3068 80525 79795 31933 47862 42361 38870 37952 10076 3491 1692 1605 5501 1573 1551 730 2995 1297 1040 27876 10867 9789 9769 9442 17009 290
is_linear=0
shrinkage=0.03


Tree=90
num_leaves=31
num_cat=0
split_feature=73 56 55 73 4 22 21 55 0 73 73 73 55 65 56 50 73 55 55 6 60 73 56 48 37 55 55 73 60 56
split_gain=276.987 193.933 103.269 101.493 106.474 109.788 89.0742 109.26 106.915 122.423 129.874 107.257 97.5013 95.2306 81.9158 79.0685 66.7939 62.0159 55.5618 55.4733 117.052 152.766 94.8717 54.3721 72.8097 64.5682 70.4605 58.0292 50.6648 50.6154
threshold=0.77983000000000013 0.022911396799314965 0.048763003506173415 0.025995000000000001 1.0000000180025095e-35 1.0000000180025095e-35 1.0000000180025095e-35 0.0073991022256974679 9.0500000000000025 0.53825500000000015 0.027165000000000005 0.24908000000000002 0.0090829550563634089 1868.5000000000002 0.0070793993871210567 1.0000000180025095e-35 0.0038850000000000004 0.02035367420542971 0.031781826281211616 1.0000000180025095e-35 1.5000000000000002 0.53825500000000015 0.13862626742538772 1.0000000180025095e-35 1.0000000180025095e-35 0.0068272023513347773 0.0067755698008389251 0.32766500000000004 1.5000000000000002 0.040675701023522033
decision_type=2 2 2 2 2 2 2 2 2 2 2 2 2 2 2 2 2 2 2 2 2 2 2 2 2 2 2 2 2 2
left_child=1 2 6 4 5 29 7 15 16 10 14 13 -9 -12 -10 28 -8 -14 -19 20 21 22 -5 24 25 26 27 -13 -1 -3
right_child=-2 3 -4 19 -6 -7 8 12 9 -11 11 23 17 -15 -16 -17 -18 18 -20 -21 -22 -23 -24 -25 -26 -27 -28 -29 -30 -31
leaf_value=-0.041904513336073583 0.02698659337313708 -0.0019643534844394671 0.027809304276614367 -0.12146678770906592 0.015530246744105089 0.029920010273499911 -0.029634260780621261 0.033842821169995214 -0.031785733280624735 0.016293082192205242 -0.048557521397563558 -0.0036343755309267089 -0.045781736587399646 0.029817994876074602 0.02974554194170188 0.022343686949062021 0.014286932506020759 0.01215940518743548 -0.043813976941875214 0.022948172672762199 0.027209513525703513 0.030590230227924634 -0.0042147685267930005 0.027153767046267371 0.024363397112971429 -0.08008806576848386 0.031528789471323225 -0.068867504935762491 0.0022542142954220744 -0.045422814585589985
leaf_weight=114.84527086303569 2083.353075388819 37.361395572195761 230.70258628542069 16.853413790464401 407.44971443840768 36.107565853744745 30.897870028449688 80.210575699806213 24.039057883113855 230.55647175014019 126.93686926440569 26.231351137161255 28.882354953588219 14.989359428174792 88.026336267095758 26.929060114664026 1551.2794398327242 94.370628137636231 18.17247427534312 2423.5255135372281 62.356971770524979 18.013097763061523 9.6370822228491324 37.16240094602108 31.460099935531616 16.44206602871418 19.821041464805603 22.261228866875172 29.173875750624575 67.540046348643955
leaf_count=26098 615 1984 578 100 1295 69 8385 1142 6373 190 2535 46 1968 7 2181 368 24921 1347 727 1114 17 2 13 14 13 80 4 105 2970 1033
internal_value=0.0175772 0.0142631 0.00860934 0.01948 0.00776209 -0.0146355 0.00690398 -0.00625642 0.00923292 -0.00113435 -0.0110134 -0.0214299 0.00763559 -0.0401293 0.0163821 -0.0242072 0.013411 -0.00736131 0.00281503 0.0220158 0.000853859 -0.0358612 -0.0805162 -0.00397893 -0.014081 -0.0284687 -0.0150685 -0.034367 -0.0330054 -0.0301095
internal_weight=8005.59 5922.24 2843.39 3078.84 548.459 141.009 2612.69 392.584 2220.1 637.926 407.37 295.304 221.636 141.926 112.065 170.948 1582.18 141.425 112.543 2530.39 106.861 44.5036 26.4905 153.378 116.216 84.7557 68.3136 48.4926 144.019 104.901
internal_count=86294 85679 80052 5627 4381 3086 79474 34620 44854 11548 11358 2804 5184 2542 8554 29436 33306 4042 2074 1246 132 115 113 262 248 235 155 151 29068 3017
is_linear=0
shrinkage=0.03


Tree=91
num_leaves=31
num_cat=0
split_feature=73 56 55 47 21 61 6 55 73 73 57 32 73 56 56 73 65 73 55 55 55 58 65 55 73 23 0 56 65 73
split_gain=280.226 195.021 102.672 84.9283 84.5774 116.262 77.4294 106.794 91.3018 154.812 99.2896 72.9238 72.8231 73.0334 69.5277 73.8173 70.2082 64.7141 64.5076 166.368 129.485 60.1603 59.5423 53.1615 118.416 80.1466 60.3173 61.8614 52.4702 50.3921
threshold=0.77983000000000013 0.022911396799314965 0.048763003506173415 1.0000000180025095e-35 1.0000000180025095e-35 1.0000000180025095e-35 1.0000000180025095e-35 0.031824896673176999 0.12170000000000002 0.081220000000000014 3.5000000000000004 1.0000000180025095e-35 0.025995000000000001 0.036580011770314246 0.0033704637159995845 0.66771000000000014 276.50000000000006 0.0045350000000000008 0.021765767382888639 0.0092217361296526232 0.0097125389833710302 1.0000000180025095e-35 416.50000000000006 0.016299180440167958 0.0086650000000000008 1.0000000180025095e-35 7.9500000000000011 0.040675701023522033 361.50000000000006 0.16886000000000004
decision_type=2 2 2 2 2 2 2 2 2 2 2 2 2 2 2 2 2 2 2 2 2 2 2 2 2 2 2 2 2 2
left_child=1 2 3 4 14 6 -6 8 9 10 11 17 13 -3 16 21 -1 -8 19 -10 -21 29 23 -15 -25 26 -26 -28 -18 -16
right_child=-2 12 -4 -5 5 -7 7 -9 18 -11 -12 -13 -14 22 15 -17 28 -19 -20 20 -22 -23 -24 24 25 -27 27 -29 -30 -31
leaf_value=-0.037087453631110399 0.026809928868597021 -0.040403078779284389 0.028106816924544809 -0.05814266439076296 0.02578091557241111 -0.057668760004151658 -0.029998889077309535 -0.057463589079428327 0.013343569047193674 -0.05660265320338196 -0.030319306909266791 -0.039803896464997393 0.021615963689021443 0.032840472446117333 -0.025099326130389024 0.0190014802778945 0.032190897069563983 0.011460267833951527 0.027084728627807936 0.023577276702482473 -0.088069983883937095 -0.045872443727867529 -0.043554831620404133 -0.043660295291683089 0.021390734035296701 -0.043218435083014352 0.022657210742238192 -0.045214293297744249 -0.034858338693563348 0.0079360832868256934
leaf_weight=19.338579856819706 2061.8974419590086 24.105978747829795 217.45372194447555 17.067789558728691 250.82972362558939 22.028985824959818 34.755329582432751 21.128973000973929 782.54431272577494 38.522152828227263 67.473490739153931 27.267461202951381 2397.5148731730878 104.00972355896374 99.0671956629958 50.396108604967594 86.05476376900333 665.70161262666807 274.9638925739564 13.895314440131186 25.516957706771791 61.892834363330621 15.914608345949089 34.354583158332389 327.61908111302182 20.18206825281959 21.207991386647336 25.740638949675485 11.11341314576566 70.420894526876509
leaf_count=4934 622 2250 559 663 2125 415 8464 724 1104 425 4887 1350 1225 164 16639 42 1934 24369 230 7 142 9040 277 762 326 289 39 252 1971 105
internal_value=0.0173038 0.0139367 0.00833674 0.00669826 0.00714219 0.00942113 0.010118 0.00809291 0.00883974 0.00135336 0.00422852 0.00746895 0.0193186 0.00968756 -0.00557862 -0.0136265 0.0138359 0.00936331 0.0145234 0.0102935 -0.0490979 -0.0207843 0.0119563 0.0136919 0.00898495 0.0136654 0.0168372 -0.0147218 0.0242453 -0.0114073
internal_weight=7889.98 5828.08 2857.43 2639.98 2622.91 2224.63 2202.6 1951.77 1930.64 833.72 795.198 727.724 2970.65 573.135 398.284 281.777 116.507 700.457 1096.92 821.957 39.4123 231.381 549.029 533.114 429.104 394.75 374.568 46.9486 97.1682 169.488
internal_count=86335 85713 80129 79570 78907 44242 43827 41702 40978 39495 39070 34183 5584 4359 34665 25826 8839 32833 1483 1253 149 25784 2109 1832 1668 906 617 291 3905 16744
is_linear=0
shrinkage=0.03


Tree=92
num_leaves=31
num_cat=0
split_feature=73 56 73 8 22 4 64 31 55 21 55 55 65 54 73 65 56 73 0 55 73 56 65 55 56 26 66 56 56 55
split_gain=273.414 195.67 152.915 84.5709 108.997 85.735 67.9401 75.8879 68.2494 90.3725 110.109 106.712 92.391 84.1559 76.8585 56.0984 55.4057 54.5814 51.1188 112.784 90.9917 112.757 91.0384 127.676 90.5865 56.9093 55.8543 165.562 74.5397 55.2886
threshold=0.89998500000000015 0.022911396799314965 0.025995000000000001 1.0000000180025095e-35 1.0000000180025095e-35 1.0000000180025095e-35 1.0000000180025095e-35 1.0000000180025095e-35 0.048763003506173415 1.0000000180025095e-35 0.0073991022256974679 0.0092217361296526232 276.50000000000006 1.0000000180025095e-35 0.32766500000000004 265.50000000000006 0.043552575160501622 0.0038850000000000004 9.0500000000000025 0.029395112010871392 0.53825500000000015 0.0051989228559195817 194.50000000000003 0.0055825586881825175 0.0052393313713162363 1.0000000180025095e-35 1.0000000180025095e-35 0.014475206292182307 0.0064957980922481463 0.031781826281211616
decision_type=2 2 2 2 2 2 2 2 2 2 2 2 2 2 2 2 2 2 2 2 2 2 2 2 2 2 2 2 2 2
left_child=1 6 3 5 15 -3 8 -8 9 10 12 -12 -1 -13 -14 -5 -17 -11 26 20 21 -20 24 -24 -23 -25 29 28 -28 -19
right_child=-2 2 -4 4 -6 -7 7 -9 -10 17 11 13 14 -15 -16 16 -18 18 19 -21 -22 22 23 25 -26 -27 27 -29 -30 -31
leaf_value=-0.047099772188132313 0.029388871711850537 -0.041419323136381234 0.02242399889832725 -0.042293724879342236 0.032269078226148051 0.018649727274282667 -0.05213880687473052 0.020588401740485835 0.025487837662212763 -0.029529155590181648 0.032888803257791935 0.0055534564281028986 -0.036299869578185623 -0.047574556878909081 0.01313507639145042 0.010787521134839648 -0.044986900244552465 0.019224509867814238 -0.042712409787975976 -0.069494893535730573 0.018231608645298259 0.030821811096033033 -0.054364370472002418 0.017004200624430581 -0.050272019078600558 -0.052331562047207507 0.015981329060635232 -0.077871578691452878 -0.010533591982554493 -0.045494675184154384
leaf_weight=73.356521875932231 1343.8352471273392 22.236147077346686 2759.1833789274096 71.600476798019372 39.245155046693981 276.20176473865286 32.420246895897435 20.334866304387106 230.2808960590628 28.934998905053362 101.03491704078624 113.12507560878294 43.077534061769256 34.111842890590196 78.168647140264511 54.640109537693206 21.534746130229905 1034.4454496424296 52.921032347076107 16.792003689624835 356.13559678941965 15.971303769474614 25.095350120216608 310.00837640534155 46.845562116068322 10.079690726532133 411.36665717454161 19.093670292000752 123.38438673576456 11.101265750563469
leaf_count=17393 292 663 1318 2298 59 697 1399 240 585 8384 1252 2015 11750 1862 90 406 281 18243 4032 275 237 23 1508 2030 2833 537 3604 176 1409 632
internal_value=0.0170817 0.0145065 0.0196929 0.00415635 -0.0116233 0.0140507 0.00922349 -0.024244 0.00979417 0.0085418 -0.00392709 0.00930376 -0.0207681 -0.00699314 -0.00458192 -0.0234185 -0.0053586 0.0107853 0.0112766 0.00524571 0.00686484 -0.00193827 0.00344197 0.00950356 -0.0294939 0.0146646 0.0144156 0.00669598 0.00985524 0.0184945
internal_weight=7776.56 6432.73 3244.64 485.458 187.02 298.438 3188.09 52.7551 3135.33 2905.05 442.875 248.272 194.603 147.237 121.246 147.775 76.1749 2462.18 2433.24 833.849 817.057 460.921 408 345.183 62.8169 320.088 1599.39 553.845 534.751 1045.55
internal_count=86523 86231 5722 4404 3044 1360 80509 1639 78870 78285 34362 5129 29233 3877 11840 2985 687 43923 35539 11475 11200 10963 6931 4075 2856 2567 24064 5189 5013 18875
is_linear=0
shrinkage=0.03


Tree=93
num_leaves=31
num_cat=0
split_feature=56 58 56 62 65 56 56 55 0 60 55 65 65 56 48 65 63 65 0 0 56 16 0 55 17 63 65 65 57 55
split_gain=128.876 100.806 128.961 92.3227 91.3402 67.3693 64.323 61.3434 84.0202 61.874 98.4038 81.0529 86.3533 94.2547 91.0824 83.835 101.7 92.793 67.7032 73.8913 65.7363 59.3111 54.9535 48.9818 49.5481 48.5001 46.4728 192.623 113.465 91.4185
threshold=0.032660197162707801 1.5000000000000002 0.031760312482723076 1.0000000180025095e-35 154.50000000000003 0.0012507313961251478 0.018723845800721603 0.06386747763884322 5.2500000000000009 1.5000000000000002 0.031781826281211616 203.50000000000003 738.50000000000011 0.025256962971620851 1.0000000180025095e-35 460.50000000000006 1.0000000180025095e-35 229.50000000000003 9.7000000000000011 7.7500000000000009 0.024051509200471031 1.0000000180025095e-35 9.9500000000000011 0.0021089081406406199 1.0000000180025095e-35 1.0000000180025095e-35 341.50000000000006 300.50000000000006 1.5000000000000002 0.0046575976997566331
decision_type=2 2 2 2 2 2 2 2 2 2 2 2 2 2 2 2 2 2 2 2 2 2 2 2 2 2 2 2 2 2
left_child=1 2 3 5 -5 -1 23 8 -7 10 11 -10 13 14 15 17 22 20 19 -12 -13 26 -17 -6 -25 -2 27 28 29 -19
right_child=25 -3 -4 4 6 7 -8 -9 9 -11 18 12 -14 -15 -16 16 -18 21 -20 -21 -22 -23 -24 24 -26 -27 -28 -29 -30 -31
leaf_value=-0.03670563770827738 0.019294754904185522 0.021984474915614439 -0.1339284501956404 -0.051488609249713567 -0.047575564529417767 -0.041253864375590053 -0.082120251560109978 0.029865375596124549 0.018827552506529961 0.020656635580248349 -0.010289432728853935 -0.057169806574075527 0.021762110439395091 -0.093197443085374643 0.028496304127764868 -0.05487490348929816 0.014863807881182292 0.0094336645333751665 0.012260398811462505 -0.071936475234290392 0.026960716971775905 -0.052466020400336613 0.026205572830647991 0.0089648526460945031 -0.048465269268806836 0.028386926470008497 0.015596008200833299 -0.053622915818193666 0.019322220696988635 -0.052003670014059783
leaf_weight=23.517700634169159 2219.6222138371086 970.3627192384447 4.5173404726665458 31.022189070674358 14.959977458900537 25.2556331899832 7.0604274176876052 188.39154355064966 882.08542461003526 679.63325522380183 47.182882101566065 34.281962095643394 280.36709413971403 8.0889567824779061 118.0937109288061 61.881805628305301 38.490417904860806 44.096038909687195 46.745369779528119 27.203561355883721 10.291567287291398 14.04632870556088 7.9469405113486564 292.6034045026172 13.186428374581736 701.37952040787786 350.00127905322006 50.316770682111382 242.79499838629272 41.612087515299208
leaf_count=5346 3133 3495 110 6855 2194 6264 134 282 13479 5575 689 3074 2090 240 212 4185 111 2057 134 470 11 2656 14 8248 2624 199 4598 2979 2068 2731
internal_value=0.0165653 0.013406 0.0110789 0.0112992 -0.00312769 0.0129062 0.0015916 0.0132823 0.012235 0.0127012 0.0103481 0.0118091 0.00704446 0.00298939 0.00384788 0.000570175 -0.0240506 0.00398318 -0.0158784 -0.0334893 -0.0375796 0.0065242 -0.0454077 0.00368379 0.00633842 0.0214869 0.00773143 0.000443215 0.00886212 -0.0206505
internal_weight=7477.04 4556.04 3585.68 3581.16 358.832 3222.33 327.81 3198.81 3010.42 2985.16 2305.53 2184.4 1302.31 1021.94 1013.85 895.76 108.319 787.441 121.132 74.3864 44.5735 742.868 69.8287 320.75 305.79 2921 728.821 378.82 328.503 85.7081
internal_count=86257 82925 79430 79320 20055 59265 13200 53919 53637 47373 41798 40505 27026 24936 24696 24484 4310 20174 1293 1159 3085 17089 4199 13066 10872 3332 14433 9835 6856 4788
is_linear=0
shrinkage=0.03


Tree=94
num_leaves=31
num_cat=0
split_feature=73 60 73 9 65 73 2 11 73 73 73 58 59 65 65 65 0 58 65 65 14 67 65 65 73 66 2 73 73 65
split_gain=275.95 121.014 88.094 92.9832 71.9443 71.6903 60.9418 96.8261 102.132 97.8164 94.5526 148.302 115.568 164.63 127.616 101.272 81.5638 76.6522 65.6556 70.7252 61.4711 55.7595 50.4917 50.1376 49.5998 49.4618 44.9715 43.3775 44.6333 47.9743
threshold=0.89998500000000015 1.5000000000000002 0.021455000000000005 1.0000000180025095e-35 413.50000000000006 0.0093150000000000021 1.0000000180025095e-35 1.0000000180025095e-35 0.017695000000000006 0.043455000000000008 0.24908000000000002 1.0000000180025095e-35 1.0000000180025095e-35 65.500000000000014 142.50000000000003 190.50000000000003 7.2500000000000009 1.5000000000000002 68.500000000000014 398.50000000000006 1.0000000180025095e-35 1.0000000180025095e-35 237.50000000000003 120.50000000000001 0.011185000000000002 1.0000000180025095e-35 1.0000000180025095e-35 0.043455000000000008 0.051885000000000008 502.50000000000006
decision_type=2 2 2 2 2 2 2 2 2 2 2 2 2 2 2 2 2 2 2 2 2 2 2 2 2 2 2 2 2 2
left_child=1 6 3 4 23 -5 7 9 18 -1 11 12 14 -14 -8 -13 22 21 -9 -20 -18 25 -15 -3 -16 27 -4 -17 -29 -30
right_child=-2 2 26 5 -6 -7 10 8 -10 -11 -12 15 13 16 24 17 20 -19 19 -21 -22 -23 -24 -25 -26 -27 -28 28 29 -31
leaf_value=-0.03844080682622935 0.028881751194469514 0.025402533833884442 0.031334103917014383 -0.040203035662591063 0.02835695818649521 0.029226103141239454 -0.051981159915988243 -0.04394707431706988 0.026590971058373616 0.0083734836535134544 0.013558503184843728 -0.054121128304813484 0.01812929009008523 -0.066402927935874212 -0.02879195669252347 -0.032071413773386799 -0.056047327124334891 -0.051231327988297513 0.014053436793610324 -0.036240626839530075 0.014308875491406031 -0.049897232996030307 0.0092329334192966569 -0.041184124930717776 0.016203513648151372 -0.029514012851921748 0.019646893921209226 0.035086343890425073 -0.028255654063576614 0.025049786623188113
leaf_weight=48.197123489197111 1282.0330247040838 11.269786152406594 458.59942186018452 14.370868512021842 22.637045184004819 108.20251009584172 25.433421317560715 19.714610834314954 739.89851121045649 217.91123842622619 1617.7421210445464 52.136141171562485 111.60516394593287 8.344541734637458 21.773536219610833 16.639222843281459 82.184324391011614 30.513661710632732 387.17777044055401 25.961340292909881 12.496982982353073 17.696081022499129 52.011829875526018 67.119633064168738 821.43835220037727 30.317581173207145 866.49884601542726 65.604666120838374 28.444189324509352 30.400501746393275
leaf_count=6265 304 231 113 1726 479 632 4773 568 613 454 1489 9444 496 1085 12079 7330 4400 1443 10361 3031 304 753 3279 4329 7735 1081 1107 64 251 39
internal_value=0.0162467 0.0135482 0.020775 0.0033398 -0.0178727 0.0208266 0.0110367 0.0161202 0.0198245 -0.000217617 0.00861397 0.0029234 0.00768989 -0.00956024 0.01299 -0.0169445 -0.0294812 -0.0079136 0.00822348 0.0108131 -0.0467085 -0.000691101 -0.00213589 -0.0314118 0.0150089 0.00464892 0.0237123 0.012146 0.0182665 -0.000758446
internal_weight=7294.37 6012.34 1548.7 223.6 101.026 122.573 4463.64 1438.86 1172.75 266.108 3024.78 1407.04 1135.29 266.643 868.645 271.752 155.038 219.616 432.854 413.139 94.6813 189.102 60.3564 78.3894 843.212 171.406 1325.1 141.089 124.449 58.8447
internal_count=86258 85954 8617 7397 5039 2358 77337 21292 14573 6719 56045 54556 34151 9564 24587 20405 9068 10961 13960 13392 4704 9518 4364 4560 19814 8765 1220 7684 354 290
is_linear=0
shrinkage=0.03


Tree=95
num_leaves=31
num_cat=0
split_feature=73 55 55 73 73 59 4 55 11 65 73 57 62 73 57 65 57 32 55 0 73 73 55 23 57 37 65 73 65 73
split_gain=232.14 100.511 415.032 155.425 103.662 96.3255 89.6257 99.1835 93.724 133.423 101.911 119.147 76.3966 120.936 79.294 114.958 78.856 64.3389 85.847 58.9664 53.6466 47.3992 49.1771 160.409 72.4845 56.6391 48.587 73.5798 140.576 46.9782
threshold=0.89998500000000015 0.02035367420542971 0.016299180440167958 0.0069850000000000008 0.09141500000000001 1.0000000180025095e-35 1.0000000180025095e-35 0.06386747763884322 1.0000000180025095e-35 278.50000000000006 0.055750000000000001 11.500000000000002 1.0000000180025095e-35 0.12170000000000002 2.5000000000000004 65.500000000000014 11.500000000000002 1.0000000180025095e-35 0.0060062908598989394 8.1500000000000004 0.14175000000000001 0.0026450000000000002 0.0066168109075340131 1.0000000180025095e-35 2.5000000000000004 1.0000000180025095e-35 344.50000000000006 0.32766500000000004 1027.5000000000002 0.66771000000000014
decision_type=2 2 2 2 2 2 2 2 2 2 2 2 2 2 2 2 2 2 2 2 2 2 2 2 2 2 2 2 2 2
left_child=1 2 12 -3 6 -4 7 8 10 -10 -5 -12 16 -14 15 -15 17 21 -19 -7 -20 -1 23 26 -25 -24 -23 28 -28 -26
right_child=-2 3 5 4 -6 19 -8 -9 9 -11 11 -13 13 14 -16 -17 -18 18 20 -21 -22 22 25 24 29 -27 27 -29 -30 -31
leaf_value=-0.028738076810978702 0.028964856990023376 -0.039985355060609698 -0.082627066681221883 0.017353857237677312 0.02393165392733004 -0.0023033606004305689 0.019536735547929927 0.024735557033806161 -0.044909012224825955 0.0039710736611471356 -0.099641793738671533 0.029819042781966548 -0.037532226289704707 0.033245001523229532 0.013925855511822672 -0.055781965108004143 -0.054055670081595106 -0.067544684712455505 -0.04046112701354912 -0.089498351701686546 0.017493708281556542 0.019095772028963138 0.020958602511072205 -0.050638837891198114 -0.03905442760770577 -0.075940536770483652 -0.045892767326212086 0.016063703691776277 0.035216633685765802 0.021169807153054745
leaf_weight=20.033154344302602 1282.5990512371063 39.341558255080599 45.506337935978081 194.77261665597325 1871.7304725130089 35.163378197001293 799.79907766240649 151.20282768964535 91.095442577265203 110.30864020128502 14.314767010684591 10.356361389160156 61.305501860071672 19.277751191984862 298.12116305460222 36.251345923286863 13.889711355586767 17.088856394810136 17.488716208492406 7.7263829400762907 63.735421139746904 782.62138560035964 1308.8422819814587 47.658903325238498 16.634427895507542 4.4969864557497194 56.229626698244829 150.32863236963749 28.085030502057634 33.393787071108818
leaf_count=7228 303 2145 1087 1102 1103 176 2264 311 2014 883 125 1 20281 5 404 283 409 657 392 77 42 12009 12485 12424 2383 167 5313 117 249 17
internal_value=0.0173231 0.0149663 0.0110518 0.0186151 0.0193379 -0.052653 0.0130575 0.00398041 -0.00351749 -0.0182501 0.0100255 -0.0462525 0.0129614 0.0010175 0.0077871 -0.0248336 0.0148959 0.015293 -0.00843211 -0.0196924 0.00467488 0.0162488 0.0166316 0.011979 -0.0245688 0.0205693 0.0155093 0.00351697 -0.0187793 0.000772266
internal_weight=7629.4 6346.8 3063.88 3282.92 3243.58 88.3961 1371.85 572.051 420.848 201.404 219.444 24.6711 2975.48 414.956 353.65 55.5291 2560.53 2546.64 98.313 42.8898 81.2241 2448.32 2428.29 1114.95 97.6871 1313.34 1017.26 234.643 84.3147 50.0282
internal_count=86456 86153 76205 9948 7803 1340 6700 4436 4125 2897 1228 126 74865 20973 692 288 53892 53483 1091 253 434 52392 45164 32512 14824 12652 17688 5679 5562 2400
is_linear=0
shrinkage=0.03


Tree=96
num_leaves=31
num_cat=0
split_feature=73 73 56 11 73 56 4 56 58 65 57 71 73 36 55 15 55 73 70 60 73 65 57 73 60 73 56 55 56 25
split_gain=248.066 154.736 147.839 101.336 94.0217 95.501 93.5057 104.312 84.2474 75.9247 63.9545 140.646 61.4738 59.4761 108.944 57.8527 156.006 72.463 57.8969 55.64 82.1105 54.986 53.6597 46.5592 44.9729 71.0237 45.2285 50.2275 118.646 80.3657
threshold=0.89998500000000015 0.025995000000000001 0.022911396799314965 1.0000000180025095e-35 0.020785000000000001 0.17921699122365412 1.0000000180025095e-35 0.0088004231848067046 1.0000000180025095e-35 97.500000000000014 1.5000000000000002 1.0000000180025095e-35 0.016785000000000005 1.0000000180025095e-35 0.0026626206054341075 1.0000000180025095e-35 0.0063844283733814023 0.12170000000000002 1.0000000180025095e-35 6.5000000000000009 0.022535000000000003 1271.5000000000002 4.5000000000000009 0.0026450000000000002 1.5000000000000002 0.09141500000000001 0.10483687077254721 0.010957361226626923 0.037227276579386147 1.0000000180025095e-35
decision_type=2 2 2 2 2 2 2 2 2 2 2 2 2 2 2 2 2 2 2 2 2 2 2 2 2 2 2 2 2 2
left_child=1 3 6 19 8 -6 13 10 9 12 11 -8 -5 15 -15 16 -3 -18 -17 20 -1 -20 23 -11 25 26 27 -4 29 -29
right_child=-2 2 24 4 5 -7 7 -9 -10 22 -12 -13 -14 14 -16 18 17 -19 21 -21 -22 -23 -24 -25 -26 -27 -28 28 -30 -31
leaf_value=-0.038280623167416039 0.02863502476464248 -0.051468665558468588 0.017647759226745385 -0.044769651804934647 -0.044537369582173005 0.029514827045211665 -0.054373590822820637 -0.041207688497339634 -0.035294406199761284 -0.028669483651300547 0.029799147126214016 0.031047946296956192 0.015166780636258969 0.024911908323657285 -0.065112398410540465 0.011245102840048173 -0.038969050524001375 0.015073263917641811 -0.064458584850312167 0.025430527664798135 0.0096018690798274613 0.025681009873223623 -0.035252564669581037 0.017912080387793516 0.026785012368276472 0.022217980739635299 0.022049822308777431 -0.075365421908693928 0.0048211134816899771 0.01591172283406694
leaf_weight=106.97274287402979 1203.2853777529672 50.52452968050784 118.83805392682552 35.080961371073499 55.519476735295029 20.8902827501297 26.662247102533001 21.388501778244972 33.739831034210511 19.015145699406276 408.55866153404349 45.522553255665116 26.18372134261881 21.127963805571198 26.066565108922077 1672.5210703908815 24.979000659601297 158.97656060173176 16.560507740708999 22.785310312057845 45.458893952818471 8.6449984461069125 17.535212178481743 673.56296697357902 839.88397596776485 1155.1419072188437 149.36451253294945 30.951976004987955 165.92944619804621 11.499427087604998
leaf_count=25255 300 1417 96 1961 2700 4 505 91 11188 6419 586 14 188 33 297 6341 679 195 183 103 613 3 1618 24195 263 521 68 155 179 9
internal_value=0.0162024 0.0137088 0.0159319 0.00328339 0.00742785 -0.0241719 0.0107523 0.0223048 0.0104531 0.0124972 0.0252102 -0.000815278 -0.0193214 0.00781188 -0.0251298 0.00862907 -0.00532065 0.00756394 0.0105577 -0.0174915 -0.0240314 -0.0337422 0.0152656 0.0165937 0.0211259 0.0181985 0.00842991 0.00216463 -0.0067074 -0.0508427
internal_weight=7213.17 6009.89 4953.14 1056.74 881.528 76.4098 2481.53 502.132 805.118 771.378 480.743 72.1848 61.2647 1979.4 47.1945 1932.21 234.48 183.956 1697.73 175.217 152.432 25.2055 710.113 692.578 2471.61 1631.73 476.583 327.219 208.381 42.4514
internal_count=86179 85879 11635 74244 48273 2704 10344 1196 45569 34381 1105 519 2149 9148 330 8818 2291 874 6527 25971 25868 186 32232 30614 1291 1028 507 439 343 164
is_linear=0
shrinkage=0.03


Tree=97
num_leaves=31
num_cat=0
split_feature=73 56 30 66 26 60 73 73 4 22 73 56 56 73 0 58 56 59 59 56 0 56 57 56 56 56 0 57 6 73
split_gain=260.271 165.733 120.267 88.4643 109.84 86.743 86.9791 65.2023 94.1136 78.6454 101.128 68.4725 62.436 88.0462 59.2656 57.9301 57.6767 56.6702 97.1169 157.198 78.7739 53.5101 49.3238 47.2089 45.3524 44.7869 90.8471 54.2704 40.9454 41.5399
threshold=0.77983000000000013 0.032660197162707801 1.0000000180025095e-35 1.0000000180025095e-35 1.0000000180025095e-35 3.5000000000000004 0.0038850000000000004 0.09141500000000001 1.0000000180025095e-35 1.0000000180025095e-35 0.022535000000000003 0.049807384346336886 0.071706371629366064 0.081220000000000014 8.6500000000000004 1.0000000180025095e-35 0.018723845800721603 1.5000000000000002 1.0000000180025095e-35 0.014475206292182307 8.7500000000000018 0.0013997099996706566 6.5000000000000009 0.031760312482723076 0.0035371064566473123 0.084603725430266341 9.7000000000000011 1.5000000000000002 1.0000000180025095e-35 0.42477500000000007
decision_type=2 2 2 2 2 2 2 2 2 2 2 2 2 2 2 2 2 2 2 2 2 2 2 2 2 2 2 2 2 2
left_child=1 2 3 4 5 6 -1 8 9 10 -3 -12 13 -13 -4 -16 -6 18 22 20 -20 -8 28 -23 -22 -14 27 -27 -5 -30
right_child=-2 7 14 17 16 -7 21 -9 -10 -11 11 12 25 -15 15 -17 -18 -19 19 -21 24 23 -24 -25 -26 26 -28 -29 29 -31
leaf_value=-0.029673605151172136 0.025962446576454117 -0.039903968582905444 -0.057298434477530101 0.029419832472834452 -0.040002971891998279 -0.069251410425571133 -0.033511947266494986 0.02438757463611832 0.021156165425136906 0.031378437474666267 0.015494757324109086 -0.11013040187188969 0.013990596821624712 0.0041341099022484023 0.012290747658268845 -0.068607599222998555 0.022046562189887806 0.024657817151157453 -0.048567373225072964 -0.08493630282194245 -0.044798141373120499 0.015540511817280018 -0.061109967911658888 -0.095288220658236333 0.012420875165952697 -0.1060881564810725 0.015638870443397672 -0.016044631397192061 -0.0024563425363555587 0.01477942054107966
leaf_weight=39.20267762162257 1790.7456619516015 53.101511853514239 33.769831230863929 56.393398862273898 52.050116957427235 10.318223156413294 19.44142364228901 1081.9903452396393 684.53570604382548 75.807982655009255 198.57418238371611 11.724029734730721 63.257780443876982 11.470867671072483 36.256679387122858 9.1396333160228078 17.351406807254534 84.658006872283295 31.7591125939216 28.028344415128231 13.428642296552423 2150.6770200602477 9.2507333555258793 2.4839434222667469 91.064053450885694 12.272428154945375 25.421625524759293 11.797903865575789 407.07171773276059 181.02385530248284
leaf_count=13782 607 1219 1611 228 4056 469 4892 412 1093 46 167 68 49 12 290 268 28 342 1073 221 439 47020 172 64 593 68 17 22 7102 143
internal_value=0.016028 0.0127912 0.00849001 0.00939829 0.0125306 0.0136944 0.0141125 0.0190983 0.0140962 0.00364465 -0.00184611 0.00429613 -0.0120554 -0.0557864 -0.0278172 -0.00512419 -0.0243969 0.00144147 -0.0009884 -0.0215358 -0.00796991 0.0149159 0.00420003 0.0153685 0.00471255 -0.00264771 -0.0237697 -0.0643544 0.00523068 0.00286514
internal_weight=7294.07 5503.32 3273.37 3194.2 2291.52 2222.12 2211.81 2229.95 1147.96 463.428 387.62 334.519 135.945 23.1949 79.1661 45.3963 69.4015 902.678 818.02 164.28 136.252 2172.6 653.74 2153.16 104.493 112.75 49.492 24.0703 644.489 588.096
internal_count=86573 85966 82793 80624 70311 66227 65758 3173 2761 1668 1622 403 236 80 2169 558 4084 10313 9971 2326 2105 51976 7645 47084 1032 156 107 90 7473 7245
is_linear=0
shrinkage=0.03


Tree=98
num_leaves=31
num_cat=0
split_feature=73 56 55 60 73 73 36 55 15 56 4 65 73 73 55 4 57 73 56 73 31 64 27 55 60 30 73 73 73 73
split_gain=275.867 176.493 202.103 119.988 100.574 97.1274 60.8103 99.8608 62.215 164.357 63.7137 94.2077 61.7401 92.8924 56.5282 51.5759 64.2959 52.0298 50.6423 149.299 96.4432 78.8611 76.3003 53.9293 51.0843 64.3268 53.592 52.1147 57.0149 65.7109
threshold=0.89998500000000015 0.022911396799314965 0.0069782869163078536 1.5000000000000002 0.09141500000000001 0.09141500000000001 1.0000000180025095e-35 0.0026626206054341075 1.0000000180025095e-35 0.0051284951312350431 1.0000000180025095e-35 231.50000000000003 0.42477500000000007 0.013005000000000001 0.000661284296626267 1.0000000180025095e-35 6.5000000000000009 0.017965000000000005 0.0038418136046520644 0.026605000000000004 1.0000000180025095e-35 1.0000000180025095e-35 1.0000000180025095e-35 0.057612852812660494 1.5000000000000002 1.0000000180025095e-35 0.77983000000000013 0.027165000000000005 0.034855000000000004 0.036150000000000009
decision_type=2 2 2 2 2 2 2 2 2 2 2 2 2 2 2 2 2 2 2 2 2 2 2 2 2 2 2 2 2 2
left_child=1 6 3 5 15 -3 8 -8 9 -1 11 -11 13 -13 -10 16 17 -4 23 20 22 24 -20 -16 25 27 -27 -21 -29 -30
right_child=-2 2 4 -5 -6 -7 7 -9 14 10 -12 12 -14 -15 18 -17 -18 -19 19 21 -22 -23 -24 -25 -26 26 -28 28 29 -31
leaf_value=-0.045131641654385699 0.028471216898597582 -0.050402000701004701 -0.032686115992340212 0.02401275603465803 0.024016670761563642 -0.19657109207719139 0.021692187587131751 -0.063862735070050983 -0.04235664854704109 -0.046291109663380105 0.026750833549261995 0.01953741765541845 0.023279079721719526 -0.044997152203543826 0.017339666000829337 0.018390383116926697 -0.035788748095519685 0.010491032222131673 -0.03776381992694737 0.037163838646935843 0.020736659898475691 -0.050958633118691636 0.023882296500466645 -0.07199786309340904 0.022261943357349632 -0.055260435807237739 0.020979973638996615 -0.038528665102457296 0.047731192862692992 0.0077230023491140784
leaf_weight=68.61024081139476 1182.1690431833267 13.06040809012484 25.268829668377293 9.676713603781538 1493.2554135397077 5.7529638446867457 21.517594850505702 26.438241127121728 17.734708237287123 36.435444111251854 91.486886174971005 39.088775957963662 89.174311317503452 39.369293797382852 728.08592739055166 688.21025254181586 29.735490531194955 594.19738021522062 127.95745180128142 57.631196092814207 44.5708837522252 17.71480172171141 20.31691794062499 5.1676088322419664 294.56398511282168 24.328484661702532 11.691626168787478 22.124074126593769 37.299384314101189 1088.5284611922107
leaf_count=15259 307 336 2087 62 589 51 160 1114 3518 8222 1671 7057 52 1997 13316 1345 448 781 22475 101 372 243 587 43 331 310 5 944 115 2670
internal_value=0.0152712 0.0125618 0.0178549 -0.0603502 0.018663 -0.102764 0.0073565 -0.0258156 0.00792118 -0.00365465 0.00609357 -0.00325271 0.00632087 -0.013004 0.00960972 0.0126721 0.00659122 0.00867994 0.00999826 0.00721362 -0.0176215 0.0103051 -0.0292135 0.0166129 0.0110443 0.00836722 -0.0306156 0.00955635 0.00813921 0.00908968
internal_weight=6951.16 5768.99 2859.16 28.4901 2830.67 18.8134 2909.84 47.9558 2861.88 364.165 295.555 204.068 167.632 78.4581 2497.72 1337.41 649.202 619.466 2479.98 1746.73 192.845 1553.88 148.274 733.254 1536.17 1241.6 36.0201 1205.58 1147.95 1125.83
internal_count=86568 86261 5699 449 5250 387 80562 1274 79288 34258 18999 17328 9106 9054 45030 4661 3316 2868 41512 28153 23434 4719 23062 13359 4476 4145 315 3830 3729 2785
is_linear=0
shrinkage=0.03


Tree=99
num_leaves=31
num_cat=0
split_feature=73 60 55 56 55 55 55 73 8 73 61 56 73 55 24 55 56 55 55 56 73 56 23 55 56 55 32 73 55 71
split_gain=256.533 135.448 134.684 126.526 114.255 100.585 285.229 228.17 200.754 163.598 127.76 110.034 107.565 66.6595 66.6465 63.1962 188.402 107.202 65.8947 74.3706 112.839 91.2933 76.0356 63.2748 62.1096 144.309 66.3586 61.8606 57.467 53.086
threshold=0.77983000000000013 1.5000000000000002 0.06386747763884322 0.13862626742538772 0.0039295846732344255 0.016299180440167958 0.02035367420542971 0.12170000000000002 1.0000000180025095e-35 0.043455000000000008 1.0000000180025095e-35 0.022911396799314965 0.017695000000000006 0.028894404390139527 1.0000000180025095e-35 0.0069782869163078536 0.016506303196287413 0.0066746296630805562 0.0066168109075340131 0.0039470903806293018 0.026605000000000004 0.0049775421792727509 1.0000000180025095e-35 0.0055761826431144886 0.018723845800721603 0.01115846687889677 1.0000000180025095e-35 0.0079950000000000021 0.0014982713309168155 1.0000000180025095e-35
decision_type=2 2 2 2 2 2 2 2 2 2 2 2 2 2 2 2 2 2 2 2 2 2 2 2 2 2 2 2 2 2
left_child=1 2 3 5 -3 10 -7 8 12 -10 14 -11 13 -8 15 16 17 18 19 23 -21 29 -23 28 25 26 -17 -6 -1 -22
right_child=-2 4 -4 -5 27 6 7 -9 9 11 -12 -13 -14 -15 -16 24 -18 -19 -20 20 21 22 -24 -25 -26 -27 -28 -29 -30 -31
leaf_value=-0.035199113122724279 0.02551382824764813 -0.030713846782269325 0.026447022485034902 0.023465863772396279 -0.035298192399836739 -0.072020497173889156 0.0096648236094701526 0.014380290231537883 -0.018069137335060246 -0.045729932460552132 -0.057575521267001578 -0.13127154212654013 0.01080808166142525 -0.052077524169965611 -0.03776202663875583 0.014937773450254576 -0.083457934794442717 -0.047999458228602174 0.041075322770443359 -0.03498008144609574 -0.054594918820890417 0.012592272168762304 -0.046366660697811882 -0.039418569033701084 0.02450452762904037 -0.049942729843364411 -0.057539548952940209 0.022418756170861871 0.022136258792610275 0.014588570636858337
leaf_weight=15.586893455998505 1697.4230737593025 37.69288601577864 367.24247695703525 388.78537151915953 16.074236216547433 49.263343764061574 23.094304516998818 537.99131718184799 100.17753520491533 35.099953863216797 24.515689167805249 23.013440854847431 216.9014897911693 46.616209092346253 25.005392072402174 494.06445747459657 20.034752103383653 29.655201319488697 53.445049887057394 71.445540698623518 32.609959231282119 398.9199800195056 19.735277609725017 16.165402276266832 435.46339840354631 33.731285185087472 10.671768471685935 1305.32235238672 355.88067289197352 13.690028392826205
leaf_count=5085 606 4008 482 328 1668 1189 551 595 2732 407 625 137 914 1990 9972 10846 460 3078 400 22962 714 1704 373 1337 1194 1531 280 3025 7407 32
internal_value=0.0153884 0.0120776 0.00919192 0.00735948 0.0202156 0.00532127 -0.00231546 0.00124786 -0.0146289 -0.0416302 0.00916439 -0.0812528 0.000376306 -0.0317756 0.00999994 0.0106153 0.00541606 0.00726504 0.00898902 0.00709079 -0.000149426 0.00526628 0.0097091 0.0170843 0.0160876 0.009248 0.0132946 0.0216905 0.0196424 -0.0342627
internal_weight=6895.32 5197.9 3838.81 3471.56 1359.09 3082.78 1032.16 982.894 444.903 158.291 2050.62 58.1134 286.612 69.7105 2026.11 2001.1 1027.17 1007.13 977.479 924.034 536.401 464.955 418.655 387.633 973.931 538.468 504.736 1321.4 371.468 46.3
internal_count=86632 86026 77325 76843 8701 76515 8515 7326 6731 3276 68000 544 3455 2541 67375 57403 43552 43092 40014 39614 25785 2823 2077 13829 13851 12657 11126 4693 12492 746
is_linear=0
shrinkage=0.03


Tree=100
num_leaves=31
num_cat=0
split_feature=73 2 73 59 73 65 73 73 22 65 65 57 65 65 64 62 15 0 58 65 57 65 57 73 73 73 58 58 0 18
split_gain=244.775 98.0566 137.349 85.8056 144.222 132.218 101.584 71.3696 67.6368 65.9985 80.2624 65.4091 88.5494 67.3653 64.7801 63.8122 67.8278 53.5472 56.8213 50.829 50.8042 162.101 50.3622 46.5975 44.4422 40.2898 42.2371 37.1426 36.4432 67.6994
threshold=0.89998500000000015 1.0000000180025095e-35 0.022145000000000001 1.0000000180025095e-35 0.060315000000000007 274.50000000000006 0.66771000000000014 0.011185000000000002 1.0000000180025095e-35 138.50000000000003 124.50000000000001 3.5000000000000004 364.50000000000006 398.50000000000006 1.0000000180025095e-35 1.0000000180025095e-35 1.0000000180025095e-35 8.9500000000000011 1.0000000180025095e-35 68.500000000000014 1.5000000000000002 344.50000000000006 3.5000000000000004 0.039845000000000005 0.020445000000000001 0.0026450000000000002 1.0000000180025095e-35 1.5000000000000002 7.2500000000000009 1.0000000180025095e-35
decision_type=2 2 2 2 2 2 2 2 2 2 2 2 2 2 2 2 2 2 2 2 2 2 2 2 2 2 2 2 2 2
left_child=1 2 11 7 8 -6 -7 -3 28 10 23 13 -13 19 15 -11 -17 18 -18 24 21 -4 27 -9 -1 -21 -27 -19 29 -5
right_child=-2 3 20 4 5 6 -8 9 -10 14 -12 12 -14 -15 -16 16 17 22 -20 25 -22 -23 -24 -25 -26 26 -28 -29 -30 -31
leaf_value=-0.043133557176016336 0.028296415609829192 -0.029272316508457387 0.019441054398183662 -0.052563184396714091 0.015350313033718484 -0.036958892547698262 0.0064792048591756765 -0.049516269573950257 0.019904762314350982 0.016246650537773535 -0.063641165663919766 -0.043298791739752415 0.017354669111417746 -0.036863919472068726 -0.034872815915874343 -0.058707854507737064 -0.067859596732802036 0.00050329139099962938 0.01770407766392694 -0.028520703574854384 0.027244813641175526 -0.060877843456271279 -0.073809083235089321 0.0067605010191452673 0.02897723841364859 0.018349742300561165 -0.038226449997861817 -0.073034855411150526 -0.049666400195269841 0.01262274326978993
leaf_weight=24.483732838620199 1118.389320904389 35.365349304745905 319.02409247407923 24.746276430960279 511.81323173595592 89.474957943719346 103.78434190154076 13.356762902330955 24.109412600315409 2459.2536547675845 17.196450575633207 48.944615034182789 37.501523532293504 24.578623105917359 23.022649016784271 15.046920650202081 6.3096945674042209 74.842996845109155 171.75304664767464 17.278220732754562 1005.0971422474249 23.368407964590006 10.10284449829487 169.81139114536927 10.199236984248271 482.16237316239858 11.269771929917622 5.7366556875640518 64.813712195085827 31.681238959776238
leaf_count=807 303 26198 598 6492 723 553 121 2231 529 12466 936 2045 778 3719 354 1076 306 1291 904 6261 1082 316 178 440 19 5668 2206 134 7249 699
internal_value=0.0154377 0.0129776 0.0183613 0.010173 0.00175846 0.00737447 -0.0137184 0.0125554 -0.0253481 0.0130638 -0.00354663 0.00709381 -0.0170889 0.010785 0.0142679 0.0146929 0.0012184 0.00477884 0.0143101 0.0129959 0.0238408 0.0137979 -0.0138885 0.00241017 -0.0217101 0.0153907 0.0169829 -0.00556315 -0.0344361 -0.016382
internal_weight=6974.52 5856.13 2003.91 3852.22 850.423 705.073 193.259 3001.8 145.351 2966.43 200.365 656.418 86.4461 569.972 2766.07 2743.05 283.792 268.745 178.063 545.393 1347.49 342.393 90.6825 183.168 34.683 510.71 493.432 80.5797 121.241 56.4275
internal_count=86682 86379 23499 62880 16366 1397 674 46514 14969 20316 3607 21503 2823 18680 16709 16355 3889 2813 1210 14961 1996 914 1603 2671 826 14135 7874 1425 14440 7191
is_linear=0
shrinkage=0.03


Tree=101
num_leaves=31
num_cat=0
split_feature=73 60 40 73 73 0 0 57 60 73 0 73 57 26 26 73 73 25 8 73 60 47 73 25 59 0 59 13 29 60
split_gain=263.293 135.768 108.858 73.9188 70.9797 101.237 94.6378 95.295 96.6255 88.7293 92.4914 74.2662 92.1689 77.2883 76.1344 79.2025 69.7542 60.1039 57.8719 74.9202 65.0682 57.3259 54.5571 52.7064 45.8265 80.0333 43.4512 151.813 42.8418 48.5169
threshold=0.89998500000000015 1.5000000000000002 1.0000000180025095e-35 0.0079950000000000021 0.66771000000000014 7.7500000000000009 6.6500000000000012 1.5000000000000002 1.0000000180025095e-35 0.0069850000000000008 9.7000000000000011 0.027165000000000005 3.5000000000000004 1.0000000180025095e-35 1.0000000180025095e-35 0.043455000000000008 0.24908000000000002 1.0000000180025095e-35 1.0000000180025095e-35 0.073035000000000017 1.0000000180025095e-35 1.0000000180025095e-35 0.019515000000000001 1.0000000180025095e-35 1.0000000180025095e-35 6.4500000000000011 1.0000000180025095e-35 1.0000000180025095e-35 1.0000000180025095e-35 1.0000000180025095e-35
decision_type=2 2 2 2 2 2 2 2 2 2 2 2 2 2 2 2 2 2 2 2 2 2 2 2 2 2 2 2 2 2
left_child=1 4 3 -3 5 6 17 16 -9 -7 -11 22 14 -14 15 -13 23 18 20 -20 -1 -10 -12 -8 25 -21 -22 -28 29 -17
right_child=-2 2 -4 -5 -6 9 7 8 21 10 11 12 13 -15 -16 28 -18 -19 19 24 26 -23 -24 -25 -26 -27 27 -29 -30 -31
leaf_value=-0.042055944161987699 0.028372405104679845 -0.035166892923566527 -0.07667610487367027 0.02161582264755179 0.017730218069221357 -0.023398497571804285 -0.0056370861018439468 -0.0081441679277048061 -0.064922902386345099 0.015790175152586558 -0.029409063046210455 -0.052119749295158203 -0.074490841859901874 0.014156551967186791 -0.05701046894123022 -0.0110639505023987 0.020043371925509972 0.032475613423821062 -0.034474465495932902 -0.060953462799260401 0.02112887537508008 0.016957712198547695 0.02820044857799146 -0.057711532391316891 0.0204256953853422 0.017069607202387965 0.027271866332234735 -0.057624628391409381 0.04065287155544 0.010455966233695182
leaf_weight=18.423073101934278 1081.8313779057935 20.074952259543352 9.4282560530700703 1421.3214027556533 762.48391915112734 64.870706877147313 154.7574625586858 87.458809938252671 62.593755515321391 1645.0563052373473 15.88295011417358 21.086616859654896 26.476326493546367 12.643641376169397 18.538414613110945 137.30780871142633 97.160958122462034 74.554820525867399 67.771078707257402 20.324709929671371 231.62138180571492 8.3395427271025238 128.49057271602214 18.768064100237098 68.991844387433957 25.840879616735037 49.626892940315884 29.311888698488474 29.092311963438988 295.5221818764694
leaf_count=7932 293 3733 168 4828 524 8731 7425 3487 2558 11946 5519 891 443 39 262 641 66 771 14082 202 6283 18 1324 831 112 25 693 1974 2 553
internal_value=0.0148218 0.0122105 0.0201153 0.0208012 0.00945806 0.00760401 -0.00033363 -0.0110262 -0.0294289 0.0109686 0.011935 0.0026676 -0.00244633 -0.0462011 0.00105162 0.0033933 -0.00018914 0.00749485 0.00380043 -0.00969325 0.0113101 -0.0551944 0.021704 -0.0115677 0.00506193 -0.0178446 0.0146007 -0.00457877 0.00603456 0.00361938
internal_weight=6705.65 5623.82 1450.82 1441.4 4173 3410.51 1015.55 429.079 158.392 2394.97 2330.1 685.041 540.667 39.12 501.547 483.009 270.686 586.467 511.912 182.929 328.983 70.9333 144.374 173.526 115.157 46.1656 310.56 78.9388 461.922 432.83
internal_count=86356 86063 8729 8561 77334 76810 46459 14385 6063 30351 21620 9674 2831 482 2349 2087 8322 32074 31303 14421 16882 2576 6843 8256 339 227 8950 2667 1196 1194
is_linear=0
shrinkage=0.03


Tree=102
num_leaves=31
num_cat=0
split_feature=73 56 73 55 64 73 2 55 21 60 55 56 0 60 55 55 73 55 0 56 62 58 55 65 73 55 55 0 23 56
split_gain=226.19 120.476 88.1382 133.355 72.9431 56.5825 107.34 62.8071 60.1324 108.673 58.4551 56.0596 88.8868 52.1627 58.3306 66.5315 201.862 131.135 151.041 89.9918 82.6494 81.5721 163.429 54.6748 70.2976 53.7661 134.88 76.9319 67.7756 87.9292
threshold=0.89998500000000015 0.048022201973341977 0.010255000000000002 0.0085685421769181088 1.0000000180025095e-35 0.09141500000000001 1.0000000180025095e-35 0.068361472679930133 1.0000000180025095e-35 1.5000000000000002 0.010957361226626923 0.0022020675352604339 6.4500000000000011 1.5000000000000002 0.06386747763884322 0.014255165993021049 0.032685000000000006 0.02035367420542971 7.2500000000000009 0.0030578462405835565 1.0000000180025095e-35 2.5000000000000004 0.0046575976997566331 507.50000000000006 0.66771000000000014 0.0066168109075340131 0.0060364811750502406 9.8500000000000032 1.0000000180025095e-35 0.0029752212764485838
decision_type=2 2 2 2 2 2 2 2 2 2 2 2 2 2 2 2 2 2 2 2 2 2 2 2 2 2 2 2 2 2
left_child=1 2 3 11 13 6 -3 8 -8 10 -10 -1 -13 14 15 20 -17 18 -18 -19 25 22 -22 -21 -25 26 28 -28 -4 -30
right_child=-2 5 4 -5 -6 -7 7 -9 9 -11 -12 12 -14 -15 -16 16 17 19 -20 23 21 -23 -24 24 -26 -27 27 -29 29 -31
leaf_value=0.022117745302783754 0.028063390732596553 0.023608676303171781 0.015335927327534254 -0.040770623501270947 -0.017529055116493879 0.025267128120406542 0.007798861133029111 0.023436710424367055 0.00015203311218583225 0.0042355370605705956 -0.075571829754825265 0.016568025899783016 -0.035934692910178409 0.018709978789862337 0.027554842032140398 -0.049221110195570177 0.0060024382086968876 -0.05062044835567131 -0.075894418673265587 0.014231971703099098 0.0077209176707969188 0.020935577892638526 -0.046242427330233336 -0.067299945193441027 0.017915558740626877 0.020130538650677723 -0.05969826012091882 0.027162202943652933 0.023020522114265259 -0.049972443917165911
leaf_weight=104.94172282530053 1118.7505635786802 388.58652144134976 665.06259631825378 70.521012146171415 73.504456203168957 919.92816781997681 90.013752086088061 67.290776063513476 12.08169045508839 52.873877130798064 37.081108906597365 60.98628983439994 53.654051222692942 924.7363111366576 171.00406794960145 61.666216754820198 46.813170884503052 20.015649741922971 34.562510265270248 685.72291754279286 139.40934528295475 99.149899593874579 78.003845297193038 16.306771473260596 16.879308775067329 915.18968400734593 36.575602896948112 11.487558795022776 25.652852437866386 32.859895651985426
leaf_count=8054 318 451 7204 7043 1333 331 351 87 25 112 326 15818 17794 3460 193 3045 101 541 266 856 4210 289 5205 124 11 4431 1548 11 706 2419
internal_value=0.0156946 0.0133499 0.0107729 -0.00518631 0.0119158 0.0204795 0.0136537 -0.00129588 -0.0100382 -0.0256965 -0.0573307 0.00637498 -0.00810259 0.0124637 0.0105683 0.00955242 0.00268263 0.00663968 -0.0292805 0.0106297 0.0125739 -0.00148803 -0.0117632 0.0124029 -0.0247009 0.0152122 0.00936037 -0.0388073 0.012609 -0.0181222
internal_weight=7031.31 5912.56 4344.71 290.103 4054.6 1567.86 647.928 259.341 192.05 102.037 49.1628 219.582 114.64 3981.1 3056.36 2885.36 881.967 820.3 81.3757 738.925 2003.39 316.563 217.413 718.909 33.1861 1686.83 771.639 48.0632 723.575 58.5127
internal_count=86663 86345 84662 48709 35953 1683 1352 901 814 463 351 41666 33612 34620 31160 30967 4944 1899 367 1532 26023 9704 9415 991 135 16319 11888 1559 10329 3125
is_linear=0
shrinkage=0.03


Tree=103
num_leaves=31
num_cat=0
split_feature=73 60 55 55 73 73 2 11 55 11 65 55 55 73 55 57 73 40 58 57 73 73 53 59 55 55 59 0 65 58
split_gain=215.661 92.694 77.3295 77.128 72.2358 70.9986 120.231 125.758 124.708 290.474 242.495 130.624 123.342 96.6921 160.234 83.3863 80.3349 78.6391 91.6892 61.9235 67.9577 58.1225 54.3441 53.9687 53.4955 96.2394 85.3468 79.4699 51.7925 50.9519
threshold=0.89998500000000015 1.5000000000000002 0.06386747763884322 0.0052393313713162363 0.42477500000000007 0.32766500000000004 1.0000000180025095e-35 1.0000000180025095e-35 0.011945845925157792 1.0000000180025095e-35 419.50000000000006 0.051588093059875891 0.0066168109075340131 0.017695000000000006 0.030649897275830201 1.5000000000000002 0.12170000000000002 1.0000000180025095e-35 2.5000000000000004 3.5000000000000004 0.043455000000000008 0.12170000000000002 1.0000000180025095e-35 1.0000000180025095e-35 0.02035367420542971 0.014255165993021049 1.5000000000000002 6.4500000000000011 361.50000000000006 1.0000000180025095e-35
decision_type=2 2 2 2 2 2 2 2 2 2 2 2 2 2 2 2 2 2 2 2 2 2 2 2 2 2 2 2 2 2
left_child=1 2 5 4 -3 6 7 23 12 29 11 16 17 14 15 28 -11 18 -8 20 -12 -13 -17 -1 25 -7 27 -27 -9 -10
right_child=-2 3 -4 -5 -6 24 8 13 9 10 19 21 -14 -15 -16 22 -18 -19 -20 -21 -22 -23 -24 -25 -26 26 -28 -29 -30 -31
leaf_value=0.0016003721367239604 0.027771691540731388 -0.042413308843152676 0.024436163054027949 0.021274248620318154 0.012098630776274762 0.012224673789137207 -0.024473801000209898 0.022462650703126186 0.012882142062773968 -0.05921377001700831 -0.041625812858920794 -0.069267153267995554 0.015441368896873029 0.026194041244476773 -0.050464522882043547 -0.039834014985711201 -0.12220147333918122 0.032449525066681584 0.026980025196501129 -0.069454103436550424 0.017838726466199398 0.021360485177573184 0.026626067201928453 -0.035027068101580461 0.021496037087242546 -0.0043738327399951912 0.014519022210744893 -0.10882805532673957 -0.035991068356460439 -0.062347826471037884
leaf_weight=109.49500450486084 1025.9270437415689 32.251796543627279 334.44112678419333 1340.6610553594364 63.086983468383551 830.16567479819059 187.20444638787012 268.71962181822164 269.58835870662006 94.101702973159263 20.59718369867187 7.7031867437763166 572.31708710451494 540.77437237405684 38.975009615300223 38.134247771726223 23.604323846753687 33.880315354850609 36.494095197238494 9.741504015226381 86.128276084957179 22.761187762022018 14.638648351421578 53.030576530116377 601.64913417026401 11.174589559435846 20.117547817528248 15.161840975284575 13.492716333596034 7.3739204241137477
leaf_count=4300 305 4552 491 4083 65 859 33877 6683 1533 3067 863 153 13805 544 1272 3995 183 221 244 126 144 14 94 2381 329 17 15 86 1906 261
internal_value=0.0151116 0.0128275 0.0106017 0.0194209 -0.00659084 0.00941753 0.0062792 0.0137748 0.000385963 -0.0108007 -0.0332186 -0.0585459 0.00769069 0.0180931 0.0063399 0.0130795 -0.0727681 -0.00952374 -0.0159969 -0.00077285 0.00608266 -0.00302865 -0.0212464 -0.0104919 0.0146084 0.00986216 -0.0317256 -0.0662892 0.0195507 0.0106621
internal_weight=6723.39 5697.47 4261.47 1436 95.3388 3927.02 2448.76 1077.26 1371.5 541.6 264.637 148.17 829.896 914.735 373.96 334.985 117.706 257.579 223.699 116.467 106.725 30.4644 52.7729 162.526 1478.27 876.62 46.454 26.3364 282.212 276.962
internal_count=86468 86163 77463 8700 4617 76972 75666 21175 54491 6344 4550 3417 48147 14494 13950 12678 3250 34342 34121 1133 1007 167 4089 6681 1306 977 118 103 8589 1794
is_linear=0
shrinkage=0.03


Tree=104
num_leaves=31
num_cat=0
split_feature=73 60 73 55 2 73 72 55 55 65 65 55 55 0 65 46 73 73 60 26 65 65 59 65 11 73 60 73 55 73
split_gain=194.399 81.547 72.9715 69.3803 85.2461 80.8344 137.628 112.379 137.234 133.021 137.629 87.8294 84.3518 77.3893 75.8795 68.6966 67.7415 67.8205 62.4044 53.5768 51.8528 50.4666 48.0613 46.4715 46.3251 55.7565 45.836 44.2189 163.257 71.5614
threshold=0.89998500000000015 1.5000000000000002 0.021455000000000005 0.06386747763884322 1.0000000180025095e-35 0.32766500000000004 1.0000000180025095e-35 0.0035378959508221264 0.014255165993021049 65.500000000000014 223.50000000000003 0.02035367420542971 0.051588093059875891 7.4500000000000011 428.50000000000006 1.0000000180025095e-35 0.011375000000000001 0.0079950000000000021 6.5000000000000009 1.0000000180025095e-35 196.50000000000003 190.50000000000003 1.0000000180025095e-35 74.500000000000014 1.0000000180025095e-35 0.034855000000000004 3.5000000000000004 0.020445000000000001 0.028894404390139527 0.016595000000000002
decision_type=2 2 2 2 2 2 2 2 2 2 2 2 2 2 2 2 2 2 2 2 2 2 2 2 2 2 2 2 2 2
left_child=1 3 16 4 14 6 7 -6 13 -10 12 -12 -11 15 27 20 17 -3 23 22 21 -9 -15 -18 -16 -26 -19 28 -1 -30
right_child=-2 2 -4 -5 5 -7 -8 8 9 10 11 -13 -14 19 24 -17 18 26 -20 -21 -22 -23 -24 -25 25 -27 -28 -29 29 -31
leaf_value=0.018499859875762244 0.027581264749877064 -0.034752313946470555 0.022463827930751624 0.024830605680760613 -0.039807425407349079 0.012716623435751936 -0.057593320570010029 -0.051765014875377761 0.018610924688975489 -0.064618890392512771 -0.059957264726338569 -0.00068112514339421651 0.0081957324801455109 0.019312211986583155 -0.053592735688926328 0.034668914217907229 0.028380556735351888 0.028791368434975092 0.027106660256145505 -0.041740677503407861 -0.044158901570864988 0.029275661581069607 -0.009531153632415976 -0.044702236383116822 -0.037372456482040801 0.016227510064872278 -0.039001207090420251 0.022443100210755944 -0.049930124853241338 0.014783356729874511
leaf_weight=385.28535311340238 1028.3630205839872 19.727646668761736 1226.5771759252821 318.39719124615658 50.497787647007499 1239.3239776529372 32.806916331639513 8.8617302287602815 128.4371439133829 68.376687678828603 23.80649624671787 241.89169347219286 17.778929091233294 673.72964848129777 16.303916962118819 21.354093955742428 8.5359486780362186 119.00031811135705 19.432181058218703 13.275570445504853 47.874630034275469 22.196591917192563 55.746328207082115 50.2945614408236 23.775455918279476 58.20913686323911 8.8451938007201516 823.29982436803402 50.058544066239847 21.461791318492033
leaf_count=13846 315 3739 1234 492 16148 1197 608 5323 645 1877 720 1929 75 10923 1233 68 18 1441 84 2163 9917 274 3833 1971 2710 75 178 1550 1756 54
internal_value=0.0155613 0.0134239 0.0195803 0.0113609 0.0102893 0.00713342 0.00220876 0.00367768 0.00536587 -0.0074237 -0.0169529 -0.00619715 -0.0496714 0.0126524 0.0163378 -0.0119922 0.00388901 0.0158216 -0.018527 0.0159916 -0.0248914 0.00525926 0.017098 -0.0338013 -0.00898862 0.000420526 0.0238347 0.0182879 0.0107664 -0.0305749
internal_weight=6823.53 5795.16 1452.41 4342.75 4024.35 2645.96 1406.63 1373.83 1323.33 480.291 351.854 265.698 86.1556 843.039 1378.39 100.287 225.836 147.573 78.2627 742.752 78.933 31.0583 729.476 58.8305 98.2885 81.9846 127.846 1280.11 456.806 71.5203
internal_count=86396 86081 8665 77416 76924 55700 54503 53895 37747 5246 4601 2649 1952 32501 21224 15582 7431 5358 2073 16919 15514 5597 14756 1989 4018 2785 1619 17206 15656 1810
is_linear=0
shrinkage=0.03


Tree=105
num_leaves=31
num_cat=0
split_feature=73 56 64 56 55 73 9 65 55 73 65 73 46 65 57 65 21 56 72 65 55 65 0 73 55 55 55 73 56 56
split_gain=216.881 97.4524 125.559 83.0433 67.8736 53.4334 59.8979 77.9022 144.535 50.8225 42.8839 78.3393 87.651 64.3453 61.3134 52.9893 72.1419 46.4273 43.5341 42.3264 103.584 32.3014 32.1398 31.9504 60.636 31.6062 37.8119 61.8216 30.56 68.3669
threshold=0.89998500000000015 0.048022201973341977 1.0000000180025095e-35 0.047574675621158906 0.036496636214826468 0.09141500000000001 1.0000000180025095e-35 170.50000000000003 0.030649897275830201 0.026605000000000004 448.50000000000006 0.036150000000000009 1.0000000180025095e-35 401.50000000000006 7.5000000000000009 576.50000000000011 1.0000000180025095e-35 0.0012507313961251478 1.0000000180025095e-35 383.50000000000006 0.021765767382888639 55.500000000000007 9.9500000000000011 0.24908000000000002 0.040204257762726812 0.00070332916830404132 0.0021628711448338938 0.42477500000000007 0.0036999751382169113 0.0050196496539913205
decision_type=2 2 2 2 2 2 2 2 2 2 2 2 2 2 2 2 2 2 2 2 2 2 2 2 2 2 2 2 2 2
left_child=1 2 3 10 -4 6 7 -3 9 -9 13 12 -12 17 15 16 -13 -1 -16 22 -21 -8 25 24 -18 -19 27 -27 -28 -30
right_child=-2 5 4 -5 -6 -7 21 8 -10 -11 11 14 -14 -15 18 -17 23 19 -20 20 -22 -23 -24 -25 -26 26 28 -29 29 -31
leaf_value=-0.036074885551208163 0.027772674189739794 0.015956623332110797 -0.052735256979525684 -0.09044680445244313 0.012839773621574921 0.024548476406519179 -0.014943993560214719 -0.044633140091937654 -0.084763545696344922 0.011579479489135465 -0.036291732583556363 -0.072461401419231908 0.030782934913168383 0.025327540455485371 -0.069040563572312405 0.01790348105424391 -0.058609712532479527 0.026775063191300748 0.017252078951315902 -0.072537499817869763 0.019813864464128729 0.022997586462345086 -0.072990620247729496 0.011343184004610594 0.029327235347969202 -0.039529661802196824 0.018505373636919207 0.010879029787800079 -0.0083899438338461991 0.011881745042909904
leaf_weight=17.616543930635089 1026.4423993257806 146.35665663890541 42.14508414521697 6.2432789506274267 20.681297114933841 822.02748177573085 20.82437195093371 17.173674470570404 21.744216107879765 70.134088180959225 74.682177204274922 11.858399977878433 21.984030080202501 320.15727674312075 14.085362046665979 308.33548969827825 17.198749891947955 124.91253494673583 7.562108300626277 17.288852798810694 26.387549927283544 334.78019610355841 3.0284903497085898 87.65045802667737 10.736572359688582 33.264895267493557 533.64567800969235 59.822316974401474 159.34677526993619 2324.0852399600117
leaf_count=4373 311 291 1729 79 52 320 64 258 211 59 11776 118 101 3419 204 465 254 3490 6 1471 75 445 90 86 3 9135 9752 72 6396 31438
internal_value=0.0150843 0.0127852 0.0104961 0.0111314 -0.0312862 0.0195504 0.0127971 0.00170034 -0.0174039 0.000142089 0.011305 0.00352498 -0.0208785 0.0124947 0.00871635 0.0111947 -0.00504952 0.0112421 -0.0394652 0.011507 -0.0175478 0.02074 0.0119042 0.00242874 -0.0249668 0.0120062 0.0114047 -0.0073633 0.011986 0.0105782
internal_weight=6702.2 5675.76 4242.72 4179.89 62.8264 1433.04 611.013 255.409 109.052 87.3078 4173.65 554.093 96.6662 3619.56 457.427 435.78 127.444 3299.4 21.6475 3281.78 43.6764 355.605 3238.11 115.586 27.9353 3235.08 3110.16 93.0872 3017.08 2483.43
internal_count=86543 86232 84584 82803 1781 1648 1328 819 528 317 82724 13013 11877 69711 1136 926 461 66292 210 61919 1546 509 60373 343 257 60283 56793 9207 47586 37834
is_linear=0
shrinkage=0.03


Tree=106
num_leaves=31
num_cat=0
split_feature=73 4 73 73 65 55 54 55 26 55 58 61 73 73 73 55 55 65 62 58 65 63 55 55 73 65 53 62 55 73
split_gain=185.117 93.512 78.9093 70.5794 69.2353 61.4444 87.4795 168.387 56.2717 126.942 54.8013 50.1071 48.336 76.8475 43.8069 104.346 126.315 64.2224 62.7651 51.7035 70.0136 48.1578 44.7585 335.381 40.0292 39.2254 38.8261 38.3538 37.8972 37.7673
threshold=0.89998500000000015 1.0000000180025095e-35 0.011185000000000002 0.025455000000000002 416.50000000000006 0.0066168109075340131 1.0000000180025095e-35 0.0039295846732344255 1.0000000180025095e-35 0.034771930691627664 1.0000000180025095e-35 1.0000000180025095e-35 0.16886000000000004 0.030765000000000004 0.104785 0.014255165993021049 0.027897052336334126 321.50000000000006 1.0000000180025095e-35 1.0000000180025095e-35 1271.5000000000002 1.0000000180025095e-35 0.02035367420542971 0.015677023898642627 0.055750000000000001 267.50000000000006 1.0000000180025095e-35 1.0000000180025095e-35 0.0066746296630805562 0.24908000000000002
decision_type=2 2 2 2 2 2 2 2 2 2 2 2 2 2 2 2 2 2 2 2 2 2 2 2 2 2 2 2 2 2
left_child=1 2 -1 4 10 6 11 27 14 -10 -3 12 13 25 15 18 17 -17 21 -18 -21 28 23 -16 -19 -4 -15 29 -7 -8
right_child=-2 3 5 -5 -6 8 7 -9 9 -11 -12 -13 -14 26 22 16 19 24 -20 20 -22 -23 -24 -25 -26 -27 -28 -29 -30 -31
leaf_value=-0.029429496027870934 0.027122080070698478 0.014200845583427778 0.025365336950116536 0.023205573913005543 -0.037309329169440006 0.051093899422892476 -0.032861738964432355 -0.065190011996354241 -0.068714621147514948 0.020285586715427507 -0.038500416674015062 -0.058267521126299175 0.012236619484740757 -0.039138249371699178 0.015381288391072176 -0.060005238212439631 0.0079256504055517582 -0.04944930719916444 -0.037220313094016327 -0.064211789789210813 0.029707786782257821 -0.043959642479571445 0.019858192100797822 -0.076535086669481542 0.011371690826171675 -0.030281133542689589 0.026026124390752896 -0.051133681572591128 0.018801821453914923 0.021041117977239836
leaf_weight=44.180352137249429 931.41880027391016 722.5556072203326 56.305937308236025 1075.0767510958249 24.60258324444294 34.485866130387876 13.178907993802566 45.206630647342536 23.540391044967691 34.186829004669562 17.267766555567505 9.2792670269845967 583.67052501410944 58.113260733385687 575.70961011410691 41.442752898001345 485.86773885786533 13.211224579252301 17.080684628890594 19.61413585243281 10.199975082185121 9.5738323261030001 1091.553776406683 37.098945589154027 30.112763300188817 13.335719057111417 8.8479905375279468 8.7165362406667537 497.99126856104704 67.492624118924141
leaf_count=35944 306 12945 5044 1484 3257 75 2105 2798 650 38 2913 220 799 2418 568 1073 2402 406 2086 375 2 238 768 176 78 3056 7 743 3496 47
internal_value=0.0147288 0.0126884 0.0100135 0.0182491 0.0112572 0.0104815 0.0034489 -0.0186868 0.0125596 -0.0165596 0.0129205 0.00755269 0.00848026 -0.00754201 0.0131521 0.00864167 -4.64189e-05 -0.0337627 0.0179552 0.00555042 -0.0321588 0.0197592 0.016214 0.00970112 -0.00787227 0.0144317 -0.0302714 0.00529246 0.0209851 0.0119407
internal_weight=6600.92 5669.5 3830 1839.5 764.426 3785.82 864.147 134.595 2921.67 57.7272 739.823 729.553 720.273 136.603 2863.94 1159.58 600.449 84.7667 559.132 515.682 29.8141 542.051 1704.36 612.809 43.324 69.6417 66.9613 89.3881 532.477 80.6715
internal_count=86517 86211 65612 20599 19115 29668 17237 5693 12431 688 15858 11544 11324 10525 11743 10231 4336 1557 5895 2779 377 3809 1512 744 484 8100 2425 2895 3571 2152
is_linear=0
shrinkage=0.03


Tree=107
num_leaves=31
num_cat=0
split_feature=73 56 73 4 55 41 64 31 56 56 57 54 55 55 59 66 13 27 0 56 0 55 55 72 73 57 73 57 73 60
split_gain=220.691 116.19 69.9496 91.0665 82.1825 72.4904 62.2424 75.774 61.5788 53.1935 49.6435 93.4108 47.6832 66.6514 168.384 109.164 91.8958 86.2234 67.6781 65.6977 100.66 78.68 229.742 83.9031 108.711 97.0674 59.1803 58.9587 62.2122 57.8254
threshold=0.89998500000000015 0.032660197162707801 0.026605000000000004 1.0000000180025095e-35 0.02035367420542971 1.0000000180025095e-35 1.0000000180025095e-35 1.0000000180025095e-35 0.0012507313961251478 0.040675701023522033 2.5000000000000004 1.0000000180025095e-35 0.06386747763884322 0.029395112010871392 1.5000000000000002 1.0000000180025095e-35 1.0000000180025095e-35 1.0000000180025095e-35 7.2500000000000009 0.0074326147304572326 5.4500000000000011 0.021765767382888639 0.012237203456119618 1.0000000180025095e-35 0.77983000000000013 10.500000000000002 0.12170000000000002 2.5000000000000004 0.060315000000000007 2.5000000000000004
decision_type=2 2 2 2 2 2 2 2 2 2 2 2 2 2 2 2 2 2 2 2 2 2 2 2 2 2 2 2 2 2
left_child=1 6 3 5 -4 9 8 -8 -1 -3 -5 -12 13 17 15 27 -17 19 -18 20 -10 22 23 29 25 -25 -20 28 -15 -22
right_child=-2 2 4 10 -6 -7 7 -9 12 -11 11 -13 -14 14 -16 16 18 -19 26 -21 21 -23 -24 24 -26 -27 -28 -29 -30 -31
leaf_value=-0.038500015838937404 0.027356581622857135 0.0094181876248258852 -0.0040137857432195802 0.020256555608528619 0.022186294320020592 0.030804260064306747 -0.055936050691206676 0.019247446634818696 -0.042734334445718128 -0.044801020590689807 -0.048090063975993032 0.018112371074936847 0.025717920411485521 -0.048723627073509704 0.03328988920634314 0.019858352302851139 0.010169102057309667 -0.051349110592558464 -0.049776239653334185 0.01742046104954606 0.0097355794956975501 0.024207485073866709 -0.060858220159968973 -0.066074714922564656 0.019681818353680908 0.022309009131493973 -0.11875586356423759 0.017232834042435089 -0.00036398619707226298 -0.057608035878435541
leaf_weight=23.966053121490404 913.32488934323192 21.728870081657078 116.30875538662076 268.00353465089574 1416.6828954350203 21.029800698568579 28.601496232033242 19.688571766921086 34.820793378457893 60.543950578721706 29.540640213061124 50.645431277225725 142.97766965022311 36.772831405076431 78.722133203002159 14.753728897660038 9.5884740983601642 19.795579637720948 34.154835460067261 773.8209439481725 1573.0138952561683 236.80888967600185 44.334686004323885 44.603402548178565 38.320199355483055 14.260707058943806 18.080189150758088 71.520767370791873 65.42521996400319 10.57882518932456
leaf_count=5851 297 292 160 558 684 27 1399 259 13246 1048 270 177 334 1576 47 38 94 2455 567 4316 48714 875 1569 541 20 9 113 259 117 478
internal_value=0.0137371 0.0113938 0.0171412 0.00674321 0.0201972 -0.0178764 0.00796939 -0.025514 0.00846901 -0.0305402 0.0140778 -0.00656862 0.00882575 0.0080435 -0.0047154 -0.0167536 -0.046344 0.00954908 -0.0622074 0.0100026 0.00712054 0.0080267 0.0057928 0.00758603 -0.01934 -0.0446475 -0.0754345 -0.00351919 -0.0180682 0.00924963
internal_weight=6232.42 5319.09 1984.48 451.492 1532.99 103.303 3334.61 48.2901 3286.32 82.2728 348.19 80.1861 3262.35 3119.38 329.018 250.296 76.5772 2790.36 61.8235 2770.56 1996.74 1961.92 1725.11 1680.78 97.1843 58.8641 52.235 173.719 102.198 1583.59
internal_count=86390 86093 3216 2372 844 1367 82877 1658 81219 1340 1005 447 75368 75034 2811 2764 812 72223 774 69768 65452 52206 51331 49762 570 550 680 1952 1693 49192
is_linear=0
shrinkage=0.03


Tree=108
num_leaves=31
num_cat=0
split_feature=56 58 62 57 64 65 24 30 0 13 59 58 55 57 0 0 55 55 55 56 0 56 65 55 65 47 55 17 49 65
split_gain=110.566 83.0324 69.4246 67.3585 63.3079 61.8254 101.13 96.88 78.3957 67.6063 57.5055 57.3008 60.3419 53.2554 50.6545 46.3792 41.0033 46.9903 40.1929 85.5075 42.2396 39.5086 38.5778 54.3925 37.7969 50.4952 37.4471 36.1871 34.9869 33.9619
threshold=0.048022201973341977 1.5000000000000002 1.0000000180025095e-35 9.5000000000000018 1.0000000180025095e-35 401.50000000000006 1.0000000180025095e-35 1.0000000180025095e-35 8.1500000000000004 1.0000000180025095e-35 1.0000000180025095e-35 1.0000000180025095e-35 0.036496636214826468 18.500000000000004 8.1500000000000004 6.0500000000000007 0.029395112010871392 0.0046368854748460473 0.0045156434605919558 0.034661218704314191 9.0500000000000025 0.0013997099996706566 425.50000000000006 0.003866179080688759 106.50000000000001 1.0000000180025095e-35 0.031824896673176999 1.0000000180025095e-35 1.0000000180025095e-35 162.50000000000003
decision_type=2 2 2 2 2 2 2 2 2 2 2 2 2 2 2 2 2 2 2 2 2 2 2 2 2 2 2 2 2 2
left_child=1 2 4 14 5 6 7 9 -8 -1 22 12 -6 21 15 -4 17 -12 20 -20 -16 -11 -7 -24 25 -3 -9 -17 29 -23
right_child=-2 24 3 -5 11 10 8 26 -10 13 16 -13 -14 -15 18 27 -18 -19 19 -21 -22 28 23 -25 -26 -27 -28 -29 -30 -31
leaf_value=0.025799370004311425 0.020893439322296457 -0.081824954371790784 -0.053486583419397056 -0.06534650942838871 -0.047920019629584025 0.032826891956824006 -0.067304280662271537 -0.063565358140044617 0.022860851320294435 -0.037368587511893855 -0.052596018692235742 0.026280114379869397 0.014716197764681088 -0.085197958386290559 -0.05430312064763488 0.016487879953433093 -0.028615969849012553 0.01551355698646842 -0.046307356222576854 0.017008437637813335 0.012640286956220539 0.015961667570671908 -0.045033176862573958 0.019092350642288303 0.021090785573625266 0.027544227309376331 -0.00046475112611775123 -0.047099551438698914 -0.05883655272889983 0.0077141232962458558
leaf_weight=249.24442787008593 1670.9688107966213 6.6071546123421268 8.7459192082023929 13.654864036885554 43.527821670941194 212.04468493533204 25.748675115042715 20.653332934016362 12.238683209929148 15.073671397243741 9.0027974402473756 22.492021089885384 19.521871439064853 4.3607483413070431 8.7429671315185242 180.06589454584173 31.205080097948667 104.52800577173184 58.507909613821539 27.702820518577937 64.810814337281045 633.04184148219065 11.24870045474381 547.15696539859346 857.38476632836682 6.8411109307780862 13.92085907619912 7.4804889862571136 5.6664396959531578 1559.4245121196727
leaf_count=1940 1727 262 4520 443 1695 949 6378 1003 98 3292 842 13 49 72 822 5913 551 1963 3795 42 1865 8210 1874 4894 3230 3 43 2811 425 26736
internal_value=0.0142483 0.0119218 0.0100512 -0.00231345 0.0113428 0.011975 0.00955892 0.0103025 -0.0384138 0.0110074 0.0186611 -0.0140325 -0.0285992 0.00933398 0.000280123 0.0104651 0.0012998 0.00970051 -0.0122208 -0.0259998 0.00406142 0.00955864 0.0219166 0.0177224 0.0202992 -0.0281333 -0.038886 0.0137153 0.00989728 0.0101017
internal_weight=6451.61 4780.65 3909.81 369.712 3540.1 3454.56 2539.37 2501.39 37.9874 2466.81 915.186 85.5417 63.0497 2217.57 356.057 196.292 144.736 113.531 159.765 86.2107 73.5538 2213.21 770.45 558.406 870.833 13.4483 34.5742 187.546 2198.13 2192.47
internal_count=86460 84733 81238 20211 61027 59270 48197 41721 6476 40675 11073 1757 1744 38735 19768 13244 3356 2805 6524 3837 2687 38663 7717 6768 3495 265 1046 8724 35371 34946
is_linear=0
shrinkage=0.03


Tree=109
num_leaves=31
num_cat=0
split_feature=73 56 64 36 11 0 56 73 9 56 27 60 59 0 0 61 56 73 67 56 57 56 57 13 65 57 15 13 55 56
split_gain=218.142 124.198 63.2861 56.74 64.2083 76.7857 44.3679 168.082 103.823 105.612 98.7335 68.9877 64.8376 163.17 92.5597 115.468 98.511 89.4944 81.1304 81.0152 56.9906 94.5738 55.0259 54.4446 101.848 53.2735 53.1323 77.3048 50.4166 111.19
threshold=0.89998500000000015 0.048022201973341977 1.0000000180025095e-35 1.0000000180025095e-35 1.0000000180025095e-35 6.5500000000000007 0.0039470903806293018 0.019515000000000001 1.0000000180025095e-35 0.0072401483730347776 1.0000000180025095e-35 1.5000000000000002 1.0000000180025095e-35 9.7000000000000011 7.4500000000000011 1.0000000180025095e-35 0.036580011770314246 0.66771000000000014 1.0000000180025095e-35 0.024051509200471031 2.5000000000000004 0.033474976598428303 3.5000000000000004 1.0000000180025095e-35 65.500000000000014 11.500000000000002 1.0000000180025095e-35 1.0000000180025095e-35 0.015259018883957556 0.044512489803421006
decision_type=2 2 2 2 2 2 2 2 2 2 2 2 2 2 2 2 2 2 2 2 2 2 2 2 2 2 2 2 2 2
left_child=1 2 3 6 -5 -6 25 8 -8 -10 11 12 14 20 17 16 26 19 22 -9 21 23 -18 -14 -25 -1 27 -16 -21 -30
right_child=-2 -3 -4 4 5 -7 7 10 9 -11 -12 -13 13 -15 15 -17 18 -19 -20 28 -22 -23 -24 24 -26 -27 -28 -29 29 -31
leaf_value=0.01627333339926712 0.027386770019312095 0.018932567615151302 -0.018623132721905952 0.029515903376902106 0.026347837541028995 -0.063966690156754505 -0.036184546886797619 -0.053214281271201369 -0.039832415618075878 0.012179459588175217 -0.07457871480405967 0.018858277263709172 0.013027427802283378 -0.055751054192144087 0.0237890316332048 -0.065887295738049245 -0.11872377641816549 0.017219188802443771 0.0093303546514556957 0.019146962375138341 0.013898393809477817 0.020822100398965121 -0.018013696420228511 -0.0013934560478874359 -0.067951524128826282 -0.04759922723237249 0.016513517971612161 -0.059992234839680178 -0.10011533465957947 0.020620427929945472
leaf_weight=843.93519135189126 857.47344982158393 1351.8980524092331 75.59715204416716 15.872717937658306 10.96999160692212 30.36292635765858 112.40824218135094 51.399668971003848 44.919898488762556 148.61369762444519 11.363894431095103 658.88448159693507 24.114375231016311 45.515687753591919 18.647056737798266 15.477517334918955 10.224382124841215 69.921641185879707 21.340303424745798 37.779005942633376 215.57977446760924 58.967017332091928 9.3843910284340364 37.996485707495594 44.544819778835517 10.977842078427782 1294.0878297992749 19.21273715159623 11.481444457545877 14.642722383141518
leaf_count=25150 282 1646 1789 71 54 1156 31260 1272 10048 4719 321 898 113 724 23 226 67 52 22 37 1087 35 19 153 508 327 3892 414 88 8
internal_value=0.0133503 0.0110816 0.0084001 0.0089301 -0.0204926 -0.0399405 0.00937464 0.00763987 -0.0133918 -3.54e-05 0.0100534 0.010443 0.00766299 -0.00270401 0.0104742 0.0131313 0.0140695 -0.00940651 -0.0312574 -0.025562 0.00375912 -0.00944268 -0.0737386 -0.0262132 -0.0376961 0.0153985 0.0154854 -0.0191772 -0.00284307 -0.0341771
internal_weight=6173.59 5316.12 3964.22 3888.63 57.2056 41.3329 3831.42 2976.51 305.942 193.534 2670.57 2659.2 2000.32 426.718 1573.6 1388.37 1372.9 185.224 40.9491 115.303 381.202 165.623 19.6088 106.656 82.5413 854.913 1331.95 37.8598 63.9032 26.1242
internal_count=86461 86179 84533 82744 1281 1210 81463 55986 46027 14767 9959 9638 8740 2620 6120 4663 4437 1457 108 1405 1896 809 86 774 661 25477 4329 437 133 96
is_linear=0
shrinkage=0.03


Tree=110
num_leaves=31
num_cat=0
split_feature=73 73 55 55 59 60 9 59 65 73 73 20 55 55 73 55 57 21 55 73 53 65 63 65 55 55 60 55 55 73
split_gain=236.219 89.338 147.215 217.025 193.173 108.061 90.323 145.006 188.597 86.6271 80.2449 77.8045 112.188 83.3823 66.3517 89.2825 72.182 69.2903 65.0258 62.9769 65.0163 63.5655 59.5999 53.3235 52.7984 47.5576 45.5225 43.5198 42.3864 66.5779
threshold=0.89998500000000015 0.09141500000000001 0.02035367420542971 0.012889886427373445 1.0000000180025095e-35 1.0000000180025095e-35 1.0000000180025095e-35 1.0000000180025095e-35 80.500000000000014 0.013005000000000001 0.010255000000000002 1.0000000180025095e-35 0.0078429521481543762 0.0015954949508172561 0.013595000000000001 0.030522028566488325 1.5000000000000002 1.0000000180025095e-35 0.030185961961733933 0.020445000000000001 1.0000000180025095e-35 413.50000000000006 1.0000000180025095e-35 152.50000000000003 0.0072480298081758826 0.06386747763884322 1.5000000000000002 0.0055825586881825175 0.0069782869163078536 0.32766500000000004
decision_type=2 2 2 2 2 2 2 2 2 2 2 2 2 2 2 2 2 2 2 2 2 2 2 2 2 2 2 2 2 2
left_child=1 5 3 11 -5 9 7 19 -9 10 -1 28 13 -13 15 16 -8 -16 -18 20 21 23 27 -7 -10 -17 -4 -21 29 -3
right_child=-2 2 26 4 -6 6 14 8 24 -11 -12 12 -14 -15 17 25 18 -19 -20 22 -22 -23 -24 -25 -26 -27 -28 -29 -30 -31
leaf_value=-0.031340751697736986 0.026983473769747052 -0.010889338148112758 0.017148584649234081 -0.10464005134608251 -0.003957332913747863 0.011156188408226785 0.019496893561712612 0.008385594001090426 -0.022382258384149676 -0.031267516780543653 0.027158131744905629 0.012955777610849029 0.022006007869022699 -0.060206951822614006 -0.019072476692510505 -0.04851425912860783 -0.043643450668969415 0.023027051406249426 0.028928378251201453 -0.016006605424481117 0.028774821321392037 0.010618332505951776 -0.059343354727127082 -0.038441178966746342 -0.06744853789031946 0.02123925765961213 0.029137426516004285 0.014446122424690394 0.018644697889717631 0.011604547929212086
leaf_weight=31.05531803847407 889.01033333688974 146.29413313927944 1073.7161185158184 27.527685262029991 43.211293717497028 24.349539685194031 180.92622103536269 99.076249945617747 40.229656280804193 120.24455989008129 60.904264248747495 19.372596399509348 44.676627588458359 46.96448366806726 36.735242097784067 38.760855235392228 34.280023426719708 576.68420202270499 15.397042191296348 44.325579203228699 36.124239801603835 57.436613927580765 9.5744193810969573 89.912598914044793 60.017120353819337 10.668124808929859 392.30279569327831 656.78059772204142 479.53557334910147 605.91095032915473
leaf_count=21703 308 835 1004 177 74 2719 6824 759 5453 11250 4679 42 32 396 767 1307 5217 1562 24 1417 164 3724 155 11373 1611 87 120 1612 367 629
internal_value=0.0127183 0.0102283 0.0137161 0.00680077 -0.0440499 0.00570723 0.00785681 0.00216922 -0.0209618 -0.0146078 0.00727807 0.00951047 -0.0144508 -0.0389659 0.0149624 0.00284824 0.0107148 0.0204789 -0.0210234 0.00720618 -0.00729441 -0.0150058 0.0114509 -0.0278668 -0.0497629 -0.0333369 0.0203744 0.0125008 0.01168 0.00722113
internal_weight=5992.01 5102.99 2879.51 1413.49 70.739 2223.48 2011.28 1117.83 199.323 212.204 91.9596 1342.75 111.014 66.3371 893.452 280.032 230.603 613.419 49.6771 918.504 207.823 171.699 710.681 114.262 100.247 49.429 1466.02 701.106 1231.74 752.205
internal_count=86391 86083 3676 2552 251 82407 44775 28987 7823 37632 26382 2301 470 438 15788 13459 12065 2329 5241 21164 17980 17816 3184 14092 7064 1394 1124 3029 1831 1464
is_linear=0
shrinkage=0.03


Tree=111
num_leaves=31
num_cat=0
split_feature=71 55 60 40 65 40 59 58 57 60 65 55 65 65 59 57 55 65 65 55 58 26 0 57 65 55 55 55 59 0
split_gain=96.0744 58.5553 65.7904 55.3208 44.3189 44.2107 42.0119 40.9436 62.6255 46.3216 108.6 88.9502 90.9504 93.3206 71.6241 66.2921 92.8476 55.0786 78.6527 50.2512 75.3882 70.0948 62.5754 105.42 98.7787 60.173 58.8172 79.6095 61.6639 54.5549
threshold=1.0000000180025095e-35 0.06386747763884322 1.5000000000000002 1.0000000180025095e-35 88.500000000000014 1.0000000180025095e-35 3.5000000000000004 2.5000000000000004 19.500000000000004 1.0000000180025095e-35 99.500000000000014 0.0015490702586549395 290.50000000000006 346.50000000000006 1.0000000180025095e-35 3.5000000000000004 0.026100508894705211 288.50000000000006 237.50000000000003 0.0092217361296526232 1.0000000180025095e-35 1.0000000180025095e-35 5.4500000000000011 3.5000000000000004 308.50000000000006 0.051588093059875891 0.0028543105875636922 0.00038080732580121748 2.5000000000000004 6.3500000000000005
decision_type=2 2 2 2 2 2 2 2 2 2 2 2 2 2 2 2 2 2 2 2 2 2 2 2 2 2 2 2 2 2
left_child=1 2 5 -4 -5 6 7 8 9 10 -1 -12 15 -14 -15 16 17 18 -13 26 21 22 24 29 -21 -25 27 -11 -29 -24
right_child=-2 -3 3 4 -6 -7 -8 -9 -10 19 11 12 13 14 -16 -17 -18 -19 -20 20 -22 -23 23 25 -26 -27 -28 28 -30 -31
leaf_value=-0.059760162342220542 0.021600162918721414 0.023242532421941849 0.01811017546939039 0.026671494237050706 -0.073027240382723416 0.02685228291414659 -0.068847278391951969 0.02107553424973194 -0.078289697013009488 0.023119344411284701 0.026047347609863908 0.0030373975522829436 -0.064562587061869597 -0.0004312667849804542 -0.058217865475352272 0.021224065264646375 -0.086751420074869398 0.039166556679063776 -0.044355583887319985 0.025647615008207756 0.018580286772403365 -0.091710279894034033 -0.034495187390520488 -0.086473223057195195 -0.06991858969494727 0.025004594943061564 0.017009112003580816 -0.047080512146079008 0.021833399030465821 0.0028645110101091237
leaf_weight=24.17017279213178 1094.0327415622014 371.94669202249497 1084.7620620762027 5.6853356361389151 9.9050763052364328 118.57027892072801 5.3564694611704899 215.02821013919311 6.635031406156485 44.939546922803856 130.74739126872737 233.37122302991338 31.87591716668976 133.02853504019731 21.583770613273373 166.46638790471479 10.267160046380011 29.527798066148534 35.418740413355408 152.78890539481654 324.67270275231567 6.1327607536804853 35.795693764812313 18.2873095588584 9.4400007704680302 5.1359302633209145 967.68328050425043 43.929419536769274 15.121616921882376 799.62290918000508
leaf_count=3809 1596 537 8377 1 160 751 318 552 119 2149 3033 14555 2793 4727 2906 1693 331 127 3451 739 665 112 1196 237 647 7 15407 9748 78 5726
internal_value=0.013537 0.011789 0.0108751 0.0172926 -0.037254 0.00890145 0.00827998 0.00841917 0.0075747 0.00777464 0.00159202 0.00353666 -0.000944981 -0.0186419 -0.00882052 0.00602676 -0.00221351 0.000976129 -0.00334889 0.00985595 0.00600278 0.00201315 0.00266525 -0.00057021 0.0196924 -0.0620069 0.0147064 -0.00667887 -0.0293635 0.00122441
internal_weight=6151.93 5057.9 4685.95 1100.35 15.5904 3585.6 3467.03 3461.67 3246.64 3240.01 816.457 792.287 661.54 186.488 154.612 475.051 308.585 298.318 268.79 2423.55 1351.88 1027.2 1021.07 858.842 162.229 23.4232 1071.67 103.991 59.051 835.419
internal_count=86547 84951 84414 8538 161 75876 75125 74807 74255 74136 37425 33616 30583 10426 7633 20157 18464 18133 18006 36711 9329 8664 8552 7166 1386 244 27382 11975 9826 6922
is_linear=0
shrinkage=0.03


Tree=112
num_leaves=31
num_cat=0
split_feature=73 56 73 35 73 4 59 65 58 56 56 73 55 56 65 65 57 10 65 56 65 11 17 0 56 2 60 60 58 11
split_gain=238.157 115.323 73.0816 90.1238 71.3488 61.5464 54.3284 98.611 90.274 73.4886 68.3606 52.9105 142.9 48.5155 46.7321 49.2449 77.5025 69.1725 64.784 63.6559 104.809 63.0008 62.1175 48.7358 78.8064 77.5224 77.211 107.845 106.668 65.4382
threshold=0.89998500000000015 0.048022201973341977 0.0069850000000000008 1.0000000180025095e-35 0.09141500000000001 1.0000000180025095e-35 1.0000000180025095e-35 383.50000000000006 1.0000000180025095e-35 0.040675701023522033 0.0072401483730347776 0.060315000000000007 0.0087812165602526738 0.0039470903806293018 891.50000000000011 448.50000000000006 3.5000000000000004 1.0000000180025095e-35 401.50000000000006 0.0028543105875636922 341.50000000000006 1.0000000180025095e-35 1.0000000180025095e-35 8.0500000000000025 0.0034748957205514566 1.0000000180025095e-35 1.0000000180025095e-35 2.5000000000000004 1.0000000180025095e-35 1.0000000180025095e-35
decision_type=2 2 2 2 2 2 2 2 2 2 2 2 2 2 2 2 2 2 2 2 2 2 2 2 2 2 2 2 2 2
left_child=1 2 3 -1 5 -3 14 9 -9 11 -10 12 13 -8 15 18 17 21 19 20 -4 -17 -18 24 -21 29 -27 28 -28 -26
right_child=-2 4 6 -5 -6 -7 7 8 10 -11 -12 -13 -14 -15 -16 16 22 -19 -20 23 -22 -23 -24 -25 25 26 27 -29 -30 -31
leaf_value=-0.026521013004558489 0.027301843443278705 -0.00099591038963148986 -0.058626199095231972 0.034326263641614646 0.02376722831673786 0.019639022113754564 0.020925680690391333 -0.047234897195617923 -0.055828322744317239 -0.086385578452582379 0.017767086285814988 0.011436135601131799 -0.050704534351964717 -0.022075434208815466 0.026244550234653646 -0.060887462808856811 -0.0885858150542818 -0.052784353496030841 0.025397779609521349 -0.064634372747347901 0.020937670982925313 0.0098756165784015006 0.010939459308306107 0.013584705606400068 0.00032875430215460852 0.0074134143880689122 -0.07390179045796999 0.017920363825083302 -0.0098088416409332739 0.023965945761642789
leaf_weight=106.54958316228294 856.86922544054687 259.49686825543176 30.820236954590655 26.597360712883528 767.37185374647379 259.67605217732489 89.991723157989327 64.08928709202155 13.366598197448182 6.6637852974236003 53.287374033359811 563.65337282072869 48.325509796355618 30.983911415620241 157.43496624540421 10.886424608164814 14.823495180899044 17.974322265014052 247.38072450153413 13.808828609049668 27.279786821833113 241.95868832722772 8.4616690911352634 1284.3767132868961 189.98743246094091 160.39290102710947 44.530766237279749 39.322409869870171 48.744280571932904 235.86354697574279
leaf_count=32719 294 924 3723 503 329 382 2811 3577 694 53 273 1135 1967 4535 696 1125 375 583 1435 1149 400 2560 207 10880 1589 6488 3549 254 794 417
internal_value=0.0126812 0.0102024 0.00755693 -0.0142009 0.0179583 0.00934303 0.00835552 0.00181368 -0.0221038 0.00606573 0.00240142 0.00702282 -0.00765128 0.00982167 0.0104066 0.00944405 -0.002115 0.0024799 0.0109081 0.00916933 -0.0215463 0.006601 -0.0534578 0.0100643 0.0038828 0.00528696 -0.00657734 -0.0234297 -0.040867 0.013446
internal_weight=5920.97 5064.1 3777.56 133.147 1286.54 519.173 3644.41 870.362 130.743 739.618 66.654 732.955 169.301 120.976 2774.05 2616.61 294.105 270.819 2322.51 2075.13 58.1 252.845 23.2852 2017.03 732.65 718.841 292.99 132.597 93.275 425.851
internal_count=86420 86126 84491 33222 1635 1306 51269 15045 4544 10501 967 10448 9313 7346 36224 35528 4850 4268 30678 29243 4123 3685 582 25120 14240 13091 11085 4597 4343 2006
is_linear=0
shrinkage=0.03


Tree=113
num_leaves=31
num_cat=0
split_feature=73 2 73 55 73 6 48 65 17 65 15 60 73 72 58 55 55 55 65 73 0 55 31 65 65 9 73 73 65 58
split_gain=214.542 106.345 99.6396 93.226 101.256 91.3548 125.398 67.0643 65.7171 58.4565 58.0617 72.817 57.7431 164.08 100.451 70.9617 70.0377 302.862 63.5976 88.4334 130.446 107.918 169.469 56.7488 59.5621 74.3575 53.1124 52.5316 78.1631 79.4231
threshold=0.89998500000000015 1.0000000180025095e-35 0.020445000000000001 0.0066168109075340131 0.32766500000000004 1.0000000180025095e-35 1.0000000180025095e-35 68.500000000000014 1.0000000180025095e-35 416.50000000000006 1.0000000180025095e-35 1.5000000000000002 0.12170000000000002 1.0000000180025095e-35 1.0000000180025095e-35 0.0078429521481543762 0.02035367420542971 0.015677023898642627 257.50000000000006 0.039845000000000005 5.4500000000000011 0.030810663257538635 1.0000000180025095e-35 194.50000000000003 201.50000000000003 1.0000000180025095e-35 0.019515000000000001 0.53825500000000015 269.50000000000006 2.5000000000000004
decision_type=2 2 2 2 2 2 2 2 2 2 2 2 2 2 2 2 2 2 2 2 2 2 2 2 2 2 2 2 2 2
left_child=1 2 7 4 5 -3 -7 -1 9 -9 11 -6 13 14 15 -5 17 27 19 20 -17 22 -21 -16 -25 -26 -20 28 -14 -30
right_child=-2 3 -4 12 10 6 -8 8 -10 -11 -12 -13 16 -15 23 18 -18 -19 26 21 -22 -23 -24 24 25 -27 -28 -29 29 -31
leaf_value=-0.042488342792209491 0.02687003560770326 0.021765876962606612 0.021893723900425623 0.025280944799170119 -0.060177467305911246 -0.035531295442391149 0.027881987392542825 0.012880170254111757 -0.039566384267722458 -0.036026450014686219 0.0093719784033779747 0.013777562774571926 0.011888168456175616 -0.086131114243459206 -0.058241275566214994 0.01465702026579859 0.019023529152616538 -0.076075493024307134 -0.031059811639319156 -0.087285383230852068 -0.052221389798115331 0.019531098379178331 0.024536740557423872 0.025360991855071357 -0.050701280090758125 0.0096771648896729658 0.014681003639155062 0.021878769485305476 -0.05068226563258639 0.021895999607320714
leaf_weight=22.839396126306383 861.49041796848178 43.834083543202723 1142.916967256373 209.82024444275885 24.419633764773607 175.49056621961063 32.600408875616267 542.70091888516617 23.234107600539573 21.977216181519907 451.45901497453451 22.087545700371265 176.73484688380267 16.443616948206909 24.639019540845766 42.115326299710432 945.74864923313726 37.188226013677195 23.118948009680025 23.596794922894333 67.12447162551689 148.957840506715 23.517426621168852 31.86122719355626 39.2496165206976 33.247676101891557 460.40967730074772 232.40668815374374 40.940400423947722 19.368423204869032
leaf_count=903 312 1508 2192 6338 151 36592 280 12812 4546 3100 507 21 247 223 3027 687 718 180 3367 216 3012 179 8 214 2705 931 1234 121 175 11
internal_value=0.013028 0.010685 0.0166687 0.00754521 -0.00177043 -0.0172313 -0.0255109 0.00687112 0.00885755 0.0109164 0.00607022 -0.0255035 0.0102353 0.00518805 0.00659481 0.00981576 0.0142049 0.00519022 0.00567544 -0.00503452 -0.0265386 0.00702017 -0.0321186 -0.0182245 -0.00831346 -0.0232565 0.0124344 0.0117758 0.00182023 -0.0273965
internal_weight=5961.54 5100.05 1753.67 3346.38 749.891 251.925 208.091 610.752 587.912 564.678 497.966 46.5072 2596.49 1144.1 1127.66 998.661 1452.39 506.639 788.84 305.312 109.24 196.072 47.1142 128.998 104.359 72.4973 483.529 469.45 237.044 60.3088
internal_count=86517 86205 23553 62652 39059 38380 36872 21361 20458 15912 679 172 23593 22141 21918 15041 1452 734 8703 4102 3699 403 224 6877 3850 3636 4601 554 433 186
is_linear=0
shrinkage=0.03


Tree=114
num_leaves=31
num_cat=0
split_feature=73 56 30 57 65 65 56 71 65 57 70 65 66 65 56 65 73 60 34 32 73 60 73 56 60 4 65 73 73 56
split_gain=198.186 95.7166 59.2021 69.3509 49.8657 109.39 98.4914 102.428 59.9054 50.7345 49.6862 55.0362 49.3145 120.689 104.039 74.8498 103.511 91.8692 63.5396 54.5981 129.955 53.1982 47.1702 74.513 44.9013 47.834 43.7448 69.64 43.3236 88.3907
threshold=0.89998500000000015 0.062958234266293586 1.0000000180025095e-35 1.5000000000000002 428.50000000000006 738.50000000000011 0.0068179619555235353 1.0000000180025095e-35 401.50000000000006 5.5000000000000009 1.0000000180025095e-35 370.50000000000006 1.0000000180025095e-35 373.50000000000006 0.0033704637159995845 158.50000000000003 0.77983000000000013 1.5000000000000002 1.0000000180025095e-35 1.0000000180025095e-35 0.53825500000000015 4.5000000000000009 0.025995000000000001 0.17581565966311982 1.5000000000000002 1.0000000180025095e-35 440.50000000000006 0.66771000000000014 0.24908000000000002 0.030758389275860835
decision_type=2 2 2 2 2 2 2 2 2 2 2 2 2 2 2 2 2 2 2 2 2 2 2 2 2 2 2 2 2 2
left_child=1 2 4 -4 8 6 7 -6 10 -7 12 -12 21 14 18 16 17 -16 -14 -17 -21 -1 23 24 -3 -26 27 -5 29 -8
right_child=-2 22 3 26 5 9 28 -9 -10 -11 11 -13 13 -15 15 19 -18 -19 -20 20 -22 -23 -24 -25 25 -27 -28 -29 -30 -31
leaf_value=0.013137044989467583 0.026961281986154169 -0.046363907224764335 -0.066432970560225124 -0.058714167790252549 -0.054612042810089648 0.017721695983214835 -0.04977367173288836 0.012446026067926398 0.026060313807282489 -0.059388826415842651 -0.072835608367971802 0.026307205651711258 -0.055858190799905373 -0.076262397481110522 -0.064830167426492336 0.013743024402234402 0.022701574253055686 0.011151112762687624 0.027783549475783098 -0.066925395215873457 0.015018737393999126 -0.062960669691793661 0.022193785919583091 0.020474378806994424 -0.043642187597574572 0.029830953919001497 0.017116723038889035 0.010853506430032722 0.013541696193628754 0.0069712844535280193
leaf_weight=2228.5457939327462 828.66208264790475 30.425999778381083 16.720043478824664 23.294647442075075 69.147631281841313 268.95336257328745 36.86129065642308 28.509942562697688 225.78603806527099 6.9471571109606876 12.371389375621222 7.4195412445988032 35.761312490707496 15.257702620292546 41.563076925347559 755.2374884683959 38.062659680843353 21.191842116415501 9.8408158672391419 25.33096071696491 50.667925510555506 7.3274583170714314 860.90977593883872 101.64575521554798 11.402032772486562 21.359707502415404 51.692945421484183 27.179115772247314 115.93269816040993 70.519220069603762
leaf_count=56621 302 460 986 923 7669 3548 3129 89 2134 388 489 36 1947 332 1345 3900 16 37 63 564 37 242 417 182 138 10 264 25 94 235
internal_value=0.0133373 0.011168 0.00915333 -0.0116432 0.00976333 0.00174952 -0.010144 -0.0351075 0.0111392 0.0155726 0.0100944 -0.0361898 0.0103892 0.0048189 0.00616092 0.00833997 -0.0159611 -0.0393994 -0.0375997 0.011303 -0.0128083 0.0128596 0.0193811 0.00464523 -0.0207403 0.00372491 -0.00211955 -0.0217703 0.000880699 -0.0127875
internal_weight=6044.53 5215.87 4190.12 118.887 4071.24 596.871 320.971 97.6576 3474.36 275.901 3248.58 19.7909 3228.79 992.914 977.656 932.054 100.818 62.7549 45.6021 831.236 75.9989 2235.87 1025.74 164.833 63.1877 32.7617 102.167 50.4738 223.313 107.381
internal_count=86622 86320 85113 2198 82915 15152 11216 7758 67763 3936 65629 525 65104 8241 7909 5899 1398 1382 2010 4501 601 56863 1207 790 608 148 1212 948 3458 3364
is_linear=0
shrinkage=0.03


Tree=115
num_leaves=31
num_cat=0
split_feature=71 56 64 58 55 55 55 59 16 0 57 0 55 56 57 66 55 60 0 34 55 56 0 4 45 66 55 59 57 61
split_gain=105.095 79.8571 53.2575 45.9527 54.8726 43.0979 46.7997 98.8169 88.9273 78.0778 76.44 123.206 69.2971 48.238 47.5338 66.7266 46.6918 37.5417 34.227 33.5385 44.9996 32.6345 44.777 29.2496 28.1984 26.9186 44.2036 76.7902 76.2151 57.8336
threshold=1.0000000180025095e-35 0.048022201973341977 1.0000000180025095e-35 1.0000000180025095e-35 0.036496636214826468 0.06386747763884322 0.029049548550006982 1.5000000000000002 1.0000000180025095e-35 6.0500000000000007 2.5000000000000004 8.7500000000000018 0.030810663257538635 0.033474976598428303 11.500000000000002 1.0000000180025095e-35 0.061506534462757854 1.5000000000000002 9.0500000000000025 1.0000000180025095e-35 0.028776686551824315 0.0083061737185340812 4.6500000000000012 1.0000000180025095e-35 1.0000000180025095e-35 1.0000000180025095e-35 0.025074921457035035 1.0000000180025095e-35 10.500000000000002 1.0000000180025095e-35
decision_type=2 2 2 2 2 2 2 2 2 2 2 2 2 2 2 2 2 2 2 2 2 2 2 2 2 2 2 2 2 2
left_child=1 2 5 4 -4 6 8 10 14 -10 11 17 18 16 19 -16 -14 21 -13 24 -21 -8 -23 -3 25 -1 27 29 -29 -27
right_child=-2 23 3 -5 -6 -7 7 -9 9 -11 -12 12 13 -15 15 -17 -18 -19 -20 20 -22 22 -24 -25 -26 26 -28 28 -30 -31
leaf_value=0.014155414776732163 0.021367881100417294 0.014048459117322781 -0.052373321385221105 0.020390354641913765 0.010121089752304118 0.023502536837413986 -0.026414951624965717 0.02752953400591834 -0.056962902093538062 -0.00066645885364973465 0.0094997028596850303 0.026655241794464567 -0.080074841636061517 0.0058449903239413646 -0.049010734255652132 0.022372637858434952 0.0047229257860559731 0.018845885284502359 -0.021161630722082887 -0.055639120430189232 0.018387761170368132 0.011535820233211156 -0.069567419799986166 0.0239706855641688 -0.052940104747311478 0.008155484776160524 0.018983706656272043 -0.047799302190009198 0.027192057394929491 -0.07109597667219672
leaf_weight=1777.7667402403313 1045.694748146052 735.9539640963194 35.170410148057272 21.46614615037106 19.006154540344141 179.27089841407724 57.643026796838967 96.863158008956816 29.909286249188881 78.524095632950775 174.97760796561488 76.087581438245252 17.203138676544768 23.31425495952135 26.654349361691857 19.74556846334599 8.4503304709214735 9.0779162514372711 15.54143985090195 14.4979599937069 13.405259410094004 6.7116392789757802 47.60165982862236 426.54240566468798 5.058186936978017 572.76939043971652 229.00489293877035 45.007139033987187 15.855119572952388 7.4167206886922932
leaf_count=48844 1629 1177 1714 17 51 379 2876 98 10274 6527 653 149 419 56 650 51 26 92 110 1275 25 50 655 405 603 5513 522 1479 8 80
internal_value=0.0127514 0.0108649 0.00866598 -0.0160979 -0.030663 0.00919828 0.00843039 0.000277817 0.00996352 -0.0165734 -0.00581717 -0.0160582 0.0030642 -0.0254337 0.0110243 -0.0188023 -0.053013 -0.0381144 0.018404 0.0115474 -0.0206694 -0.0428589 -0.0595179 0.0177066 0.0118939 0.0120377 0.00769934 0.00364488 -0.0281397 0.0070218
internal_weight=5832.19 4786.5 3624 75.6427 54.1766 3548.36 3369.09 533.472 2835.61 108.433 436.609 261.631 140.597 48.9677 2727.18 46.3999 25.6535 121.034 91.629 2680.78 27.9032 111.956 54.3133 1162.5 2652.88 2647.82 870.053 641.048 60.8623 580.186
internal_count=86407 84778 83196 1782 1765 81414 81035 5184 75851 16801 5086 4433 760 501 59050 701 445 3673 259 58349 1300 3581 705 1582 57049 56446 7602 7080 1487 5593
is_linear=0
shrinkage=0.03


Tree=116
num_leaves=31
num_cat=0
split_feature=73 4 56 65 73 65 41 56 56 56 65 73 0 56 56 73 57 65 65 65 66 65 60 11 57 56 60 73 73 56
split_gain=215.478 99.2629 118.405 84.4573 81.4853 112.528 84.8202 77.1694 63.2002 182.886 100.195 79.6969 63.5756 70.7802 71.43 60.1186 67.3282 70.7638 59.7845 56.1509 52.5366 71.4609 52.0971 50.0852 94.5457 82.1858 69.5066 40.805 40.4524 91.9605
threshold=0.89998500000000015 1.0000000180025095e-35 0.0028543105875636922 956.50000000000011 0.026605000000000004 312.50000000000006 1.0000000180025095e-35 0.020591400204650768 0.0063783844441154579 0.0039470903806293018 245.50000000000003 0.12170000000000002 9.8500000000000032 0.005515730662274068 0.0059738020574179301 0.025455000000000002 2.5000000000000004 272.50000000000006 112.50000000000001 407.50000000000006 1.0000000180025095e-35 184.50000000000003 2.5000000000000004 1.0000000180025095e-35 2.5000000000000004 0.037227276579386147 1.5000000000000002 0.0026450000000000002 0.42477500000000007 0.0068988356286288468
decision_type=2 2 2 2 2 2 2 2 2 2 2 2 2 2 2 2 2 2 2 2 2 2 2 2 2 2 2 2 2 2
left_child=1 2 3 -1 5 6 -4 -7 9 11 18 -6 13 -12 -15 16 19 -18 -11 27 21 -20 -19 24 25 26 -17 -3 29 -10
right_child=-2 15 4 -5 8 7 -8 -9 28 10 12 -13 -14 14 -16 23 17 22 20 -21 -22 -23 -24 -25 -26 -27 -28 -29 -30 -31
leaf_value=-0.036641341119093097 0.026725381713197049 -0.028543221555886508 -0.036974169213199591 0.025750815538852681 -0.03532343088878135 0.017246851318888253 0.030033237724018853 -0.043849993714617883 0.026728129228969309 -0.073175699622673465 -0.066822050062896612 0.022655363427339262 0.021268299133541554 -0.00081883462362349719 -0.067334305324359703 -0.03775894626125896 -0.042497083949243654 -0.04131270956164533 0.0017490775729611303 -0.037811411861494629 0.01679674010842664 -0.067008565282627885 0.015483665754261756 0.026758136518955391 0.024478971495452001 0.024211443503881949 0.026608804608572529 0.017144891762727148 0.017428807650635578 0.0060988257431270525
leaf_weight=87.873332332033897 812.2476815180853 17.309720602992456 113.95236522445339 24.246825145412004 22.251291128210141 147.6064903371589 19.178099452838069 20.301141567615559 226.88215953746112 8.5378757036451116 53.035146559472196 273.5153582993662 16.123140694806352 49.174720366092515 19.639676702179713 70.229521584551549 39.942008575162617 16.930409541208064 51.120721063780366 17.311894393205876 109.03766471112613 17.513222022986156 75.953881550754886 565.63007675984409 219.5279030764359 47.59782824665308 18.386400659568608 540.56388808204792 796.97645550593734 1334.9330417860474
leaf_count=10923 309 5806 31404 249 797 13719 366 763 823 228 895 238 21 300 314 880 2159 1635 381 2529 366 348 235 337 233 19 11 6696 546 2956
internal_value=0.012396 0.0100731 0.00714614 -0.0230402 0.00818477 -0.00667239 -0.0271695 0.00964396 0.00968801 0.0011619 -0.014381 0.0181891 -0.033657 -0.0410387 -0.020495 0.0161582 0.00956387 -0.00963295 5.08557e-06 0.014006 0.00391161 -0.016506 0.00480138 0.0212097 0.0123373 -0.00726661 -0.0242558 0.0156787 0.0119274 0.00911079
internal_weight=5833.53 5021.28 3391.9 112.12 3279.78 301.038 133.13 167.908 2978.74 619.949 324.182 295.767 137.973 121.85 68.8144 1629.38 708.012 132.826 186.209 575.186 177.672 68.6339 92.8843 921.372 355.742 136.214 88.6159 557.874 2358.79 1561.82
internal_count=86486 86177 65637 11172 54465 46252 31770 14482 8213 3888 2853 1035 1530 1509 614 20540 19060 4029 1323 15031 1095 729 1870 1480 1143 910 891 12502 4325 3779
is_linear=0
shrinkage=0.03


Tree=117
num_leaves=31
num_cat=0
split_feature=73 56 73 56 64 60 73 30 73 56 56 55 73 56 61 55 55 55 26 58 55 55 66 73 56 13 4 73 48 56
split_gain=167.833 88.7698 73.1678 61.1207 55.7192 50.6918 117.505 59.4508 76.6264 50.124 120.469 114.942 62.3134 81.9866 73.88 57.0358 97.5488 113.69 69.4695 53.7268 153.863 70.7103 95.5255 101.347 52.2508 48.1895 48.1281 71.4641 46.9636 72.5572
threshold=0.89998500000000015 0.062958234266293586 0.022535000000000003 0.0013997099996706566 1.0000000180025095e-35 1.5000000000000002 0.021455000000000005 1.0000000180025095e-35 0.32766500000000004 0.0039470903806293018 0.0047920786754938865 0.00070332916830404132 0.53825500000000015 0.056450161136221477 1.0000000180025095e-35 0.06386747763884322 0.016299180440167958 0.02035367420542971 1.0000000180025095e-35 1.0000000180025095e-35 0.040204257762726812 0.030522028566488325 1.0000000180025095e-35 0.030045000000000006 0.033474976598428303 1.0000000180025095e-35 1.0000000180025095e-35 0.010585000000000002 1.0000000180025095e-35 0.0067497694644379725
decision_type=2 2 2 2 2 2 2 2 2 2 2 2 2 2 2 2 2 2 2 2 2 2 2 2 2 2 2 2 2 2
left_child=1 3 26 -1 5 7 -7 9 -9 25 11 -11 13 14 15 16 18 -18 28 21 -21 -19 23 -23 -24 -5 -3 -28 29 -12
right_child=-2 2 -4 4 -6 6 -8 8 -10 10 12 -13 -14 -15 -16 -17 17 19 -20 20 -22 22 24 -25 -26 -27 27 -29 -30 -31
leaf_value=-0.037100208923642228 0.025954338107303174 -0.038136750199400188 0.021313938375872914 -0.050051660095591824 -0.016795999716877261 -0.012200143039196264 0.019741631161174198 -0.05859234317330006 0.001750236152330597 0.026443573940433 -0.0099349071296313384 -0.058492580436419354 0.015629919610380891 -0.10736560993378619 -0.054255927322279532 0.026291189044174119 -0.062631008220742038 0.01552936266032282 -0.047615091273856644 -0.074946254574855251 0.015565750119278333 -0.051459154984152211 -0.066432150778430177 0.011328315281684903 -0.001659803971011111 0.016504821339381075 -0.0435086228194538 0.025096936867373028 0.02938003477887596 0.011892904724982204
leaf_weight=25.31895271128451 720.41304155159742 28.434480379684828 879.90203404799104 8.998452347237615 74.25168727619166 118.752502616946 783.22724980476778 26.307782815259998 61.62613395601511 19.754080124213942 167.05627457242372 47.023961936298292 587.97399500012398 4.9034576932317568 17.949151779248496 108.05044428200927 30.345265508804005 165.60888188731042 18.175978336759727 31.664284612823394 34.445617595600197 26.81935428554425 34.482973639096599 136.46915172110312 16.460726238437928 640.06297417538008 17.416011175373569 52.149607667699456 101.0017951640184 745.89263183748699
leaf_count=6903 296 546 470 2284 1332 6538 1059 1887 89 515 16426 5240 443 67 540 287 831 976 2449 650 81 951 455 221 40 14676 182 24 330 19397
internal_value=0.0124207 0.01047 0.0185775 0.00849982 0.00879711 0.00928443 0.0155274 0.00742215 -0.0167587 0.00815006 0.00606285 -0.0333476 0.00725888 0.00424875 0.00464906 0.00533627 0.00381882 -0.00740136 0.00899875 -0.00351147 -0.0282571 0.000858289 -0.0105024 0.000765321 -0.045938 0.0155065 -0.00595856 0.00754811 0.0100595 0.00789223
internal_weight=5730.94 5010.53 977.902 4032.62 4007.3 3933.05 901.98 3031.07 87.9339 2943.14 2294.08 66.778 2227.3 1639.33 1634.42 1616.47 1508.42 476.296 1032.13 445.951 66.1099 379.841 214.232 163.289 50.9437 649.061 98.0001 69.5656 1013.95 912.949
internal_count=86185 85889 1222 84667 77764 76432 7597 68835 1976 66859 49899 5755 44144 43701 43634 43094 42807 4205 38602 3374 731 2643 1667 1172 495 16960 752 206 36153 35823
is_linear=0
shrinkage=0.03


Tree=118
num_leaves=31
num_cat=0
split_feature=73 56 64 2 73 56 56 73 30 65 55 65 73 36 9 62 73 56 56 73 56 56 56 60 55 55 48 65 56 56
split_gain=183.398 74.1256 75.2176 47.7495 56.9459 44.3811 114.863 42.832 40.0441 102.767 59.6395 36.8033 32.4511 31.0931 73.9428 33.5005 29.9763 28.9931 30.6412 75.4843 93.6838 103.018 53.5048 50.6733 50.6957 58.0658 46.675 45.419 86.0887 74.7857
threshold=0.89998500000000015 0.048022201973341977 1.0000000180025095e-35 1.0000000180025095e-35 0.09141500000000001 0.068359195701562556 0.049807384346336886 0.42477500000000007 1.0000000180025095e-35 440.50000000000006 0.0039692727316404828 48.500000000000007 0.0026450000000000002 1.0000000180025095e-35 1.0000000180025095e-35 1.0000000180025095e-35 0.77983000000000013 0.0016060015895067055 0.0039470903806293018 0.019515000000000001 0.0072401483730347776 0.010117439650664703 0.0414396605349414 1.5000000000000002 0.021765767382888639 0.012889886427373445 1.0000000180025095e-35 247.50000000000003 0.040675701023522033 0.0064496039836892472
decision_type=2 2 2 2 2 2 2 2 2 2 2 2 2 2 2 2 2 2 2 2 2 2 2 2 2 2 2 2 2 2
left_child=1 2 8 -3 5 6 -5 -4 11 10 16 -1 -13 17 -15 -16 -10 -14 26 20 -20 -22 -23 27 25 -25 -19 28 -21 -29
right_child=-2 3 7 4 -6 -7 -8 -9 9 -11 -12 12 13 14 15 -17 -18 18 19 23 21 22 -24 24 -26 -27 -28 29 -30 -31
leaf_value=-0.064310668228677162 0.02636733154355848 0.024060233448857878 -0.048580561528328924 0.014253213794348588 0.018626356545123408 0.0057586699503358535 -0.094060298325589764 0.00023182409891916078 -0.045562177899121634 0.017290209667115187 -0.068275601377471601 -0.02865178375834522 -0.013815588191754333 -0.061703495034110184 0.019749733698743884 -0.050047403652492363 0.028448802902726718 0.016931944745860326 -0.035375516002162821 0.013754836984938719 0.019850858190473355 -0.042551322047225705 -0.0011905076952271926 0.011033205361271078 0.024891949389354028 -0.04958857752093327 -0.068195686049301096 -0.016017639501202545 -0.053542548251058544 0.0074125235068312426
leaf_weight=5.0811474887741488 751.63462568633258 502.80036580795422 30.628292193083325 21.120551290689036 428.25312431529164 229.04575788072543 13.854142362484707 33.102703001350164 6.9863374319393197 58.766019210917875 28.423654877537047 18.863462675362825 43.785813302412862 17.400298029198893 39.687884013546864 6.3234154413075876 11.849921956658363 680.6864738605509 67.842640677539748 1052.5834523318335 154.34516708903539 45.102439997528563 72.434410991612822 208.22207179444376 393.19551101932302 14.272203048691152 4.8833981599891549 146.82487516745459 16.426703274250031 718.39543580080499
leaf_count=337 303 500 1714 48 260 643 200 65 560 362 1233 7951 6883 838 228 199 2 13692 25945 4231 10834 3603 480 546 262 79 130 1839 63 2308
internal_value=0.0125437 0.01049 0.00847214 0.0170222 0.0118832 0.000916388 -0.0300738 -0.0236149 0.00901459 -0.0090993 -0.041592 0.00953508 0.0096538 0.00985775 -0.0108413 0.00929685 8.5196e-05 0.0102233 0.0105215 0.00916271 -0.0041111 0.00379135 -0.017287 0.0109321 0.0184264 0.00694006 0.0162271 0.00853827 0.0126717 0.00342261
internal_weight=5822.82 5071.19 3876.11 1195.07 692.274 264.02 34.9747 63.731 3812.38 106.026 47.2599 3706.36 3701.28 3682.41 63.4116 46.0113 18.8363 3619 3575.21 2889.64 339.725 271.882 117.537 2549.92 615.69 222.494 685.57 1934.23 1069.01 865.22
internal_count=86338 86035 84384 1651 1151 891 248 1779 82605 2157 1795 80448 80111 72160 1265 427 562 70895 64012 50190 40862 14917 4083 9328 887 625 13822 8441 4294 4147
is_linear=0
shrinkage=0.03


Tree=119
num_leaves=31
num_cat=0
split_feature=56 58 62 57 60 57 4 65 30 65 63 56 58 65 65 0 60 37 55 55 56 26 56 6 65 0 65 55 55 59
split_gain=89.6181 59.2471 127.323 79.3434 58.903 59.8834 51.1712 52.0919 48.543 64.6113 48.4913 45.2806 41.9648 40.3733 90.6338 61.2363 39.3982 37.8392 37.7431 115.891 40.5967 36.2495 36.2044 32.4513 43.1208 31.2796 31.1047 30.8093 48.5443 183.321
threshold=0.032660197162707801 1.5000000000000002 1.0000000180025095e-35 51.500000000000007 1.0000000180025095e-35 2.5000000000000004 1.0000000180025095e-35 404.50000000000006 1.0000000180025095e-35 659.50000000000011 1.0000000180025095e-35 0.044512489803421006 1.0000000180025095e-35 572.50000000000011 1369.5000000000002 9.8500000000000032 6.5000000000000009 1.0000000180025095e-35 0.0028543105875636922 0.0016370956852815514 0.0068179619555235353 1.0000000180025095e-35 0.00078054427200581185 1.0000000180025095e-35 160.50000000000003 7.1500000000000012 410.50000000000006 0.06386747763884322 0.031781826281211616 1.5000000000000002
decision_type=2 2 2 2 2 2 2 2 2 2 2 2 2 2 2 2 2 2 2 2 2 2 2 2 2 2 2 2 2 2
left_child=1 2 8 6 5 11 12 -8 16 -10 13 -2 17 23 15 -15 18 -4 19 20 25 -3 -20 24 -6 -1 -27 28 -24 -30
right_child=4 21 3 -5 10 -7 7 -9 9 -11 -12 -13 -14 14 -16 -17 -18 -19 22 -21 -22 -23 27 -25 -26 26 -28 -29 29 -31
leaf_value=-0.035908813202980602 -0.012807800217636472 0.017184680054106498 -0.061927257660057321 0.031125345236552748 0.012636650800374903 0.0085938076007486541 -0.047312201409940711 0.024950055435477951 -0.042464507986762795 0.025735517677625087 0.026565339403217317 -0.088775426131705387 -0.018747280284133316 -0.088720116108866112 0.026360549945246319 0.026158877187682263 -0.064034210146075854 0.016130970503107012 -0.036208604243538028 -0.050503242282401488 -0.046206632137887865 -0.023139625493667278 0.010457382168669831 0.016680860038548684 -0.035859243025915206 0.022545598877892713 -0.043013199996616902 0.023986882588590035 -0.036630811780411936 0.032807261971915136
leaf_weight=9.4906225086451723 20.139484052488118 657.83692927168158 41.605705342793954 29.3724096743681 47.133250221144408 77.897382300143363 10.947885822097303 35.279826192301698 36.232827099520364 18.009826843248447 400.56599174020812 10.234422795183489 123.93587267149269 14.745445490814747 23.085353195667267 5.1618847846984854 5.7017879780032663 6.0146072028874178 14.299526712638906 37.617747601267183 10.103251894484854 19.860549857708975 2040.7033943783608 1322.0660912113672 24.125515068648383 101.89346323008067 6.0436844164214554 135.92097464401741 81.358883602908463 57.577848763205111
leaf_count=4190 127 3205 6650 14 77 165 2242 580 1248 38 174 158 10448 213 8 1 112 149 2846 6712 1701 288 36095 2305 102 3781 1016 288 1505 24
internal_value=0.0109018 0.00801504 0.00608596 -0.0144355 0.0160593 -0.00539997 -0.0206944 0.00719711 0.008076 -0.0197645 0.0173265 -0.0404186 -0.0282083 0.0147332 -0.0136579 -0.0591061 0.00868754 -0.0519392 0.00887932 -0.00495488 0.00876888 0.0159706 0.00986164 0.0156184 -0.00405126 0.0138491 0.0185136 0.0101617 0.00928891 -0.00782564
internal_weight=5424.96 3479.81 2802.11 247.156 1945.15 108.271 217.784 46.2277 2554.95 54.2427 1836.88 30.3739 171.556 1436.32 42.9927 19.9073 2500.71 47.6203 2495.01 165.149 127.531 677.697 2329.86 1393.32 71.2588 117.428 107.937 2315.56 2179.64 138.937
internal_count=86462 83132 79639 20083 3330 450 20069 2822 59556 1286 2880 285 17247 2706 222 214 58270 6799 58158 17400 10688 3493 40758 2484 179 8987 4797 37912 37624 1529
is_linear=0
shrinkage=0.03


Tree=120
num_leaves=31
num_cat=0
split_feature=73 65 56 48 56 73 65 73 56 73 57 65 60 66 65 73 59 58 56 56 73 65 58 56 62 60 52 73 63 0
split_gain=174.111 94.5277 90.5642 109.56 49.2594 49.2439 46.4142 56.1907 54.4195 41.5229 65.8796 67.9694 62.189 58.8823 100.427 71.7288 173.595 95.136 80.433 55.9947 42.8478 66.8937 40.2171 48.147 39.8606 35.3648 68.4364 31.9352 31.1824 30.5608
threshold=0.89998500000000015 444.50000000000006 0.012841886520352541 1.0000000180025095e-35 0.17581565966311982 0.023395000000000003 780.50000000000011 0.53825500000000015 0.0046150421713080829 0.025995000000000001 4.5000000000000009 413.50000000000006 1.5000000000000002 1.0000000180025095e-35 152.50000000000003 0.20147000000000001 1.0000000180025095e-35 1.0000000180025095e-35 0.005055418790465083 0.095310720481565928 0.53825500000000015 48.500000000000007 1.0000000180025095e-35 0.02161452528237261 1.0000000180025095e-35 1.0000000180025095e-35 1.0000000180025095e-35 0.0026450000000000002 1.0000000180025095e-35 7.1500000000000012
decision_type=2 2 2 2 2 2 2 2 2 2 2 2 2 2 2 2 2 2 2 2 2 2 2 2 2 2 2 2 2 2
left_child=1 4 3 6 9 -4 8 29 24 10 19 -12 13 -11 20 16 17 18 -16 25 21 -15 23 -18 -3 26 -1 -27 -29 -8
right_child=-2 2 5 -5 -6 -7 7 -9 -10 12 11 -13 -14 14 15 -17 22 -19 -20 -21 -22 -23 -24 -25 -26 27 -28 28 -30 -31
leaf_value=-0.03203909943879206 0.025950940269671253 -0.033241267275200409 -0.037599331559327043 0.023443849268958313 0.023576047531637917 0.013448730454518193 0.0063838670999421653 0.017407480183159369 -0.049618391661198247 0.01320906138073193 -0.040376719021745014 0.029380310257741859 0.01973400289401623 0.024304171359214092 -0.044077869294455514 0.014251381343362263 -0.047794828969443724 -0.05157901228214376 0.019560797004951214 -0.047553721281454117 -0.001927269755638685 -0.06074038176449878 0.0042762577473261865 -0.12661516787394697 0.013423289475272167 -0.028532575597617345 0.030708992305693454 0.012463281128901922 -0.053502510162508822 -0.047887381560733681
leaf_weight=46.995887469551235 722.62525291740894 35.473166230338393 17.137610130448593 58.089809070166666 293.45755950536113 283.02007650071755 13.564612881760693 46.346572633832693 77.896890286778216 1680.8711603281263 50.746237967483466 15.803179412512689 782.26258551838691 9.7814436327898857 19.003539582656231 452.27273393538781 29.274193817574997 22.029299737128895 170.67401532747317 15.385342613852115 36.758982989937067 41.264840312898741 7.8165470122476099 9.3922087885439378 29.272823984050774 17.236349667902687 22.282858834296349 633.9814786559291 5.5481520348694167 27.525072875869228
leaf_count=28140 307 3567 931 160 261 313 1375 35 5680 5356 3729 157 848 9 374 404 571 628 342 180 53 657 129 58 891 5860 169 23557 220 1538
internal_value=0.012201 0.0101894 -0.00109715 -0.0130869 0.0117112 0.010419 -0.0223716 -0.00507516 -0.0328648 0.0108501 0.00475375 -0.0236221 0.0123584 0.0100241 0.00330968 0.00706044 -0.00554235 0.00605781 0.0129872 0.0073291 -0.0267768 -0.0442904 -0.0573903 -0.0696499 -0.0122601 0.00855591 -0.011707 0.0107079 0.0118084 -0.0302452
internal_weight=5673.79 4951.17 588.327 288.169 4362.84 300.158 230.079 87.4363 142.643 4069.38 807.979 66.5494 3261.4 2479.14 798.268 710.463 258.19 211.707 189.678 741.43 87.8053 51.0463 46.4829 38.6664 64.746 726.045 69.2787 656.766 639.53 41.0897
internal_count=86499 86192 14490 13246 71702 1244 13086 2948 10138 71441 62012 3886 9429 8581 3225 2506 2102 1344 716 58126 719 666 758 629 4458 57946 28309 29637 23777 2913
is_linear=0
shrinkage=0.03


Tree=121
num_leaves=31
num_cat=0
split_feature=73 56 73 27 60 57 65 56 73 28 36 55 55 66 65 65 65 56 55 56 65 57 65 65 31 55 73 2 56 56
split_gain=171.517 93.4181 69.9505 75.5459 65.9983 59.1678 120.883 126.483 69.8835 55.2214 45.1202 81.3482 45.0747 44.0879 87.5812 47.6297 167.704 64.6693 138.549 57.6873 57.5999 58.0337 45.1921 47.6348 46.4867 42.7026 42.7019 64.5798 57.4322 100.507
threshold=0.89998500000000015 0.023561139330300889 0.09141500000000001 1.0000000180025095e-35 1.5000000000000002 2.5000000000000004 235.50000000000003 0.026935654732692067 0.026605000000000004 1.0000000180025095e-35 1.0000000180025095e-35 0.0026626206054341075 0.0069782869163078536 1.0000000180025095e-35 584.50000000000011 245.50000000000003 341.50000000000006 0.0064496039836892472 0.0015490702586549395 0.0083061737185340812 261.50000000000006 3.5000000000000004 190.50000000000003 166.50000000000003 1.0000000180025095e-35 0.06386747763884322 0.010895000000000002 1.0000000180025095e-35 0.0057950219280482303 0.0038125144263475201
decision_type=2 2 2 2 2 2 2 2 2 2 2 2 2 2 2 2 2 2 2 2 2 2 2 2 2 2 2 2 2 2
left_child=1 10 3 4 9 -6 7 -7 -9 12 13 -12 -3 26 15 19 20 18 -18 22 21 -17 23 -15 -25 -22 -1 -28 29 -29
right_child=-2 2 -4 -5 5 6 -8 8 -10 -11 11 -13 -14 14 -16 16 17 -19 -20 -21 25 -23 -24 24 -26 -27 27 28 -30 -31
leaf_value=-0.0039963025049607219 0.025648042137551858 -0.05307231015919097 0.019654128138181466 -0.054326594393538312 0.02963906633877034 0.013126883397412007 0.018898053286379717 -0.042607687809501936 -0.15062529087141624 -0.067787512314169837 0.021808312891504204 -0.060087307519442357 0.0057099411088031562 0.0069810804694055957 -0.043651616921443308 -0.059879928058886998 0.025373879084411567 0.01827228486537235 -0.060964876691900462 -0.036389161837391652 -0.060406648931310349 0.020355303108387606 0.021137052217003207 -0.065506462012740185 0.026826281402688616 0.017830549555121096 0.021434442952589505 0.0088845625332624797 0.011354615464119281 -0.025054673114688272
leaf_weight=200.80184616753832 702.20928348600864 10.97974400728708 1105.2384302746505 15.713582720025441 221.36311048205243 28.987781951553188 215.81225747329881 19.57209243869875 7.2120609916746607 8.6432189706829359 18.753991814068286 23.835359551943839 602.1709286072728 131.2124561581295 37.498274055076763 10.964092591340885 33.613820617130841 169.82666283858998 31.510009891528171 22.030511768505676 62.226563919422915 24.252132922702003 223.52031144578359 16.023612250151931 6.2478767267020876 6.5294248233549288 380.6270752462151 220.57278097279777 871.04306773198186 120.66367292591895
leaf_count=45999 310 315 639 225 335 269 405 446 51 186 154 1110 2736 1856 991 375 615 617 1006 202 1988 39 1420 673 5 10 2187 5692 10663 4912
internal_value=0.011798 0.00978676 0.0142876 0.00902796 0.00996891 0.0181561 0.00872208 -0.0302936 -0.0760676 0.00345955 0.00593003 -0.024352 0.00457262 0.0064413 0.000463199 0.00276087 -0.00550047 0.00855142 -0.0166911 0.0097739 -0.0370331 -0.00558849 0.0125606 1.46473e-05 -0.0395644 -0.0528277 0.00902406 0.0106669 0.00727124 -0.00315474
internal_weight=5549.66 4847.45 2235.69 1130.45 1114.74 492.947 271.584 55.7719 26.7842 621.794 2611.75 42.5894 613.151 2569.16 775.456 737.957 338.923 234.95 65.1238 399.035 103.972 35.2162 377.004 153.484 22.2715 68.756 1793.71 1592.91 1212.28 341.236
internal_count=86431 86121 5607 4968 4743 1506 1171 766 497 3237 80514 1264 3051 79250 9797 8806 4650 2238 1621 4156 2412 414 3954 2534 678 1998 69453 23454 21267 10604
is_linear=0
shrinkage=0.03


Tree=122
num_leaves=31
num_cat=0
split_feature=73 4 73 73 57 65 11 60 73 56 55 55 12 65 65 73 56 0 73 16 30 55 8 71 65 56 55 62 57 57
split_gain=156.432 85.3721 84.3339 57.3048 56.9536 63.6629 52.0451 58.5146 54.0105 56.6074 66.8177 51.4737 66.9931 75.5956 72.067 64.0245 78.3432 123.617 122.61 74.1375 69.6397 63.3154 90.8513 74.1507 84.1161 62.4695 62.0914 58.8584 56.3307 56.142
threshold=0.89998500000000015 1.0000000180025095e-35 0.022145000000000001 0.011185000000000002 3.5000000000000004 364.50000000000006 1.0000000180025095e-35 1.5000000000000002 0.42477500000000007 0.0072401483730347776 0.028894404390139527 0.057612852812660494 1.0000000180025095e-35 751.50000000000011 422.50000000000006 0.66771000000000014 0.095310720481565928 6.5500000000000007 0.036150000000000009 1.0000000180025095e-35 1.0000000180025095e-35 0.036496636214826468 1.0000000180025095e-35 1.0000000180025095e-35 356.50000000000006 0.0037686893296689705 0.0042368965548965987 1.0000000180025095e-35 14.500000000000002 2.5000000000000004
decision_type=2 2 2 2 2 2 2 2 2 2 2 2 2 2 2 2 2 2 2 2 2 2 2 2 2 2 2 2 2 2
left_child=1 3 4 -1 -3 -6 7 8 9 -4 -11 12 13 15 26 16 19 -18 -19 20 21 23 -23 28 -25 -22 -14 -15 29 -5
right_child=-2 2 6 11 5 -7 -8 -9 -10 10 -12 -13 14 27 -16 -17 17 18 -20 -21 25 22 -24 24 -26 -27 -28 -29 -30 -31
leaf_value=-0.029310714386716376 0.025529790495780989 0.010149891569620617 -0.045927894060016863 -0.0016057461044058632 -0.041519159248350812 0.015091609608318278 0.026550775052031562 0.026369744538352186 0.02116569195128655 0.018470400777120012 -0.033200743864963737 0.018577077793149252 -0.051068574765973068 0.022185059232415278 -0.028100574593257977 0.011091213567904271 0.0053308465840428984 -0.042576662090195463 -0.24263836931048588 -0.056731186226093737 0.01324260996665343 -0.0048427367241894665 -0.10323480312152562 -0.071200589537953732 0.0021105618328929451 -0.061292829721065839 0.016126367786679426 -0.056297918604316211 -0.068864101813758502 0.011400911243762973
leaf_weight=37.689890237212239 639.03107068128884 522.41139019459661 29.732653053011745 636.32683702169743 42.113734461687272 29.842291927605402 593.64553494774736 146.11638583173044 77.537701450288296 64.596187365124933 33.302169151022099 333.91404473534203 11.623183609226542 225.7811644844478 35.410438164195511 444.28949232585728 15.292787726037206 7.8926549452589807 3.7512331306934357 20.118784965132363 14.702362786541924 26.472161011071876 11.47691046685213 24.780429440696025 30.928879598388448 29.42886048577202 798.6705846972618 8.0038818567118124 8.4979151233565045 561.5154396059952
leaf_count=35921 288 16168 1073 12231 1843 697 376 75 44 90 147 441 1231 867 1099 414 35 84 43 1133 178 102 171 390 109 1051 3787 350 167 5793
internal_value=0.011589 0.00973812 0.0155679 0.00700377 0.00669836 -0.018156 0.021134 0.0119306 0.00156934 -0.0104077 0.000735405 0.00743394 0.00615154 0.00324099 0.0132608 0.00119001 -0.00197773 -0.0517097 -0.121122 -0.000958633 -8.22808e-05 0.00118867 -0.0364859 0.00234951 -0.03118 -0.0367181 0.0151007 0.0192698 0.00392246 0.00449584
internal_weight=5464.9 4825.87 1539.3 3286.57 594.367 71.956 944.931 351.285 205.169 127.631 97.8984 3248.88 2914.96 2069.26 845.704 1835.47 1391.19 26.9367 11.6439 1364.25 1344.13 1300 37.9491 1262.05 55.7093 44.1312 810.294 233.785 1206.34 1197.84
internal_count=86398 86110 20513 65597 18708 2540 1805 1429 1354 1310 237 29676 29235 23118 6117 21901 21487 162 127 21325 20192 18963 273 18690 499 1229 5018 1217 18191 18024
is_linear=0
shrinkage=0.03


Tree=123
num_leaves=31
num_cat=0
split_feature=73 56 64 31 73 2 56 56 0 26 57 55 73 29 73 60 65 66 0 61 55 55 73 73 8 56 59 56 22 73
split_gain=179.334 71.5507 68.8932 54.5972 52.7345 48.3378 62.8907 66.2531 45.2795 98.8063 84.3723 72.175 106.575 68.5468 58.6216 111.831 62.2672 46.8435 45.5272 68.0167 62.0919 47.1252 61.3912 77.2189 54.1182 45.2368 79.8814 62.4587 44.7876 81.2098
threshold=0.89998500000000015 0.048022201973341977 1.0000000180025095e-35 1.0000000180025095e-35 0.09141500000000001 1.0000000180025095e-35 0.068359195701562556 0.049807384346336886 9.7000000000000011 1.0000000180025095e-35 7.5000000000000009 0.06386747763884322 0.53825500000000015 1.0000000180025095e-35 0.081220000000000014 1.5000000000000002 194.50000000000003 1.0000000180025095e-35 7.5500000000000007 1.0000000180025095e-35 0.0021628711448338938 0.030810663257538635 0.081220000000000014 0.033705000000000006 1.0000000180025095e-35 0.0066168109075340131 2.5000000000000004 0.0062335325816534918 1.0000000180025095e-35 0.026605000000000004
decision_type=2 2 2 2 2 2 2 2 2 2 2 2 2 2 2 2 2 2 2 2 2 2 2 2 2 2 2 2 2 2
left_child=1 2 8 -4 5 -3 7 -7 9 18 11 12 13 14 16 17 -10 25 20 21 -1 -20 23 -23 -24 27 -27 -16 29 -8
right_child=-2 4 3 -5 -6 6 28 -9 10 -11 -12 -13 -14 -15 15 -17 -18 -19 19 -21 -22 22 24 -25 -26 26 -28 -29 -30 -31
leaf_value=-0.03153909366546475 0.025374658138414698 0.017734954793279311 -0.040732892247016483 0.022250236418738793 0.021519819267132943 0.01135676955191312 -0.043792850360802812 -0.085461436758685616 -0.045424158677677913 -0.060079002586204154 -0.071195692475189795 0.026433074588732137 0.012865298479861653 0.036541223078201492 -0.050775530731045362 0.014749053694283656 0.0026649759572020151 -0.068806907028403919 0.015149574113048141 -0.048310694149973951 0.0064896241170975715 -0.046002777352029109 -0.011804932604458123 0.022196808408617607 -0.089484898913371497 -0.075653214484223727 0.026985116676480746 0.019483854139642223 0.030043488839684506 0.0074516689261046164
leaf_weight=39.181917920934211 700.40376725513488 239.33606828353368 45.508061447893851 16.153568081950652 625.38098732382059 10.52762603206793 34.14774422015762 14.300040630303554 26.869955452944851 17.290348770009587 13.170441213384036 99.415738130221143 295.55954078584909 24.784375122166239 17.767840848071501 41.538653661962599 185.03072686021915 39.025416085787583 1502.3981890686555 15.159227741212815 1019.1000658930934 17.416654030937934 27.94015555398073 78.733312636846676 10.57514351850841 28.911147645092569 8.2778752297162992 28.0454462262569 45.519271521363407 132.82426375895739
leaf_count=11345 324 428 1532 251 332 39 503 209 4438 2085 232 88 253 6 196 42 5442 317 18295 182 37968 1060 67 153 129 196 2 42 16 132
internal_value=0.0112208 0.00910657 0.00705449 -0.0241414 0.0157936 0.00825135 -0.00134715 -0.0455576 0.00760514 0.00945261 0.00136717 0.00265685 -0.000773298 -0.0108515 -0.0140686 -0.0275036 -0.00361766 -0.0418895 0.00991815 0.0130293 0.0050532 0.0136265 -0.00335258 0.00949674 -0.0348583 -0.0285652 -0.0526986 -0.00826752 0.00400764 -0.00322676
internal_weight=5400.29 4699.89 3597.85 61.6616 1102.04 476.655 237.319 24.8277 3536.19 2727.8 808.397 795.227 695.811 400.251 375.467 163.566 211.901 122.028 2710.5 1652.22 1058.28 1637.06 134.665 96.15 38.5153 83.0023 37.189 45.8133 212.491 166.972
internal_count=86304 85980 84321 1783 1659 1327 899 248 82538 71284 11254 11022 10934 10681 10675 795 9880 753 69199 19886 49313 19704 1409 1213 196 436 198 238 651 635
is_linear=0
shrinkage=0.03


Tree=124
num_leaves=31
num_cat=0
split_feature=73 60 57 30 55 73 55 4 59 12 11 42 73 73 73 57 73 65 55 55 18 28 73 15 0 73 40 65 73 65
split_gain=191.941 151.059 124.675 102.649 53.5705 51.5339 62.7707 51.98 66.6624 92.4083 60.5268 60.2762 56.0106 73.9002 50.4112 49.9824 77.0967 58.7406 55.3047 52.3698 100.069 46.1756 43.2145 42.7332 40.7962 102.468 40.472 44.1541 126.664 80.401
threshold=0.77983000000000013 1.5000000000000002 11.500000000000002 1.0000000180025095e-35 0.030810663257538635 0.012085000000000002 0.026136412670283479 1.0000000180025095e-35 1.0000000180025095e-35 1.0000000180025095e-35 1.0000000180025095e-35 1.0000000180025095e-35 0.14175000000000001 0.081220000000000014 0.16886000000000004 2.5000000000000004 0.021455000000000005 272.50000000000006 0.0059228531034993181 0.021765767382888639 1.0000000180025095e-35 1.0000000180025095e-35 0.0092450000000000015 1.0000000180025095e-35 8.1500000000000004 0.12170000000000002 1.0000000180025095e-35 751.50000000000011 0.034855000000000004 440.50000000000006
decision_type=2 2 2 2 2 2 2 2 2 2 2 2 2 2 2 2 2 2 2 2 2 2 2 2 2 2 2 2 2 2
left_child=1 2 3 5 -5 6 22 8 21 11 14 -10 13 -11 -9 18 17 -17 -3 20 -18 26 -1 -2 -22 -26 27 28 -7 -30
right_child=23 15 -4 4 -6 7 -8 10 9 12 -12 -13 -14 -15 -16 16 19 -19 -20 -21 24 -23 -24 -25 25 -27 -28 -29 29 -31
leaf_value=0.0047611784746473982 0.0027155754335265424 -0.041426329108901934 -0.067256091767015039 -0.056962564056316611 0.00068653884536687057 -0.02591761162160024 -0.034537252763360893 -0.012570073052764769 -0.02480854295322505 0.0019074646246083158 0.020972947283240159 0.024795819140455727 0.021047240128501746 -0.070248037099994193 0.016727266853581797 -0.040193633123154063 -0.072383406823747873 0.0048985792604945401 0.02694160833845426 0.022494192153249503 0.025079155338730875 -0.035217252129872666 -0.038330364866026659 0.023532143914977932 -0.071217920310985228 0.010294376167364774 0.029630553688089659 0.021704994187945408 0.0098673137734816493 -0.022066010097705049
leaf_weight=204.13891952136328 97.695597061887383 10.078598143038105 20.943063359183725 35.599696965284238 23.994369068415835 108.67112366592482 57.320424590958282 111.81421235066955 200.59391094488819 81.98538197625021 408.10595338972053 23.946925818338059 124.61976211908041 14.12199950678041 98.464683723985218 38.357805691877729 13.510815224581163 76.072251347533893 404.75077360312571 403.37411039415747 81.069682468893006 21.7276226595568 22.327225045810337 1000.0612779567018 15.752496229077222 80.015189134050161 72.421753421251196 157.69272187753813 1094.2965438079409 74.944294023778639
leaf_count=37619 115 3055 628 2000 83 10594 3034 2423 4909 1499 645 94 129 144 94 2164 279 1444 1050 277 69 488 8332 498 218 95 171 587 2998 539
internal_value=0.0105523 0.00755323 0.00399394 0.00452476 -0.034123 0.00533683 -0.00678285 0.00666515 0.0042845 -0.00592183 0.0142494 -0.0194318 0.00784726 -0.00930927 0.00116287 0.0169159 0.0120433 -0.0104339 0.0251849 0.0163856 0.00339078 0.0072572 0.000362964 0.0216837 0.00955458 -0.00371071 0.0078921 0.0067756 0.0049178 0.00780339
internal_weight=5178.47 4080.71 2957.73 2936.79 59.5941 2877.19 283.787 2593.41 1975.02 445.268 618.385 224.541 220.727 96.1074 210.279 1122.98 708.152 114.43 414.829 593.722 190.348 1529.75 226.466 1097.76 176.837 95.7677 1508.03 1435.6 1277.91 1169.24
internal_count=86274 85661 77010 76382 2083 74299 48985 25314 22152 6775 3162 5003 1772 1643 2517 8651 4546 3608 4105 938 661 15377 45951 613 382 313 14889 14718 14131 3537
is_linear=0
shrinkage=0.03


Tree=125
num_leaves=31
num_cat=0
split_feature=73 56 70 73 65 73 56 56 18 23 65 55 56 66 55 55 61 55 8 73 73 65 9 73 56 56 73 41 55 57
split_gain=151.518 85.2186 74.1415 49.6909 70.1752 48.4695 68.6343 76.2446 89.0985 66.5936 69.6883 88.9491 83.1938 63.2926 106.478 85.2298 75.6735 68.8183 82.0444 60.4546 55.9552 147.539 46.9092 44.6963 142.051 42.6785 41.5989 41.5559 40.8422 39.3276
threshold=0.89998500000000015 0.048022201973341977 1.0000000180025095e-35 0.09141500000000001 493.50000000000006 0.019515000000000001 0.0022020675352604339 0.0072401483730347776 1.0000000180025095e-35 1.0000000180025095e-35 182.50000000000003 0.036496636214826468 0.026231540054596634 1.0000000180025095e-35 0.030522028566488325 0.026100508894705211 1.0000000180025095e-35 0.077177660430596665 1.0000000180025095e-35 0.010895000000000002 0.055750000000000001 956.50000000000011 1.0000000180025095e-35 0.32766500000000004 0.024051509200471031 0.020591400204650768 0.013005000000000001 1.0000000180025095e-35 0.086183747651422601 28.500000000000004
decision_type=2 2 2 2 2 2 2 2 2 2 2 2 2 2 2 2 2 2 2 2 2 2 2 2 2 2 2 2 2 2
left_child=1 2 5 4 -3 6 22 -8 19 13 12 23 25 16 15 20 -7 18 -16 -9 21 -15 -1 24 -12 28 -21 -4 -11 -18
right_child=-2 3 27 -5 -6 9 7 8 -10 10 11 -13 -14 14 17 -17 29 -19 -20 26 -22 -23 -24 -25 -26 -27 -28 -29 -30 -31
leaf_value=-0.03143885959923471 0.024627156560138273 0.011177654460801226 -0.067241899100573779 0.021651048300378263 -0.048249152345346914 0.014859881010061483 -0.027112993837126696 -0.032068432275340196 -0.014827689899823309 -0.052001528942551688 -0.045857335377860284 -0.09040640605493333 -0.11249151146922888 -0.043284551164588729 -0.0017914604846922377 0.02392172847440522 -0.073901318723553988 0.020602696327164716 -0.053412560038610245 0.033654482839575575 0.0065629468762156617 0.032647342984017884 0.023057082620431671 0.014257815168127045 0.013760417549967598 0.014491026389063666 -0.033530900798899289 0.020671713808737342 0.021807360464401418 0.022072155922350935
leaf_weight=15.206404844764618 623.78919855831191 494.39944023490534 17.775455737646556 630.91953334771097 17.578545096679591 1518.2245308255224 124.46310679442104 16.563540564471623 142.68454132968327 29.58115019685647 53.997863590411725 7.9820848091039798 8.4676866331137699 66.911676717842056 50.12456830998417 232.42631339957006 12.25513428085833 29.476812791079283 61.165121073019691 98.235489323385991 548.21560720846173 33.970816555665806 121.30528954592592 207.77862529456615 103.07396851445083 23.881796161585953 8.2586184192768979 5.9879794584994661 8.0444766730070096 4.8712686896324149
leaf_count=7357 310 1183 685 336 159 6300 38184 7028 7941 1006 2217 73 71 3095 243 202 205 19 687 864 1214 45 5415 222 109 32 1228 19 3 2
internal_value=0.0107443 0.00889453 0.00659798 0.0160178 0.00904718 0.00695931 -0.00143195 -0.00783772 0.00125786 0.00843235 -0.00230453 0.00287491 -0.0295526 0.0102914 0.00450168 0.0083744 0.014141 -0.0196385 -0.0303856 0.0198781 0.00277904 -0.017646 0.0168022 0.00515722 -0.00689531 -0.0165175 0.0281808 -0.045149 -0.0360649 -0.0468918
internal_weight=5317.62 4693.83 3550.93 1142.9 511.978 3527.17 526.717 390.205 265.742 3000.45 442.808 372.833 69.9751 2557.64 1022.29 881.524 1535.35 140.767 111.29 123.058 649.098 100.882 136.512 364.85 157.072 61.5074 106.494 23.7634 37.6256 17.1264
internal_count=86454 86144 84466 1678 1342 83762 68017 55245 17061 15745 3733 2621 1112 12012 5505 4556 6507 949 930 9120 4354 3140 12772 2548 2326 1041 2092 704 1009 207
is_linear=0
shrinkage=0.03


Tree=126
num_leaves=31
num_cat=0
split_feature=73 2 73 48 73 65 8 70 64 65 12 57 59 65 73 73 57 65 0 0 0 71 65 59 65 0 0 0 73 65
split_gain=150.015 89.0116 115.647 71.2545 72.7216 69.8885 67.4784 63.3 59.3211 56.1862 45.1098 111.543 42.3354 88.0067 107.788 71.1526 50.5943 53.9438 113.412 41.5785 39.8405 39.6785 48.1355 41.8545 38.1415 99.842 39.236 53.9779 37.982 37.0208
threshold=0.89998500000000015 1.0000000180025095e-35 0.017965000000000005 1.0000000180025095e-35 0.060315000000000007 541.50000000000011 1.0000000180025095e-35 1.0000000180025095e-35 1.0000000180025095e-35 366.50000000000006 1.0000000180025095e-35 7.5000000000000009 1.0000000180025095e-35 296.50000000000006 0.060315000000000007 0.033705000000000006 2.5000000000000004 223.50000000000003 8.0500000000000025 9.9500000000000011 7.8500000000000005 1.0000000180025095e-35 201.50000000000003 1.0000000180025095e-35 476.50000000000006 4.2500000000000009 7.5500000000000007 5.3500000000000005 0.0026450000000000002 304.50000000000006
decision_type=2 2 2 2 2 2 2 2 2 2 2 2 2 2 2 2 2 2 2 2 2 2 2 2 2 2 2 2 2 2
left_child=1 3 -3 4 5 6 20 8 10 -9 11 12 -4 14 -14 -15 17 18 -16 -17 28 22 23 -13 26 -26 27 -12 -1 -8
right_child=-2 2 7 -5 -6 -7 29 9 -10 -11 24 21 13 15 16 19 -18 -19 -20 -21 -22 -23 -24 -25 25 -27 -28 -29 -30 -31
leaf_value=-0.028487415141966628 0.024462274805445359 -0.030560953363561467 0.0080864742644900667 -0.11249511004743039 0.022022424783064681 -0.044536919849587402 -0.018693850375538969 -0.081123207405858766 -0.036762307937467875 -0.0035767407786392921 -0.064800769928631791 -0.08985331262717533 -0.054636361239755182 0.014692159819697515 0.0042870568876063756 -0.058370446225101728 0.021102753094541252 0.013179613473723744 -0.10302073963180794 0.017980812003563381 -0.058541287642203704 0.0042506631648937176 -0.070536195924683492 0.0066737774684857178 0.030023111350285635 -0.08020435139978839 0.019362609431526113 0.0078360982885028341 0.016169881900065297 0.0091240962678890546
leaf_weight=16.715443311113631 576.02478139102459 78.377870801363315 1586.4962901371691 3.0050311952654729 648.23515321599552 20.631687059270917 97.826717487478163 12.752768541744443 27.082197703493875 21.893990993383341 8.5189269952825253 4.0454138179775354 23.965288910869276 21.378910646846634 24.598677074711304 49.379193783664959 154.08492170399404 48.892678269854514 12.791817845747572 6.8902539565460748 5.7285411691409527 19.997798616532236 28.78761040745303 19.772520157363033 15.302296170557385 12.653682616612057 496.72634470349294 285.96325536873337 661.49266843961959 75.473294842246105
leaf_count=5896 292 46538 8028 88 566 2663 5471 201 443 90 178 78 1482 714 62 535 151 69 123 11 378 54 655 210 38 253 1127 1473 5946 2414
internal_value=0.0100596 0.00820662 0.00516776 0.0140826 0.0144054 0.00876212 0.0100953 0.0061497 0.00664494 -0.033595 0.00707466 0.0046431 0.00602361 -0.00354193 0.00473055 -0.0314055 0.0108514 -0.00748752 -0.0341517 -0.0488704 0.0143281 -0.0316095 -0.0450666 -0.012681 0.0130016 -0.0209159 0.0142249 0.00552263 0.0150289 -0.00659611
internal_weight=5065.49 4489.46 2960.35 1529.11 1526.1 877.868 857.237 2881.97 2847.33 34.6468 2820.25 2001.08 1928.48 341.982 264.333 77.6484 240.368 86.2832 37.3905 56.2694 683.937 72.6033 52.6055 23.8179 819.165 27.956 791.209 294.482 678.208 173.3
internal_count=86227 85935 62513 23422 23334 22768 20105 15975 15684 291 15241 12172 11175 3147 1887 1260 405 254 185 546 12220 997 943 288 3069 291 2778 1651 11842 7885
is_linear=0
shrinkage=0.03


Tree=127
num_leaves=31
num_cat=0
split_feature=71 56 24 56 14 55 55 65 55 55 57 60 65 0 59 57 56 63 37 48 55 55 0 55 65 65 55 59 55 72
split_gain=94.3907 72.4217 55.9546 87.7579 65.877 55.2582 120.579 65.7522 61.1819 99.7794 85.4772 59.8162 58.0949 48.4524 72.5255 45.8939 58.7759 44.8828 59.7208 43.0474 46.5356 74.4548 85.7122 74.0406 66.145 54.376 45.4227 45.2921 44.063 43.9256
threshold=1.0000000180025095e-35 0.048022201973341977 1.0000000180025095e-35 0.011338004811851243 1.0000000180025095e-35 0.030522028566488325 0.06386747763884322 114.50000000000001 0.02035367420542971 0.015677023898642627 10.500000000000002 2.5000000000000004 146.50000000000003 7.5500000000000007 1.5000000000000002 4.5000000000000009 0.033474976598428303 1.0000000180025095e-35 1.0000000180025095e-35 1.0000000180025095e-35 0.0040041430429044239 0.0068272023513347773 7.7500000000000009 0.0063844283733814023 302.50000000000006 444.50000000000006 0.003866179080688759 1.0000000180025095e-35 0.000661284296626267 1.0000000180025095e-35
decision_type=2 2 2 2 2 2 2 2 2 2 2 2 2 2 2 2 2 2 2 2 2 2 2 2 2 2 2 2 2 2
left_child=1 2 4 -4 5 8 7 13 9 10 11 19 -10 -7 -15 16 -9 18 -11 20 25 22 -22 24 -24 28 -27 29 -1 -23
right_child=-2 -3 3 -5 -6 6 -8 15 12 17 -12 -13 -14 14 -16 -17 -18 -19 -20 -21 21 27 23 -25 -26 26 -28 -29 -30 -31
leaf_value=-0.039727040494473419 0.01911653820916839 0.015255467907620248 -0.058792270407928289 0.0063960475452598062 0.020389358127459074 0.016779983573290788 0.018668251218622881 -0.04909282599363346 -0.026663527762462988 -0.066028396461198291 -0.059362293725050135 -0.061761368021475728 0.016826473806762419 -0.051556927014015243 0.02965135440294461 0.0062727477637282243 -0.0093588403917017095 0.0067721428779437126 0.021173825690791997 0.023710208528306811 -0.044952738191716496 0.011100499774077118 0.0096073135896319675 -0.060660636234215345 -0.020445085074995224 -0.052112648361790401 0.02333030616557262 -0.019690371566289333 0.01751400485116289 -0.026958267552161404
leaf_weight=11.539216926874358 861.937880631187 1003.1303296913393 29.517526883049868 47.100304414241691 284.33110531407874 72.371271873242222 133.96885625738651 89.407663417558069 28.063016239262652 35.169558756824699 17.11448727993411 10.598584545892662 618.81022734881844 27.262365904956823 14.42533534177346 30.063593499304261 54.125059370271629 17.745072519552195 8.2735426013241504 122.16083383095975 50.308528978937829 655.32538528347504 212.71711690488155 18.016597754525719 94.310283849816187 19.108607129375741 10.444894424625092 50.407221335975919 424.58003439135791 27.545299454475753
leaf_count=4553 1608 1611 11036 389 4039 820 341 2094 328 992 720 700 2670 917 5 96 246 39 33 497 9373 11818 4256 1484 2607 3197 41 3530 16226 138
internal_value=0.0100728 0.00822058 0.00602139 -0.0191521 0.0066419 0.00526557 -0.00475211 -0.0156865 0.00700336 0.00413495 0.00547854 0.00616299 0.0149015 0.0020114 -0.0234198 -0.0272596 -0.0342779 -0.0332043 -0.0493184 0.00662348 0.00528339 0.00193613 -0.00891557 -0.00321717 0.000339647 0.013231 -0.0255584 0.0074955 0.0159121 0.00952813
internal_weight=5079.88 4217.94 3214.81 76.6178 3138.19 2853.86 421.624 287.655 2432.24 1785.37 1724.18 1707.06 646.873 114.059 41.6877 173.596 143.533 61.1882 43.4431 1696.46 1574.3 1108.63 375.353 325.044 307.027 465.673 29.5535 733.278 436.119 682.871
internal_count=86404 84796 83185 11425 71760 67721 4519 4178 63202 60204 59140 58420 2998 1742 922 2436 2340 1064 1025 57720 57223 33206 17720 8347 6863 24017 3238 15486 20779 11956
is_linear=0
shrinkage=0.03


Tree=128
num_leaves=31
num_cat=0
split_feature=71 55 24 57 55 65 60 55 0 19 55 57 0 52 56 56 56 68 11 58 67 65 0 56 66 55 56 57 55 58
split_gain=88.5973 69.7532 67.7687 101.967 65.1238 61.022 50.272 66.1592 107.338 64.2034 40.6775 55.0987 45.0512 84.7141 71.1587 50.1775 99.647 120.642 86.9292 58.3621 57.8251 56.4233 51.198 92.7022 59.2402 81.1522 65.4787 38.8978 43.2486 102.731
threshold=1.0000000180025095e-35 0.06386747763884322 1.0000000180025095e-35 8.5000000000000018 0.048763003506173415 829.50000000000011 1.5000000000000002 0.0062067466550570329 9.0500000000000025 1.0000000180025095e-35 0.0040872057278096563 7.5000000000000009 6.3500000000000005 1.0000000180025095e-35 0.044512489803421006 0.0066168109075340131 0.0039470903806293018 1.0000000180025095e-35 1.0000000180025095e-35 1.0000000180025095e-35 1.0000000180025095e-35 751.50000000000011 9.7000000000000011 0.084603725430266341 1.0000000180025095e-35 0.034771930691627664 0.054446249970382408 2.5000000000000004 0.021765767382888639 1.0000000180025095e-35
decision_type=2 2 2 2 2 2 2 2 2 2 2 2 2 2 2 2 2 2 2 2 2 2 2 2 2 2 2 2 2 2
left_child=1 2 6 4 5 -4 9 8 -8 10 11 -1 13 14 -12 16 -14 18 19 -18 22 -20 -17 24 25 26 -24 -9 29 -29
right_child=-2 -3 3 -5 -6 -7 7 27 -10 -11 12 -13 15 -15 -16 20 17 -19 21 -21 -22 -23 23 -25 -26 -27 -28 28 -30 -31
leaf_value=0.0145558857455385 0.019189564053968534 0.021799943095407868 -0.076363733552793564 0.024291232981508554 0.020937117305472094 0.014660268163819748 -0.053923167593447785 0.025738897847633103 0.015101315983441102 0.022976987385228204 -0.046679722640039834 -0.057684298323453224 0.0081344524720432052 0.035055924703137009 0.0059837847005796167 0.0067808317460889547 -0.04849373968397961 0.024787956500182409 -0.047045289553108098 0.02595956851661561 0.017850217937299222 0.0052193300956321917 -0.063676568013193255 -0.1394125730098936 0.0060699871872474968 0.012693099805031575 0.018351733463968189 -0.056082819179465566 0.015775282439335094 0.014069138395677654
leaf_weight=457.56339994628797 851.6586212839029 331.39437243703287 35.093539172667079 30.471653335407609 10.725898689910535 7.7646000976528731 31.486929090169724 287.46027227581362 53.121084666869137 190.43313193339418 60.2068375833951 8.7374378652530122 294.20591539697489 24.037581530865282 36.749540526885539 1078.7919452529313 11.764889118290737 47.39583150218823 126.41432617213286 35.901288691733498 345.35787095897831 21.54589767291327 43.219149313372327 3.795029511966276 138.2917388141359 31.096822090767091 10.441915809002237 25.968582466477528 447.85617965861456 61.045231789234094
leaf_count=20718 1573 547 11148 50 45 188 3950 889 481 5164 7282 665 6609 56 225 9984 884 116 7934 745 1239 329 2315 42 799 62 9 888 1209 313
internal_value=0.0103534 0.00859444 0.00748325 -0.0190199 -0.0436435 -0.0599147 0.00806322 0.0142426 -0.010916 0.0061695 0.00500845 0.0130817 0.00337325 -0.0143738 -0.0268613 0.00436066 -0.00359824 -0.0177771 -0.0281633 0.00696427 0.00695107 -0.0394506 0.00405665 -0.0088715 -0.00603812 -0.0256342 -0.0476709 0.0168413 0.0120202 -0.00726649
internal_weight=5140 4288.34 3956.94 84.0557 53.584 42.8581 3872.89 906.938 84.608 2965.95 2775.52 466.301 2309.22 120.994 96.9564 2188.22 537.228 243.022 195.626 47.6662 1650.99 147.96 1305.64 226.845 223.05 84.7579 53.6611 822.33 534.87 87.0138
internal_count=86458 84885 84338 11431 11381 11336 72907 7730 4431 65177 60013 21383 38630 7563 7507 31067 16617 10008 9892 1629 14450 8263 13211 3227 3185 2386 2324 3299 2410 1201
is_linear=0
shrinkage=0.03


Tree=129
num_leaves=31
num_cat=0
split_feature=73 73 2 44 56 73 73 65 56 0 56 56 64 73 73 8 65 73 60 73 38 73 31 73 58 60 65 65 0 56
split_gain=153.44 88.6916 91.2199 51.1257 50.3527 49.9564 54.8021 85.7036 41.0516 55.9874 57.9697 47.8262 32.4321 48.9928 32.0094 30.9981 62.5703 43.462 62.0965 32.5669 27.5092 26.5179 25.3518 27.0719 103.988 61.5426 59.309 133.7 63.0438 62.8212
threshold=0.89998500000000015 0.0084550000000000024 1.0000000180025095e-35 1.0000000180025095e-35 0.048022201973341977 0.025455000000000002 0.011275000000000002 286.50000000000006 0.0022020675352604339 6.7500000000000009 0.049807384346336886 0.002155962769067302 1.0000000180025095e-35 0.66771000000000014 0.012905000000000002 1.0000000180025095e-35 440.50000000000006 0.14175000000000001 1.5000000000000002 0.09141500000000001 1.0000000180025095e-35 0.017965000000000005 1.0000000180025095e-35 0.14175000000000001 1.5000000000000002 5.5000000000000009 194.50000000000003 62.500000000000007 7.4500000000000011 0.0036472570579653518
decision_type=2 2 2 2 2 2 2 2 2 2 2 2 2 2 2 2 2 2 2 2 2 2 2 2 2 2 2 2 2 2
left_child=1 8 4 12 5 6 -3 -8 11 10 -10 -1 14 -14 -4 -7 17 18 19 -17 22 -9 23 24 25 26 27 -16 -29 -28
right_child=-2 2 3 -5 -6 15 7 21 9 -11 -12 -13 13 -15 20 16 -18 -19 -20 -21 -22 -23 -24 -25 -26 -27 29 28 -30 -31
leaf_value=-0.032074684715421124 0.02461824893595501 0.013247017214595399 -0.028882119337145976 -0.05732913521896281 0.025066978870691235 0.023871540577824001 -0.050328822626366725 0.010621770317922006 -0.031102186464445663 -0.038219967640512095 0.025011493145130136 0.022111603275678852 -0.063025154217817209 0.0047159762806146715 0.021392027395309446 -0.0098830519259834864 -0.050706600456148998 0.023213284284076759 0.020733880326673653 -0.064615817641694925 -0.055939357900773534 -0.049105380737352163 0.019145528028622537 0.0093241684916896619 -0.050699421420873227 -0.064558894563251118 -0.033681866988508315 -0.070857863104715077 -0.016266368517703196 0.010959090245729204
leaf_weight=19.089525506562495 599.73855300201103 139.16591691997019 21.035494582465617 10.237530018348478 394.97292936546728 287.6865810911986 38.66326107995701 64.920770992539474 28.840228203094739 71.906998967839172 36.257158649881603 53.508764883925323 13.93913117975171 26.578749768435955 90.974112051597331 58.825074701540871 13.507904101075836 169.93153545504902 68.401421274058521 10.871326006832531 5.1642892415256929 6.4531383494322645 160.36308196609025 1663.7154487503576 30.226776786141272 10.389885959448291 28.458056919887895 21.43019704170365 133.97223203153408 802.02957885975047
leaf_count=7541 311 1594 14288 541 198 320 1412 702 18835 13236 218 1450 489 43 510 661 314 115 58 95 303 518 506 2350 1466 150 3081 1598 4831 8865
internal_value=0.0103771 0.00846622 0.0094015 0.00657288 0.0162029 0.0121 0.000778492 -0.014968 -0.0105499 -0.0201642 5.68983e-05 0.00762125 0.00680933 -0.0195453 0.0071756 0.0167222 0.0102713 0.0131007 0.000579671 -0.0192136 0.00744271 0.00461777 0.00757296 0.00689905 0.0032834 0.00482939 0.00555814 -0.0073465 -0.0241995 0.00939072
internal_weight=5081.26 4481.52 4271.91 3018.51 1253.4 858.427 249.203 110.037 209.603 137.004 65.0974 72.5983 3008.28 40.5179 2967.76 609.224 321.537 308.029 138.098 69.6964 2946.72 71.3739 2941.56 2781.2 1117.48 1087.25 1076.86 246.377 155.402 830.488
internal_count=86599 86288 45008 39021 5987 5789 4226 2632 41280 32289 19053 8991 38480 532 37948 1563 1243 929 814 756 23660 1220 23357 22851 20501 19035 18885 6939 6429 11946
is_linear=0
shrinkage=0.03


Tree=130
num_leaves=31
num_cat=0
split_feature=73 2 55 11 57 30 73 57 65 55 73 55 56 73 65 57 63 73 65 65 0 57 73 23 73 59 56 23 55 59
split_gain=144.932 83.7084 70.148 84.2969 164.569 93.2959 56.7568 64.416 72.3356 61.0687 95.7521 56.1931 54.9988 51.2462 67.1939 151.012 120.381 78.1939 53.4549 104.544 76.6764 58.7946 53.7554 46.1061 45.8738 44.9355 133.009 44.8148 54.2535 55.3645
threshold=0.89998500000000015 1.0000000180025095e-35 0.06386747763884322 1.0000000180025095e-35 8.5000000000000018 1.0000000180025095e-35 0.025995000000000001 2.5000000000000004 350.50000000000006 0.028894404390139527 0.010585000000000002 0.0035378959508221264 0.054446249970382408 0.66771000000000014 182.50000000000003 1.5000000000000002 1.0000000180025095e-35 0.104785 196.50000000000003 223.50000000000003 8.7500000000000018 1.5000000000000002 0.24908000000000002 1.0000000180025095e-35 0.0026450000000000002 1.0000000180025095e-35 0.037227276579386147 1.0000000180025095e-35 0.022816273384930998 1.0000000180025095e-35
decision_type=2 2 2 2 2 2 2 2 2 2 2 2 2 2 2 2 2 2 2 2 2 2 2 2 2 2 2 2 2 2
left_child=1 6 3 11 13 -6 7 9 23 24 -11 -3 -12 14 15 -5 17 -17 20 21 -16 22 -20 -9 -1 -21 -27 -13 29 -29
right_child=-2 2 -4 4 5 -7 -8 8 -10 10 12 27 -14 -15 18 16 -18 -19 19 25 -22 -23 -24 -25 -26 26 -28 28 -30 -31
leaf_value=-0.028506726673739765 0.02463657263605392 -0.045391783301237658 0.020827047146990057 -0.057993850243565501 -0.075022469426430594 0.020148609798646078 0.019671628877410596 -0.044034842313374498 0.015756211628197833 -0.043785800508673943 -0.028809747366589394 0.017457037477834513 0.026695463485299383 0.011593210386149303 -0.058813366008360589 -0.033550810386497924 -0.070132620456709455 0.01476791105360827 -0.060005668965230283 0.0056738371836046733 0.027405974985155193 -0.065417273328108261 0.016551944282421654 0.011961875342620752 0.020639259233441825 -0.047712786318381779 0.013069542392305681 -0.046721280650683081 0.012425683410139301 0.008482391491258864
leaf_weight=17.078952838142868 598.05064721824601 13.816533612240162 263.27274046477396 54.011696528890752 37.491204263467807 11.732155460864304 872.46859100693837 54.76236542960396 50.156758525175974 39.431877919676481 20.728076630766736 632.57664758047031 61.41007277672179 439.48652971535921 9.1131828677316644 36.462574514793232 20.105296253488632 153.59518395958003 11.307565069917471 855.25479723470926 121.50258813712571 30.495437537727412 24.184452757239342 16.870209953529411 367.3461875054345 55.935135119623737 74.447265189723112 34.492002396858879 122.47342010826105 29.829866105959809
leaf_count=7010 313 5612 461 6853 870 18 1616 2420 1373 1627 533 4382 30 405 1072 5406 382 222 1503 15372 759 1725 18 698 8064 5962 144 8435 883 2308
internal_value=0.0107644 0.0089287 0.00605713 0.00464546 0.00120829 -0.0523894 0.0147235 0.00782633 -0.0116923 0.0125381 -0.00595787 0.0126175 0.0125103 0.00263425 -9.40222e-05 -0.0137432 -0.0021501 0.00537088 0.00296497 0.000708477 0.0209892 -0.0355592 -0.00881486 -0.0308639 0.0183875 0.00317014 -0.0131713 0.0136498 0.000732291 -0.0213821
internal_weight=5129.89 4531.84 3031.59 2768.31 1935.13 49.2234 1500.25 627.785 121.789 505.995 121.57 833.188 82.1381 1885.9 1446.42 264.175 210.163 190.058 1182.24 1051.62 130.616 65.9875 35.492 71.6326 384.425 985.637 130.382 819.372 186.795 64.3219
internal_count=86476 86163 62792 62331 40711 888 23371 21755 4491 17264 2190 21620 563 39823 39418 12863 6010 5628 26555 24724 1831 3246 1521 3118 15074 21478 6106 16008 11626 10743
is_linear=0
shrinkage=0.03


Tree=131
num_leaves=31
num_cat=0
split_feature=73 56 73 30 73 4 6 73 17 11 17 56 73 56 56 56 66 32 58 56 73 56 62 11 73 6 8 60 59 57
split_gain=172.184 71.5776 66.0001 65.0846 49.0931 61.0646 99.4315 89.4111 74.7244 50.8021 42.3782 42.2943 37.9744 51.9706 37.5919 63.0776 43.4066 73.6662 110.44 58.0095 70.7311 46.0272 43.2179 47.6262 51.4251 39.3028 38.5675 31.5301 81.1786 66.4814
threshold=0.89998500000000015 0.032660197162707801 0.0045350000000000008 1.0000000180025095e-35 0.12170000000000002 1.0000000180025095e-35 1.0000000180025095e-35 0.029175000000000003 1.0000000180025095e-35 1.0000000180025095e-35 1.0000000180025095e-35 0.0012507313961251478 0.77983000000000013 0.0037686893296689705 0.002025402211110458 0.002155962769067302 1.0000000180025095e-35 1.0000000180025095e-35 2.5000000000000004 0.015672130700583192 0.104785 0.0032610673789118349 1.0000000180025095e-35 1.0000000180025095e-35 0.77983000000000013 1.0000000180025095e-35 1.0000000180025095e-35 1.0000000180025095e-35 1.0000000180025095e-35 3.5000000000000004
decision_type=2 2 2 2 2 2 2 2 2 2 2 2 2 2 2 2 2 2 2 2 2 2 2 2 2 2 2 2 2 2
left_child=1 2 -1 11 5 6 10 8 -8 -10 -3 -4 13 -5 26 -16 27 19 -19 21 -21 -18 25 -24 -25 -23 -13 28 29 -17
right_child=-2 4 3 12 -6 -7 7 -9 9 -11 -12 14 -14 -15 15 16 17 18 -20 20 -22 22 23 24 -26 -27 -28 -29 -30 -31
leaf_value=-0.030221740751067226 0.025118444498489077 -0.088720315184978929 -0.037010829260145338 0.0065555119676486261 0.019052898129394036 0.015495352122403694 -0.047198652754233586 0.011126650912458623 0.026932272415265326 -0.041767414566560891 0.0067190956146458954 0.026760180711676906 0.014415075562155143 -0.057671951492427806 -0.065136628475967337 -0.0043891816454321936 -0.031244529060396081 -0.049572644253030741 0.022959621566586701 -0.061512981897576119 -0.001916836562258337 -0.049922951909993393 0.022224715945928633 -0.054515878169734834 0.011112774653706475 0.012390903401110836 -0.017446778571448076 0.010929324523420375 -0.041211509149969565 0.02035378009672795
leaf_weight=46.63051249236014 576.38438507635146 14.658398549305277 19.311220705414598 16.643667340307729 658.02368763461709 483.84863690275233 49.492214717814932 302.75901687331498 30.928725880337879 12.923639485350575 5.5331045271304893 132.00938029745885 17.088185779750347 33.352733308689494 10.306864817910535 244.68107921815681 26.771754157321993 57.407239678068436 27.210819224768784 24.711723522399552 59.392962820827961 8.3114164923317713 21.149781895888736 29.227422026087879 16.216912087053061 502.25133751183603 19.795889700711996 1281.6353891183826 35.533954091457417 161.42776804008463
leaf_count=18380 296 137 5043 290 412 1094 1017 274 56 251 19 1361 12 1710 710 17327 842 1161 20 315 81 167 358 1290 13 3407 2660 20367 5944 1423
internal_value=0.00972273 0.0076771 0.00479869 0.00540452 0.0128267 0.00825905 -0.000168482 0.00321079 -0.0223098 0.00620611 -0.063484 0.00613905 -0.0235704 -0.0365815 0.00646634 0.00558294 0.00590094 -7.96748e-06 -0.0262525 0.00325315 -0.0199445 0.00651134 0.00831368 -0.0142657 -0.0313611 0.0112809 0.020919 0.00854874 0.00163125 0.00547195
internal_weight=4925.62 4349.24 2791.07 2744.44 1558.17 900.144 416.295 396.104 93.3446 43.8524 20.1915 2677.35 67.0846 49.9964 2658.04 2506.24 2495.93 772.651 84.6181 688.033 84.1047 603.929 577.157 66.5941 45.4443 510.563 151.805 1723.28 441.643 406.109
internal_count=86437 86141 82881 64501 3260 2848 1754 1598 1324 307 156 62489 2012 2000 57446 53425 52715 7654 1181 6473 396 6077 5235 1661 1303 3574 4021 45061 24694 18750
is_linear=0
shrinkage=0.03


Tree=132
num_leaves=31
num_cat=0
split_feature=73 55 60 73 55 55 57 45 40 65 0 54 65 65 0 57 55 55 55 65 16 47 57 65 55 73 55 55 0 0
split_gain=143.371 47.7882 59.741 55.9043 60.1999 78.4847 52.4897 42.7525 41.8095 39.1124 32.2357 72.6488 32.1146 55.2239 66.2317 63.2429 54.0996 42.325 121.119 117.831 58.3162 41.851 39.3534 39.9102 87.1768 92.713 53.5252 49.214 39.422 38.9906
threshold=0.89998500000000015 0.06386747763884322 1.5000000000000002 0.026605000000000004 0.021143348457428057 0.010501873210954102 2.5000000000000004 1.0000000180025095e-35 1.0000000180025095e-35 235.50000000000003 7.0500000000000007 1.0000000180025095e-35 738.50000000000011 507.50000000000006 8.0500000000000025 3.5000000000000004 0.030649897275830201 0.0045490574989296342 0.0057592837274565859 341.50000000000006 1.0000000180025095e-35 1.0000000180025095e-35 18.500000000000004 142.50000000000003 0.030522028566488325 0.020445000000000001 0.025300402343066578 0.023512261309360332 4.5500000000000007 8.9500000000000011
decision_type=2 2 2 2 2 2 2 2 2 2 2 2 2 2 2 2 2 2 2 2 2 2 2 2 2 2 2 2 2 2
left_child=1 2 7 6 5 -5 -4 8 12 -8 -11 -12 13 17 21 -16 -14 20 19 -19 -1 -15 23 24 26 -26 27 28 -20 -27
right_child=-2 -3 3 4 -6 -7 9 -9 -10 10 11 -13 16 14 15 -17 -18 18 22 -21 -22 -23 -24 -25 25 29 -28 -29 -30 -31
leaf_value=0.013913586510999797 0.024297201517742482 0.020135220259563519 0.018851316200828829 0.010949380198510102 0.023747388786271497 -0.047475659203404887 -0.041768874584146722 -0.065963173820633367 0.024383288608191975 0.019298873916099839 -0.046091263130498668 0.014984484915228987 0.017999273098603854 -0.049410715468535739 0.0069938758340198368 -0.070556881464979709 -0.055704532547368311 -0.057452600363680481 0.024947135196526238 0.00044240184952021956 -0.047728515037844664 0.027445738819945241 -0.050826046770388801 0.0073474838561929925 -0.042517623351278941 0.011450776530889592 -0.095839537954360191 0.022966561645524998 -0.053082225717392684 -0.037914574819388175
leaf_weight=538.25634758690285 556.06769711524248 278.89757238328457 84.152005884883692 243.73713215993484 497.2831514517311 21.617230074945837 28.488072853680933 6.5677676997001972 100.65242497778672 37.66517076389573 33.189903259029961 35.214737475849688 234.83767332124262 47.60193388643529 107.50265600724379 9.3685795554483757 8.3632409339625138 55.873739260052389 6.4333739203357245 71.27296467848646 13.217958168803305 6.6874507054162668 10.357620876457075 1536.2633578295136 34.733216646171059 264.6414458877116 10.000816041530923 14.8485650071525 32.454251353301515 14.260577302105956
leaf_count=20384 306 538 3905 581 290 92 1687 701 771 964 801 341 3487 5002 1408 269 135 6017 121 1752 5417 11 61 23471 1549 883 206 35 5173 80
internal_value=0.00995764 0.00813386 0.00731388 0.0137685 0.0175985 0.00602938 0.000393889 0.00528266 0.00545385 -0.0112032 -0.00268052 -0.0148866 0.00481446 0.00389458 -0.0125649 0.000231434 0.015247 0.00498145 0.00299462 -0.025249 0.0123524 -0.0396182 0.00487324 0.0052011 -0.00353303 0.00300002 -0.0352304 -0.0224056 -0.0398716 0.00880023
internal_weight=4940.51 4384.44 4105.54 981.347 762.638 265.354 218.71 3124.2 3117.63 134.558 106.07 68.4046 3016.98 2773.77 171.161 116.871 243.201 2602.61 2051.14 127.147 551.474 54.2894 1923.99 1913.64 377.372 313.635 63.737 53.7362 38.8876 278.902
internal_count=86438 86132 85594 8661 963 673 7698 76933 76232 3793 2106 1142 75461 71839 6690 1677 3622 65149 39348 7769 25801 5013 31579 31518 8047 2512 5535 5329 5294 963
is_linear=0
shrinkage=0.03


Tree=133
num_leaves=31
num_cat=0
split_feature=73 55 55 73 73 35 37 24 59 0 61 65 23 73 73 73 13 65 65 73 65 65 59 10 0 55 73 65 0 0
split_gain=141.995 63.1352 273.194 95.392 66.8551 58.3568 55.5071 55.2716 54.0612 53.7656 72.1196 50.9944 54.1961 56.6824 49.3137 64.3743 48.0483 69.4549 84.7126 71.2772 62.0552 94.7834 45.3845 43.6634 41.7153 58.914 51.4879 39.066 74.032 38.2564
threshold=0.89998500000000015 0.02035367420542971 0.016299180440167958 0.0069850000000000008 0.09141500000000001 1.0000000180025095e-35 1.0000000180025095e-35 1.0000000180025095e-35 4.5000000000000009 7.0500000000000007 1.0000000180025095e-35 261.50000000000006 1.0000000180025095e-35 0.043455000000000008 0.016785000000000005 0.0087350000000000014 1.0000000180025095e-35 444.50000000000006 717.50000000000011 0.045905000000000008 401.50000000000006 383.50000000000006 1.5000000000000002 1.0000000180025095e-35 7.9500000000000011 0.028894404390139527 0.031705000000000004 541.50000000000011 4.2500000000000009 8.5500000000000025
decision_type=2 2 2 2 2 2 2 2 2 2 2 2 2 2 2 2 2 2 2 2 2 2 2 2 2 2 2 2 2 2
left_child=1 2 7 -3 5 11 23 9 -9 -1 16 12 14 -14 15 -5 29 20 -19 -20 21 22 -18 -4 -16 -26 -27 -13 -29 -11
right_child=-2 3 6 4 -6 -7 -8 8 -10 10 -12 27 13 -15 24 -17 17 18 19 -21 -22 -23 -24 -25 25 26 -28 28 -30 -31
leaf_value=0.016567746488087842 0.024103967185887271 -0.039221548053559867 -0.07556565202374449 0.013007655171226849 0.017093238457170097 -0.070067602931500578 0.017196074046193149 -0.052970916334437297 0.029150648740093325 -0.049270300404420188 -0.044347380531995988 0.016850449410248054 -0.01256652267957329 -0.089440196895071614 0.014781893495709828 -0.047328530625467061 0.005437565644533229 -0.033298237862422843 -0.040962120120024044 0.01791417974336881 0.024056391828125957 -0.080780256336959733 -0.03201012940619373 -0.0062097507358621811 -0.063237193129528343 -0.050981606280112189 0.0098947252883643134 0.031106220614651649 -0.056844799522416931 0.022666435658248562
leaf_weight=401.32739391699579 536.41033792728558 32.036587017122656 50.066189115961606 28.407720838964451 1147.565074039012 7.9097747069899915 8.1429517382057366 25.450340798401157 9.1843358289333974 6.0060325248487052 25.93023957494006 421.52991145665874 54.631100283440901 9.3645178140868648 268.94438763157814 34.21347254110151 1103.8653921140722 95.425577803369379 22.562694121254026 85.409814169659512 149.75438009516802 10.86685303901322 28.930826801428339 9.9500544386683014 13.53710625489475 13.554915317581615 87.764883269555867 15.052003802629768 17.752765878249193 169.71999998667161
leaf_count=23715 302 2134 1192 354 1112 147 35 10991 8 704 438 1795 1304 112 730 1089 27866 4439 1584 117 1577 824 1608 82 203 346 180 29 441 1035
internal_value=0.00955145 0.00775382 0.00418027 0.0114073 0.0121904 0.00639437 -0.0545065 0.00607897 -0.0309872 0.00670481 0.00436595 0.00709316 0.000580942 -0.0250185 0.00429839 -0.0201832 0.00514722 0.00339806 -0.0128574 0.00534798 0.00596229 0.00357405 0.00445379 -0.0643574 0.00833489 -0.00675846 0.00133182 0.0143919 -0.0167633 0.0199429
internal_weight=4891.27 4354.86 2202.59 2152.26 2120.23 972.663 68.1592 2134.43 34.6347 2099.8 1698.47 964.753 510.418 63.9956 446.422 62.6212 1672.54 1496.82 203.398 107.973 1293.42 1143.66 1132.8 60.0162 383.801 114.857 101.32 454.335 32.8048 175.726
internal_count=86493 86191 76215 9976 7842 6730 1309 74906 10999 63907 40192 6583 4318 1416 2902 1443 39754 38015 6140 1701 31875 30298 29474 1274 1459 729 526 2265 470 1739
is_linear=0
shrinkage=0.03


Tree=134
num_leaves=31
num_cat=0
split_feature=73 60 55 0 59 0 73 55 55 73 55 0 59 8 22 39 0 55 34 0 25 69 73 55 55 48 16 0 36 55
split_gain=87.575 42.0702 66.7892 48.3484 47.1119 43.5078 44.8321 42.8846 36.2103 114.38 184.636 136.782 126.869 94.7756 131.501 55.8066 51.9938 54.621 44.7862 36.4388 34.3557 32.4918 31.8964 30.2942 127.204 80.9336 67.553 53.9969 37.0675 33.4877
threshold=0.89998500000000015 1.5000000000000002 0.0052393313713162363 9.0500000000000025 3.5000000000000004 9.7000000000000011 0.039845000000000005 0.06386747763884322 0.014255165993021049 0.12170000000000002 0.02035367420542971 7.8500000000000005 1.5000000000000002 1.0000000180025095e-35 1.0000000180025095e-35 1.0000000180025095e-35 6.3500000000000005 0.015259018883957556 1.0000000180025095e-35 5.2500000000000009 1.0000000180025095e-35 1.0000000180025095e-35 0.0079950000000000021 0.0066168109075340131 0.0059628976246150316 1.0000000180025095e-35 1.0000000180025095e-35 9.8500000000000032 1.0000000180025095e-35 0.0038125144263475201
decision_type=2 2 2 2 2 2 2 2 2 2 2 2 2 2 2 2 2 2 2 2 2 2 2 2 2 2 2 2 2 2
left_child=1 4 3 -3 7 22 -7 8 18 11 12 13 -11 16 -15 20 17 -10 19 -1 -13 23 -4 24 26 27 29 -26 -25 -21
right_child=-2 2 5 -5 -6 6 -8 -9 9 10 -12 15 -14 14 -16 -17 -18 -19 -20 21 -22 -23 -24 28 25 -27 -28 -29 -30 -31
leaf_value=-0.03767471201395086 0.022589854109861422 -0.037888144050212326 -0.032018723257305662 0.010253940014003066 -0.072629784674050568 -0.059383442674764787 0.0045276285779326632 0.019916312051502238 0.027707670906145992 -0.090093109292195411 0.014887391280951984 -0.061065145994789093 0.013267264699248821 -0.037373381551157589 0.027624816544895157 0.023579241886734398 0.011286594553097521 -0.058434522298753538 -0.050420476012675623 0.015933929828074265 -0.0045820269394032864 -0.057455049419241219 0.019023682074964538 0.01461714659542475 -0.058888192383232958 0.026830719701202779 -0.0524362523289379 0.023825121182754261 -0.047891705390694199 0.0042524869182815001
leaf_weight=13.540160413132979 484.93135429499671 35.082773725531297 10.2913944649772 38.450583603262203 5.5841511136532054 10.880413183505878 57.951655898243189 241.83221023873193 9.1479753779276525 25.469312130939215 660.20959048846271 59.802550219807017 17.542371802031994 110.40326428585104 36.611549960725824 9.4244549293071014 307.98128622138756 19.127930137030489 10.234774277007089 494.26544492001267 11.732073055405634 5.4168313033369477 878.47007236015634 952.88136987665348 49.817566912832262 16.247825763159199 14.532164090924196 7.7008246391778803 7.6665598293111534 400.39918374558329
leaf_count=6995 301 4183 1366 437 313 273 88 491 45 152 711 1758 16 2936 88 34 2253 1324 1124 17974 180 402 2356 17365 5513 49 6372 20 340 10885
internal_value=0.0104817 0.00917763 0.0145021 -0.0129148 0.00759969 0.0166188 -0.00628062 0.00774917 0.0068352 0.00287546 0.0109411 -0.00717866 -0.0485938 -0.00109886 -0.0211094 -0.0430148 0.00768659 -0.0305708 0.00937657 0.00971395 -0.0519925 0.0100623 0.0183973 0.01028 0.00656685 -0.0310633 0.00965068 -0.0475963 0.0140689 0.0107166
internal_weight=5003.63 4518.7 1031.13 73.5334 3487.57 957.594 68.8321 3481.99 3240.16 1267.45 703.221 564.231 43.0117 483.272 147.015 80.9591 336.257 28.2759 1972.7 1962.47 71.5346 1948.93 888.761 1943.51 982.963 73.7662 909.197 57.5184 960.548 894.665
internal_count=86344 86043 8703 4620 77340 4083 361 77027 76536 9497 879 8618 168 6646 3024 1972 3622 1369 67039 65915 1938 58920 3722 58518 40813 5582 35231 5533 17705 28859
is_linear=0
shrinkage=0.03


Tree=135
num_leaves=31
num_cat=0
split_feature=73 73 2 72 73 56 11 57 65 56 59 73 11 57 55 65 55 56 73 54 65 73 73 56 73 55 65 23 65 54
split_gain=131.135 69.1362 64.359 100.414 182.288 91.6175 80.0164 130.463 59.7633 87.8721 122.356 152.41 54.534 56.2776 52.8008 51.7216 52.8949 48.9828 75.349 70.2223 71.8985 59.9903 51.1311 44.7624 42.951 117.467 57.9291 40.5295 40.0441 56.8509
threshold=0.89998500000000015 0.0038850000000000004 1.0000000180025095e-35 1.0000000180025095e-35 0.53825500000000015 0.022911396799314965 1.0000000180025095e-35 8.5000000000000018 142.50000000000003 0.054446249970382408 1.5000000000000002 0.039845000000000005 1.0000000180025095e-35 6.5000000000000009 0.0035378959508221264 77.500000000000014 0.034771930691627664 0.036580011770314246 0.027775000000000005 1.0000000180025095e-35 350.50000000000006 0.010585000000000002 0.010425000000000002 0.027940916386617273 0.010255000000000002 0.029049548550006982 286.50000000000006 1.0000000180025095e-35 184.50000000000003 1.0000000180025095e-35
decision_type=2 2 2 2 2 2 2 2 2 2 2 2 2 2 2 2 2 2 2 2 2 2 2 2 2 2 2 2 2 2
left_child=1 -1 12 6 5 -5 14 8 9 15 11 -11 13 17 -4 -8 -17 19 21 20 23 22 -19 -3 25 26 -14 -16 29 -29
right_child=-2 2 3 4 -6 -7 7 -9 -10 10 -12 -13 24 -15 27 16 -18 18 -20 -21 -22 -23 -24 -25 -26 -27 -28 28 -30 -31
leaf_value=-0.030752837409377082 0.023498485985642463 0.0101672465232395 -0.044455519245362354 -0.045287418812232499 0.0074895559762735413 -0.15620569706419138 0.012110393502985477 -0.04448432853742039 0.0063622760305491561 -0.052073215466309969 0.027208209891551965 -0.2775202172243485 0.022461488260541659 0.025594409175465686 0.019164038177802187 -0.032899790454969782 0.018743043657499823 -0.037886304349262989 0.026752257110934912 -0.051656856332780637 -0.059703061510313044 -0.050719202601485033 0.033862168657869604 -0.10634486317157694 0.020966120173395959 -0.044110134395887478 -0.021835672474944296 -0.005893910571886065 0.010478968829034459 -0.096525904373409188
leaf_weight=41.214350374088099 513.78460572101176 97.233500686546904 12.549737749701306 43.685355000881827 83.722389787435532 7.3398925904184571 89.80048277968308 49.105585211866128 1724.1385936192964 10.144715557980819 7.4427428245544425 3.0361136328428975 159.3956966168771 83.207624627029872 617.0310910615226 68.518702379777096 23.279005084783421 12.897015331953297 92.404426101595163 33.835942365869414 16.187488778712577 24.964712813845836 24.166849449276924 2.0635933538142117 701.70051792424056 34.707943020490347 31.012617230182514 34.530011978255061 155.85667391548486 6.6415197767855707
leaf_count=15172 306 2154 5049 640 91 56 1283 899 31490 148 2 41 1652 330 3637 6040 83 146 34 1720 1166 132 5 41 1378 1129 1735 3048 6716 467
internal_value=0.00918741 0.00746912 0.00784687 0.00537476 -0.0198301 -0.0639386 0.00659347 0.00331081 0.00455162 -0.0108413 -0.0680152 -0.119911 0.0133647 0.00389245 0.014425 -0.00401131 -0.0197428 -0.00211688 0.00969915 -0.0143207 -0.00303198 -0.0157264 0.00855661 0.00670973 0.0173111 0.00587586 0.0151702 0.0153862 0.00351809 -0.0224563
internal_weight=4805.6 4291.81 4250.6 2936.82 134.748 51.0252 2802.07 1975.47 1926.36 202.222 20.6236 13.1808 1313.78 386.961 826.609 181.598 91.7977 303.754 154.433 149.321 115.485 62.0286 37.0639 99.2971 926.817 225.116 190.408 814.059 197.028 41.1715
internal_count=86790 86484 71312 59690 787 696 58903 39986 39087 7597 191 189 11622 5728 18917 7406 6123 5398 317 5081 3361 283 151 2195 5894 4516 3387 13868 10231 3515
is_linear=0
shrinkage=0.03


Tree=136
num_leaves=31
num_cat=0
split_feature=71 60 24 55 65 57 55 55 61 56 59 56 66 58 13 62 56 72 64 60 20 65 26 65 32 23 65 56 56 0
split_gain=63.6481 48.6748 59.9443 103.083 56.3133 54.3863 49.4117 63.9708 64.8027 51.9886 38.5555 64.7259 56.5507 50.9366 68.2769 48.7825 37.3628 37.2841 34.6729 34.3892 32.2257 32.0674 31.8847 31.6928 31.374 38.1201 31.2419 32.8874 30.3985 34.4756
threshold=1.0000000180025095e-35 1.5000000000000002 1.0000000180025095e-35 0.034771930691627664 875.50000000000011 20.500000000000004 0.021765767382888639 0.015259018883957556 1.0000000180025095e-35 0.0029614265517496591 1.0000000180025095e-35 0.037227276579386147 1.0000000180025095e-35 1.0000000180025095e-35 1.0000000180025095e-35 1.0000000180025095e-35 0.028844060225861869 1.0000000180025095e-35 1.0000000180025095e-35 2.5000000000000004 1.0000000180025095e-35 422.50000000000006 1.0000000180025095e-35 55.500000000000007 1.0000000180025095e-35 1.0000000180025095e-35 223.50000000000003 0.17666694414367556 0.033474976598428303 7.4500000000000011
decision_type=2 2 2 2 2 2 2 2 2 2 2 2 2 2 2 2 2 2 2 2 2 2 2 2 2 2 2 2 2 2
left_child=1 2 5 4 -4 10 7 9 -9 -3 18 12 16 14 -14 -15 22 -8 -1 -11 23 -21 -12 -13 25 -20 27 -22 29 -16
right_child=-2 6 3 -5 -6 -7 17 8 -10 19 11 20 13 15 28 -17 -18 -19 24 21 26 -23 -24 -25 -26 -27 -28 -29 -30 -31
leaf_value=0.0096703211862551024 0.017537133978795812 -0.051994206634733253 -0.071380519090768535 0.018228369827537765 0.01876794208708598 -0.069964104753700365 0.020100838200939799 -0.095420822895979293 0.026499985995706035 0.013236156977737232 0.0047088681911866903 -0.016862154978203082 0.019020658178907385 0.019084596862952614 -0.0025994634064179737 -0.05251450201109914 -0.042725247996511867 -0.015951453006683967 -0.064832118577308584 -0.059737598227609628 -0.09845587477685773 0.012415585212769344 -0.062739687571425257 0.015869060998598503 0.021263757464729138 0.012545866873226409 0.0032555219171776649 -0.0073137521185627462 0.015080037847056256 -0.060826904096277348
leaf_weight=2141.3005168995151 745.18033451549127 11.789565955528813 30.597701187296479 32.12896056495083 7.3194675846461896 7.2848350798594756 619.27017015535966 10.131922333093824 5.5034265518188468 238.5716764967874 305.36374064601114 28.072253031190485 17.031160930753686 38.048579362075543 10.892007786926113 9.9740810573202889 15.702993906830669 26.227784126996994 15.736394104678766 10.810488062314109 5.6943532786972337 9.9062835257209354 5.4429688204836557 340.2468503730488 10.67258041075547 8.282321469814633 32.593176679685712 7.9932121454039589 6.2210383564233771 59.460026887063577
leaf_count=45928 1587 1826 10305 190 140 141 1577 138 1 4250 14379 77 79 78 242 362 164 48 971 651 68 129 481 459 35 251 77 43 5 1742
internal_value=0.00947841 0.00799836 0.00620576 -0.0210488 -0.0539433 0.00683508 0.0140157 0.00363565 -0.0534931 0.00711525 0.00704079 0.00175004 -0.00588947 -0.021649 -0.0344239 0.00344592 0.000991595 0.0186136 0.00918531 0.00999232 0.0103694 -0.0262526 0.00333026 0.0133355 -0.0201841 -0.0387151 -0.0130182 -0.0493528 -0.0464029 -0.0519748
internal_weight=4813.45 4068.27 3136.06 70.0461 37.9172 3066.01 932.211 286.713 15.6353 271.078 3058.73 882.736 468.137 141.627 93.6042 48.0227 326.51 645.498 2175.99 259.288 414.6 20.7168 310.807 368.319 34.6913 24.0187 46.2807 13.6876 76.5731 70.352
internal_count=86424 84837 76217 10635 10445 65582 8620 6995 139 6856 65441 18256 17532 2508 2068 440 15024 1625 47185 5030 724 780 14860 536 1257 1222 188 111 1989 1984
is_linear=0
shrinkage=0.03


Tree=137
num_leaves=31
num_cat=0
split_feature=73 56 64 56 4 73 0 56 26 55 55 73 30 65 73 55 65 73 60 56 55 73 56 0 56 56 60 20 59 65
split_gain=123.717 50.7656 72.1051 56.1095 53.7504 127.962 87.7454 41.9185 40.813 77.2228 54.8663 44.0315 35.9334 68.4818 47.892 34.0674 55.9095 93.7699 72.6273 97.7666 52.7004 30.7487 62.2702 32.6766 58.5406 40.8543 93.2928 37.4079 57.8122 160.256
threshold=0.89998500000000015 0.048022201973341977 1.0000000180025095e-35 0.047574675621158906 1.0000000180025095e-35 0.039845000000000005 5.4500000000000011 0.0414396605349414 1.0000000180025095e-35 0.0042056916755157572 0.068361472679930133 0.66771000000000014 1.0000000180025095e-35 440.50000000000006 0.77983000000000013 0.048763003506173415 270.50000000000006 0.53825500000000015 1.5000000000000002 0.13862626742538772 0.029395112010871392 0.010255000000000002 0.0022020675352604339 9.7000000000000011 0.0028543105875636922 0.015672130700583192 1.5000000000000002 1.0000000180025095e-35 1.0000000180025095e-35 55.500000000000007
decision_type=2 2 2 2 2 2 2 2 2 2 2 2 2 2 2 2 2 2 2 2 2 2 2 2 2 2 2 2 2 2
left_child=1 2 3 8 5 6 -3 -4 12 11 -11 -10 21 14 -14 16 17 18 19 20 -7 22 -1 27 -25 -26 -27 -23 -29 -30
right_child=-2 4 7 -5 -6 15 -8 -9 9 10 -12 -13 13 -15 -16 -17 -18 -19 -20 -21 -22 23 -24 24 25 26 -28 28 29 -31
leaf_value=0.015137415300127549 0.023244155274916231 0.013976109139407585 -0.050178225544354832 -0.078553963693414275 0.022258471630161966 -0.038754182242890692 -0.049376634019778126 0.0059024551512696522 -0.042673467637852257 -0.062865814270605558 0.015285486701728378 0.026732957604967987 -0.058948018589907093 0.013641762292865794 0.01283202826297314 0.022631035256287537 0.018359554524827595 0.016999297410887088 0.005961611576448411 -0.010917668595060444 -0.1482011092525721 0.011741979717400534 -0.01557051929303708 -0.057244019131493858 0.0059498423734880498 -0.063114404466743962 0.012411348864443989 0.0075101693519589365 0.024981697204408942 -0.057414363487810288
leaf_weight=99.563859483227134 474.18938406277448 30.249904871510807 31.993240894742485 6.071320756309432 363.74303065356798 7.3315449692308929 53.412842329329578 18.545449194032699 9.4877752429238154 30.964906060406065 10.367996691726146 37.812800481915474 30.077157248852018 43.323698885040358 11.018448792397974 205.91933988593519 156.81380584836006 62.606802135705948 23.597349109128118 18.395423797890544 10.847777988761662 1750.3546488098073 144.36491221633332 13.569410993382915 588.91940218899254 24.795376053371001 33.664592706016265 307.95596629202919 37.86306505803077 46.156820429103391
leaf_count=9759 295 160 1717 81 432 21 657 64 1558 2642 15 13 1806 374 8 105 101 43 25 30 74 14432 35686 707 5963 168 51 5867 109 3689
internal_value=0.00873051 0.00709056 0.00532986 0.00589056 0.0132627 0.00748479 -0.0265757 -0.0298839 0.0060741 -0.0138977 -0.0433642 0.0122158 0.00664361 -0.0125623 -0.0398549 0.0133966 0.00653906 -0.00858448 -0.0350462 -0.0609582 -0.108384 0.00717964 -0.0030259 0.00806844 0.00223294 0.00356597 -0.0201451 0.00986692 0.00148533 -0.020426
internal_weight=4683.98 4209.79 3276.87 3226.33 932.918 569.175 83.6627 50.5387 3220.26 88.6335 41.3329 47.3006 3131.63 84.4193 41.0956 485.512 279.593 122.779 60.1721 36.5747 18.1793 3047.21 243.929 2803.28 660.949 647.379 58.46 2142.33 391.976 84.0199
internal_count=86652 86357 84709 82928 1648 1216 817 1781 82847 4228 2657 1571 78619 2188 1814 399 294 193 150 125 95 76431 45445 30986 6889 6182 219 24097 9665 3798
is_linear=0
shrinkage=0.03


Tree=138
num_leaves=31
num_cat=0
split_feature=60 65 55 56 71 71 55 55 56 36 58 56 63 0 65 57 56 18 17 56 65 0 56 56 9 65 18 65 65 57
split_gain=70.9469 95.8 81.1739 82.2428 76.5008 49.3262 84.1484 54.1672 37.9122 35.9017 33.6353 71.2249 57.3048 159.889 64.1265 43.8011 44.5756 34.2672 40.8116 33.275 36.1568 32.896 31.8603 31.4959 68.0754 49.9429 30.8441 28.1315 63.2367 89.6729
threshold=1.0000000180025095e-35 112.50000000000001 0.0026626206054341075 0.0068179619555235353 1.0000000180025095e-35 1.0000000180025095e-35 0.0087812165602526738 0.0097125389833710302 0.17581565966311982 1.0000000180025095e-35 1.0000000180025095e-35 0.0028543105875636922 1.0000000180025095e-35 8.0500000000000025 422.50000000000006 10.500000000000002 0.068359195701562556 1.0000000180025095e-35 1.0000000180025095e-35 0.19223587426221075 58.500000000000007 6.0500000000000007 0.13862626742538772 0.095310720481565928 1.0000000180025095e-35 180.50000000000003 1.0000000180025095e-35 168.50000000000003 272.50000000000006 1.5000000000000002
decision_type=2 2 2 2 2 2 2 2 2 2 2 2 2 2 2 2 2 2 2 2 2 2 2 2 2 2 2 2 2 2
left_child=1 19 26 5 8 6 -4 -8 10 21 12 -12 15 14 22 23 -17 18 -13 20 -1 -5 -14 -2 25 -25 -3 -23 29 -29
right_child=4 2 3 9 -6 -7 7 -9 -10 -11 11 17 13 -15 -16 16 -18 -19 -20 -21 -22 27 -24 24 -26 -27 -28 28 -30 -31
leaf_value=-0.010884739397940286 0.0081860455681777387 -0.037320467100146151 -0.045599107287577746 -0.052576968376961519 0.020314478228737779 0.0069028839189356501 0.029804041110361203 -0.043122999815867293 0.02104183902959483 -0.05727941894768606 -0.063133811089887068 0.0046915175070885058 -0.071353335467257292 -0.12838459642125841 0.026302627121561447 -0.053015459259028987 0.01822929703648531 0.017560763526932116 -0.060232226118744805 0.025987649563591252 -0.073801746881319769 0.01832504149548039 0.024220844952002118 -0.015692482891843412 0.0069603251853052554 -0.10539045719704344 0.023021732621098988 -0.067480559715709543 0.011271513370044622 -0.0028674377920668015
leaf_weight=12.985544954062787 1988.2314775907435 7.0664901878699302 84.735314056997595 7.5837447325393432 637.97032459263573 47.718688700450002 27.880742127992562 12.446768878195142 214.39588864718098 7.2721389779326264 9.732119127394979 88.10902760787576 11.282167197125089 9.6691800081462116 29.588243657562998 20.549447793935542 11.838557434151879 592.80289124988485 8.6593507391371514 5.0120397881837553 23.416129594075755 136.57314252536889 3.6550302505493155 13.854936279210962 55.390505487419432 8.8706071649503411 190.70118504013226 22.408871239895234 255.68532433598011 111.55559029991855
leaf_count=664 40484 3022 14225 3101 708 397 51 675 243 346 710 1242 218 149 81 438 23 2053 582 2 5041 2195 1 60 95 78 3113 1536 3299 1646
internal_value=0.00898837 0.00168629 0.00373289 -0.000986922 0.0108659 -0.0189448 -0.0287837 0.00679687 0.00889431 0.0047719 0.00797416 0.0136888 0.00611246 -0.0240754 0.000898977 0.00690308 -0.0272079 0.0148629 -0.00167485 -0.0423906 -0.0522485 0.00572276 -0.0479146 0.00745064 -0.0111341 -0.0536712 0.0206887 0.00666108 0.0025364 -0.0140955
internal_weight=4657.64 953.042 911.628 713.86 3704.6 172.782 125.063 40.3275 3066.63 541.079 2852.23 699.303 2152.93 54.1946 44.5254 2098.74 32.388 689.571 96.7684 41.4137 36.4017 533.807 14.9372 2066.35 78.116 22.7255 197.768 526.223 389.65 133.964
internal_count=86478 39313 33606 27471 47165 15348 14951 726 46457 12123 46214 4587 41627 449 300 41178 461 3877 1824 5707 5705 11777 219 40717 233 138 6135 8676 6481 3182
is_linear=0
shrinkage=0.03


Tree=139
num_leaves=31
num_cat=0
split_feature=26 56 60 24 57 0 55 55 71 57 59 0 65 56 58 65 57 58 55 55 56 39 63 40 60 56 25 65 0 0
split_gain=93.6449 65.1951 52.7287 63.2323 111.808 53.6089 45.3965 68.1617 38.7785 59.4331 36.9713 47.7977 35.0973 43.4961 63.0099 34.2587 59.3594 124.217 32.3331 57.0791 109.368 48.9732 29.6539 28.0855 26.749 30.6303 48.5044 26.1711 34.1597 25.4416
threshold=1.0000000180025095e-35 0.0068988356286288468 1.5000000000000002 1.0000000180025095e-35 8.5000000000000018 8.1500000000000004 0.0042368965548965987 0.068361472679930133 1.0000000180025095e-35 18.500000000000004 1.5000000000000002 7.2500000000000009 74.500000000000014 0.0048839834471266904 1.0000000180025095e-35 257.50000000000006 5.5000000000000009 1.5000000000000002 0.06386747763884322 0.031781826281211616 0.034661218704314191 1.0000000180025095e-35 1.0000000180025095e-35 1.0000000180025095e-35 1.0000000180025095e-35 0.0067497694644379725 1.0000000180025095e-35 186.50000000000003 9.7000000000000011 6.7500000000000009
decision_type=2 2 2 2 2 2 2 2 2 2 2 2 2 2 2 2 2 2 2 2 2 2 2 2 2 2 2 2 2 2
left_child=2 -2 3 8 5 -5 -3 -8 9 10 18 29 -4 14 -14 16 27 -18 19 23 21 -21 24 -1 25 -10 -27 -15 -29 -12
right_child=1 6 12 4 -6 -7 7 -9 22 -11 11 -13 13 15 -16 -17 17 -19 -20 20 -22 -23 -24 -25 -26 26 -28 28 -30 -31
leaf_value=0.0076764952898631701 -0.060088953040725514 0.0269960103758656 0.030597508485844076 -0.061440358298142872 0.028574034016597187 0.012272879738112003 -0.05886373117640066 0.024369117079842004 0.0040147575028025321 -0.07253556710840503 -0.049173422571522275 -0.040070101270927111 -0.048690767990946918 0.019244307008616415 0.010181902412466066 0.020013459733470983 -0.088935022098410657 0.022776455882554374 0.018993150789642445 -0.043886510537089085 0.0051040478640678498 0.024706510448603235 0.021642733422995341 0.024799123496491219 0.012173764793419738 -0.089158760787562366 0.024132091312042719 0.0050571633730465528 -0.066055575519279722 0.024499404437540707
leaf_weight=2171.4362982302191 26.636279545935395 23.96382274737698 119.1665591186611 39.174296250712359 27.932824519884889 11.017692941728454 20.959843027267198 14.099814397981389 27.195734840948717 7.4665160996373734 4.1071945868461652 32.624926214302832 23.097116271943378 182.69891595099762 50.181307843100512 525.29474215948721 15.613789623865157 18.753721849760041 207.11158568196697 70.730521343903092 236.92084443295607 10.118837923888348 311.53201443614671 89.036546580202412 181.47206240668311 8.5864728741871641 4.723527646099682 123.4806122850423 5.3921271480503483 24.196458054939285
leaf_count=53981 3055 122 111 10641 35 227 1077 12 266 167 1433 2001 3163 941 441 2253 421 15 410 2054 597 76 258 706 336 217 7 1218 101 144
internal_value=0.00885168 -0.0220561 0.00944099 0.00764367 -0.0188829 -0.0453358 -0.00417746 -0.0256428 0.00826087 0.00686854 0.00710224 -0.015844 0.0152839 0.0133215 -0.00878026 0.0151883 0.00782504 -0.0290557 0.00760969 0.00668824 -0.00520417 -0.0351047 0.0156817 0.0083616 0.00725621 -0.0145377 -0.0500767 0.0119731 0.00159605 0.0124954
internal_weight=4614.72 85.6598 4529.06 3465.38 78.1248 50.192 59.0235 35.0597 3387.26 2853.75 2846.28 60.9286 1063.68 944.512 73.2784 871.234 345.939 34.3675 2785.35 2578.24 317.77 80.8494 533.51 2260.47 221.978 40.5057 13.31 311.572 128.873 28.3037
internal_count=86486 4266 82220 73556 10903 10868 1211 1089 62653 61569 61402 3578 8664 8553 3604 4949 2696 436 57824 57414 2727 2130 1084 54687 826 490 224 2260 1319 1577
is_linear=0
shrinkage=0.03


Tree=140
num_leaves=31
num_cat=0
split_feature=73 26 8 56 64 70 55 58 62 73 57 65 59 65 55 4 58 57 15 63 65 56 58 56 56 73 66 65 56 73
split_gain=108.481 46.4108 55.7861 43.8543 41.8818 42.5958 74.5894 35.6709 35.6464 49.6188 46.6385 68.212 41.2521 38.3656 38.151 47.5441 36.488 45.2507 53.3462 53.8559 62.2841 33.8864 32.4486 31.7356 42.3509 29.183 30.674 74.2738 98.2378 111.463
threshold=0.89998500000000015 1.0000000180025095e-35 1.0000000180025095e-35 0.010386119285181602 1.0000000180025095e-35 1.0000000180025095e-35 0.01036690078692047 1.0000000180025095e-35 1.0000000180025095e-35 0.09141500000000001 11.500000000000002 294.50000000000006 1.5000000000000002 383.50000000000006 0.027897052336334126 1.0000000180025095e-35 2.5000000000000004 6.5000000000000009 1.0000000180025095e-35 1.0000000180025095e-35 102.50000000000001 0.0414396605349414 1.0000000180025095e-35 0.0068179619555235353 0.0034748957205514566 0.0026450000000000002 1.0000000180025095e-35 192.50000000000003 0.0070793993871210567 0.16886000000000004
decision_type=2 2 2 2 2 2 2 2 2 2 2 2 2 2 2 2 2 2 2 2 2 2 2 2 2 2 2 2 2 2
left_child=1 4 -3 23 5 8 -7 21 10 22 12 -12 25 -13 15 -14 17 18 -11 -20 -21 -6 -10 24 -4 -1 -27 28 -28 -30
right_child=-2 2 3 -5 7 6 -8 -9 9 16 11 13 14 -15 -16 -17 -18 -19 19 20 -22 -23 -24 -25 -26 26 27 -29 29 -31
leaf_value=-0.028516783283905296 0.022922786090849207 -0.062997711638893922 0.016919183114019 -0.096681441364119644 -0.049049141585405347 0.0020178733666540091 -0.09901553137504579 0.019492240833783283 -0.003315968234416925 -0.067361572751924781 -0.074638722105210512 0.013480493033669126 -0.059811797638576095 -0.060390340311942355 0.030495877554610598 0.017440559438586686 0.020002048728804608 0.016594017180224553 0.0016415581929208397 0.025741594990678594 -0.079983762145379389 -0.0041750632679398983 -0.043408212363717676 0.013989488333109793 -0.066392822728980547 0.011692806954619016 -0.062349171731363312 0.008816591897722402 -0.0450755797622776 0.015110504778372391
leaf_weight=17.177805531937338 458.86085717659444 15.600508143841578 9.5376769197464473 3.2283551535510915 27.112407883971173 24.125510457124619 8.0211396574159135 21.483856298029423 40.02427796797565 11.991473067297191 12.985721982942776 37.510158277757 9.0877231612903397 6.572178881520812 149.4906729835202 23.837900617523701 107.62165690487018 94.224930605079862 161.95238889379834 6.7162128872005296 15.035042876435908 33.279650453245267 32.54894181108466 57.153943352481292 10.972177941999687 2212.5956270883253 28.827815471384383 926.11053990638175 37.787509594738367 95.841354398056865
leaf_count=7506 296 1652 312 36 1640 528 147 19 7190 132 313 102 669 171 67 419 88 142 410 5 104 98 11664 847 1351 43318 1349 5292 574 72
internal_value=0.0090793 0.00757553 -0.0128998 -0.00258678 0.00805553 0.0084848 -0.0254183 -0.0130768 0.00876162 0.000995382 0.00978724 -0.0169117 0.0102272 0.00137192 0.0240936 -0.00501621 0.00517204 -0.00038286 -0.00859984 -0.00442016 -0.047642 -0.0247916 -0.0216429 0.0025039 -0.0286649 0.00945788 0.00966406 0.00553354 -0.0131214 -0.00211729
internal_weight=4697.32 4238.46 96.4927 80.8922 4141.96 4060.09 32.1467 81.8759 4027.94 470.115 3557.83 57.0681 3500.76 44.0823 182.416 32.9256 397.542 289.92 195.695 183.704 21.7513 60.3921 72.5732 77.6638 20.5099 3318.34 3301.16 1088.57 162.457 133.629
internal_count=86513 86217 4198 2546 82019 80262 675 1757 79587 19735 59852 586 59266 273 1155 1088 881 793 651 519 109 1738 18854 2510 1663 58111 50605 7287 1995 646
is_linear=0
shrinkage=0.03


Tree=141
num_leaves=31
num_cat=0
split_feature=73 4 64 73 57 56 8 40 73 56 73 10 63 55 56 25 60 56 55 60 57 36 73 8 57 60 57 56 55 25
split_gain=128.899 80.923 86.1706 65.8214 56.5746 55.9582 82.16 95.8498 53.7474 52.5418 47.2931 96.3861 74.7114 68.038 66.0696 87.1196 40.5864 40.1819 52.1719 91.22 144.054 38.2264 37.3962 37.2677 41.2308 36.7604 35.9757 35.7118 88.8685 44.1159
threshold=0.89998500000000015 1.0000000180025095e-35 1.0000000180025095e-35 0.025455000000000002 3.5000000000000004 0.0051989228559195817 1.0000000180025095e-35 1.0000000180025095e-35 0.77983000000000013 0.004918669514921461 0.53825500000000015 1.0000000180025095e-35 1.0000000180025095e-35 0.051588093059875891 0.048022201973341977 1.0000000180025095e-35 6.5000000000000009 0.0067497694644379725 0.003866179080688759 1.5000000000000002 1.5000000000000002 1.0000000180025095e-35 0.012905000000000002 1.0000000180025095e-35 2.5000000000000004 1.5000000000000002 4.5000000000000009 0.0068988356286288468 0.0062067466550570329 1.0000000180025095e-35
decision_type=2 2 2 2 2 2 2 2 2 2 2 2 2 2 2 2 2 2 2 2 2 2 2 2 2 2 2 2 2 2
left_child=1 2 5 4 -3 6 9 8 -8 21 11 12 22 25 15 26 -6 18 -12 20 -20 -1 -7 -5 -25 -13 -14 29 -29 -24
right_child=-2 3 -4 23 16 10 7 -9 -10 -11 17 13 14 -15 -16 -17 -18 -19 19 -21 -22 -23 27 24 -26 -27 -28 28 -30 -31
leaf_value=0.011927001846412214 0.023068253712980442 0.0082122081048674484 -0.04971733106646048 0.024046848504937806 -0.033203182360092197 -0.029041985000745008 -0.03821930448870129 0.029089373166132599 0.00028519108123971289 -0.076916860321492656 0.020771619659157338 -0.074727648203004052 -0.063896946168454968 0.0082347789044717283 0.018785413622705392 0.01823602720254151 0.023759821848967706 0.01639507514350607 0.0051743316265375214 0.02553464514383132 -0.10749154079798993 -0.060773405085779678 0.017159540825394955 -0.0010983799797884318 0.020742382466338135 -0.0059777101196167503 -0.015808863482487594 -0.034909661828813464 0.0061483305758226444 -0.048027038436258045
leaf_weight=197.68483937475321 460.52752097090706 486.12957137257763 26.152054402373324 432.93559597351123 52.045852830255171 25.505212694413785 127.92271551988597 29.820029083086411 43.662020079791546 5.5280388801693325 44.673175066709518 28.064169352612225 44.307767872822296 21.5394990730274 31.505620412179269 23.132110317470506 13.512304007919736 510.62998784519732 21.37796700373292 23.072760485112667 18.405952822417021 5.7482399684668044 337.44348660903779 147.8496385638573 162.943294871744 9.462838166189611 21.449222987575922 48.500118247226055 1148.9425069863646 8.6678469212638429
leaf_count=8540 298 16428 685 365 2553 22521 15058 175 55 672 31 2953 1176 83 26 41 48 376 27 8 108 212 4910 930 223 132 212 1352 5738 336
internal_value=0.00803504 0.00634067 0.00347283 0.012539 0.0046752 0.00399145 -0.00622458 -0.0198516 -0.0284764 0.00694169 0.00576472 0.00323951 0.00456471 -0.0341094 -0.0181163 -0.0312591 -0.0212819 0.0128907 -0.00374818 -0.0212272 -0.0483079 0.00958554 0.00631546 0.0183582 0.0103822 -0.0579967 -0.0486829 0.00691812 0.00445761 0.0153934
internal_weight=4559.14 4098.61 2803.2 1295.42 551.688 2777.05 410.366 201.405 171.585 208.961 2366.68 1748.52 1689.45 59.0665 120.395 88.8891 65.5582 618.16 107.53 62.8567 39.7839 203.433 1569.06 743.729 310.793 37.527 65.757 1543.55 1197.44 346.111
internal_count=86272 85974 65427 20547 19029 64742 24712 15288 15113 9424 40030 39480 36312 3168 1455 1429 2601 550 174 143 135 8752 34857 1518 1153 3085 1388 12336 7090 5246
is_linear=0
shrinkage=0.03


Tree=142
num_leaves=31
num_cat=0
split_feature=73 60 55 30 73 73 35 4 27 8 73 19 73 73 47 9 73 6 55 55 0 9 22 73 58 58 0 73 73 55
split_gain=117.545 52.4913 49.6484 45.8413 42.01 41.4828 38.4523 40.7962 55.0366 41.1613 56.324 40.5308 38.7677 38.7468 82.157 55.8045 49.2853 99.6598 65.1266 74.2454 107.836 51.5163 56.9164 39.7404 38.0234 36.4172 32.7299 54.5046 44.8468 52.8138
threshold=0.66771000000000014 1.5000000000000002 0.0028543105875636922 1.0000000180025095e-35 0.0036250000000000002 0.025995000000000001 1.0000000180025095e-35 1.0000000180025095e-35 1.0000000180025095e-35 1.0000000180025095e-35 0.16886000000000004 1.0000000180025095e-35 0.104785 0.027165000000000005 1.0000000180025095e-35 1.0000000180025095e-35 0.104785 1.0000000180025095e-35 0.0066168109075340131 0.0066746296630805562 7.9500000000000011 1.0000000180025095e-35 1.0000000180025095e-35 0.011185000000000002 1.0000000180025095e-35 1.0000000180025095e-35 9.0500000000000025 0.043455000000000008 0.060315000000000007 0.10679836295196168
decision_type=2 2 2 2 2 2 2 2 2 2 2 2 2 2 2 2 2 2 2 2 2 2 2 2 2 2 2 2 2 2
left_child=1 3 -3 4 -1 -4 7 8 13 -9 12 -8 -11 15 16 23 17 -15 -19 -20 21 22 -21 -6 -2 -5 -22 -28 -29 -30
right_child=24 2 5 25 6 -7 11 9 -10 10 -12 -13 -14 14 -16 -17 -18 18 19 20 26 -23 -24 -25 -26 -27 27 28 29 -31
leaf_value=-0.029608381485784624 0.009512820635740233 -0.041798230491604541 0.0018085965576290892 -0.0067129203164204773 -0.028410200715802848 0.017387292284539786 -0.064840144387829826 0.014866595090573691 -0.058494734440089929 -0.0092815544474102642 0.017669159457450727 0.026542623617234758 -0.068470673546073807 -0.063449598538855678 -0.074446921549171749 -0.032415226945601387 0.0056070650899290395 -0.03912092763462402 0.044077736077099146 -0.062356207186382205 0.014590203426600544 0.0048584748678049241 0.021018705676877816 0.0179284466253769 0.021185487777364644 -0.057500205754088714 -0.05321831177440961 0.015871228400790582 -0.055214545588335891 0.026903817726756277
leaf_weight=30.965678246000607 384.19962920993567 13.907672958324836 204.60056050120329 44.493768385662406 16.736029649197008 622.03423479635967 12.889437360354352 595.55623610581097 12.093604460918867 95.882937620815937 79.445089037413709 5.7072803086484774 10.185426288808229 25.042013609818241 11.863982857554218 22.59355303198754 941.24556871708774 39.510667340440705 31.752362210128922 46.499580919182335 156.60830322027323 21.405118767826934 8.2151824228058086 306.02073493781427 739.01094716833904 16.970794134344032 17.765841577667743 68.482907650060952 19.705105452274438 9.9421683400869387
leaf_count=12142 428 3468 4484 1142 19534 699 959 4121 1288 4664 76 21 103 423 153 11468 1970 2874 32 760 420 107 19 13012 487 872 469 148 180 2
internal_value=0.00876738 0.00604629 0.0125741 0.00396991 0.00458168 0.0135383 0.00500745 0.0053289 0.00278813 0.0110285 -0.00130661 -0.0368717 -0.0155517 0.00324653 0.00102032 0.0122296 0.00171944 -0.00649896 -0.00295975 0.000889135 -0.00315926 -0.0344833 -0.0496853 0.0154453 0.0172048 -0.0214317 0.00568471 -0.006371 0.0025617 -0.027697
internal_weight=4611.33 3488.12 840.542 2647.58 2586.11 826.635 2555.15 2536.55 1755.48 781.07 185.513 18.5967 106.068 1743.39 1398.04 345.35 1386.17 444.929 419.887 380.377 348.624 76.1199 54.7148 322.757 1123.21 61.4646 272.504 115.896 98.1302 29.6473
internal_count=86525 85610 8651 76959 74945 5183 62803 61823 52859 8964 4843 980 4767 51571 7557 44014 7404 5434 5011 2137 2105 886 779 32546 915 2014 1219 799 330 182
is_linear=0
shrinkage=0.03


Tree=143
num_leaves=31
num_cat=0
split_feature=73 56 70 73 8 22 55 56 56 55 55 0 73 14 4 55 65 55 25 65 49 2 72 73 20 65 65 8 73 56
split_gain=136.648 81.6273 59.2727 50.5657 65.7122 70.7645 61.1068 47.872 148.518 66.9983 50.8853 119.55 46.1941 44.7297 41.7719 38.3405 36.2774 50.9743 49.4774 34.5486 34.3134 36.1756 80.125 41.8127 85.6623 39.6257 85.2934 39.287 42.589 37.6809
threshold=0.89998500000000015 0.023561139330300889 1.0000000180025095e-35 0.025995000000000001 1.0000000180025095e-35 1.0000000180025095e-35 0.030810663257538635 0.0039470903806293018 0.0045438300097667772 0.06386747763884322 0.030810663257538635 6.5500000000000007 0.011275000000000002 1.0000000180025095e-35 1.0000000180025095e-35 0.028776686551824315 425.50000000000006 0.031781826281211616 1.0000000180025095e-35 308.50000000000006 1.0000000180025095e-35 1.0000000180025095e-35 1.0000000180025095e-35 0.060315000000000007 1.0000000180025095e-35 751.50000000000011 383.50000000000006 1.0000000180025095e-35 0.32766500000000004 0.0093449173492394354
decision_type=2 2 2 2 2 2 2 2 2 2 2 2 2 2 2 2 2 2 2 2 2 2 2 2 2 2 2 2 2 2
left_child=1 2 7 4 6 -6 -3 13 -9 10 12 -12 15 16 -5 -10 17 -1 -18 -19 21 23 25 24 -14 26 -23 -28 -29 -24
right_child=-2 3 -4 14 5 -7 -8 8 9 -11 11 -13 20 -15 -16 -17 18 19 -20 -21 -22 22 29 -25 -26 -27 27 28 -30 -31
leaf_value=0.01362831780986906 0.022519300664107688 0.01893560010092863 -0.05476775308625878 0.0092885024939276736 -0.027033153012662636 0.028564441066244874 -0.018613935957843674 -0.062753962708162012 -0.035668809940838729 0.02430598973757344 0.013215745103078491 -0.065006662330673357 -0.051530874476831572 -0.047243040858977188 0.02121841467224719 0.016696116882957787 -0.034014829709333283 -0.058072987587077081 0.022539828747253111 0.016571654171810737 0.027300055841028965 0.0012657989939047877 -0.053990338302319002 0.018551060581443374 0.020557385189486587 0.016768065977563616 -0.064391832050173611 -0.0450913273620107 -0.0024751972563701761 0.0055407899639262634
leaf_weight=542.37863154677325 445.9498187401332 161.16111481508415 16.00955724225787 1040.3050642944872 110.07203613140155 24.43284075736301 50.479644420498516 33.820688478892407 54.360039304217935 93.924114469846245 34.003401041940378 34.803572977034491 25.189515261008637 11.801080590706986 354.85572585649788 15.631833136751082 36.305504779236799 14.407750494166978 21.345277105239802 8.176679657539351 42.060037139366614 655.12919769640575 37.319016295241454 164.48059192288201 33.338187147222925 104.47871956595918 19.942075969440339 32.647454275764176 56.956800997257233 12.521771813975645
leaf_count=17819 306 844 704 1064 2955 53 472 4669 29292 249 440 831 931 3765 238 279 3801 759 407 96 207 11913 533 163 261 779 816 1793 97 17
internal_value=0.00681773 0.00498998 0.00100813 0.00979109 -0.000471771 -0.0167976 0.00993403 0.00146244 -0.00154443 -4.00401e-05 -0.00178568 -0.0267147 -0.000397686 0.00832935 0.0123359 -0.0239033 0.00945674 0.0117722 -0.0130481 -0.0314912 0.00101077 1.94926e-05 -0.00261294 0.0108307 -0.0108129 -0.000471135 -0.00284537 -0.0272208 -0.0183288 -0.0392192
internal_weight=4288.29 3842.34 2101.03 1741.31 346.146 134.505 211.641 2085.02 1450.61 1416.79 1322.86 68.807 1254.06 634.415 1395.16 69.9919 622.614 564.963 57.6508 22.5844 1184.06 1142 918.995 223.008 58.5277 869.154 764.676 109.546 89.6043 49.8408
internal_count=86553 86247 80621 5626 4324 3008 1316 79917 53270 48601 48352 1271 47081 26647 1302 29571 22882 18674 4208 855 17510 17303 15948 1355 1192 15398 14619 2706 1890 550
is_linear=0
shrinkage=0.03


Tree=144
num_leaves=31
num_cat=0
split_feature=73 73 2 73 57 55 73 65 55 27 11 65 11 57 55 73 72 36 55 65 55 62 65 73 65 73 71 73 65 55
split_gain=118.386 50.5029 48.4052 52.7113 86.7696 46.9949 66.2038 45.8261 45.1324 41.8806 40.1008 52.6373 40.0279 80.8728 53.2947 47.8074 112.056 41.8141 44.6812 39.8692 69.9663 54.2398 42.4022 78.2227 39.2808 33.4769 32.6171 85.2213 85.2629 47.9049
threshold=0.89998500000000015 0.0051650000000000003 1.0000000180025095e-35 0.022145000000000001 2.5000000000000004 0.028894404390139527 0.010895000000000002 160.50000000000003 0.06386747763884322 1.0000000180025095e-35 1.0000000180025095e-35 440.50000000000006 1.0000000180025095e-35 14.500000000000002 0.0042368965548965987 0.14175000000000001 1.0000000180025095e-35 1.0000000180025095e-35 0.015259018883957556 62.500000000000007 0.030649897275830201 1.0000000180025095e-35 231.50000000000003 0.048815000000000004 150.50000000000003 0.021455000000000005 1.0000000180025095e-35 0.77983000000000013 356.50000000000006 0.029395112010871392
decision_type=2 2 2 2 2 2 2 2 2 2 2 2 2 2 2 2 2 2 2 2 2 2 2 2 2 2 2 2 2 2
left_child=1 7 3 4 5 -3 -7 24 9 12 11 -5 14 17 -4 16 19 26 -19 -16 22 -22 23 -21 -1 -24 29 28 -28 -14
right_child=-2 2 8 10 -6 6 -8 -9 -10 -11 -12 -13 13 -15 15 -17 -18 18 -20 20 21 -23 25 -25 -26 -27 27 -29 -30 -31
leaf_value=-0.033270265909818672 0.023157839029787946 0.018696007340911334 -0.046724721451056821 0.010843495005646939 -0.025368456575342691 -0.044957943743197892 0.010909081493250206 -0.032720962995478449 0.018435253153821163 -0.041189174849754415 0.02233200151370723 -0.052968392246281616 0.0066698792327805484 -0.068488775320807008 0.026619487052522053 0.018822271721758915 -0.10352821640037556 -0.058265728152870233 0.00075392986863369077 -0.055592379664859852 -0.06437355008690207 0.023010985818638849 -0.03042947524920608 0.007751360553282482 0.028363337652076936 0.020078849213083224 -0.067855051616206419 0.015682426448096979 -0.0029831546625090884 -0.007418090227852019
leaf_weight=12.660873278313373 440.31606735475361 195.36799573284225 13.464735856374316 291.40322243774426 75.552625679250923 27.907691499567591 55.394145289377775 53.775619022431783 213.43525819934439 17.247348791715922 475.96669974128599 11.13459893206891 1410.9891101039193 13.500254619786572 66.719639716022357 378.45252353028627 7.6136431084669303 19.707234155313927 26.03277363779489 23.672073377267225 22.478989623152302 8.1935609042266169 12.014023868003276 60.076028792595025 28.404306177326362 139.21039756526443 32.493002385439468 59.062827313318849 40.236743724846747 255.87302136761718
leaf_count=4512 295 3349 4858 1127 2122 1186 412 17408 417 1274 536 328 33043 255 312 333 240 1094 88 4361 586 40 4248 117 830 489 461 44 154 1985
internal_value=0.00840005 0.00678948 0.00730962 0.0125466 0.00294141 0.01068 -0.00811871 -0.0147412 0.00520271 0.00411272 0.0169076 0.0083282 0.0044302 0.00208688 0.0103677 0.0115012 0.00332024 0.0026403 -0.0253774 0.00607109 0.000829655 -0.041041 0.00644607 -0.010598 0.00902179 0.0158927 0.0033665 -0.0109476 -0.0324928 0.00450414
internal_weight=4488.36 4048.04 3953.2 1132.73 354.222 278.67 83.3018 94.8408 2820.47 2607.04 778.505 302.538 2589.79 1857.89 731.896 718.431 339.978 1844.39 45.74 332.365 265.645 30.6726 234.973 83.7481 41.0652 151.224 1798.65 131.793 72.7297 1666.86
internal_count=86504 86209 63459 9060 7069 4947 1598 22750 54399 53982 1991 1455 52708 37124 15584 10726 10393 36869 1182 10153 9841 626 9215 4478 5342 4737 35687 659 615 35028
is_linear=0
shrinkage=0.03


Tree=145
num_leaves=31
num_cat=0
split_feature=60 27 57 58 57 62 24 57 55 65 56 56 65 55 65 65 57 58 62 65 65 56 72 55 54 55 58 55 55 65
split_gain=43.1822 44.3927 43.2912 41.6322 61.5391 45.402 50.0954 44.375 59.311 72.678 50.9944 38.2055 38.1113 35.781 33.4231 59.9266 74.2735 64.0659 53.7296 40.3985 31.0416 29.6585 27.63 27.4383 25.9343 25.0467 25.0213 24.391 27.4517 41.2559
threshold=1.5000000000000002 1.0000000180025095e-35 1.5000000000000002 2.5000000000000004 22.500000000000004 1.0000000180025095e-35 1.0000000180025095e-35 6.5000000000000009 0.0046575976997566331 205.50000000000003 0.0072401483730347776 0.011338004811851243 114.50000000000001 0.061506534462757854 74.500000000000014 257.50000000000006 5.5000000000000009 1.5000000000000002 1.0000000180025095e-35 251.50000000000003 407.50000000000006 0.00078054427200581185 1.0000000180025095e-35 0.0062472032940587771 1.0000000180025095e-35 0.005786946757218134 1.0000000180025095e-35 0.06386747763884322 0.031781826281211616 55.500000000000007
decision_type=2 2 2 2 2 2 2 2 2 2 2 2 2 2 2 2 2 2 2 2 2 2 2 2 2 2 2 2 2 2
left_child=1 3 -3 4 5 6 21 8 12 10 -10 -8 -7 23 -2 16 18 19 22 -18 -9 -1 -16 25 -14 -11 -12 28 -23 -30
right_child=14 2 -4 -5 -6 7 11 20 9 13 26 -13 24 -15 15 -17 17 -19 -20 -21 -22 27 -24 -25 -26 -27 -28 -29 29 -31
leaf_value=-0.036702960687308495 0.030189547440073985 -0.0030361013631081566 -0.073001370274166255 0.019008663618354651 -0.073815608521215839 -0.067834932130245981 -0.056347775421555654 0.02090413976767316 -0.052283385429690875 -0.056834356027314674 0.025073013559756958 -0.0032225085049103351 0.014567685533833977 0.01241580097768331 0.01102055736915725 0.018034475188424205 -0.082842308584881424 0.016057854048902705 -0.080783801171149985 0.016588079376025987 -0.035376799348184357 0.0091388247382003518 -0.028796633042403839 -0.061535387864216924 -0.042711178058182628 0.010411044618458156 -0.0092982958205497356 0.019079270354564991 -0.038006710803145986 0.0029177569644681925
leaf_weight=12.070792043094114 102.508701650906 24.346963035837689 10.892409180334651 253.42681899078889 7.5917796398498458 4.829333040805067 16.893080772602843 81.243091529409867 14.178257658870278 7.5104487104035824 37.215001943412062 38.596945701872755 106.72973815939986 9.1637456142343563 281.89716518469504 575.36732472007861 19.747980378473589 12.678520949382799 5.1511207870789795 4.1065628115902646 8.967425676462879 2249.8311744711718 15.660602724063208 47.795354573783698 6.6581216355407369 11.428871849879213 37.244638538664731 187.87487598275766 22.688100148297963 344.91147786276997
leaf_count=3056 110 1669 1265 662 124 1782 6759 654 3486 1231 547 315 5005 42 4011 3825 609 28 181 20 275 41012 44 4115 1590 596 1307 369 244 1690
internal_value=0.00854381 0.00697573 -0.0260799 0.00731524 0.00639882 0.00660911 0.00788727 -0.00323105 -0.00907443 -0.0206707 -0.00213097 -0.0201069 0.00710345 -0.0420131 0.0139924 0.012146 0.00213539 -0.0376856 0.00704953 -0.0657466 0.014983 0.00844557 0.00883553 -0.04956 0.0108603 -0.0177683 0.00798513 0.00865284 0.00789745 0.000295656
internal_weight=4559.21 3542.09 35.2394 3506.85 3253.42 3245.83 2872.87 372.964 282.754 164.536 88.6379 55.49 118.217 75.8984 1017.12 914.609 339.242 36.5331 302.709 23.8545 90.2105 2817.38 297.558 66.7347 113.388 18.9393 74.4596 2805.31 2617.43 367.6
internal_count=86623 77795 2934 74861 74199 74075 53445 20630 19701 11324 5340 7074 8377 5984 8828 8718 4893 657 4236 629 929 46371 4055 5942 6595 1827 1854 43315 42946 1934
is_linear=0
shrinkage=0.03


Tree=146
num_leaves=31
num_cat=0
split_feature=73 36 56 2 72 73 11 73 55 73 65 73 56 11 57 23 65 73 57 55 59 65 73 65 14 59 65 55 65 55
split_gain=114.119 75.2705 49.018 45.8497 67.9501 100.86 63.9656 84.9664 68.3914 55.3191 52.8962 51.314 49.2253 47.7182 101.009 78.0931 55.9709 75.6892 68.6967 58.0351 48.5093 72.6915 45.625 44.947 64.6826 42.8419 41.6676 40.4673 53.6998 81.1236
threshold=0.89998500000000015 1.0000000180025095e-35 0.049807384346336886 1.0000000180025095e-35 1.0000000180025095e-35 0.16886000000000004 1.0000000180025095e-35 0.028455000000000005 0.030810663257538635 0.022145000000000001 413.50000000000006 0.77983000000000013 0.0063291234767716645 1.0000000180025095e-35 7.5000000000000009 1.0000000180025095e-35 751.50000000000011 0.025995000000000001 3.5000000000000004 0.014255165993021049 1.0000000180025095e-35 323.50000000000006 0.42477500000000007 580.50000000000011 1.0000000180025095e-35 1.0000000180025095e-35 407.50000000000006 0.057612852812660494 348.50000000000006 0.036496636214826468
decision_type=2 2 2 2 2 2 2 2 2 2 2 2 2 2 2 2 2 2 2 2 2 2 2 2 2 2 2 2 2 2
left_child=1 3 -3 6 13 -6 7 10 12 26 -1 -10 22 15 16 -5 17 18 -15 -18 21 -17 -9 27 -25 -16 -8 28 29 -19
right_child=-2 2 -4 4 5 -7 9 8 11 -11 -12 -13 -14 14 25 20 19 23 -20 -21 -22 -23 -24 24 -26 -27 -28 -29 -30 -31
leaf_value=-0.041359832666234039 0.021768324447954995 -0.057689343185999463 0.012592567425663176 0.016805765252530469 -0.073538365944753242 -0.0047753021218045659 0.0090968984794029834 -0.047570156809563925 -0.076138295515754476 0.022116823215045996 0.022294771941479333 0.026142635183458496 0.018548578065728617 -0.035274886725604714 -0.075045325305691829 -0.055876702064063505 0.021136941137393575 -0.00071228723245943466 0.016104043285860258 -0.071878599922127612 0.0077854435582871834 0.0056193690352921441 0.011133045758947271 -0.053944435853052544 0.023266876116654272 -0.01904593289912003 -0.035869953803698618 0.016778990067882308 0.011357878377542801 -0.062176636145442894
leaf_weight=58.722440276680572 425.8208641204983 26.748601090694137 12.712543517351149 532.87455624168797 22.876473988286307 98.805625546025112 406.39756498119823 20.781344270755653 13.412312133135858 457.09086736949394 13.945546672410272 5.765328884124755 193.52616751880851 86.158285954126768 16.985404742328683 34.77341852565587 194.41452684852993 777.89157390905166 31.354610456757655 5.2706417496083295 82.852396305705042 33.176656026178534 25.646866131573915 26.805032754258718 14.338813132286303 42.259945353569492 18.457811019361543 199.98901862889761 387.79969326521677 18.819163153500995
leaf_count=5549 311 1272 12 5697 533 217 12106 522 193 533 1058 2 204 27963 378 9052 1692 4295 2341 158 3965 2491 30 285 18 771 3141 175 1250 90
internal_value=0.00704624 0.00541721 -0.0352961 0.00584678 0.00360236 -0.0181969 0.0106614 -0.000566903 0.00748942 0.0148816 -0.0290072 -0.0456181 0.0119056 0.00467636 0.00211351 0.0114187 0.00343179 0.00149256 -0.0215458 0.0183359 -0.00760212 -0.0262052 -0.0155916 0.00340534 -0.0271224 -0.0360799 0.00706367 0.00433147 0.00221749 -0.00224026
internal_weight=4286.47 3860.65 39.4611 3821.19 2607.45 121.682 1213.75 331.8 259.132 881.946 72.668 19.1776 239.954 2485.76 1802.09 683.677 1742.84 1543.16 117.513 199.685 150.802 67.9501 46.4282 1425.64 41.1438 59.2454 424.855 1384.5 1184.51 796.711
internal_count=86304 85993 1284 84709 61371 750 23338 7558 951 15780 6607 195 756 60621 39416 21205 38267 36417 30304 1850 15508 11543 552 6113 303 1149 15247 5810 5635 4385
is_linear=0
shrinkage=0.03


Tree=147
num_leaves=31
num_cat=0
split_feature=60 65 58 55 9 65 65 18 11 58 64 11 55 56 65 55 55 56 55 55 55 70 71 56 10 56 65 60 63 56
split_gain=48.8511 93.0231 70.2516 72.6642 65.5864 57.1263 78.1224 86.1539 76.9546 50.7618 55.0463 40.8374 39.7831 51.0398 38.5185 33.5897 32.2672 31.0215 30.5636 49.6975 33.4483 30.6808 34.7881 30.254 53.9737 28.2654 27.682 27.4083 44.6061 104.365
threshold=1.0000000180025095e-35 94.500000000000014 2.5000000000000004 0.0010735629434673237 1.0000000180025095e-35 215.50000000000003 368.50000000000006 1.0000000180025095e-35 1.0000000180025095e-35 1.0000000180025095e-35 1.0000000180025095e-35 1.0000000180025095e-35 0.021765767382888639 0.037227276579386147 358.50000000000006 0.0078429521481543762 0.000661284296626267 0.043552575160501622 0.0029021728080734686 0.0022228184774181607 0.0035825669712940523 1.0000000180025095e-35 1.0000000180025095e-35 0.011975709061230659 1.0000000180025095e-35 0.024051509200471031 298.50000000000006 1.5000000000000002 1.0000000180025095e-35 0.0414396605349414
decision_type=2 2 2 2 2 2 2 2 2 2 2 2 2 2 2 2 2 2 2 2 2 2 2 2 2 2 2 2 2 2
left_child=1 -1 3 16 5 15 7 26 25 10 18 -8 -6 -14 -12 -5 -3 -16 19 -2 -20 27 -23 24 -11 -9 -7 28 -22 -30
right_child=9 2 -4 4 12 6 11 8 -10 23 14 -13 13 -15 17 -17 -18 -19 20 -21 21 22 -24 -25 -26 -27 -28 -29 29 -31
leaf_value=-0.0571661116076757 -0.00021735579217940142 -0.043807023821068797 0.019848027526804746 -0.00040597191074037074 -0.045101985221575824 0.0097195079983627107 -0.065652020267587263 -0.061233025208797427 -0.070683445206362966 0.010993196094432379 -0.057226192668284916 0.007342718556539115 0.013624677091975934 -0.089960943704370008 -0.0466640269323478 0.021606583367884995 0.029691341474131775 0.012662552554371509 0.025685699022497135 -0.05913977311290354 0.0061077510595577804 -0.087287983574931158 0.0080911020100811783 0.020474500690953176 -0.060835889374485155 0.013864129025032937 -0.049341804959054353 0.012684278618369372 -0.08747220329302767 0.011461173877637598
leaf_weight=23.210079171554753 88.514278500679211 4.9083502958892486 167.28754656010278 148.56744760698348 53.529634223727044 45.712121680433484 6.2505808142705055 4.9120535775000489 48.413465068173537 495.444991334105 18.333210993427201 141.98518325735859 26.805229148958464 4.0608901331142979 10.192469928864737 106.51054262069374 76.13605190501039 26.306496715871617 90.310267034030403 14.078917042796091 1543.408958181768 5.6002406236948428 6.8701905254274607 435.3937142699433 8.6157999477436515 18.081239285646006 7.4315869102429124 633.39610310357239 14.352339483273679 25.074786128010601
leaf_count=3391 11442 1206 508 11513 8670 2643 1682 824 2698 3931 441 3204 235 66 929 641 989 51 1166 2610 21248 162 10 699 280 58 1020 3964 244 30
internal_value=0.00711924 0.000831477 0.0024602 -0.00175786 -0.0053027 -0.00135402 -0.0108782 -0.0282929 -0.0495835 0.00874536 0.00648835 0.00384549 -0.0296952 -0.00239895 -0.0229775 0.00883409 0.0247603 -0.00470722 0.00716475 -0.00879614 0.00787435 0.00714141 -0.0380421 0.0146817 0.00964742 -0.00406231 0.000701635 0.0074127 0.00529651 -0.0258256
internal_weight=4299.69 883.802 860.592 693.304 612.26 527.864 272.786 124.55 71.4068 3415.89 2476.44 148.236 84.3958 30.8661 54.8322 255.078 81.0444 36.499 2421.61 102.593 2319.01 2228.7 12.4704 939.455 504.061 22.9933 53.1437 2216.23 1582.84 39.4271
internal_count=86555 39348 35957 35449 33254 24283 12129 7243 3580 47207 42297 4886 8971 301 1421 12154 2195 980 40876 14052 26824 25658 172 4910 4211 882 3663 25486 21522 274
is_linear=0
shrinkage=0.03


Tree=148
num_leaves=31
num_cat=0
split_feature=71 60 72 57 56 67 13 40 55 55 55 56 24 55 55 20 65 0 37 56 56 55 57 56 56 6 15 55 65 65
split_gain=50.4604 36.7542 72.4091 57.2865 45.6954 35.4415 45.8986 35.3373 33.3832 37.2867 77.1423 62.434 58.6459 43.8853 93.2845 80.8614 47.6142 94.4876 43.5829 41.572 43.2889 61.9975 50.5058 69.2578 67.2094 51.1469 39.5392 56.1392 61.537 38.1061
threshold=1.0000000180025095e-35 1.5000000000000002 1.0000000180025095e-35 11.500000000000002 0.0048839834471266904 1.0000000180025095e-35 1.0000000180025095e-35 1.0000000180025095e-35 0.06386747763884322 0.016299180440167958 0.02035367420542971 0.0030578462405835565 1.0000000180025095e-35 0.0066168109075340131 0.0060364811750502406 1.0000000180025095e-35 350.50000000000006 8.7500000000000018 1.0000000180025095e-35 0.0035825669712940523 0.13862626742538772 0.026136412670283479 2.5000000000000004 0.10483687077254721 0.0088004231848067046 1.0000000180025095e-35 1.0000000180025095e-35 0.057612852812660494 58.500000000000007 875.50000000000011
decision_type=2 2 2 2 2 2 2 2 2 2 2 2 2 2 2 2 2 2 2 2 2 2 2 2 2 2 2 2 2 2
left_child=1 3 4 7 5 6 -3 8 9 12 18 -12 13 14 15 16 -1 -18 -11 -13 21 -21 23 24 -23 -26 27 28 -27 -14
right_child=-2 2 -4 -5 -6 -7 -8 -9 -10 10 11 19 29 -15 -16 -17 17 -19 -20 20 -22 22 -24 -25 25 26 -28 -29 -30 -31
leaf_value=0.012015179004166661 0.015606202521516434 0.019645132032437573 -0.046606621786705292 -0.040753258136550702 0.015497177085830245 0.02106844108433796 -0.050632756439392725 0.023371594482048862 0.016941028084400286 -0.052081668009174777 -0.048536795154574305 0.024775266470462669 -0.059160078537588034 0.011950840366525767 -0.037482443563803043 -0.033814842077430317 -0.054222903205236761 0.0051110778111531207 0.025125754698114879 0.014253492455967222 0.013667099098406211 -0.048068227137883654 0.0061606136914227711 -0.11561452485879289 -0.047555985228193584 0.0034463949803951251 0.00054233230960964074 0.017518802935773573 -0.093904805651528062 0.021827987050836613
leaf_weight=494.08686194020993 661.59434754262475 11.507597833515318 17.465036511886865 23.413926109180466 748.11051621289516 18.160861083713826 25.822849004696764 94.348179921158589 188.6448636331188 36.916514235315844 21.253579149808502 67.610005066992017 18.519318123140696 867.91472430630165 49.250474824722914 44.410799230481643 29.784191234764876 111.53355160004867 7.3307501565432167 144.0866861178074 175.52076547575416 41.018676339801459 157.29570380359655 4.9764883083407758 25.36266476160381 9.0914569670567307 246.26507183835201 12.82086785440333 15.01995192052709 6.5431201855972168
leaf_count=15444 1602 592 66 579 4893 80 2961 772 489 1077 2448 232 9797 17129 4481 12345 3928 2571 25 918 318 1494 545 61 209 39 841 37 369 102
internal_value=0.00797601 0.006613 0.0122129 0.00502003 0.0135476 -0.0125455 -0.0290214 0.00540758 0.00478867 0.00389618 -0.000774454 0.00110455 0.0066724 0.00739665 0.00196619 0.00487497 0.00762804 -0.00768731 -0.0390176 0.00233068 0.000478026 -0.00306664 -0.00796056 -0.014225 -0.012456 -0.00758189 -0.00384714 -0.0323589 -0.0585221 -0.03799
internal_weight=4375.68 3714.09 821.067 2893.02 803.602 55.4913 37.3304 2869.61 2775.26 2586.61 964.569 920.322 1622.04 1596.98 729.066 679.815 635.405 141.318 44.2473 899.068 831.458 655.938 511.851 354.555 349.579 308.56 283.197 36.9323 24.1114 25.0624
internal_count=86444 84842 8592 76250 8526 3633 3553 75671 74899 74410 8613 7511 65797 55898 38769 34288 21943 6499 1102 5063 4831 4513 3595 3050 2989 1495 1286 445 408 9899
is_linear=0
shrinkage=0.03


Tree=149
num_leaves=31
num_cat=0
split_feature=73 62 66 73 56 56 73 2 11 73 65 27 65 65 57 15 65 56 65 65 65 65 73 57 73 56 59 73 58 46
split_gain=103.245 43.8057 86.4409 68.4703 49.4028 45.9503 37.3635 34.5293 58.982 58.0427 52.0098 49.4879 46.0365 38.4423 37.8236 60.707 37.0031 36.8753 34.7681 73.9798 57.0227 52.1692 41.3796 36.027 83.7788 35.9574 36.591 33.9701 33.3089 32.7549
threshold=0.89998500000000015 1.0000000180025095e-35 1.0000000180025095e-35 0.53825500000000015 0.0068988356286288468 0.0048172015739119875 0.055750000000000001 1.0000000180025095e-35 1.0000000180025095e-35 0.025455000000000002 48.500000000000007 1.0000000180025095e-35 398.50000000000006 440.50000000000006 7.5000000000000009 1.0000000180025095e-35 97.500000000000014 0.0072401483730347776 751.50000000000011 476.50000000000006 548.50000000000011 401.50000000000006 0.015445000000000002 1.5000000000000002 0.77983000000000013 0.0068179619555235353 1.0000000180025095e-35 0.010425000000000002 1.0000000180025095e-35 1.0000000180025095e-35
decision_type=2 2 2 2 2 2 2 2 2 2 2 2 2 2 2 2 2 2 2 2 2 2 2 2 2 2 2 2 2 2
left_child=1 7 4 -4 5 -3 -6 8 13 12 -9 14 16 27 18 -16 -10 -17 19 21 -21 22 -12 -20 -25 -22 -27 -1 -18 -7
right_child=-2 2 3 -5 6 29 -8 10 9 -11 11 -13 -14 -15 15 17 28 -19 23 20 25 -23 -24 24 -26 26 -28 -29 -30 -31
leaf_value=-0.035003775135413383 0.021519394111551089 0.00098387150271647943 -0.055257563827663322 -0.0043612364548382748 -0.0263444571213718 -0.05286091306438221 0.015251994069021609 -0.086491272008442532 -0.01768013612787776 0.023446369836892564 -0.029585779558838093 -0.045543859916822277 -0.036914505482580927 -0.051724239094869583 -0.065027971622279995 -0.053079193594037649 0.014259496667393845 0.0055909132300853634 0.022598649801668924 -0.061574871430898556 -0.04599867243255517 0.020821187451364836 0.0050828179728331429 -0.068152438314446895 0.02468094611836847 0.0083553650863605125 -0.065645129009341677 0.0048246539395532754 -0.039838982357448954 0.020639758944723707
leaf_weight=19.623274510464398 404.83671911805868 71.608817020796778 44.402871261663677 50.363787341862917 20.478863345037098 29.825372373616119 211.91443028784124 4.631749473141098 39.272707091338816 400.14905471511884 30.626928233203216 16.438355486410728 19.108162802323932 11.351288703568569 15.75104325795837 10.130437777814221 347.05795104999561 71.157857113837963 184.86732939849753 21.678974617781932 16.908558617913513 194.58673455510143 1566.4993849958701 12.958085549122186 22.528758484870195 64.657584413820587 5.6206976767134611 294.12773460510653 9.6120198683056497 6.0658817701623766
leaf_count=2677 306 7391 2442 84 5182 6625 303 173 1033 410 24334 1013 2730 1062 589 239 9162 287 1390 1551 1717 2176 9254 510 9 554 221 2187 805 49
internal_value=0.00713156 0.00559912 -0.00335932 -0.0285367 0.00372357 -0.0130155 0.0114893 0.00675204 0.0110003 0.0153045 0.00458453 0.00481193 0.00741748 0.000193607 0.00520549 -0.0130218 0.00964455 -0.00227695 0.00604519 0.0047317 -0.0191711 0.00619394 0.00439991 0.0173016 -0.0101561 -0.00804874 0.00159904 0.00223032 0.0126943 -0.040216
internal_weight=4218.84 3814 434.66 94.7667 339.893 107.5 232.393 3379.34 1140.3 815.2 2239.04 2234.41 415.051 325.102 2217.97 97.0393 395.943 81.2883 2120.93 1900.58 108.866 1791.71 1597.13 220.354 35.4868 87.1868 70.2783 313.751 356.67 35.8913
internal_count=86465 86159 22076 2526 19550 14065 5485 64083 20066 14140 44017 43844 13730 5926 42831 1115 11000 526 41716 39807 4043 35764 33588 1909 519 2492 775 4864 9967 6674
is_linear=0
shrinkage=0.03


Tree=150
num_leaves=31
num_cat=0
split_feature=71 56 24 57 65 14 7 58 42 65 59 56 2 56 65 65 56 65 67 65 32 57 11 56 57 70 65 65 57 2
split_gain=53.3499 35.7546 35.9724 60.8557 53.3225 35.6995 35.5751 35.191 37.2091 63.5248 32.066 71.5536 70.5516 55.5581 46.1557 33.2856 84.7989 52.3296 68.2659 38.962 46.4906 45.3055 40.7107 38.0638 30.7189 29.8181 29.4478 30.6824 29.4158 28.9891
threshold=1.0000000180025095e-35 0.044512489803421006 1.0000000180025095e-35 11.500000000000002 270.50000000000006 1.0000000180025095e-35 1.0000000180025095e-35 1.5000000000000002 1.0000000180025095e-35 912.50000000000011 1.0000000180025095e-35 0.0039470903806293018 1.0000000180025095e-35 0.015672130700583192 341.50000000000006 401.50000000000006 0.002155962769067302 323.50000000000006 1.0000000180025095e-35 425.50000000000006 1.0000000180025095e-35 4.5000000000000009 1.0000000180025095e-35 0.012841886520352541 4.5000000000000009 1.0000000180025095e-35 312.50000000000006 875.50000000000011 3.5000000000000004 1.0000000180025095e-35
decision_type=2 2 2 2 2 2 2 2 2 2 2 2 2 2 2 2 2 2 2 2 2 2 2 2 2 2 2 2 2 2
left_child=1 2 3 5 -4 7 -5 8 10 -10 15 14 28 -14 24 16 -1 25 23 -17 21 22 -21 29 -12 -18 -6 -28 -13 -19
right_child=-2 -3 4 6 26 -7 -8 -9 9 -11 11 12 13 -15 -16 19 17 18 -20 20 -22 -23 -24 -25 -26 -27 27 -29 -30 -31
leaf_value=-0.050979451853112173 0.015224547816107291 0.010924913121567622 -0.054452325400706818 -0.060815336546693695 0.021830046412764037 0.01696256865796486 0.0065792220005413777 0.012963240001908899 -0.072857041104970516 0.02624647875160821 0.017804121554190772 -0.05234969541975476 -0.023640839319750383 0.0075171104792156086 -0.034681650481284874 0.027754792884211617 0.0062620217064662228 -0.0078094170316025686 -0.087705920817749861 -0.052382433232567173 -0.051043325412056098 -0.069463707661709159 0.012836312010147684 0.010475618334806605 -0.054254065544013207 -0.057263237259562366 -0.064733597863273137 0.017268679446623379 -0.0024663003102915223 -0.05274625534116241
leaf_weight=25.183515404329228 637.86735824280913 915.41732650314225 22.231976360631961 19.132800951261743 25.540340454688703 208.71039436105639 10.569821231889366 339.97338062240306 13.903979859656829 8.8740682594361715 159.83392436239228 48.369748442411947 86.688281016688052 123.9940964445268 17.384864713945717 107.7525499779731 995.77823982935661 33.836166177890846 9.6941397814662178 7.9156952039556918 11.036625260996514 5.4729794041923006 280.21084676583268 51.007007854321273 4.5559858155829707 5.7033633671817361 8.4101952621385845 6.6819330467405953 13.691922704325405 20.337207228883926
leaf_count=5373 1614 2113 7224 645 1046 3916 135 2358 819 20 4317 2100 6530 556 2629 1075 28116 1265 372 1349 296 394 5128 188 574 317 2975 170 665 2306
internal_value=0.00723447 0.00581012 0.00405469 0.00459749 -0.0181972 0.00509531 -0.0373995 0.00404406 0.00254558 -0.0347674 0.00298584 -0.00401674 -0.0137141 -0.00535439 0.0105291 0.00503534 0.00239163 0.00364015 -0.0154533 0.01233 0.00680109 0.00914138 0.0108696 -0.0080307 0.0154911 0.00584349 0.0024711 -0.0296107 -0.0415581 -0.0253294
internal_weight=4225.76 3587.89 2672.48 2609.61 62.8644 2579.91 29.7026 2371.2 2031.23 22.778 2008.45 454.519 272.744 210.682 181.775 1553.93 1141.54 1116.36 114.875 412.389 304.636 293.6 288.127 105.18 164.39 1001.48 40.6325 15.0921 62.0617 54.1734
internal_count=86585 84971 82858 71443 11415 70663 780 66747 64389 839 63550 17371 9851 7086 7520 46179 37937 32564 4131 8242 7167 6871 6477 3759 4891 28433 4191 3145 2765 3571
is_linear=0
shrinkage=0.03


Tree=151
num_leaves=31
num_cat=0
split_feature=73 2 72 73 48 20 73 8 73 13 60 58 58 70 66 55 55 58 55 55 60 73 0 73 55 55 55 55 55 55
split_gain=88.3166 59.0796 96.7368 95.1934 85.521 70.8591 54.4294 62.6555 55.9562 53.246 51.8829 42.9742 41.4986 37.9893 39.9668 36.0938 34.8713 34.4841 35.8206 58.4922 125.046 56.0242 55.4171 48.6827 48.3646 54.7301 35.8072 39.4629 34.1113 94.1161
threshold=0.77983000000000013 1.0000000180025095e-35 1.0000000180025095e-35 0.53825500000000015 1.0000000180025095e-35 1.0000000180025095e-35 0.060315000000000007 1.0000000180025095e-35 0.027775000000000005 1.0000000180025095e-35 6.5000000000000009 1.0000000180025095e-35 1.0000000180025095e-35 1.0000000180025095e-35 1.0000000180025095e-35 0.0056425094143049059 0.015259018883957556 2.5000000000000004 0.0059228531034993181 0.0015490702586549395 1.0000000180025095e-35 0.66771000000000014 8.7500000000000018 0.32766500000000004 0.0059628976246150316 0.0062067466550570329 0.0056011532385552764 0.0028543105875636922 0.02035367420542971 0.0069990775907807388
decision_type=2 2 2 2 2 2 2 2 2 2 2 2 2 2 2 2 2 2 2 2 2 2 2 2 2 2 2 2 2 2
left_child=1 4 5 -4 6 13 7 9 10 -1 -9 15 -11 17 -15 -2 -10 18 19 23 -21 22 -22 -3 -20 -26 27 -24 29 -7
right_child=11 2 3 -5 -6 28 -8 8 16 12 -12 -13 -14 14 -16 -17 -18 -19 24 20 21 -23 26 -25 25 -27 -28 -29 -30 -31
leaf_value=-0.060837968707574332 -0.022759213163575785 -0.039890032921493623 -0.057828246628973082 0.0043228243917610588 -0.13391794037753277 -0.0030411906194252637 0.019495985513286733 -0.041301208121323991 -0.042069337924727848 0.013404027460793843 0.024239776455447826 0.021736146632109887 -0.028694889087024764 -0.069085806316195056 0.0073716191964082241 0.010929422529183452 0.014619098722767362 0.022524971312997938 0.033292690786825958 -0.053186551617980922 -0.05037767321585996 -0.087240306780402829 -0.041215153255466055 0.025166760275664557 -0.053155517174794255 0.0068721183747047004 -0.054367752264078952 0.017017351216078121 -0.00021155609507081228 -0.054933151274488431
leaf_weight=8.2418031006600341 32.654989663511515 11.016520111901626 45.270575390237354 42.349962469190359 2.6656282352487315 95.069431402735063 453.02513190623722 59.809474440866325 10.400374721575643 557.36898195616232 12.539360991795546 508.86777002550662 20.985029747374938 11.363971278318786 11.903370686079143 191.81312719173729 67.792945763125317 112.90884687795915 61.413277252122498 50.173176395881455 14.490483148241763 5.3331891968846312 10.41921996755991 77.275276879779994 12.81694251137378 1388.2330640862856 6.6043944382399777 132.52839824481634 165.25487824390439 46.10554351421888
leaf_count=909 75 4858 690 56 87 12759 526 8092 465 11471 38 344 1509 492 23 192 220 338 184 10570 4015 34 1070 57 1525 18702 186 1312 1646 3478
internal_value=0.00745957 0.00546963 0.00265825 -0.0280787 0.010885 0.00388741 0.0113215 0.00627803 -0.0109358 0.0107068 -0.0297662 0.0169186 0.0118296 0.0060401 -0.0312789 0.00594929 0.00664304 0.00651754 0.00548446 -0.00380712 -0.0120898 0.000324794 0.00368297 0.0166935 0.00744155 0.00628546 0.00922087 0.012516 -0.00948182 -0.0202555
internal_weight=4226.7 3493.36 2300.53 87.6205 1192.83 2212.91 1190.16 737.138 150.542 586.596 72.3488 733.336 578.354 1906.48 23.2673 224.468 78.1933 1883.21 1770.3 307.841 219.549 169.376 164.042 88.2918 1462.46 1401.05 149.552 142.948 306.43 141.175
internal_count=85923 85312 61995 746 23317 61249 23230 22704 8815 13889 8130 611 12980 43366 515 267 685 42851 42513 22102 17187 6617 6583 4915 20411 20227 2568 2382 17883 16237
is_linear=0
shrinkage=0.03


Tree=152
num_leaves=31
num_cat=0
split_feature=71 60 65 0 0 56 56 67 56 56 57 0 17 57 56 56 36 65 0 56 56 60 0 54 67 56 65 65 65 56
split_gain=60.8686 41.9587 68.5615 68.3281 48.8605 51.8806 35.8934 35.6261 49.8898 48.6083 33.7521 29.7763 52.1156 61.3379 34.9639 49.2399 29.1742 27.1513 55.6177 27.8556 26.2244 25.6184 52.0492 38.6807 32.2697 57.0919 44.1529 60.4662 44.0349 32.0683
threshold=1.0000000180025095e-35 1.0000000180025095e-35 138.50000000000003 6.9500000000000011 8.8500000000000032 0.0414396605349414 0.001919494434714227 1.0000000180025095e-35 0.0055721364692771459 0.024638838535540528 14.500000000000002 5.5500000000000007 1.0000000180025095e-35 6.5000000000000009 0.0030932164622422017 0.023561139330300889 1.0000000180025095e-35 327.50000000000006 6.7500000000000009 0.17921699122365412 0.023561139330300889 1.5000000000000002 6.3500000000000005 1.0000000180025095e-35 1.0000000180025095e-35 0.0066168109075340131 444.50000000000006 536.50000000000011 269.50000000000006 0.0019941073967910724
decision_type=2 2 2 2 2 2 2 2 2 2 2 2 2 2 2 2 2 2 2 2 2 2 2 2 2 2 2 2 2 2
left_child=1 2 -1 10 16 7 -3 8 -6 -10 -4 -8 21 14 -14 -16 -5 18 -17 -20 -2 22 -13 -23 26 28 -24 -28 -26 -29
right_child=20 6 3 4 5 -7 11 -9 9 -11 -12 12 13 -15 15 17 -18 -19 19 -21 -22 23 24 -25 25 -27 27 29 -30 -31
leaf_value=-0.033133981395090543 0.0097864447487521419 -0.019703264333826846 -0.053853482054253776 0.011199680234247444 0.0088569734036917282 -0.10422278216315649 0.015224715078701743 0.006334904473783788 -0.045830788023577075 0.013670894359673095 0.017446923254359727 -0.038563809859725642 0.024755388222712192 -0.076536841275537934 -0.046019512688554566 0.0052426989376642133 -0.051845262249541293 0.017118550586809417 -0.086192199943107423 0.005207624778583257 0.022029813635838558 0.0062326029528464505 0.0056324047065786894 0.021121174758818948 -0.082874952118630801 0.022271410982423669 -0.066935660628130833 0.032600650731814229 -0.0015082268082667058 -0.012110409280773121
leaf_weight=54.939413826636155 354.79796105744026 44.037651969360013 27.295472085308575 388.90386152200517 41.005790924013127 3.854729260725434 370.51150620030603 118.5233879629086 53.96572915105935 15.435465208021922 7.0520410662429631 23.112742297958903 27.216338599551818 10.782390105843659 28.465517018696119 34.198284705809783 5.7466679629214914 39.290737199160503 10.681644001801031 3.891319900751113 286.48366760494537 390.51846827962436 1172.3735405618281 263.12647531881521 5.7000232755381139 218.32151814879035 15.414318438015469 16.223774336074712 56.559532547442359 88.710914881485223
leaf_count=9651 1399 8171 12235 10198 1770 35 10067 680 3352 28 49 1928 598 339 3370 166 388 118 160 11 212 2836 12952 1516 246 615 732 12 722 1920
internal_value=0.00678372 0.00523858 -0.00124143 0.0014522 0.00373279 -0.00714842 0.00688588 -0.00506772 -0.0172556 -0.0325909 -0.039135 0.00731476 0.00609014 -0.0107147 -0.0052826 -0.0124493 0.0101529 -0.001203 -0.0160105 -0.0630191 0.0152818 0.00724848 0.00519459 0.0122491 0.00586152 0.0150668 0.00385344 -0.0133799 -0.0101499 -0.00495522
internal_weight=4177.14 3535.86 716.723 661.783 627.436 232.785 2819.14 228.93 110.407 69.4012 34.3475 2775.1 2404.59 154.526 143.744 116.528 394.651 88.062 48.7712 14.573 641.282 2250.06 1596.42 653.645 1573.3 280.581 1292.72 120.349 62.2596 104.935
internal_count=86476 84865 38386 28735 16451 5865 46479 5830 5150 3380 12284 38308 28241 4762 4423 3825 10586 455 337 171 1611 23479 19127 4352 17199 1583 15616 2664 968 1932
is_linear=0
shrinkage=0.03


Tree=153
num_leaves=31
num_cat=0
split_feature=73 60 55 73 57 30 56 55 56 55 0 55 55 65 56 0 56 60 73 55 23 65 72 55 0 56 56 56 73 55
split_gain=104.611 50.5718 53.8821 45.0553 58.5662 44.111 62.068 42.1994 98.8103 87.8889 92.3493 73.9951 106.836 151.098 61.2743 86.4374 66.0836 59.2785 67.4131 43.2497 120.865 77.1701 72.7024 65.4989 41.7642 41.6275 39.8897 37.5198 35.6705 54.3191
threshold=0.89998500000000015 1.5000000000000002 0.0052393313713162363 0.021455000000000005 2.5000000000000004 1.0000000180025095e-35 0.049807384346336886 0.01115846687889677 0.032660197162707801 0.048763003506173415 6.7500000000000009 0.029395112010871392 0.02035367420542971 1271.5000000000002 0.0038125144263475201 7.3500000000000005 0.0035371064566473123 1.0000000180025095e-35 0.24908000000000002 0.0066168109075340131 1.0000000180025095e-35 302.50000000000006 1.0000000180025095e-35 0.0060364811750502406 9.8500000000000032 0.0037686893296689705 0.024638838535540528 0.0045541502434662514 0.12170000000000002 0.030810663257538635
decision_type=2 2 2 2 2 2 2 2 2 2 2 2 2 2 2 2 2 2 2 2 2 2 2 2 2 2 2 2 2 2
left_child=1 5 -3 4 -4 7 25 19 9 10 -9 12 13 -12 16 -16 -13 18 -10 20 21 23 -21 -1 -25 -7 -23 -2 29 -19
right_child=27 2 3 -5 -6 6 -8 8 17 -11 11 14 -14 -15 15 -17 -18 28 -20 22 -22 26 -24 24 -26 -27 -28 -29 -30 -31
leaf_value=0.013959406865067451 -0.0017370814004984338 -0.01538191452479913 0.019428382587271555 0.016564174933103689 -0.020524600474877006 -0.00015267692341702278 0.012603965789683256 -0.057784700739431191 -0.064137973377561122 0.013679438699323658 -0.06077143170184221 -0.045762783471458679 0.011632889064826688 0.030736633893512038 0.016939359205059783 -0.061672367549286927 0.026184623284403262 0.011634811454822782 0.0053315529463560827 0.013974140405298313 -0.041698143364838361 -0.0075143503208097377 -0.038735889295145869 -0.056775077757753839 0.027269431964671399 -0.060146379332783287 -0.085168468398353681 0.024661641483008985 0.016497276370570035 -0.010983897437416571
leaf_weight=491.79473584971856 56.204648727551103 62.526813531600055 58.833567411245895 659.56167864904273 72.70983770332532 15.357697358595031 32.529924807138741 43.688145416956104 21.192409949340799 104.63386044328217 50.01231642266066 18.239871425255842 161.16137049192184 23.08253222546773 15.180191186038426 63.456504781650438 27.532276857760735 243.58364045721828 28.677922327071428 701.15462356572971 51.99766371433725 212.99535172649485 23.425537382721814 18.721391094091818 6.5989271547296076 31.336986185015121 5.1404247897153246 344.76939124614 299.27611090429127 155.86816170741804
leaf_count=16101 83 4608 1147 743 2249 272 43 3248 376 568 1639 1621 1094 38 105 1036 32 682 30 17866 18208 9741 228 1859 8 1770 101 238 228 704
internal_value=0.00642935 0.00484885 0.0112494 0.013371 -0.00264363 0.00292622 -0.0190071 0.00356076 -0.000504513 -0.0107192 -0.0170824 -0.0119776 -0.00201257 -0.0318494 -0.0305757 -0.0464748 -0.00285134 0.00641844 -0.02487 0.00693509 0.00206248 0.00520971 0.012219 0.0115161 -0.0346677 -0.0408316 -0.00972459 0.0209662 0.00868395 0.00280349
internal_weight=4101.24 3700.27 853.632 791.105 131.543 2846.64 79.2246 2767.41 1255.59 506.987 402.353 358.665 234.256 73.0948 124.409 78.6367 45.7721 748.598 49.8703 1511.83 787.248 735.251 724.58 517.115 25.3203 46.6947 218.136 400.974 698.728 399.452
internal_count=86666 86345 8747 4139 3396 77598 2085 75513 11401 9381 8813 5565 2771 1677 2794 1141 1653 2020 406 64112 46018 27810 18094 17968 1867 2042 9842 321 1614 1386
is_linear=0
shrinkage=0.03


Tree=154
num_leaves=31
num_cat=0
split_feature=73 0 56 65 65 56 73 65 61 57 73 65 40 65 56 73 52 65 57 36 62 56 73 0 73 65 73 56 9 73
split_gain=96.7732 50.6611 69.9192 46.8371 45.6141 60.8467 41.0834 64.4773 64.1755 49.2538 73.3224 37.9077 58.9932 56.1097 70.3699 61.1573 56.4981 37.6427 57.7154 36.0047 33.6753 43.8664 40.6565 32.1828 36.0162 30.9441 44.0877 30.0399 59.9068 45.7566
threshold=0.89998500000000015 9.7000000000000011 0.0032947109962983868 142.50000000000003 74.500000000000014 0.0061184105244905104 0.16886000000000004 480.50000000000006 1.0000000180025095e-35 5.5000000000000009 0.051885000000000008 261.50000000000006 1.0000000180025095e-35 80.500000000000014 0.023561139330300889 0.016595000000000002 1.0000000180025095e-35 793.50000000000011 4.5000000000000009 1.0000000180025095e-35 1.0000000180025095e-35 0.08814850758398339 0.42477500000000007 5.5500000000000007 0.030765000000000004 51.500000000000007 0.020785000000000001 0.024638838535540528 1.0000000180025095e-35 0.0089650000000000025
decision_type=2 2 2 2 2 2 2 2 2 2 2 2 2 2 2 2 2 2 2 2 2 2 2 2 2 2 2 2 2 2
left_child=1 6 -3 4 -4 -6 8 -8 9 11 -11 12 13 15 16 -1 23 18 -9 20 -5 22 -22 24 -15 26 -17 -16 29 -29
right_child=-2 2 3 19 5 -7 7 17 -10 10 -12 -13 -14 14 27 25 -18 -19 -20 -21 21 -23 -24 -25 -26 -27 -28 28 -30 -31
leaf_value=-0.030061469137959318 0.021316421923215811 -0.05491694992014981 0.010353356637236874 0.006188300433006097 -0.0032770003010048755 -0.077286506630061244 0.013921432916736632 -0.0561649111981476 -0.072396182496588787 -0.038196044998675308 0.0051737995977986159 0.010957900362787607 0.027423171750155056 -0.037175855600475191 0.022173214822960537 0.026550987022394355 0.025708299799913726 0.009245922104509835 0.0039850559699426049 -0.055353085508842374 -0.050632967222683956 0.029127851043971021 -0.0058622228217185112 -0.03870595671765608 0.022217483651229705 0.020766101851906811 -0.049035935561029337 0.021222761079554477 0.012852396790230688 -0.023619147149866782
leaf_weight=27.972847881123016 400.07436844753101 20.087247348579695 21.500950194109464 587.76996331317059 18.610221203554829 20.837855382364069 1112.6322994527582 28.704528135305736 8.6759000898346113 55.941831251002441 90.869424834589154 851.66503478185405 72.163796716544311 16.000136544149427 50.585378188610775 12.238449801079698 17.749394919250335 45.501520480494946 27.547548576258123 8.4847151616413594 28.265263751694874 17.254409894347191 49.342347078025341 100.33892972345348 19.033733311625838 184.7546171776703 13.751113723388697 23.921521575248335 118.0132351076827 117.98955927742645
leaf_count=2469 317 1801 286 4466 942 1207 1313 156 481 3949 408 31147 302 9626 316 31 291 60 53 368 2428 5 88 20879 137 826 193 616 467 771
internal_value=0.00730419 0.00581123 -0.00103969 0.000470357 -0.0245214 -0.0433156 0.00757664 0.0118306 0.00467213 0.00508985 -0.0114987 0.00659362 0.00178664 -0.00088266 -0.00696338 0.010907 -0.0235352 -0.010945 -0.0271534 0.0027066 0.00350816 -0.0129894 -0.0226047 -0.030133 -0.00518666 0.0164612 -0.0137772 0.00125804 -0.00288177 -0.0159647
internal_weight=4168.28 3768.2 772.153 752.066 60.949 39.4481 2996.05 1214.39 1781.66 1772.99 146.811 1626.18 774.513 702.349 463.632 238.717 153.122 101.754 56.2521 691.117 682.632 94.862 77.6076 135.373 35.0339 210.744 25.9896 310.51 259.924 141.911
internal_count=86399 86082 11591 9790 2435 2149 74491 1582 72909 72428 4357 68071 36924 36622 33103 3519 30933 269 209 7355 6987 2521 2516 30642 9763 1050 224 2170 1854 1387
is_linear=0
shrinkage=0.03


Tree=155
num_leaves=31
num_cat=0
split_feature=73 65 55 65 73 65 72 70 65 65 55 73 55 58 73 72 2 55 58 65 67 65 0 55 11 54 73 60 65 63
split_gain=77.0152 42.7149 68.5694 59.1384 90.3242 51.369 43.8277 42.0645 41.3458 35.5065 97.0062 35.4763 32.8554 93.9674 32.6833 78.9233 87.7121 45.1792 44.244 141.615 63.0303 45.4063 43.4564 39.9968 66.6958 77.8602 42.6538 35.2931 34.4004 38.0208
threshold=0.89998500000000015 448.50000000000006 0.0041393013771773074 697.50000000000011 0.066180000000000017 401.50000000000006 1.0000000180025095e-35 1.0000000180025095e-35 370.50000000000006 383.50000000000006 0.02035367420542971 0.028455000000000005 0.034261678046376622 1.0000000180025095e-35 0.32766500000000004 1.0000000180025095e-35 1.0000000180025095e-35 0.02035367420542971 1.0000000180025095e-35 158.50000000000003 1.0000000180025095e-35 237.50000000000003 8.0500000000000025 0.0015954949508172561 1.0000000180025095e-35 1.0000000180025095e-35 0.53825500000000015 1.0000000180025095e-35 370.50000000000006 1.0000000180025095e-35
decision_type=2 2 2 2 2 2 2 2 2 2 2 2 2 2 2 2 2 2 2 2 2 2 2 2 2 2 2 2 2 2
left_child=1 5 -3 4 -4 7 11 9 -9 14 -11 -7 13 -6 15 18 -17 23 28 -20 21 27 -23 -16 -25 -26 -27 -21 29 -1
right_child=-2 2 3 -5 12 6 -8 8 -10 10 -12 -13 -14 -15 17 16 -18 -19 19 20 -22 22 -24 24 25 26 -28 -29 -30 -31
leaf_value=0.0081153244677329012 0.020067738515676784 -0.052453659329959677 -0.046438551681913243 0.0099538102881465765 -0.049195768525749105 -0.032553465893258984 -0.079185043551311049 -0.067970067998315647 0.025326461723448705 -0.079016594901597084 0.015149966694220375 0.023405267257026366 0.019741623512491858 0.0083576141582703198 0.022981063053282624 0.0023891924028987877 -0.071047787497538289 0.017853623162100214 -0.062912623173386736 -0.048403911354674478 -0.051412385624903856 -0.013547612024297917 0.020957532618415518 0.018097472925644963 -0.002112248267562069 -0.021748366006278566 -0.096214973241705692 -0.0021338266051465818 -0.035865342335401888 -0.025083522359159269
leaf_weight=1577.9573977656946 349.61611758638173 23.000084015009634 50.461208065949904 235.88002083482934 35.938225525176676 9.8026187432151328 3.0253228801229843 12.394873897486834 5.6435606686573001 15.228937556985327 24.382932255364722 239.20159996324946 47.992741458059754 81.960436933673918 87.304902530275285 32.933898240269627 25.258516642950781 434.14325371943414 33.160141201933584 18.734183798478625 17.793837683228048 41.406464565832721 147.74872889184917 134.0349320108071 253.28933547995985 17.512145496904854 11.380082603543995 60.187265477965411 15.686674865897656 30.722167668474867
leaf_count=42008 294 4127 6046 3621 233 3100 39 529 34 1487 147 432 37 139 63 105 552 331 8505 5108 731 3781 1556 128 427 48 67 1136 928 484
internal_value=0.00662321 0.00535602 -0.00303943 -0.000416082 -0.0117157 0.00658461 0.0195692 0.00548649 -0.0389839 0.00576877 -0.022107 0.0210809 -0.000938675 -0.00945219 0.00615184 0.00398326 -0.030148 0.0107718 0.00502025 -0.00518143 0.00171119 0.00541528 0.0133728 0.00464252 0.000749996 -0.00752479 -0.0533168 -0.0135855 0.00702585 0.00746611
internal_weight=4073.78 3724.17 475.233 452.233 216.353 3248.93 252.03 2996.9 18.0384 2978.87 39.6119 249.004 165.891 117.899 2939.25 2001.59 58.1924 937.665 1943.4 319.031 285.87 268.077 189.155 503.521 416.216 282.182 28.8922 78.9214 1624.37 1608.68
internal_count=86223 85929 14203 10076 6455 71726 3571 68155 563 67592 1634 3532 409 372 65958 64894 657 1064 64237 20817 12312 11581 5337 733 670 542 115 6244 43420 42492
is_linear=0
shrinkage=0.03


Tree=156
num_leaves=31
num_cat=0
split_feature=73 27 60 55 55 73 55 26 69 55 73 66 73 55 47 28 31 59 34 73 4 73 73 59 55 11 60 24 58 60
split_gain=95.8027 74.6891 44.4242 41.5947 52.865 36.9271 35.9272 41.9854 37.2052 37.2738 88.9483 86.3355 98.2427 89.0161 60.5341 51.4787 52.1956 49.7913 39.3317 35.8702 60.1663 36.8448 34.9019 47.2486 34.3458 32.7506 28.7052 26.9607 50.4932 26.7141
threshold=0.89998500000000015 1.0000000180025095e-35 1.5000000000000002 0.021143348457428057 0.018104197305964281 0.025995000000000001 0.06386747763884322 1.0000000180025095e-35 1.0000000180025095e-35 0.028894404390139527 0.014165000000000002 1.0000000180025095e-35 0.20147000000000001 0.030522028566488325 1.0000000180025095e-35 1.0000000180025095e-35 1.0000000180025095e-35 1.0000000180025095e-35 1.0000000180025095e-35 0.066180000000000017 1.0000000180025095e-35 0.043455000000000008 0.045905000000000008 2.5000000000000004 0.000661284296626267 1.0000000180025095e-35 5.5000000000000009 1.0000000180025095e-35 4.5000000000000009 2.5000000000000004
decision_type=2 2 2 2 2 2 2 2 2 2 2 2 2 2 2 2 2 2 2 2 2 2 2 2 2 2 2 2 2 2
left_child=1 2 6 4 29 -5 7 8 9 18 -11 13 14 17 15 16 -13 -12 24 20 21 25 -9 -24 -1 -15 -3 -26 -29 -4
right_child=-2 26 3 5 -6 -7 -8 22 -10 10 11 12 -14 19 -16 -17 -18 -19 -20 -21 -22 -23 23 -25 27 -27 -28 28 -30 -31
leaf_value=-0.033564112669928564 0.021419280079302633 -0.049190466113832501 0.0073487143846677084 0.0032372602286392976 -0.08199929134545568 0.020995809875791166 0.016344004935096541 0.013449780628428472 -0.060797280554118253 -0.045236029643995049 -0.08702343895048531 -0.070167706559554552 0.0035796099335490637 0.00877669456280822 0.019399586015827593 0.003913292532047738 0.010924358900690866 0.013369957388053678 -0.048761391746983067 0.016793254550780935 0.011886009253416171 -0.07283470338077927 -0.048319960775165267 0.025691235681516034 0.0073165033671731498 -0.045709482806389271 0.014166720689054481 -0.0373096450842412 0.031225934505859594 -0.024232859793555005
leaf_weight=18.236998014574056 363.19424179382622 29.902000205613149 259.96074769801635 141.34697069293179 5.512702076957793 417.95566715532914 194.45606436370872 18.999537488720307 7.047649766511312 39.553406170743983 12.538487547193656 55.681868033781939 105.81425749295158 24.285870682972018 13.163323848493745 13.568860272964228 7.8895257232943541 6.2643317316978928 10.741637645529407 283.54211576656962 105.07780487051059 11.359221089645869 38.267285822017584 8.999178688041864 1814.6587250482808 15.499968941803671 7.644902989268302 30.29822575279286 13.120668642164672 25.582704764492519
leaf_count=4691 297 3152 5924 1260 80 303 487 3709 506 2710 139 978 157 269 24 42 20 14 1265 315 349 167 358 4 47341 596 20 10140 4 938
internal_value=0.00672933 0.00529627 0.0057277 0.011742 0.0025321 0.0165217 0.00392913 0.0030139 0.00362071 0.00382006 -0.0021212 0.000548636 -0.0160614 0.00767184 -0.0388632 -0.0489263 -0.0600905 -0.0545903 0.00600579 0.0104518 -0.00109155 -0.0274707 -0.0203894 -0.0339885 0.00634513 -0.0130506 -0.0362575 0.00675468 -0.0163623 0.00444453
internal_weight=4100.16 3736.97 3699.42 850.359 291.056 559.303 2849.07 2654.61 2588.34 2581.3 694.239 654.686 196.118 458.568 90.3036 77.1403 63.5714 18.8028 1887.06 439.765 156.223 51.1451 66.266 47.2665 1876.31 39.7858 37.5469 1858.08 43.4189 285.543
internal_count=86259 85962 82790 8505 6942 1563 74285 73798 69727 69221 5780 3070 1221 1849 1064 1040 998 153 63441 1696 1381 1032 4071 362 62176 865 3172 57485 10144 6862
is_linear=0
shrinkage=0.03


Tree=157
num_leaves=31
num_cat=0
split_feature=73 27 55 73 32 72 55 55 55 55 55 73 57 73 67 20 42 11 55 55 55 50 58 55 57 58 67 55 73 20
split_gain=86.1861 45.7034 39.0614 37.8973 83.8386 65.997 102.608 61.1849 57.213 48.2182 144.363 47.9825 46.713 57.4283 33.2008 33.1592 32.8018 31.7774 61.2831 43.4919 78.1503 35.7725 59.4698 80.7678 32.562 30.9486 30.7614 29.9626 91.8776 87.3396
threshold=0.89998500000000015 1.0000000180025095e-35 0.061506534462757854 0.12170000000000002 1.0000000180025095e-35 1.0000000180025095e-35 0.030522028566488325 0.034261678046376622 0.0021628711448338938 0.02035367420542971 0.015677023898642627 0.055750000000000001 5.5000000000000009 0.032685000000000006 1.0000000180025095e-35 1.0000000180025095e-35 1.0000000180025095e-35 1.0000000180025095e-35 0.0015954949508172561 0.0072480298081758826 0.0064496039836892472 1.0000000180025095e-35 1.0000000180025095e-35 0.0047066900193518816 1.5000000000000002 1.5000000000000002 1.0000000180025095e-35 0.029049548550006982 0.014165000000000002 1.0000000180025095e-35
decision_type=2 2 2 2 2 2 2 2 2 2 2 2 2 2 2 2 2 2 2 2 2 2 2 2 2 2 2 2 2 2
left_child=1 2 3 4 5 7 -7 8 -1 10 17 -9 16 -14 -12 -15 27 24 -19 20 21 22 23 -20 26 -22 -5 -10 -29 -30
right_child=-2 -3 -4 9 -6 6 -8 11 12 -11 14 -13 13 15 -16 -17 -18 18 19 -21 25 -23 -24 -25 -26 -27 -28 28 29 -31
leaf_value=-0.034850681787705493 0.020668839437055934 -0.023969436650438797 0.016580068448855248 -0.034735000871836889 -0.044691907936826557 -0.080577515217896592 0.020955864851557489 -0.06188506314858043 0.0097670733913715353 0.014244769738154261 -0.065529681077507743 0.0027646746768670988 -0.044222412887201079 0.0078938202387444905 -0.0030051498726074962 -0.05551223774354018 -0.053434831128330189 0.020860895141528266 -0.067519549761465333 0.009147904978769791 -0.076951123526526374 0.026696179673849071 0.0012545907371706039 -0.0041033251181872218 0.018953050742500473 -0.019393392251452091 0.016754702698818444 -0.043462925487091117 0.010035383285776958 -0.035025961886357558
leaf_weight=31.669440109228162 362.66057577775791 46.213985170143133 276.31255057427916 20.669043565168977 33.367755467901588 19.951309001422487 15.058859910961472 21.644606576413935 1036.1914419506666 676.17147138112341 30.886412899417337 18.851583834388293 35.544669460457953 70.649199712839618 10.183881613309493 7.281586728655383 7.1271874369485877 139.58192251186119 28.983120591117768 230.81311573600397 17.371803483110853 32.13184649348841 239.23584136235877 45.863767341797939 241.46282581661944 17.160804359766189 19.295627036131918 38.258624027046608 330.20288460931624 42.850004724670725
leaf_count=17255 306 3194 666 93 1631 541 38 974 50926 764 155 37 2643 358 20 293 405 167 221 289 147 20 617 107 252 63 16 2160 1559 665
internal_value=0.00671701 0.00537368 0.00574309 0.00487273 0.00169316 0.00264315 -0.037536 0.00352309 0.00445336 0.00797476 0.00401637 -0.0324483 0.00526885 -0.0131927 -0.0504659 0.00134113 0.0067171 0.00623013 0.00300008 -0.00110386 -0.00732627 -0.00296892 -0.00607887 -0.0292266 0.0148101 -0.0496989 -0.0100728 0.00704996 0.000197823 0.0047797
internal_weight=4143.65 3780.99 3734.77 3458.46 1708.65 1675.28 35.0102 1640.27 1599.78 1749.81 1073.64 40.4962 1568.11 113.475 41.0703 77.9308 1454.63 1032.57 751.142 611.56 380.747 346.215 314.083 74.8469 281.427 34.5326 39.9647 1447.5 411.312 373.053
internal_count=86582 86276 83082 82416 79485 77854 579 77275 76264 2931 2167 1011 59009 3294 175 651 55715 1992 1631 1464 1175 965 945 328 361 210 109 55310 4384 2224
is_linear=0
shrinkage=0.03


Tree=158
num_leaves=31
num_cat=0
split_feature=55 71 24 57 55 56 65 34 60 56 13 56 66 55 55 58 56 60 65 56 55 55 62 55 66 72 28 30 55 55
split_gain=38.4928 38.3357 72.8436 66.3551 31.4395 89.8699 123.149 68.5086 63.2437 44.0142 42.6942 34.5892 42.1291 28.1886 137.683 49.1301 50.5114 42.9416 31.9798 42.1213 34.2369 31.0544 30.6583 48.1575 28.4284 48.7594 28.0577 27.3789 51.2403 26.4013
threshold=0.06386747763884322 1.0000000180025095e-35 1.0000000180025095e-35 2.5000000000000004 0.029049548550006982 0.032660197162707801 58.500000000000007 1.0000000180025095e-35 1.5000000000000002 0.095310720481565928 1.0000000180025095e-35 0.0031429205094269147 1.0000000180025095e-35 0.02035367420542971 0.016299180440167958 1.5000000000000002 0.028844060225861869 2.5000000000000004 265.50000000000006 0.037227276579386147 0.025074921457035035 0.028894404390139527 1.0000000180025095e-35 0.021143348457428057 1.0000000180025095e-35 1.0000000180025095e-35 1.0000000180025095e-35 1.0000000180025095e-35 0.0060062908598989394 0.028776686551824315
decision_type=2 2 2 2 2 2 2 2 2 2 2 2 2 2 2 2 2 2 2 2 2 2 2 2 2 2 2 2 2 2
left_child=1 2 4 -4 7 6 11 9 10 13 -8 -6 -13 14 17 16 -16 24 19 -15 -21 -22 -20 -24 27 26 -26 -1 -29 -5
right_child=-2 -3 3 29 5 -7 8 -9 -10 -11 -12 12 -14 18 15 -17 -18 -19 22 20 21 -23 23 -25 25 -27 -28 28 -30 -31
leaf_value=0.0113859575790927 0.018085185368088043 0.013256559026510656 -0.072652148807590855 -0.032264250118864655 0.030727662969096299 0.0067403062512258792 0.0056741533777136463 -0.057317847616884923 0.0041039391139225953 -0.095308195690483988 -0.049635426673463955 0.0097506148004517929 -0.057762956202118243 0.012891788017411298 -0.027556242566715895 0.015309433400124261 -0.091479583605131851 -0.044658608823825212 0.02220770663639747 0.019703256179514139 -0.055068532084902116 -0.0027274744904479415 0.026059476492207558 -0.075544858703417747 0.0047217414076331475 -0.047154270698367119 -0.051553137981761657 0.0074971031603630585 -0.059256814930228406 0.015303513332703071
leaf_weight=1191.4563194554048 258.0288150543347 576.92524090423831 18.884964458493414 17.694068183791387 44.991789802726998 579.7151926792576 14.150208999169989 13.730680340813704 33.431236998425447 2.739991949449176 98.702780722946045 34.27705384651199 9.899917054550313 157.10341320831503 33.264402818742383 12.301326095650436 16.848527566660778 13.087532547098816 294.58368199579127 15.584702370484591 21.764511746179778 18.684655974502675 8.4779460922582057 6.6621648636501041 523.16628202103311 16.408409169423976 7.1018361453461685 36.645625319724786 13.324513599127384 23.033067645454139
leaf_count=51403 562 1584 9337 2106 487 1420 216 1338 228 32 3102 245 261 1202 866 24 175 798 877 38 267 128 5 115 7437 100 251 1002 829 81
internal_value=0.00688437 0.00613009 0.00487207 -0.027718 0.00548419 0.000392392 -0.0151994 0.00721065 -0.0320572 0.00760531 -0.0427114 0.0125052 -0.00632266 0.00776334 0.00603056 -0.0374259 -0.0504173 0.00755634 0.0139161 0.0049394 -0.017192 -0.0315398 0.0200576 -0.0205604 0.00796326 0.00225758 0.00387244 0.010472 -0.0111162 -0.00564045
internal_weight=4112.67 3854.64 3277.72 59.6121 3218.1 815.168 235.453 2402.94 146.284 2389.21 112.853 89.1688 44.177 2386.47 1863.6 62.4143 50.1129 1801.19 522.861 213.137 56.0339 40.4492 309.724 15.1401 1788.1 546.677 530.268 1241.43 49.9701 40.7271
internal_count=86516 85954 84370 11524 72846 5959 4539 66887 3546 65549 3318 993 506 65517 62885 1065 1041 61820 2632 1635 433 395 997 120 61022 7788 7688 53234 1831 2187
is_linear=0
shrinkage=0.03


Tree=159
num_leaves=31
num_cat=0
split_feature=73 15 67 55 0 0 17 62 27 0 32 73 73 60 73 55 55 55 55 55 73 47 39 36 55 55 73 55 55 59
split_gain=73.8145 50.2344 53.5603 68.0448 33.858 79.7399 53.1888 56.0538 49.8456 39.0913 140.382 54.0275 64.339 46.4697 38.96 49.2266 83.2756 50.3682 69.0699 47.6305 61.6937 66.977 38.7628 37.5431 37.0513 72.3566 45.6237 34.6875 75.4543 57.3085
threshold=0.77983000000000013 1.0000000180025095e-35 1.0000000180025095e-35 0.030649897275830201 7.0500000000000007 7.7500000000000009 1.0000000180025095e-35 1.0000000180025095e-35 1.0000000180025095e-35 9.7000000000000011 1.0000000180025095e-35 0.013595000000000001 0.010695000000000001 3.5000000000000004 0.66771000000000014 0.0066746296630805562 0.027897052336334126 0.0066168109075340131 0.0037420077390576084 0.029049548550006982 0.24908000000000002 1.0000000180025095e-35 1.0000000180025095e-35 1.0000000180025095e-35 0.0069782869163078536 0.0062472032940587771 0.66771000000000014 0.06386747763884322 0.029395112010871392 1.5000000000000002
decision_type=2 2 2 2 2 2 2 2 2 2 2 2 2 2 2 2 2 2 2 2 2 2 2 2 2 2 2 2 2 2
left_child=4 2 3 -2 -1 6 14 -8 9 11 13 12 -7 23 15 17 22 18 -6 -18 21 -21 -17 27 25 26 -13 28 -11 -30
right_child=1 -3 -4 -5 5 8 7 -9 -10 10 -12 24 -14 -15 -16 16 19 -19 -20 20 -22 -23 -24 -25 -26 -27 -28 -29 29 -31
leaf_value=0.010425636520252923 -0.068772265658732387 0.018576577791418403 0.017422824020731628 0.011960924573244727 0.01188422490424627 0.00067838498507382663 -0.047042714756688073 0.0058537294202093771 -0.043636581465985702 0.0050024626142285838 -0.064329845719856504 0.0065736440946337774 -0.047814675386177424 -0.083021762919763195 0.021389111430683172 -0.058923111898493807 0.028825552527677122 0.040083450262960008 -0.054056526813748847 -0.056716500606336526 0.014166095915991238 0.021336383093114582 0.023011440534987583 -0.051158806097187301 0.013111836680080534 -0.06054054520921294 -0.06998054654582693 0.022134134638050851 -0.050085237992757027 0.022350330877149872
leaf_weight=707.39702990122532 20.054647989571095 579.68073396990076 37.449181629344821 16.505273981951177 53.487585804068658 180.96484762955879 56.794875155763293 25.909382045298116 17.654598427299788 517.82606089681212 28.50048698556202 272.14612691647926 27.497409511699516 4.6658052049169774 46.504150185734034 44.948844424026902 28.804172573596588 30.203335219106521 18.394201348877687 36.889497062256851 36.747069826349616 12.789439992629921 5.327174012491013 10.220053929275307 1048.6400248137506 15.225832807329423 6.1946807205677024 83.487846444128081 39.331413575415354 12.349745873536447
leaf_count=38387 82 467 28 16 2498 12076 3956 2146 911 9553 730 3707 2120 80 30 2037 40 64 2277 607 31 22 16 502 3083 510 36 94 394 15
internal_value=0.006389 0.0156079 -0.00758179 -0.0329765 0.00459609 0.00304333 -0.00934662 -0.0305995 0.00521735 0.00562042 -0.000284371 0.00827065 -0.00591587 0.00254073 -0.00367119 -0.00808979 -0.0181539 0.00824461 -0.00549987 -0.00396534 -0.0150986 -0.0365979 -0.049962 0.00326676 0.0104768 0.00105157 0.00462545 0.0041955 0.00153157 -0.0326803
internal_weight=4022.59 653.69 74.0091 36.5599 3368.9 2661.5 396.8 82.7043 2264.7 2247.05 696.381 1550.67 208.462 667.881 314.095 267.591 165.506 102.085 71.8818 115.23 86.426 49.6789 50.276 663.215 1342.21 293.567 278.341 652.995 569.507 51.6812
internal_count=86515 593 126 98 85922 47535 13724 6102 33811 32900 11368 21532 14196 10638 7622 7592 2753 4839 4775 700 660 629 2053 10558 7336 4253 3743 10056 9962 409
is_linear=0
shrinkage=0.03


Tree=160
num_leaves=31
num_cat=0
split_feature=73 49 55 73 72 32 55 55 55 55 59 57 55 55 56 73 56 67 56 71 58 55 73 8 19 65 62 0 55 60
split_gain=74.3011 46.41 35.8262 37.6554 104.111 76.7725 68.302 59.6738 50.5698 99.0144 56.6145 49.0416 48.7263 48.4326 47.8838 64.8102 54.4654 52.1825 62.9022 91.0837 39.4404 37.5802 66.7408 91.2278 73.8204 60.753 54.7946 40.8435 36.6493 35.2349
threshold=0.89998500000000015 1.0000000180025095e-35 0.06386747763884322 0.12170000000000002 1.0000000180025095e-35 1.0000000180025095e-35 0.030522028566488325 0.043885048695051658 0.02035367420542971 0.015677023898642627 1.0000000180025095e-35 9.5000000000000018 0.0021628711448338938 0.0015954949508172561 0.0074326147304572326 0.24908000000000002 0.0029752212764485838 1.0000000180025095e-35 0.0068988356286288468 1.0000000180025095e-35 1.0000000180025095e-35 0.029049548550006982 0.011275000000000002 1.0000000180025095e-35 1.0000000180025095e-35 86.500000000000014 1.0000000180025095e-35 8.3500000000000032 0.0022228184774181607 1.5000000000000002
decision_type=2 2 2 2 2 2 2 2 2 2 2 2 2 2 2 2 2 2 2 2 2 2 2 2 2 2 2 2 2 2
left_child=1 2 3 4 5 7 -6 12 9 11 -11 13 -1 -5 15 16 -15 18 -17 -20 -16 26 -23 -24 25 27 -14 -25 -28 -27
right_child=-2 -3 -4 8 6 -7 -8 -9 -10 10 -12 -13 21 14 20 17 -18 -19 19 -21 -22 22 23 24 -26 29 28 -29 -30 -31
leaf_value=-0.033758726707684636 0.019658115223438074 -0.058527034592996588 0.016607220917904883 0.018838881853047888 -0.081057631207822237 -0.044108089611767508 0.015919946404259595 -0.042863457806508444 0.013748258130351493 -0.075470640777139247 -0.010338515138782929 0.024704864984104333 0.0084880339355647254 0.018003943008249222 -0.0014313272996914199 -0.0030444152253585044 -0.05238375288918929 0.011253740559898287 -0.077061881588709608 0.0064271502376548094 0.025523009561469075 -0.0418095299860596 0.012231153797203242 -0.036675961843105884 0.020161513281537601 -0.060514794915526013 0.027941546412771901 0.017463286364203915 -0.040414191794434208 -0.016131130682539404
leaf_weight=29.715327122401504 329.67643248243257 9.3909214176674123 223.03840769871022 143.84960932077956 21.43617507418276 30.788929028305574 8.8147278306423669 24.187246176712506 674.47988419272588 20.064455933403224 28.82600561529398 103.55475808479241 1112.8371880830273 12.422073998925041 93.613348592072725 261.02933087106794 40.617673348475364 185.8405184019357 25.833403669297695 20.681388773024082 100.96088625118136 35.741398183257843 237.76320703316014 19.053358585355454 36.513429545710096 47.252523014023609 8.1582269179052656 32.498216152227542 32.794602924310311 25.555232115031686
leaf_count=17814 298 639 546 207 532 1632 39 540 791 115 64 116 40288 63 127 540 510 195 136 27 44 2151 1257 511 163 825 97 113 16143 166
internal_value=0.00603907 0.00480301 0.00498253 0.00421863 0.00105923 0.00207151 -0.0531944 0.0029637 0.00735959 0.00319625 -0.0380454 0.00527262 0.00367487 0.00297312 -0.000128124 -0.00468009 -0.0358706 -0.00126127 -0.00883572 -0.040587 0.0126138 0.00439607 -0.00311984 0.000444986 -0.0169424 -0.0279105 0.0072259 -0.00286361 -0.0264556 -0.0453659
internal_weight=3976.99 3647.31 3637.92 3414.88 1703.11 1672.86 30.2509 1642.07 1711.77 1037.29 48.8905 988.403 1617.88 884.848 740.999 546.424 53.0397 493.385 307.544 46.5148 194.574 1588.17 434.377 398.636 160.873 124.359 1153.79 51.5516 40.9528 72.8078
internal_count=86689 86391 85752 85206 82271 81700 571 80068 2935 2144 179 1965 79528 1849 1642 1471 573 898 703 163 171 61714 5186 3035 1778 1615 56528 624 16240 991
is_linear=0
shrinkage=0.03


Tree=161
num_leaves=31
num_cat=0
split_feature=73 2 12 57 71 55 0 55 65 73 46 56 73 56 55 55 41 65 0 56 58 0 73 55 64 55 73 65 56 57
split_gain=58.5666 37.4824 45.0031 91.4802 41.4753 55.1887 101.809 43.7514 41.5253 74.8943 54.5004 50.5677 50.8597 40.7306 63.9372 53.7738 44.7302 39.9065 38.3756 55.0254 37.234 34.7105 118.719 34.2872 31.423 39.6731 31.4137 43.4404 49.7603 35.6006
threshold=0.89998500000000015 1.0000000180025095e-35 1.0000000180025095e-35 8.5000000000000018 1.0000000180025095e-35 0.023512261309360332 8.0500000000000025 0.0040872057278096563 138.50000000000003 0.32766500000000004 1.0000000180025095e-35 0.025256962971620851 0.081220000000000014 0.044512489803421006 0.030810663257538635 0.06386747763884322 1.0000000180025095e-35 697.50000000000011 8.7500000000000018 0.0063783844441154579 1.5000000000000002 7.2500000000000009 0.32766500000000004 0.086183747651422601 1.0000000180025095e-35 0.040204257762726812 0.028455000000000005 280.50000000000006 0.0038418136046520644 2.5000000000000004
decision_type=2 2 2 2 2 2 2 2 2 2 2 2 2 2 2 2 2 2 2 2 2 2 2 2 2 2 2 2 2 2
left_child=1 13 3 4 8 6 7 -6 9 10 11 23 -13 14 26 16 -16 -8 19 -4 -5 -21 -23 -3 -10 -26 27 28 -1 -28
right_child=-2 2 18 20 5 -7 17 -9 24 -11 -12 12 -14 -15 15 -17 -18 -19 -20 21 -22 22 -24 -25 25 -27 29 -29 -30 -31
leaf_value=0.0080771356336176402 0.018781988846172697 -0.041576033878260442 -0.047000542277234707 -0.057454607986021519 0.01945559926297372 0.0058964979545870445 -0.090740704711254713 -0.063185407255865467 0.0053603026843179989 0.0061886679661214616 0.025351591344177297 -0.057226566045321732 -0.18700944472011824 0.018127927796972903 -0.05339761087270279 0.023284179594239146 0.027141727383113243 0.0049813966303721598 0.015812843930475717 0.0097064462481603279 0.0029655968566477437 -0.075193794530339503 0.025016784705622703 0.022643562237235397 -0.061529770789871381 0.015601630193321307 0.0029782670579316019 0.010373303775533981 -0.030117592935251722 0.021955326855370251
leaf_weight=56.742837185563985 322.70380439143628 29.764648807775302 18.65470325091519 32.335134444118012 25.867950938263675 57.61887931174715 23.532866070148888 6.3415730039268956 1477.2486874105525 93.751798229292035 10.66378838001401 14.935975241220151 2.9209954701364031 371.87879217232694 36.815918725187657 15.447995435562914 6.78224300808506 4.5452430612640446 408.2157098423595 223.16215256974829 12.537014467219704 18.209540287374693 23.04554819688201 9.1738244050648046 13.161142891112833 9.8395998904743447 147.60475291137845 194.43795138161295 65.023779938805092 224.32995280329487
leaf_count=4492 306 6506 8919 838 58 88 355 177 32148 146 59 266 28 781 1477 71 9 10 4228 8113 61 397 10 18 273 18 711 9076 6423 274
internal_value=0.00655079 0.00545995 0.00342563 0.000953673 0.00203093 -0.0150876 -0.0349117 0.00177214 0.00325409 -0.0111697 -0.0350315 -0.0466114 -0.0872475 0.0100257 0.0059744 -0.023733 -0.040541 -0.0756069 0.00993807 0.00144027 -0.0408769 0.00502199 -0.0199478 -0.0262579 0.00481042 -0.0292581 0.0085542 0.00159284 -0.0123982 0.0144523
internal_weight=3957.29 3634.59 2515.53 1824.24 1779.37 117.907 60.2876 32.2095 1661.46 161.211 67.4592 56.7954 17.857 1119.06 747.185 59.0462 43.5982 28.0781 691.288 283.072 44.8721 264.417 41.2551 38.9385 1500.25 23.0007 688.139 316.205 121.767 371.935
internal_count=86336 86030 62716 41049 40150 688 600 235 39462 7023 6877 6818 294 23314 22533 1557 1486 365 21667 17439 899 8520 407 6524 32439 291 20976 19991 10915 985
is_linear=0
shrinkage=0.03


Tree=162
num_leaves=31
num_cat=0
split_feature=73 56 56 56 2 48 11 73 57 73 11 30 65 65 57 56 58 57 64 20 73 73 33 73 55 73 57 55 73 24
split_gain=52.8031 43.9526 35.0773 33.2284 28.5733 77.82 40.7204 42.0221 39.8431 97.4886 115.502 51.1512 59.3032 35.3744 33.4945 36.5424 32.455 32.4521 31.3588 29.4973 29.1108 28.4761 28.5921 28.0524 26.7976 49.6706 30.5924 61.0189 35.1001 26.2491
threshold=0.89998500000000015 0.17581565966311982 0.0044970911835755436 0.0012507313961251478 1.0000000180025095e-35 1.0000000180025095e-35 1.0000000180025095e-35 0.025455000000000002 5.5000000000000009 0.081220000000000014 1.0000000180025095e-35 1.0000000180025095e-35 126.50000000000001 407.50000000000006 21.500000000000004 0.069730256856936554 1.0000000180025095e-35 9.5000000000000018 1.0000000180025095e-35 1.0000000180025095e-35 0.66771000000000014 0.011185000000000002 1.0000000180025095e-35 0.0026450000000000002 0.030522028566488325 0.010585000000000002 1.5000000000000002 0.0069782869163078536 0.0088950000000000019 1.0000000180025095e-35
decision_type=2 2 2 2 2 2 2 2 2 2 2 2 2 2 2 2 2 2 2 2 2 2 2 2 2 2 2 2 2 2
left_child=1 3 -2 -1 5 6 17 13 18 -10 -11 12 -12 16 15 -14 23 19 21 -5 -20 -6 29 -8 26 -26 -25 -28 -29 -23
right_child=2 -3 -4 4 8 -7 7 -9 9 10 11 -13 14 -15 -16 -17 -18 -19 20 -21 -22 22 -24 24 25 -27 27 28 -30 -31
leaf_value=-0.036185109493779288 -0.0048689769649726076 0.019641610124056078 0.022506970692125781 -0.00077392292880590233 -0.028737020928168162 -0.12798171193733907 -0.02830608648485515 0.022009775469999455 -0.048385182792252873 0.018160250692037663 0.0085728752049248052 0.016946988534697484 -0.078155205122244095 -0.035584280850651913 -0.010817042191990291 0.0043523907769365206 -0.039272724194806589 0.026675028102287814 -0.062844507993591245 -0.050758126121202105 -0.0017582230757787736 0.006088100746776238 -0.062878356799841911 0.022577207859307495 -0.042109352972742167 0.013286361441505079 -0.045615335220186397 -0.044374485520559427 0.024890184197874182 -0.012553641014947039
leaf_weight=16.764125709152722 49.544519932940602 187.31687347497791 268.69085191749036 268.67816681427576 21.359480757822894 2.7119139265414551 14.974164569015555 308.77821583021432 43.262203152527945 132.39302275927912 18.522943401578232 19.366109239213984 33.93071077472996 15.750143612749524 13.16813337660278 5.4879842624068251 11.148525508418968 37.347922636574367 10.746230797150931 10.064867633947868 17.602609653025866 2084.4199981351712 4.5266996136560911 200.78297011261748 20.670259094738867 43.518833370588254 18.573735589088756 6.6628054143948239 48.538450038526207 69.363377793799373
leaf_count=6322 81 265 228 4425 31198 92 5518 298 2895 114 37 25 305 2514 68 7 1355 129 373 2030 38 21845 248 1771 371 63 1486 307 30 2075
internal_value=0.00653457 0.00551915 0.018243 0.00475774 0.00496517 0.00922033 0.00971716 0.0138002 0.0032282 -0.00771796 0.000357025 -0.0256081 -0.0372719 0.00709995 -0.0532787 -0.0668448 0.0090347 0.000796585 0.00455043 -0.00275375 -0.0262666 0.0049631 0.00530976 0.0106637 0.0124646 -0.00492456 0.0165331 1.67955e-06 0.0158891 0.00548219
internal_weight=4004.67 3686.43 318.235 3499.11 3482.35 1008.2 1005.49 689.398 2474.15 266.131 222.869 90.4759 71.1098 380.62 52.5868 39.4187 364.87 316.091 2208.02 278.743 28.3488 2179.67 2158.31 353.721 338.747 64.1891 274.558 73.775 55.2013 2153.78
internal_count=86513 86204 309 85939 79617 20389 20297 13713 59228 3451 556 442 417 13415 380 312 10901 6584 55777 6455 411 55366 24168 9546 4028 434 3594 1823 337 23920
is_linear=0
shrinkage=0.03


Tree=163
num_leaves=31
num_cat=0
split_feature=73 56 56 64 0 0 73 55 0 4 56 56 56 56 55 56 55 0 73 40 55 55 73 0 15 56 48 56 59 57
split_gain=60.3848 37.272 30.3492 26.7205 46.738 30.5899 23.4035 83.2999 44.9959 40.576 52.5038 60.5191 37.3361 99.1045 33.5425 52.2491 36.12 43.4763 29.997 29.73 29.3499 226.371 48.2479 47.3034 42.0127 38.2573 37.0274 35.972 50.9826 88.2743
threshold=0.89998500000000015 0.17581565966311982 0.0012507313961251478 1.0000000180025095e-35 8.0500000000000025 7.4500000000000011 0.025995000000000001 0.028894404390139527 5.5500000000000007 1.0000000180025095e-35 0.0028543105875636922 0.0016370956852815514 0.0039470903806293018 0.0070793993871210567 0.06386747763884322 0.095310720481565928 0.036496636214826468 9.7000000000000011 0.012195000000000003 1.0000000180025095e-35 0.02035367420542971 0.015677023898642627 0.12170000000000002 5.3500000000000005 1.0000000180025095e-35 0.026231540054596634 1.0000000180025095e-35 0.012841886520352541 1.0000000180025095e-35 51.500000000000007
decision_type=2 2 2 2 2 2 2 2 2 2 2 2 2 2 2 2 2 2 2 2 2 2 2 2 2 2 2 2 2 2
left_child=1 2 -1 6 5 -5 7 12 18 10 11 -8 -4 -14 15 16 20 -18 -9 -10 21 26 24 -23 -22 -26 27 28 -12 -30
right_child=-2 -3 3 4 -6 -7 9 8 19 -11 14 -13 13 -15 -16 -17 17 -19 -20 -21 22 23 -24 -25 25 -27 -28 -29 29 -31
leaf_value=-0.035223546311852677 0.018602066734531211 0.018338715571462712 0.014370695776430053 -0.05328010625826398 -0.064076807524584917 0.0069371868718985574 0.017939305330067858 0.018461400984262299 -0.041817895713941539 0.014523971082867492 0.0035030330877304028 -0.04572785982979366 -0.035685877705078785 0.0061246412961177129 0.018531920231506224 -0.035495961972116331 -0.0039611473429243564 -0.058300074615822539 -0.04717379344431389 0.014386563238585857 -0.037679937336044217 0.0027960094394921899 0.016739826159612368 -0.070044660058961275 -0.019665356760751197 0.01058876735492705 0.023394140840509239 0.012985160255069262 -0.035276554164084588 0.031204838542652442
leaf_weight=16.548309281670299 310.80705580674112 174.06777175999014 213.81283228043503 7.9222718075179719 12.506765638987416 49.989879728316737 19.962292878935841 28.809878213371121 72.016426654081442 421.09213012078544 712.9351407843551 37.505313235535141 61.659068919509082 273.79405116747512 155.13144133705646 28.575913095846772 70.37835825647926 15.375736587287973 6.9432034152196129 9.0870227098930609 23.055392946000211 9.686678172904065 422.13501635869034 43.729082823760109 47.013834014011081 173.11087461933494 95.163846219089464 291.9016220679041 74.426233740839052 22.747305452474393
leaf_count=6366 301 264 16868 348 365 645 175 672 2462 849 3916 910 30366 17293 123 77 149 77 304 33 191 33 356 436 470 178 118 284 1689 10
internal_value=0.00593561 0.00483446 0.00414137 0.00434324 -0.0138216 -0.00206499 0.00473139 -0.000297807 -0.0231863 0.0059886 0.00438032 -0.0236835 0.00460501 -0.0016437 0.0051288 0.00409604 0.0046787 -0.0142638 0.0047784 -0.0354221 0.00553355 0.00282128 0.0106199 -0.0570267 -2.86482e-05 0.00406743 0.00553696 0.00397509 0.00071654 -0.0195546
internal_weight=3901.89 3591.08 3417.02 3400.47 70.4189 57.9122 3330.05 666.122 116.857 2663.93 2242.83 57.4676 549.266 335.453 2185.37 2030.24 2001.66 85.7541 35.7531 81.1034 1915.91 1250.59 665.315 53.4158 243.18 220.125 1197.17 1102.01 810.109 97.1735
internal_count=86328 86027 85763 79397 1358 993 78039 67998 3471 10041 9192 1085 64527 47659 8107 7984 7907 226 976 2495 7681 6486 1195 469 839 648 6017 5899 5615 1699
is_linear=0
shrinkage=0.03


Tree=164
num_leaves=31
num_cat=0
split_feature=26 56 73 73 56 9 72 73 11 47 57 68 73 65 11 65 57 20 73 65 65 57 73 58 65 65 20 56 65 65
split_gain=63.6397 60.9671 60.8146 54.6979 37.2197 36.7812 83.171 107.016 121.36 57.9883 53.0555 44.616 37.1356 43.5806 43.9881 107.652 43.4143 64.8768 42.4673 46.5123 43.2743 40.2788 183.628 65.8475 48.6674 41.9513 67.0639 43.5027 37.8809 37.0779
threshold=1.0000000180025095e-35 0.0068179619555235353 0.0038850000000000004 0.89998500000000015 0.0013997099996706566 1.0000000180025095e-35 1.0000000180025095e-35 0.14175000000000001 1.0000000180025095e-35 1.0000000180025095e-35 7.5000000000000009 1.0000000180025095e-35 0.12170000000000002 272.50000000000006 1.0000000180025095e-35 348.50000000000006 2.5000000000000004 1.0000000180025095e-35 0.022535000000000003 413.50000000000006 150.50000000000003 1.5000000000000002 0.060315000000000007 1.0000000180025095e-35 448.50000000000006 697.50000000000011 1.0000000180025095e-35 0.0058227935986299309 428.50000000000006 780.50000000000011
decision_type=2 2 2 2 2 2 2 2 2 2 2 2 2 2 2 2 2 2 2 2 2 2 2 2 2 2 2 2 2 2
left_child=2 -2 -1 4 -4 6 12 -8 -9 11 -10 -7 16 -14 -15 -16 21 18 19 -18 -20 22 25 24 -23 26 27 -6 -29 -24
right_child=1 -3 3 -5 5 9 7 8 10 -11 -12 -13 13 14 15 -17 17 -19 20 -21 -22 23 29 -25 -26 -27 -28 28 -30 -31
leaf_value=-0.030880813452953824 -0.060723065155228524 -0.0039605570748710911 -0.036348177757388314 0.018896258310449946 -0.032702835902863908 0.011542562725446518 -0.090670910789974427 0.018507369604317772 -0.086791893624637573 -0.072252613041106306 0.0075094758017109258 -0.068742523538439418 0.012798143504523254 0.012903365146934105 -0.048095772871372844 0.002037254138875177 -0.039524797561384072 -0.04898763693292614 -0.063429536263194378 0.022208745394516147 0.0044139598163569806 0.019725032452505752 -0.063117084416318858 -0.043697753916015526 -0.032331761237619751 0.020366758565942052 -0.043412541266609518 0.012594218004519568 -0.045781869000246819 0.020732582981006605
leaf_weight=38.182580548211263 22.814650488270672 60.327675023381744 17.933770694540726 303.31643331749365 23.807357917839909 1047.5276676361536 16.590779093665333 50.527108821101137 18.156266362610044 6.5864447464482501 7.2521398402750483 5.2861122834146945 767.38318344137951 169.18632222054293 45.516282924974803 224.65649922710145 48.029906527535786 30.796408644851908 7.7863980161018835 13.444143333334067 228.53718437525094 268.63309256470893 44.791827616099908 16.312975504222777 16.309143311780645 123.77036214703912 28.531415843401192 184.52444074547202 9.6040408172375447 4.8203140012919894
leaf_count=15060 2947 1297 5889 296 5636 15038 376 44 142 192 11 104 1035 203 215 435 4184 4140 309 1383 1714 6085 434 3984 1489 1371 5531 6014 643 7
internal_value=0.00573966 -0.020073 0.00631443 0.0067034 0.00561882 0.00585023 0.00375459 -0.0239717 -0.00840975 0.0104889 -0.060611 0.0110746 0.00490163 0.00848885 0.000950268 -0.00655492 0.000773586 -0.00824921 -0.00388644 -0.0258845 0.0019208 0.00489084 -0.00111833 0.0132416 0.0166428 0.0061926 -0.000978886 0.0047493 0.00948638 -0.0547216
internal_weight=3850.94 83.1423 3767.8 3729.62 3426.3 3408.37 2348.97 92.5263 75.9355 1059.4 25.4084 1052.81 2256.44 1206.74 439.359 270.173 1049.7 328.594 297.798 61.474 236.324 721.105 419.85 301.255 284.942 370.238 246.467 217.936 194.128 49.6121
internal_count=86208 4244 81964 66904 66608 60719 45385 573 197 15334 153 15142 44812 1888 853 650 42924 11730 7590 5567 2023 31194 19636 11558 7574 19195 17824 12293 6657 441
is_linear=0
shrinkage=0.03


Tree=165
num_leaves=31
num_cat=0
split_feature=73 60 73 55 55 57 57 65 65 56 9 55 55 0 56 56 72 4 17 65 0 56 73 73 32 58 0 0 55 73
split_gain=69.718 34.1624 56.0432 50.2906 63.7273 55.9904 75.6863 39.5872 41.1445 34.9058 37.0434 26.4533 55.1038 48.6616 29.2383 130.503 53.9708 99.1243 53.9226 55.1037 44.336 42.2261 61.7389 47.8024 47.3573 65.231 44.3188 110.43 65.8825 48.4615
threshold=0.89998500000000015 1.5000000000000002 0.021455000000000005 0.021143348457428057 0.012889886427373445 5.5000000000000009 28.500000000000004 140.50000000000003 364.50000000000006 0.047449099905198626 1.0000000180025095e-35 0.00095627457833280299 0.0021089081406406199 9.8500000000000032 0.0039470903806293018 0.0046000212550423832 1.0000000180025095e-35 1.0000000180025095e-35 1.0000000180025095e-35 576.50000000000011 8.9500000000000011 0.0064496039836892472 0.104785 0.42477500000000007 1.0000000180025095e-35 1.5000000000000002 7.7500000000000009 7.3500000000000005 0.033760440240409986 0.017695000000000006
decision_type=2 2 2 2 2 2 2 2 2 2 2 2 2 2 2 2 2 2 2 2 2 2 2 2 2 2 2 2 2 2
left_child=1 11 7 4 5 -4 -7 -3 9 -9 -11 -1 13 -13 20 -16 21 18 19 -18 -14 22 -17 24 25 26 27 -23 -29 -28
right_child=-2 2 3 -5 -6 6 -8 8 -10 10 -12 12 14 -15 15 16 17 -19 -20 -21 -22 23 -24 -25 -26 -27 29 28 -30 -31
leaf_value=0.017734359019562589 0.019958083047311517 0.026036551463214517 0.012938678457014935 0.02014279850985181 -0.055435475629569103 -0.07261465967933875 0.028589299959446528 -0.041323762642413296 0.014645412237703163 -0.038825929609150926 0.025654441745014137 -0.044322385617596279 0.013248893200978431 0.024989105831485302 -0.060591088717186832 -0.037385374682278975 -0.078955698265525259 0.018209052659596225 0.011583294810811278 0.012167815025397483 -0.015758953491157742 0.0040042194207212129 -0.00017017782546041157 0.013506180676154582 -0.025182281120339468 -0.043402930618280371 -0.014069952749246863 -0.056597537045365021 0.0023119178191587189 0.01071790232444883
leaf_weight=110.60160123836249 302.87084887735546 25.590633821688243 180.23566983459023 429.17752816760913 14.865183502202852 15.875576639838984 10.263631598616483 49.300079508589988 30.448946106735093 12.614309004507961 18.510156792704947 37.912718446834333 430.7154657830597 11.186696370947173 28.652460538640298 49.834654259035233 32.504212550749799 34.691401962132659 10.779266508034196 6.9701093710027626 52.424303932144539 315.36415474050591 190.38893786263361 474.8632105095312 52.73313588975725 25.057104835788778 77.362779888218938 48.661665124585852 25.931774850112561 766.10887689414449
leaf_count=6929 287 618 471 361 90 297 5 5493 1157 214 25 8777 14493 92 3785 13348 519 66 55 15 1671 11802 492 434 722 1228 7094 3184 172 2632
internal_value=0.00616076 0.00498484 0.0105007 0.0141646 0.00252907 0.00695145 -0.0332874 -0.00693813 -0.0147137 -0.0258725 -0.000873665 0.0034219 0.00282309 -0.028347 0.00341713 0.00190987 0.00278637 -0.0205017 -0.0470587 -0.0629626 0.0100753 0.00377227 -0.00801349 0.00536102 0.00240317 0.00357813 0.00456694 -0.00378985 -0.0363585 0.0084304
internal_weight=3872.5 3569.63 786.882 650.418 221.24 206.375 26.1392 136.464 110.873 80.4245 31.1245 2782.74 2672.14 49.0994 2623.04 2139.9 2111.25 84.945 50.2536 39.4743 483.14 2026.31 240.224 1786.08 1311.22 1258.49 1233.43 389.958 74.5934 843.472
internal_count=86528 86241 8731 1224 863 773 302 7507 6889 5732 239 77510 70581 8869 61712 45548 41763 655 589 534 16164 41108 13840 27268 26834 26112 24884 15158 3356 9726
is_linear=0
shrinkage=0.03


Tree=166
num_leaves=31
num_cat=0
split_feature=73 73 58 55 71 30 58 60 55 32 8 65 55 55 57 55 55 55 55 36 35 3 55 73 55 73 55 55 59 65
split_gain=93.339 51.0998 38.4715 61.1026 38.2853 34.4031 38.0774 26.9259 41.3753 52.263 94.1089 51.4039 43.1883 39.8232 82.9973 42.4519 39.3941 47.4348 100.269 56.8019 50.4885 46.6841 49.7236 42.8535 51.3571 40.4488 39.3923 38.5975 37.1726 77.011
threshold=0.0051650000000000003 0.77983000000000013 1.0000000180025095e-35 0.005786946757218134 1.0000000180025095e-35 1.0000000180025095e-35 1.0000000180025095e-35 1.5000000000000002 0.0037420077390576084 1.0000000180025095e-35 1.0000000180025095e-35 410.50000000000006 0.0072480298081758826 0.021765767382888639 5.5000000000000009 0.015677023898642627 0.0055825586881825175 0.014255165993021049 0.02035367420542971 1.0000000180025095e-35 1.0000000180025095e-35 1.0000000180025095e-35 0.026100508894705211 0.017965000000000005 0.028894404390139527 0.66771000000000014 0.007222384741534674 0.0053182043232061528 1.0000000180025095e-35 267.50000000000006
decision_type=2 2 2 2 2 2 2 2 2 2 2 2 2 2 2 2 2 2 2 2 2 2 2 2 2 2 2 2 2 2
left_child=-1 5 3 4 -3 7 -7 8 11 16 12 -2 -11 14 15 -9 25 -18 19 -19 21 23 -23 24 -20 27 -16 -10 29 -15
right_child=1 2 -4 -5 -6 6 -8 13 9 10 -12 -13 -14 28 26 -17 17 18 20 -21 -22 22 -24 -25 -26 -27 -28 -29 -30 -31
leaf_value=-0.028328621269072738 0.016210630595809659 -0.062640873281058218 0.019618282937147218 0.010680831248907903 0.002928690254097561 -0.0015923487766143054 -0.046748927318336846 0.0098185462989294498 -0.0022791773154613388 -0.057535299487693779 -0.075491706931780131 -0.039250967436315641 0.0045066392680289868 -0.010293869630551667 -0.021838922024377566 -0.066925944222491554 0.0099671211049593162 -0.055922195695111476 0.014837139027103695 0.02505134127277801 -0.071572518421462977 0.016594000086656926 -0.12784277695378823 0.0057837314811025053 -0.038041575570947304 -0.077364175084756417 -0.096684770088167657 -0.052152014240265075 0.028190295263826208 0.01949137976636638
leaf_weight=69.522731671604561 320.33125191471299 17.346993753686547 415.52671680692583 178.02409802842885 14.078507866710426 61.955536733668851 22.100351913977647 189.44013201246707 136.42133553052281 10.7190061310539 19.82263750169659 14.845182869077687 72.232137599377893 113.78259456562228 21.367764940674537 5.7252583277877411 816.5428770059807 40.561443360762496 25.498115417300141 8.9817578655784001 7.2239756489361744 3.4029057947191168 3.990418084205885 791.84513559908373 43.821913478834176 6.8472429607063523 8.5430011310963874 14.573091565764114 141.82024673098931 244.74454289546702
leaf_count=22770 13988 69 345 186 20 1153 913 4319 7423 224 535 3293 319 704 523 83 19290 1200 710 14 146 18 148 2994 2821 40 276 1467 118 476
internal_value=0.00587529 0.00651303 0.0143433 0.00383472 -0.0340816 0.00495399 -0.0138752 0.00547505 0.0039052 0.00226899 -0.0184648 0.0136448 -0.00410031 0.0105215 3.80414e-05 0.00723752 0.00339981 0.00470175 4.96315e-05 -0.0410372 0.00241807 0.00311507 -0.0673067 0.00379703 -0.0186567 -0.0109069 -0.0456524 -0.00740406 0.0152279 0.0100364
internal_weight=3841.64 3772.12 624.976 209.45 31.4255 3147.14 84.0559 3063.08 2337.66 2002.48 102.774 335.176 82.9511 725.424 225.076 195.165 1899.71 1741.87 925.326 49.5432 875.782 868.558 7.39332 861.165 69.32 157.842 29.9108 150.994 500.347 358.527
internal_count=86585 63815 620 275 89 63195 2066 61129 54630 37349 1078 17281 543 6499 5201 4402 36271 27341 8051 1214 6837 6691 166 6525 3531 8930 799 8890 1298 1180
is_linear=0
shrinkage=0.03


Tree=167
num_leaves=31
num_cat=0
split_feature=73 0 73 32 29 55 65 54 56 67 65 60 57 55 57 56 57 55 73 57 0 73 40 55 25 65 22 0 57 0
split_gain=69.849 41.7338 51.9486 66.9937 50.5719 40.1799 40.4005 55.8052 55.2774 62.9179 52.6057 48.5409 42.8207 40.2778 38.4128 65.8038 101.964 35.7084 33.5105 65.3714 39.7044 92.7467 38.6962 44.1749 36.1831 34.6755 49.9916 34.3681 34.2725 34.3508
threshold=0.89998500000000015 9.7000000000000011 0.53825500000000015 1.0000000180025095e-35 1.0000000180025095e-35 0.077177660430596665 182.50000000000003 1.0000000180025095e-35 0.05207135636207947 1.0000000180025095e-35 290.50000000000006 1.5000000000000002 13.500000000000002 0.011945845925157792 1.5000000000000002 0.0072401483730347776 3.5000000000000004 0.013997073386456787 0.028455000000000005 3.5000000000000004 6.4500000000000011 0.0069850000000000008 1.0000000180025095e-35 0.034261678046376622 1.0000000180025095e-35 364.50000000000006 1.0000000180025095e-35 7.4500000000000011 1.5000000000000002 7.8500000000000005
decision_type=2 2 2 2 2 2 2 2 2 2 2 2 2 2 2 2 2 2 2 2 2 2 2 2 2 2 2 2 2 2
left_child=1 18 3 4 5 6 11 8 9 12 -9 -3 -8 -11 -4 16 -16 -12 19 20 -1 -22 23 24 27 26 -21 -23 29 -29
right_child=-2 2 14 -5 -6 -7 7 10 -10 13 17 -13 -14 -15 15 -17 -18 -19 -20 25 21 22 -24 -25 -26 -27 -28 28 -30 -31
leaf_value=0.015266360972342774 0.019181630218011288 -0.053366185213246514 0.020668355924446321 -0.064094431481964226 0.03578808153502433 0.017653323586836762 -0.052715032543104584 0.020512263960478234 0.013800356689584296 0.0021917494368570421 -0.056020590902403765 0.0036917705580437519 0.018691032461790463 -0.066634052450788919 -0.078546199423304847 0.013861750962069064 0.00050172353084750629 0.0062255905215285205 0.0082113356293124894 -0.04215485773084969 -0.036154572105408678 -0.031827199770064041 0.029210164952044506 -0.050812394793458726 0.019837692262496032 0.0088446718484888609 0.027717772267053787 0.014389922667104383 -0.018568767270420131 -0.035568919279684148
leaf_weight=199.45476104925001 319.23891153791919 38.672938603456714 124.42495356872678 17.443644227176264 23.977270946576027 47.089909725822508 66.724678841550485 89.051801743742544 39.762292962172069 65.479630735353567 14.985627050678888 20.091754978268 8.0059461528289813 7.6570248126226934 20.271845083683729 103.01246505603194 47.395232239738107 16.867786659568083 2040.5655620501839 62.911589017247024 57.109233256516745 31.233806100150105 48.821520268364111 13.273735055670839 83.923615423824231 24.095546036754968 10.057008385076186 125.19291135648746 53.297628856555093 12.779367864892263
leaf_count=25403 315 3997 75 648 9 58 3806 834 46 641 778 208 38 105 103 86 69 78 7403 5115 14061 4804 250 445 1719 2684 154 3708 6057 2925
internal_value=0.0057665 0.00454253 -0.001727 -0.0080693 -0.00569912 -0.00818001 -0.0115309 -0.0071317 -0.0173376 -0.0257473 0.0087189 -0.0341226 -0.0449195 -0.00581556 0.00806331 -0.00119261 -0.0239786 -0.0238723 0.00624662 0.000691269 0.00425762 -0.000924864 0.00461768 0.000782795 0.00317579 -0.022085 -0.03228 -0.00316936 0.00165158 0.00953995
internal_weight=3832.87 3513.63 750.915 455.81 438.367 414.389 367.299 308.535 187.63 147.867 120.905 58.7647 74.7306 73.1367 295.104 170.68 67.6671 31.8534 2762.72 722.151 625.087 425.632 368.523 319.701 306.427 97.0641 72.9686 222.504 191.27 137.972
internal_count=86622 86307 11579 11246 10598 10589 10531 6326 4636 4590 1690 4205 3844 746 333 258 172 856 74728 67325 59372 33969 19908 19658 19213 7953 5269 17494 12690 6633
is_linear=0
shrinkage=0.03


Tree=168
num_leaves=31
num_cat=0
split_feature=60 65 73 65 10 54 73 65 0 57 73 58 73 4 11 60 65 73 56 10 56 56 65 65 73 73 65 73 65 65
split_gain=50.34 74.1165 49.1021 47.7776 55.3798 40.8948 80.3789 48.4241 35.8342 51.6473 41.3248 60.5968 31.8003 28.2365 42.0793 39.1935 45.9683 36.6724 34.3645 84.6147 47.0188 122.118 40.7485 64.8021 68.1376 32.706 28.8498 50.4379 27.4712 25.6073
threshold=1.0000000180025095e-35 94.500000000000014 0.89998500000000015 199.50000000000003 1.0000000180025095e-35 1.0000000180025095e-35 0.12170000000000002 255.50000000000003 9.7000000000000011 2.5000000000000004 0.66771000000000014 1.0000000180025095e-35 0.66771000000000014 1.0000000180025095e-35 1.0000000180025095e-35 1.5000000000000002 344.50000000000006 0.022145000000000001 0.0028543105875636922 1.0000000180025095e-35 0.0039470903806293018 0.0047920786754938865 160.50000000000003 74.500000000000014 0.073035000000000017 0.42477500000000007 302.50000000000006 0.027775000000000005 407.50000000000006 51.500000000000007
decision_type=2 2 2 2 2 2 2 2 2 2 2 2 2 2 2 2 2 2 2 2 2 2 2 2 2 2 2 2 2 2
left_child=1 -1 13 -3 5 6 -5 -7 9 12 11 -10 -8 18 15 16 25 28 19 29 -20 -22 23 -23 -25 -15 27 -17 -16 -2
right_child=2 3 -4 4 -6 7 8 -9 10 -11 -12 -13 -14 14 17 26 -18 -19 20 -21 21 22 -24 24 -26 -27 -28 -29 -30 -31
leaf_value=-0.05456589666469646 0.018488157129446466 0.010631148482862767 0.021381217601339157 -0.042754851396785129 -0.06285197356759005 -0.047092775670569291 -0.061880608221142587 0.015882012135218317 -0.00081179374435430183 0.014476415009128309 0.0021701197291110327 -0.068778909292313672 -0.002242245517353404 -0.012407588301593405 0.010295945407485725 -0.039573430869182379 -0.047663139686679894 0.02271969108292959 0.018968726888058181 0.019386630398397192 -0.061123624173796007 0.0085223288836966168 0.007239642493529987 -0.06201607544409074 -0.008954956009592948 0.024296579799440131 0.023536751006648898 0.015764090116674873 -0.034086481521850745 -0.049779587862024639
leaf_weight=20.954495149404465 5.1227046325220718 301.70140646519212 236.28918791096658 51.35718636990714 13.267155127614386 11.036755768192959 12.892690649794529 129.12097292033286 22.445980101590976 135.40210820396896 51.449093711562455 23.9615074172616 19.310032049193978 75.334711754832824 337.86545269413909 21.474354908888927 23.385929300511634 322.94102283118991 217.54775557323228 36.705994430039937 24.407670610573405 130.02825765140733 1338.8941821572625 28.09788048012706 88.42139958118787 29.616552427411079 83.539522011589725 42.573549150023609 12.075421161061966 38.916148402990075
leaf_count=3439 59 14982 226 12757 1799 1525 125 4295 55 186 67 171 38 2195 8009 625 1622 298 3027 1103 2666 605 15290 2391 192 14 231 39 1659 6828
internal_value=0.00653225 -0.000211689 0.00826046 0.00133245 -0.00464337 -0.00281988 -0.00878229 0.0106246 -0.00207404 0.00634255 -0.016408 -0.0366157 -0.0272637 0.00716818 0.0113969 0.00152292 -0.0105582 0.0154375 0.00506063 -0.0139803 0.00590916 0.00413366 0.00517619 -0.00601353 -0.0221691 -0.00191836 0.0120286 -0.00311294 0.00867167 -0.0416043
internal_weight=3886.14 792.899 3093.24 771.945 470.243 456.976 316.819 140.158 265.461 167.605 97.8566 46.4075 32.2027 2856.95 948.807 275.925 128.337 672.882 1908.14 80.7448 1827.4 1609.85 1585.44 246.548 116.519 104.951 147.587 64.0479 349.941 44.0389
internal_count=86518 39439 47079 36000 21018 19219 13399 5820 642 349 293 226 163 46853 14692 4726 3831 9966 32161 7990 24171 21144 18478 3188 2583 2209 895 664 9668 6887
is_linear=0
shrinkage=0.03


Tree=169
num_leaves=31
num_cat=0
split_feature=73 15 60 57 66 54 27 73 40 66 54 67 48 27 48 70 73 58 47 57 72 41 70 57 58 2 47 73 67 73
split_gain=54.8373 39.5303 27.0383 49.1967 36.581 32.0903 42.6023 30.2575 29.3278 29.9581 133.171 86.913 70.3502 54.1246 38.2104 35.6524 27.3034 70.5204 26.8098 31.367 26.4176 26.1413 25.5323 26.5195 25.067 21.4851 21.3205 19.1082 18.9162 37.5212
threshold=0.77983000000000013 1.0000000180025095e-35 1.5000000000000002 5.5000000000000009 1.0000000180025095e-35 1.0000000180025095e-35 1.0000000180025095e-35 0.0079950000000000021 1.0000000180025095e-35 1.0000000180025095e-35 1.0000000180025095e-35 1.0000000180025095e-35 1.0000000180025095e-35 1.0000000180025095e-35 1.0000000180025095e-35 1.0000000180025095e-35 0.24908000000000002 1.0000000180025095e-35 1.0000000180025095e-35 2.5000000000000004 1.0000000180025095e-35 1.0000000180025095e-35 1.0000000180025095e-35 4.5000000000000009 1.0000000180025095e-35 1.0000000180025095e-35 1.0000000180025095e-35 0.0026450000000000002 1.0000000180025095e-35 0.42477500000000007
decision_type=2 2 2 2 2 2 2 2 2 2 2 2 2 2 2 2 2 2 2 2 2 2 2 2 2 2 2 2 2 2
left_child=2 -2 8 7 5 6 -5 -4 9 12 14 22 13 15 16 26 17 18 19 25 28 -17 23 -12 -3 -11 27 -1 -9 -30
right_child=1 24 3 4 -6 -7 -8 20 -10 10 11 -13 -14 -15 -16 21 -18 -19 -20 -21 -22 -23 -24 -25 -26 -27 -28 -29 29 -31
leaf_value=-0.02811132819411075 -0.0069977593427615241 0.0066130610555980227 -0.034060552143569955 -0.073703709688097044 0.0060977038218004162 -0.0025991757501073517 0.011256762084913826 0.016231939075317586 0.020432842224320215 0.0068030594360018026 -0.060152733372193831 0.016562925887070347 -0.077271758678148575 -0.049303606717223433 0.019572943980028717 -0.060094458338483071 0.0063577011491882671 -0.049773831894587443 0.022149966225143317 -0.052423933457346306 -0.021189195265924977 0.019140737159182367 0.020632267513432095 -0.0062391901471010539 0.020940223441058711 -0.011777895806899401 -0.056666904194497242 0.0063966106829856989 -0.060020600899405162 0.01678466954982966
leaf_weight=13.607295033732951 70.484330771490932 155.82981553860009 11.153864016952864 18.25928963662955 66.97174649804947 24.161336893077532 7.0031626849231534 533.12746167890873 80.469855526003812 103.9443018786842 65.014424031600356 22.64988083067874 8.4391223987622634 15.434454457546961 95.733683400947484 11.634987928668126 254.04858915321529 30.08705289365389 34.810509202892717 11.268991025794092 17.836539126583375 4.7614623563567866 3.9417596012935965 9.6598607670894108 382.15467062755488 119.23631125107204 3.8970538745707008 1573.0428385030755 7.9525178620970118 15.033672885969281
leaf_count=6564 121 191 3416 598 252 496 59 3557 756 1753 2289 89 390 2601 251 643 337 2260 217 440 47 23 6 102 301 2249 221 55828 220 10
internal_value=0.00580402 0.0140454 0.00421477 0.00940683 -0.00835056 -0.0276614 -0.0506195 0.0129475 0.00273198 0.00212548 -0.00283259 -0.0346527 0.0044072 0.0048794 0.00217709 0.00543016 -0.000862154 -0.00699024 -0.00204313 -0.00571408 0.0139187 -0.0373073 -0.049431 -0.0533531 0.0168103 -0.00313224 0.00589389 0.00608315 0.0150808 -0.0111821
internal_weight=3771.65 608.469 3163.18 701.5 116.396 49.4238 25.2625 585.104 2461.68 2381.21 750.395 101.266 1630.82 1622.38 649.129 1606.94 553.396 299.347 269.26 234.45 573.95 16.3965 78.616 74.6743 537.984 223.181 1590.55 1586.65 556.114 22.9862
internal_count=86287 613 85674 8655 1405 1153 657 7250 77019 76263 9993 2486 66270 65880 7507 63279 7256 6919 4659 4442 3834 666 2397 2391 492 4002 62613 62392 3787 230
is_linear=0
shrinkage=0.03


Tree=170
num_leaves=31
num_cat=0
split_feature=73 26 73 55 55 55 44 56 73 4 11 65 73 65 61 65 59 56 0 55 65 55 55 65 0 56 55 56 73 73
split_gain=44.3835 32.7176 51.7595 40.2901 54.2873 31.6628 31.7092 30.4469 25.0465 21.7213 49.0648 31.8568 55.3857 58.0084 49.6025 41.743 46.363 94.516 53.2562 57.3276 49.9151 74.6055 44.3327 72.2535 40.1686 55.558 39.2978 38.7533 33.4388 30.0738
threshold=0.89998500000000015 1.0000000180025095e-35 0.048815000000000004 0.003521635503638119 0.068361472679930133 0.000661284296626267 1.0000000180025095e-35 0.0047237969248847241 0.043455000000000008 1.0000000180025095e-35 1.0000000180025095e-35 182.50000000000003 0.055750000000000001 86.500000000000014 1.0000000180025095e-35 199.50000000000003 1.0000000180025095e-35 0.0063783844441154579 7.2500000000000009 0.0047272201521743754 223.50000000000003 0.0068988356286288468 0.031781826281211616 205.50000000000003 9.5000000000000018 0.047574675621158906 0.0057592837274565859 0.071706371629366064 0.027775000000000005 0.060315000000000007
decision_type=2 2 2 2 2 2 2 2 2 2 2 2 2 2 2 2 2 2 2 2 2 2 2 2 2 2 2 2 2 2
left_child=1 5 8 -4 -5 -1 9 -2 -3 11 -11 12 13 -7 15 26 20 -18 -19 -20 21 -17 23 -21 25 -23 -13 -16 -15 -12
right_child=7 2 3 4 -6 6 -8 -9 -10 10 29 14 -14 28 27 16 17 18 19 22 -22 24 -24 -25 -26 -27 -28 -29 -30 -31
leaf_value=-0.034180707638412119 -0.0061058628461111118 -0.037034025450441925 0.0040813871890901321 -0.07283739843683916 0.014620918720942898 0.0013512281381865044 -0.048312093273081849 0.021533500145196959 0.028898452694745339 -0.0013312020079993144 0.0096450453269008671 -0.04704332717909511 0.0019552793800493434 -0.019890048439078767 -0.069425505699459378 -0.073634563027338035 -0.042596246733228642 0.016748581609144612 0.020894242666000297 0.0213365012043574 0.0086429283600465683 -0.076362266360112618 -0.0026447875438525463 -0.059080342317343361 0.014000080531532583 -7.9115837064510822e-05 0.019564569540062384 0.025332174286089384 -0.06810602314649028 0.024012470627974018
leaf_weight=17.582484765025583 42.229046945692971 5.5609740246009123 17.518837550975149 24.998267757553549 8.0749173401854915 48.135204051410255 8.981791668054937 223.64533792063594 25.117649581487058 286.88469217737656 497.75428283875954 7.3140194532534215 434.88589942763065 27.588345602429399 12.660144668410796 14.509392312005728 51.913640976059469 113.58427868453145 38.305045977765985 12.580483242156332 1157.5528035270963 12.018443025448503 57.050520536817203 41.697988249725313 54.054992490600853 25.282212666235864 243.05508956066842 4.8231552839279166 25.524634309886096 178.50558029860258
leaf_count=5651 73 3920 96 257 7 2864 729 218 32 6772 11345 1545 1201 13334 278 2101 6252 1888 386 49 21768 989 199 1529 242 74 1615 2 950 140
internal_value=0.00534687 0.00443448 -0.0142651 -0.0326675 -0.0516818 0.00488923 0.00510413 0.0171371 0.0161554 0.00526192 0.00906259 0.00372234 -0.0027115 -0.0225796 0.00559097 0.00608203 0.00427078 -0.00600993 0.00133976 -0.0103903 0.0068378 -0.012796 -0.0212446 -0.0403928 -0.00244081 -0.0260099 0.0174393 -0.0433283 -0.0438917 0.0134673
internal_weight=3719.39 3453.52 81.2706 50.592 33.0732 3372.25 3354.66 265.874 30.6786 3345.68 963.145 2382.54 536.134 101.248 1846.4 1828.92 1578.55 315.132 263.218 149.634 1263.42 105.865 111.329 54.2785 91.3556 37.3007 250.369 17.4833 53.113 676.26
internal_count=86506 86215 4312 360 264 81903 76252 291 3952 75523 18257 57266 18349 17148 38917 38637 35477 10303 4051 2163 25174 3406 1777 1578 1305 1063 3160 280 14284 11485
is_linear=0
shrinkage=0.03


Tree=171
num_leaves=31
num_cat=0
split_feature=73 55 0 55 42 71 48 29 57 73 47 65 65 50 50 73 73 65 24 57 24 55 65 0 0 73 0 57 65 65
split_gain=46.9113 32.7099 46.7741 62.9879 52.6944 51.9867 48.7618 55.2375 60.5063 66.1276 67.7966 64.1806 47.389 34.4866 30.5578 45.7011 40.8522 46.0584 26.4516 49.4293 25.1608 27.978 38.0785 24.2225 26.5949 27.0985 61.7227 37.9615 57.2697 38.3448
threshold=0.66771000000000014 0.06386747763884322 9.7000000000000011 0.036496636214826468 1.0000000180025095e-35 1.0000000180025095e-35 1.0000000180025095e-35 1.0000000180025095e-35 3.5000000000000004 0.53825500000000015 1.0000000180025095e-35 251.50000000000003 350.50000000000006 1.0000000180025095e-35 1.0000000180025095e-35 0.32766500000000004 0.24908000000000002 1868.5000000000002 1.0000000180025095e-35 5.5000000000000009 1.0000000180025095e-35 0.028776686551824315 196.50000000000003 9.5000000000000018 9.0500000000000025 0.029175000000000003 6.4500000000000011 3.5000000000000004 350.50000000000006 288.50000000000006
decision_type=2 2 2 2 2 2 2 2 2 2 2 2 2 2 2 2 2 2 2 2 2 2 2 2 2 2 2 2 2 2
left_child=1 2 13 5 -5 6 7 8 9 10 11 -4 -10 20 15 16 17 -13 -2 -20 23 -22 -23 24 25 26 -1 29 -29 -28
right_child=18 -3 3 4 -6 -7 -8 -9 12 -11 -12 14 -14 -15 -16 -17 -18 -19 19 -21 21 22 -24 -25 -26 -27 27 28 -30 -31
leaf_value=0.014143696972286499 0.013149671644897143 0.015940733082827747 -0.055588151399655672 -0.10510705920232885 0.011537985937319308 -0.059500301344380425 0.020555436318496406 0.037178254379742051 0.016258938606655667 0.012171166369524197 0.025088643710038373 -0.037818393790491213 -0.053072170800157387 -0.059949829030552397 0.028445521034212242 -0.076776731787670277 0.013439007076339864 0.028769584986921965 -0.045281559909693285 0.02296141185566359 -0.048463256926026814 -0.083896126918866623 0.016460100054622836 0.026085223050467187 -0.026715958932277812 0.0075911625711369739 0.004595834758362608 -0.042378597117477546 0.010835028320356399 -0.015630714606381938
leaf_weight=201.99072711341796 772.84551782347262 186.53917841851944 60.175732621413772 9.1245723917745618 5.0376816052012137 13.45387374362326 73.366516712339944 24.068018168502022 97.815775426774053 55.727663207799196 21.445250950178888 60.467082160335849 8.7736213540338195 6.3825102210612377 10.871863712018238 11.467233620584009 30.047678602859378 10.267268169322049 18.912859754636884 17.485886780545115 15.495131096717158 2.9901784134999643 22.128507251243718 49.106630584632512 22.604315994929493 1475.1677158207494 267.34682843468909 52.569366229821753 27.048878578629228 122.04336643057832
leaf_count=17521 837 519 5677 157 10 224 270 9 666 62 210 3494 360 496 31 61 30 8 76 8 11261 147 259 122 1060 5981 19825 3187 1388 12387
internal_value=0.00557663 0.00381548 0.0029896 -0.00538564 -0.0655906 -0.00346847 -0.00172119 -0.00594154 -0.00886223 -0.0166358 -0.0244977 -0.0304038 0.0101119 0.00481094 -0.0177462 -0.0224317 -0.0155546 -0.0278867 0.01197 -0.0127604 0.00502041 -0.0181063 0.00175878 0.00545187 0.00497287 0.00531892 0.000319609 -0.00565152 -0.0243901 -0.00176741
internal_weight=3752.77 2943.52 2756.98 492.11 14.1623 477.948 464.494 391.127 367.059 260.47 204.742 183.297 106.589 2264.87 123.121 112.249 100.782 70.7344 809.244 36.3987 2258.49 40.6138 25.1187 2217.88 2168.77 2146.17 670.999 469.008 79.6182 389.39
internal_count=86343 85422 84903 11269 167 11102 10878 10608 10599 9573 9511 9301 1026 73634 3624 3593 3532 3502 921 84 73138 11667 406 61471 61349 60289 54308 36787 4575 32212
is_linear=0
shrinkage=0.03


Tree=172
num_leaves=31
num_cat=0
split_feature=73 62 57 55 73 65 0 39 64 0 32 73 20 13 55 30 20 57 60 65 31 58 65 0 24 0 65 55 73 9
split_gain=52.5454 45.9131 79.6304 95.6655 72.9947 42.2878 33.0669 32.1878 29.4952 32.8752 32.1684 82.5997 46.7912 48.2772 33.0037 25.86 27.0282 55.9395 79.8267 52.2038 41.8332 36.4253 33.4214 30.3633 48.4763 26.9305 25.0741 50.4642 24.8052 26.5484
threshold=0.89998500000000015 1.0000000180025095e-35 2.5000000000000004 0.061506534462757854 0.16886000000000004 410.50000000000006 9.0500000000000025 1.0000000180025095e-35 1.0000000180025095e-35 8.0500000000000025 1.0000000180025095e-35 0.42477500000000007 1.0000000180025095e-35 1.0000000180025095e-35 0.034261678046376622 1.0000000180025095e-35 1.0000000180025095e-35 2.5000000000000004 2.5000000000000004 196.50000000000003 1.0000000180025095e-35 1.0000000180025095e-35 130.50000000000003 5.4500000000000011 1.0000000180025095e-35 8.9500000000000011 348.50000000000006 0.034771930691627664 0.0036250000000000002 1.0000000180025095e-35
decision_type=2 2 2 2 2 2 2 2 2 2 2 2 2 2 2 2 2 2 2 2 2 2 2 2 2 2 2 2 2 2
left_child=1 8 3 -3 7 6 -6 -4 10 -10 15 12 13 -12 -15 16 23 19 -19 20 22 -21 -18 24 -1 -17 27 -8 -25 -30
right_child=-2 2 4 -5 5 -7 26 -9 9 -11 11 -13 -14 14 -16 25 17 18 -20 21 -22 -23 -24 28 -26 -27 -28 -29 29 -31
leaf_value=0.026456719803194688 0.017029892304273292 -0.054668031984021766 -0.044477213365895003 0.025885429142997993 0.018940473614859805 -0.020446848732503065 -0.063781072133033995 0.020576535761606601 -0.0045845767713839228 -0.059983842064141535 0.018906134102854869 0.0099612360402878131 0.027595899333160007 -0.05375874493946535 -0.15491480366339125 -0.0033569870943722584 -0.011525177232898977 -0.045857137185717406 0.012447841937272788 0.013813406754745598 0.028269216408412852 -0.048147840582038026 -0.060309735480802207 -0.028864876640640441 -0.033895606937884494 -0.052298831802426018 0.018785662665921066 0.019152745880844632 0.0050428707751708855 0.012334777903010293
leaf_weight=132.69865306979045 292.85498558892868 52.558000665469081 38.563625864073401 16.967576510331128 161.31415852723876 40.29525199533964 14.527931060234552 7.6598837460333007 48.682791969618847 11.083172335773268 6.8467888649029183 77.473662856966257 7.3094488873903165 31.976147395675071 2.6834539902702081 67.506163338395709 35.57980121377841 50.259497706811089 35.365880459932669 240.68462496327265 13.371355996394412 7.8896262800772083 19.154714056287048 16.27340335750705 12.303855164564082 10.938054467231266 15.001718010520561 10.849124256521462 1475.2607104774561 647.06032679855707
leaf_count=3246 326 13249 8178 37 168 151 93 60 1323 454 57 72 8 1074 54 1156 1654 3487 547 8606 58 957 3391 6606 4312 210 13 6 20680 6019
internal_value=0.0048706 0.00378937 -0.0063478 -0.0349208 0.000641806 0.0072724 0.0128838 -0.0334895 0.00502024 -0.015676 0.00545342 -0.00930182 -0.0394597 -0.0516399 -0.0657152 0.00613063 0.00662758 -0.000541308 -0.0219097 0.00528716 -0.017811 0.0116617 -0.0293734 0.00789022 0.0211386 -0.0107537 -0.0111855 -0.0289435 0.00698248 0.00727081
internal_weight=3600.99 3308.14 357.737 69.5256 288.212 241.988 201.693 46.2235 2950.4 59.766 2890.64 126.29 48.8158 41.5064 34.6596 2764.35 2685.9 402.306 85.6254 316.68 68.1059 248.574 54.7345 2283.6 145.003 78.4442 40.3788 25.3771 2138.59 2122.32
internal_count=86252 85926 21955 13286 8669 431 280 8238 63971 1777 62194 1265 1193 1185 1128 60929 59563 18700 4034 14666 5103 9563 5045 40863 7558 1366 112 99 33305 26699
is_linear=0
shrinkage=0.03


Tree=173
num_leaves=31
num_cat=0
split_feature=73 37 60 55 57 63 58 57 55 73 55 55 28 73 31 6 73 73 65 73 32 65 72 65 55 58 73 59 55 23
split_gain=44.3458 64.3636 38.6443 53.1939 94.8411 40.3155 38.5668 37.6554 40.6012 33.0706 28.2863 95.9198 46.4504 46.3655 42.9028 39.5628 77.0283 48.8375 41.8301 36.2543 58.1384 42.9705 30.5244 27.9635 27.4262 27.0527 96.1124 53.3811 26.9565 26.7391
threshold=0.66771000000000014 1.0000000180025095e-35 1.5000000000000002 0.021143348457428057 4.5000000000000009 1.0000000180025095e-35 1.0000000180025095e-35 2.5000000000000004 0.0016370956852815514 0.025995000000000001 0.016299180440167958 0.02035367420542971 1.0000000180025095e-35 0.016595000000000002 1.0000000180025095e-35 1.0000000180025095e-35 0.027165000000000005 0.42477500000000007 567.50000000000011 0.20147000000000001 1.0000000180025095e-35 142.50000000000003 1.0000000180025095e-35 265.50000000000006 0.015677023898642627 1.0000000180025095e-35 0.32766500000000004 1.0000000180025095e-35 0.016299180440167958 1.0000000180025095e-35
decision_type=2 2 2 2 2 2 2 2 2 2 2 2 2 2 2 2 2 2 2 2 2 2 2 2 2 2 2 2 2 2
left_child=1 2 10 4 5 24 7 -2 -9 23 12 -12 19 14 -13 16 -15 -18 25 20 22 -21 -1 -5 -4 -17 27 -27 -10 -23
right_child=6 -3 3 9 -6 -7 -8 8 28 -11 11 13 -14 15 -16 18 17 -19 -20 21 -22 29 -24 -25 -26 26 -28 -29 -30 -31
leaf_value=0.01083255296179518 0.0089683199397935301 -0.055630660386779482 0.011545222527428055 -0.016616821985297917 -0.047738192998626534 -0.070793883631006027 0.016267550541733056 0.025603415065254282 -0.053620666990522405 0.019856816195750353 -0.051968493071368131 -0.033027897822307743 -0.03712208046097288 0.022487671421747134 0.01813835326994517 0.007624609893057255 -0.074333264614378336 0.011444337740098304 -0.040026475754667841 -0.04608923000264678 -0.040741287460567592 0.0027364496583344227 -0.028704832958041705 0.011969627532757788 -0.059931669949904572 -0.060832560559808554 0.015490257610985426 0.0020538663852489132 -0.011260871010771722 -0.024473888060024446
leaf_weight=834.11497150138894 210.48038335423917 15.507563402465165 150.75935419949747 44.985563215297589 34.496752857816318 4.8729254685604237 519.75506709050387 15.823579099029301 21.15311947837472 361.96341603901237 32.695601746507236 64.228852584878041 22.519035970428376 19.26435148188466 18.352600214231643 579.63703189800071 22.581714291140091 7.6756975948810569 18.128702793103002 18.160699477535672 19.843081761740905 324.41255757317413 17.018733042260465 92.318587017885875 4.0083448837976894 32.976576553148334 67.56138064339757 18.810319432654069 36.550666686147451 35.109491835537483
leaf_count=61917 261 1221 5499 873 1290 73 507 8 84 293 1131 4515 1991 135 82 2210 243 9 209 150 1360 576 520 511 84 417 55 92 70 189
internal_value=0.0051945 0.00344358 0.00378483 0.00993912 -0.00337394 0.00645024 0.0114171 0.00251448 -0.0158328 0.0151122 0.00179915 -0.00232759 0.00466176 -0.0003575 -0.0215759 0.00195326 -0.023711 -0.0529032 0.00375611 0.00544441 0.00880761 -0.00231425 0.0100092 0.0025513 0.00932117 0.0049472 -0.00801142 -0.0383844 -0.0274381 1.86824e-05
internal_weight=3665.77 2862 2846.5 693.405 194.137 159.641 803.763 284.008 73.5274 499.268 2153.09 881.913 1271.18 849.217 82.5815 766.636 49.5218 30.2574 717.114 1248.66 870.977 377.683 851.134 137.304 154.768 698.985 119.348 51.7869 57.7038 359.522
internal_count=86575 85645 84424 8623 6946 5656 930 423 162 1677 75801 9098 66703 7967 4597 3370 387 252 2983 64712 63797 915 62437 1384 5583 2774 564 509 154 765
is_linear=0
shrinkage=0.03


Tree=174
num_leaves=31
num_cat=0
split_feature=73 57 65 55 58 55 59 9 15 65 65 56 57 56 58 65 66 73 60 37 72 55 65 62 42 67 73 57 0 68
split_gain=43.1949 75.6875 46.1308 45.5532 72.2567 111.321 71.8137 70.7232 38.4924 40.9169 36.9267 36.1961 35.2258 34.7096 33.2913 47.3606 36.7497 34.6585 30.5354 30.4156 30.7259 44.7144 30.2963 51.329 30.0761 29.3352 24.6906 29.7494 72.9479 30.7017
threshold=0.12170000000000002 5.5000000000000009 270.50000000000006 0.02035367420542971 1.0000000180025095e-35 0.01115846687889677 1.0000000180025095e-35 1.0000000180025095e-35 1.0000000180025095e-35 875.50000000000011 51.500000000000007 0.12145281554420055 6.5000000000000009 0.036580011770314246 1.0000000180025095e-35 194.50000000000003 1.0000000180025095e-35 0.030045000000000006 1.0000000180025095e-35 1.0000000180025095e-35 1.0000000180025095e-35 0.030522028566488325 138.50000000000003 1.0000000180025095e-35 1.0000000180025095e-35 1.0000000180025095e-35 0.53825500000000015 2.5000000000000004 8.7500000000000018 1.0000000180025095e-35
decision_type=2 2 2 2 2 2 2 2 2 2 2 2 2 2 2 2 2 2 2 2 2 2 2 2 2 2 2 2 2 2
left_child=1 10 -3 4 5 7 -7 8 9 -2 11 -1 22 -4 19 -16 17 -17 -5 20 24 -22 23 -6 -12 -19 27 28 -10 -30
right_child=3 2 13 18 12 6 -8 -9 26 -11 14 -13 -14 -15 15 16 -18 25 -20 -21 21 -23 -24 -25 -26 -27 -28 -29 29 -31
leaf_value=-0.01349289081516262 -0.056865284025397089 -0.048026152292783973 -0.035746325395521986 -0.002713781299202485 0.00056437861995857724 -0.089906233213825876 -0.015413236777282659 -0.050591569663328596 -0.082126967499054182 0.019193184182961797 0.0062710341508651927 -0.10413854079141456 0.022014098255751572 0.007913787124931718 -0.045812890439160536 -0.034360897339640574 -0.037685099762477033 0.016075041136964251 0.015356696444244259 -0.05803027103924481 -0.080609623581489001 0.016168311583208115 0.0077441964076424528 -0.079394786990210839 -0.040869164881300796 -0.043255715317156024 0.014871721741543326 0.0094320215242924815 -0.021678586663140063 0.025734558877592691
leaf_weight=17.724704947784634 17.267128257066361 40.002903872493334 24.521958170584185 95.058801695646252 27.967706748167984 20.68805012316443 26.259916926734149 22.653588956338353 11.788209907048438 9.1480328720062989 1327.6537546282634 4.2594674429565194 155.44039496188634 45.034331524133449 25.75177755652021 16.542832345245188 21.00866598884204 91.8204825227931 715.01045798344421 5.8568649697008359 8.0150899779673619 7.6757285050407509 551.80935426952783 8.7359707929281267 11.30927867360151 7.2025495320267501 148.6175066428259 78.464245940805995 27.853513997193659 20.41688644932583
leaf_count=623 138 2412 2127 183 81 125 63 134 92 16 52813 48 138 124 11039 9911 1421 584 831 890 104 21 1032 132 564 171 141 134 118 8
internal_value=0.00477348 0.00121215 -0.0227681 0.00781272 0.00390704 -0.00666588 -0.0494297 -0.000565502 0.0031981 -0.0307856 0.00292646 -0.0348224 0.00935404 -0.00776699 0.00349391 -0.00930944 -0.00214357 0.00458538 0.0132355 0.00502723 0.00534246 -0.035135 0.00597854 -0.020068 0.00584267 0.0113702 0.00642039 -0.00268843 -0.0184185 -0.001509
internal_weight=3591.56 1654.38 109.559 1937.18 1127.11 383.157 46.948 336.209 313.556 26.4152 1544.82 21.9842 743.953 69.5563 1522.84 162.326 136.575 115.566 810.069 1360.51 1354.65 15.6908 588.513 36.7037 1338.96 99.023 287.14 138.523 60.0586 48.2704
internal_count=86218 82852 4663 3366 2352 969 188 781 647 154 78189 671 1383 2251 77518 23126 12087 10666 1014 54392 53502 125 1245 213 53377 755 493 352 218 126
is_linear=0
shrinkage=0.03


Tree=175
num_leaves=31
num_cat=0
split_feature=73 44 73 56 72 73 57 2 60 65 14 19 27 60 57 65 58 62 65 57 65 65 31 53 49 57 73 48 56 56
split_gain=50.1914 39.1471 32.9762 33.6896 32.2488 64.8358 55.0825 37.5393 34.5265 46.1985 56.9702 52.2696 43.6699 34.0354 31.2134 83.6519 30.9806 33.0324 60.2448 38.0526 36.8723 50.0266 49.8384 30.7098 27.061 40.9247 76.6167 71.0557 26.9384 26.2997
threshold=0.0051650000000000003 1.0000000180025095e-35 0.89998500000000015 0.17581565966311982 1.0000000180025095e-35 0.32766500000000004 4.5000000000000009 1.0000000180025095e-35 1.5000000000000002 138.50000000000003 1.0000000180025095e-35 1.0000000180025095e-35 1.0000000180025095e-35 1.0000000180025095e-35 5.5000000000000009 196.50000000000003 2.5000000000000004 1.0000000180025095e-35 521.50000000000011 7.5000000000000009 245.50000000000003 502.50000000000006 1.0000000180025095e-35 1.0000000180025095e-35 1.0000000180025095e-35 1.5000000000000002 0.53825500000000015 1.0000000180025095e-35 0.068359195701562556 0.0044970911835755436
decision_type=2 2 2 2 2 2 2 2 2 2 2 2 2 2 2 2 2 2 2 2 2 2 2 2 2 2 2 2 2 2
left_child=23 2 3 4 8 6 7 -6 9 10 11 24 16 -7 -10 -16 17 -11 19 20 -19 22 -22 -1 25 27 28 -2 -27 -4
right_child=1 -3 29 -5 5 13 -8 -9 14 12 -12 -13 -14 -15 15 -17 -18 18 -20 -21 21 -23 -24 -25 -26 26 -28 -29 -30 -31
leaf_value=-0.026285187266733807 0.00028548825885391489 -0.052427858257304449 -0.0059622911858987961 0.019545077156185579 0.0021950500373549122 -0.022565779966255941 -0.10146034267995151 -0.053965160671491597 0.014215328274526399 0.0058008039412881353 -0.075904489271604356 0.031949105760427879 -0.054274872806589582 0.014493392419105806 -0.087954638817573774 0.0046175693540053174 0.020659619111582171 0.0033338979040441453 -0.057407810426097175 0.02012520118365111 -0.055830681199519505 0.020179965732724285 0.027581061323635657 0.022553206894496625 0.026147585553810297 -0.053606281891338189 0.00029216543395685265 -0.1461240304402821 -0.1596687502879737 0.020340337282787408
leaf_weight=66.552881757732393 115.12198250232359 9.3374793615548679 39.974125726614147 140.98767007829156 25.980186569780926 29.534636722877622 8.5072195998309308 17.139133403903543 560.90743722825573 1724.2052567338178 9.9184619310053659 28.044549790280143 10.135798986921143 81.951322227716446 8.5161810054632934 113.51085108465486 111.01162668971665 82.752440831472995 18.198877532640836 51.69301834531143 38.509974918039006 14.480637019165441 7.0710769978759336 13.18356294075056 15.256562951348313 33.073599934885351 32.955375500023365 2.0626057571571428 1.6974413957213972 221.26082695554942
leaf_count=22414 4610 704 70 216 103 88 111 539 5364 29984 2178 371 1561 73 286 822 378 5369 1979 393 4216 192 37 325 72 3663 54 50 22 234
internal_value=0.00536765 0.00589757 0.00606597 0.00524632 0.00459874 -0.00835437 -0.0358044 -0.0208448 0.00531051 0.00354629 -0.00893841 -0.0057095 0.00499449 0.00456242 0.0112284 -0.00250539 0.00531418 0.00442447 -0.0067071 -0.00169396 -0.00967665 -0.0273635 -0.0425765 -0.018031 -0.0111183 -0.0143171 -0.0326997 -0.00350612 -0.0631029 0.0163081
internal_weight=3633.53 3553.8 3544.46 3283.22 3142.24 163.112 51.6265 43.1193 2979.12 2296.19 238.131 228.212 2058.06 111.486 682.934 122.027 2047.92 1936.91 212.706 194.507 142.814 60.0617 45.5811 79.7364 200.168 184.911 67.7264 117.185 34.771 261.235
internal_count=86478 63739 63035 62731 62515 914 753 642 61601 55129 11020 8842 44109 161 6472 1108 42548 42170 12186 10207 9814 4445 4253 22739 8471 8399 3739 4660 3685 304
is_linear=0
shrinkage=0.03


Tree=176
num_leaves=31
num_cat=0
split_feature=73 15 0 55 2 55 73 66 56 73 73 11 73 55 73 55 11 35 73 60 73 68 0 55 73 55 55 55 2 60
split_gain=43.1164 54.3132 51.4324 40.8791 82.0642 63.0861 48.2908 45.5545 44.1629 41.8668 34.6768 29.7879 45.9633 85.7844 27.2684 73.0759 64.0481 43.0685 44.4571 42.2123 27.2419 26.2627 26.1492 25.1102 48.1129 26.1304 24.6447 60.9412 26.574 34.8401
threshold=0.77983000000000013 1.0000000180025095e-35 5.3500000000000005 0.0057592837274565859 1.0000000180025095e-35 0.0015954949508172561 0.32766500000000004 1.0000000180025095e-35 0.05207135636207947 0.66771000000000014 0.24908000000000002 1.0000000180025095e-35 0.32766500000000004 0.0055112087782088837 0.017695000000000006 0.030522028566488325 1.0000000180025095e-35 1.0000000180025095e-35 0.66771000000000014 6.5000000000000009 0.016595000000000002 1.0000000180025095e-35 7.1500000000000012 0.003521635503638119 0.073035000000000017 0.0053775539794239388 0.0059628976246150316 0.0062067466550570329 1.0000000180025095e-35 1.0000000180025095e-35
decision_type=2 2 2 2 2 2 2 2 2 2 2 2 2 2 2 2 2 2 2 2 2 2 2 2 2 2 2 2 2 2
left_child=3 2 -2 4 7 6 -6 23 9 10 -7 -12 -13 -14 15 16 19 21 -19 -5 -17 26 -4 24 -1 -25 -16 -28 29 -29
right_child=1 -3 22 14 5 8 -8 -9 -10 -11 11 12 13 -15 17 20 -18 18 -20 -21 -22 -23 -24 25 -26 -27 27 28 -30 -31
leaf_value=-0.037906886239970988 0.017687745062473469 0.015578190064870665 -0.062045874168402002 -0.037990693970376237 -0.040081833228590762 -0.036115579526107833 0.01851868443230378 -0.015457507475442304 -0.11214286898469857 -0.070815984431972331 0.020579048466221921 0.0058709970064425585 -0.059313770834802687 0.016564413029866176 0.025262303496139556 -0.043994152618566949 0.010203889151561037 -0.075287936996622729 0.025098590226881601 0.025163252848574281 0.0082626407238399913 -0.022018159843497503 -0.01138152975315323 0.023667038294734086 0.020635712203664933 -0.040061735053115666 -0.038341217006307153 -0.028152662956092082 0.0049152039101245703 0.015397177388471218
leaf_weight=20.383011860811166 26.452338417991996 479.56554264808074 17.416274070739746 45.394877591959812 14.693726611838427 62.216256745730789 64.804336746223271 56.857119751090067 4.0476234054076476 13.632306495681403 24.122563472948968 48.141688182018697 38.170860917307436 19.836952336132526 61.191262729877053 45.845865438126566 224.21058262096449 10.562762659727012 5.4333200901746741 11.235924342588985 10.754512420775425 28.217846877072589 19.36463597137481 140.03003759341664 29.90087473008316 5.1574510467435166 26.452524945827463 16.376988853902731 1571.9828979382237 385.62257928115287
leaf_count=6356 23 484 68 11207 8484 23121 79 2145 41 86 50 89 222 18 311 3308 17189 148 2 60 127 169 37 2519 26 734 716 260 7523 857
internal_value=0.00436197 0.0121322 -0.0138381 0.00294556 -0.00450212 -0.0153732 0.00732411 0.00798906 -0.0239527 -0.0216879 -0.0178605 -0.00893343 -0.0157696 -0.0335247 0.00459885 -0.00331069 0.00299227 0.00586725 -0.0417196 -0.0252413 -0.0340939 0.00625127 -0.0363791 0.014853 -0.00337147 0.0211447 0.00664868 0.00606698 0.00668118 0.0135576
internal_weight=3528.08 542.799 63.2332 2985.28 541.995 289.666 79.4981 252.328 210.168 206.121 192.488 130.272 106.15 58.0078 2443.28 337.442 280.841 2105.84 15.9961 56.6308 56.6004 2089.84 36.7809 195.471 50.2839 145.187 2061.63 2000.43 1973.98 402
internal_count=86459 612 128 85847 43970 32190 8563 11780 23627 23586 23500 379 329 240 41877 31891 28456 9986 150 11267 3435 9836 105 9635 6382 3253 9667 9356 8640 1117
is_linear=0
shrinkage=0.03


Tree=177
num_leaves=31
num_cat=0
split_feature=56 73 15 26 55 55 51 58 56 56 56 55 58 65 73 8 56 55 73 72 9 73 11 56 56 66 56 73 55 65
split_gain=36.4704 38.095 64.6226 38.8274 44.2609 64.412 29.734 26.5456 62.51 25.0271 55.1718 78.0495 39.3956 37.084 46.7058 31.533 61.7842 38.9438 61.4799 30.7423 68.174 76.6356 67.8063 33.2535 36.7131 32.2435 114.34 74.6307 77.2064 62.1993
threshold=0.0011161097395399886 0.77983000000000013 1.0000000180025095e-35 1.0000000180025095e-35 0.00040213146446730507 0.034771930691627664 1.0000000180025095e-35 1.0000000180025095e-35 0.0067497694644379725 0.0039470903806293018 0.0049775421792727509 0.0010735629434673237 1.5000000000000002 77.500000000000014 0.66771000000000014 1.0000000180025095e-35 0.0028543105875636922 0.0035825669712940523 0.24908000000000002 1.0000000180025095e-35 1.0000000180025095e-35 0.14175000000000001 1.0000000180025095e-35 0.0052764950153820619 0.0054756753681658452 1.0000000180025095e-35 0.031760312482723076 0.073035000000000017 0.030810663257538635 1868.5000000000002
decision_type=2 2 2 2 2 2 2 2 2 2 2 2 2 2 2 2 2 2 2 2 2 2 2 2 2 2 2 2 2 2
left_child=-1 3 -3 6 -5 -6 9 8 -4 13 11 -11 -13 -2 15 -15 -17 -18 -19 23 21 -21 -23 -12 -25 -26 27 29 -29 -27
right_child=1 2 7 4 5 -7 -8 -9 -10 10 19 12 -14 14 -16 16 17 18 -20 20 -22 22 -24 24 25 26 -28 28 -30 -31
leaf_value=-0.041808571380226089 0.029546193356871212 -0.019091825327380015 -0.029982784208347685 0.030726423858478895 -0.053555372019823633 0.016452422745378222 -0.060401366126276147 0.020089213208345232 0.015930910646783047 0.02316973798505613 0.021904079862465883 -0.051838756316068352 0.0045197685884636671 0.014482069546365099 -0.063915435698053649 -0.039727504763790167 0.02404947415279253 -0.041097058616951017 0.017705762673003066 -0.088277874193921663 0.011853413727495377 0.016423560995434669 -0.061728375306341718 -0.046941692411238002 0.0067834025789306404 -0.04851257676825925 0.0095376618921834966 -0.00030173155560426254 -0.062968204759843105 0.027668383245571488
leaf_weight=14.05581139553942 76.274039217922109 52.488657598383725 34.391685304231942 12.117724348820046 35.477398344377434 16.930333342155791 5.4051503356095045 350.839341517305 107.68355970364064 25.40330421062572 95.868757046375322 46.395846867146247 14.4031322063729 268.8277596420121 7.2261891402304164 30.918891031744351 60.50100575129909 28.65659959272125 33.876409705728292 15.745942930575437 57.465226008327591 26.91200800484512 14.617280662627307 11.698205797649278 1456.614721167487 73.012302492556046 401.16553502167517 206.70139604031283 18.35140641219914 10.431067421683109
leaf_count=5881 670 116 87 4 4201 47 618 305 102 853 2581 6579 231 8665 49 6273 2543 1582 28 321 183 28 106 1594 37036 4210 831 513 108 16
internal_value=0.00480342 0.00499716 0.0122936 0.00368923 -0.0191605 -0.0310547 0.00418917 0.0156676 0.00468486 0.0043265 0.0030807 -0.0203615 -0.0386305 0.0103981 0.00694097 0.00830002 -0.00251868 0.00707694 -0.00946414 0.00393487 -0.0111534 -0.0340438 -0.0118886 0.00470081 0.00393386 0.00423013 -0.00101275 -0.0147189 -0.00566767 -0.0387745
internal_weight=3610.46 3596.4 545.403 3051 64.5255 52.4077 2986.47 492.915 142.075 2981.07 2474.79 86.2023 60.799 506.281 430.007 422.781 153.953 123.034 62.533 2388.58 114.74 57.2752 41.5293 2273.84 2177.97 2166.28 709.662 308.496 225.053 83.4434
internal_count=86361 80480 610 79870 4252 4248 75618 494 189 75000 55190 7663 6810 19810 19140 19091 10426 4153 1610 47527 638 455 134 46889 44308 42714 5678 4847 621 4226
is_linear=0
shrinkage=0.03


Tree=178
num_leaves=31
num_cat=0
split_feature=73 2 56 10 56 73 56 65 15 26 73 64 40 56 11 56 56 73 65 63 57 49 56 65 56 65 65 56 56 73
split_gain=43.1501 39.976 53.1233 68.8783 43.9657 52.1977 37.9026 48.9736 47.7126 43.1737 41.1838 43.8547 39.3068 37.4105 36.6704 61.9687 32.4962 32.0403 32.1118 30.0231 56.6364 29.4966 37.0668 71.1688 90.1994 45.2749 41.8937 60.4721 53.8056 51.7455
threshold=0.89998500000000015 1.0000000180025095e-35 0.0028543105875636922 1.0000000180025095e-35 0.0035825669712940523 0.12170000000000002 0.0063783844441154579 476.50000000000006 1.0000000180025095e-35 1.0000000180025095e-35 0.42477500000000007 1.0000000180025095e-35 1.0000000180025095e-35 0.0064957980922481463 1.0000000180025095e-35 0.0047573640872667607 0.0067497694644379725 0.025995000000000001 407.50000000000006 1.0000000180025095e-35 3.5000000000000004 1.0000000180025095e-35 0.018723845800721603 751.50000000000011 0.0068988356286288468 199.50000000000003 263.50000000000006 0.024638838535540528 0.029864080034558614 0.022535000000000003
decision_type=2 2 2 2 2 2 2 2 2 2 2 2 2 2 2 2 2 2 2 2 2 2 2 2 2 2 2 2 2 2
left_child=1 14 3 -3 5 -4 7 8 -6 19 11 12 13 -8 15 -1 -15 18 -16 -10 -21 22 23 24 25 -18 27 -24 -29 -28
right_child=-2 2 4 -5 6 -7 10 -9 9 -11 -12 -13 -14 16 17 -17 21 -19 -20 20 -22 -23 26 -25 -26 -27 29 28 -30 -31
leaf_value=-0.043727513696288182 0.016302246796092365 -0.042925533612484086 -0.031802802311369067 0.011729375779106084 -0.04549735488294207 0.023060413830290685 0.022747843028428943 -0.0405847950759387 0.0061892072430437019 -0.060816382960618615 0.0099566815710214196 -0.068650802432349722 -0.051790935266111462 -0.047036511618800118 0.0079076159600301212 0.0038710853597324554 0.029238248273429555 0.018775170747067724 -0.035313197026750218 -0.074005564154888737 0.00047616219562960461 0.025793639577412878 0.013842307347795402 0.019590523077094493 -0.025383673903107765 -0.042398339634004863 -0.038587226942743268 -0.0629837354230115 -0.0082838545897255516 0.013556321146393791
leaf_weight=25.992629560125351 255.04459724971093 52.348517225513206 16.609949799045353 33.385728268405728 22.168955777819065 144.22325931944943 64.842109686074764 36.430905511517267 221.52465375890461 9.3385192272362456 506.07896932773292 7.3848250817827639 11.937807099486234 12.36360979967503 367.49771621927357 278.64987782577191 46.720503100797941 340.14993825790589 15.170791175423799 11.818142617994452 32.403104437376896 37.572048929330776 118.08606895020785 60.919748224107025 204.48495518520031 8.6098956968926341 17.168124655261636 16.382692645136558 244.20144782767602 311.68396207294427
leaf_count=4119 306 9402 3707 1259 7994 130 1375 2829 7133 1670 553 146 180 3055 12166 3562 874 490 3123 192 132 170 721 886 15799 1250 1037 410 1572 326
internal_value=0.00443956 0.00351137 0.00126996 -0.0217525 0.00219215 0.0172329 0.000975902 -0.00823899 -0.00415196 -0.000667219 0.00282269 -0.000289261 0.000206848 0.000794706 0.00841089 -0.00031989 -0.000545402 0.012086 0.00610656 0.00166654 -0.0206255 3.74789e-05 -0.000927785 -0.00937138 -0.0162112 0.0175362 0.0029077 -0.00389184 -0.0119504 0.0107254
internal_weight=3531.19 3276.15 2248.69 85.7342 2162.95 160.833 2002.12 333.684 297.253 275.084 1668.44 1162.36 1154.97 1143.04 1027.46 304.643 1078.19 722.818 382.669 265.746 44.2212 1065.83 1028.26 320.735 259.815 55.3304 707.522 378.67 260.584 328.852
internal_count=86568 86262 62802 10661 52141 3837 48304 19950 17121 9127 28354 27801 27655 27475 23460 7681 26100 15779 15289 7457 324 23045 22875 18809 17923 2124 4066 2703 1982 1363
is_linear=0
shrinkage=0.03


Tree=179
num_leaves=31
num_cat=0
split_feature=73 44 56 55 55 56 73 60 73 73 73 4 65 60 55 65 65 9 62 56 73 56 55 56 56 55 0 42 55 73
split_gain=39.3943 36.5437 34.7487 30.9142 75.9332 90.6655 68.8497 57.1952 65.4063 41.3463 36.5736 46.2686 92.7721 66.9025 49.8295 57.2864 36.1974 70.7194 29.7753 47.8919 42.9159 29.1441 62.0288 26.6582 26.5529 26.4335 25.2088 22.8674 48.9687 21.9961
threshold=0.89998500000000015 1.0000000180025095e-35 0.17581565966311982 0.029049548550006982 0.06386747763884322 0.032660197162707801 0.017695000000000006 1.5000000000000002 0.20147000000000001 0.060315000000000007 0.16886000000000004 1.0000000180025095e-35 237.50000000000003 1.5000000000000002 0.030649897275830201 255.50000000000003 65.500000000000014 1.0000000180025095e-35 1.0000000180025095e-35 0.026935654732692067 0.14175000000000001 0.0072401483730347776 0.0046575976997566331 0.0028377571438526162 0.0048172015739119875 0.033760440240409986 7.4500000000000011 1.0000000180025095e-35 0.026136412670283479 0.0026450000000000002
decision_type=2 2 2 2 2 2 2 2 2 2 2 2 2 2 2 2 2 2 2 2 2 2 2 2 2 2 2 2 2 2
left_child=1 2 3 18 5 7 -7 8 9 -5 11 12 13 -8 -14 -16 -11 -18 27 20 23 22 -22 -20 -24 -17 -10 29 -29 -1
right_child=-2 -3 -4 4 -6 6 10 -9 26 16 -12 -13 14 -15 15 25 17 -19 19 -21 21 -23 24 -25 -26 -27 -28 28 -30 -31
leaf_value=-0.028248741212206944 0.016711901023370456 -0.052634240924815695 0.018459437742122619 -0.04328495393431224 0.015220756413926288 -0.04611476080485559 -0.077757564581193261 0.009614856138276371 -0.015497077917629797 0.017343034953253095 0.013923791184861702 0.016350332853722262 0.020227593462774453 -0.0035894581488623619 0.016064460402412172 -0.023884871452283421 -0.056599322131828292 0.016646063573362457 0.016920945877957491 -0.083401625679621116 0.0051988840390247608 0.013482278681386716 0.0060490120226862117 -0.040375779632414462 -0.057331000439416802 -0.09397465007647253 -0.077138826265679333 -0.070722568968785787 0.027560471526279613 0.0074509905433480152
leaf_weight=14.696258282618144 246.94792564911768 9.1184364847467787 151.72120269114384 42.570408018147646 191.86734961552429 24.686146689698944 27.114519810740603 38.391113085279358 8.1168864574283344 32.255507409878192 192.71438338793814 66.126901285722852 58.09762795176357 18.089364577550441 17.342833027243614 11.676701469346883 25.129554613267828 21.071745345485397 8.605396495682724 5.5533437866906743 97.992575319978641 126.35818337649107 7.5606821749825057 34.39344272606013 24.124347035889514 8.6116686798632127 30.041004651400726 9.1149449276781542 7.5542953631374976 1989.571599162613
leaf_count=7458 294 802 251 3904 508 693 169 240 26 62 170 59 39 40 19 36 366 52 3154 131 276 163 18 17438 244 64 177 526 5 49114
internal_value=0.00517629 0.00430831 0.00448202 0.00380086 -0.00123015 -0.00632072 0.00150349 -0.0230527 -0.030942 -0.0198374 0.00455165 -0.00419617 -0.0138841 -0.0487976 0.00293641 -0.0235915 -0.00673015 -0.0235482 0.00556142 -0.00317406 -0.00141116 0.00328012 -0.00668798 -0.028785 -0.0424849 -0.0566523 -0.0647571 0.00687892 -0.0271429 0.00717527
internal_weight=3547.22 3300.27 3291.15 3139.43 813.904 622.036 424.46 197.576 159.185 121.027 399.774 207.06 140.933 45.2039 95.7288 37.6312 78.4568 46.2013 2325.53 304.588 299.035 256.036 129.678 42.9988 31.685 20.2884 38.1579 2020.94 16.6692 2004.27
internal_count=86498 86204 85402 85151 6624 6116 1289 4827 4587 4384 596 426 367 209 158 119 480 418 78527 21424 21293 701 538 20592 262 100 203 57103 531 56572
is_linear=0
shrinkage=0.03


Tree=180
num_leaves=31
num_cat=0
split_feature=73 57 58 55 64 58 60 9 35 65 56 55 58 60 65 55 0 42 65 65 65 65 52 65 57 55 68 73 57 57
split_gain=40.3139 32.7265 35.9088 34.7077 30.578 32.7572 25.625 24.0737 22.7361 63.7771 22.2866 20.5541 21.7761 34.6964 65.2741 37.5776 33.7594 27.159 26.7081 25.9211 49.6994 57.1341 52.3151 46.4514 58.6196 43.6599 58.6869 36.846 36.1191 45.8401
threshold=0.0036250000000000002 11.500000000000002 2.5000000000000004 0.026100508894705211 1.0000000180025095e-35 1.0000000180025095e-35 4.5000000000000009 1.0000000180025095e-35 1.0000000180025095e-35 780.50000000000011 0.00078054427200581185 0.00070332916830404132 2.5000000000000004 1.0000000180025095e-35 94.500000000000014 0.0010735629434673237 6.0500000000000007 1.0000000180025095e-35 209.50000000000003 199.50000000000003 368.50000000000006 300.50000000000006 1.0000000180025095e-35 288.50000000000006 3.5000000000000004 0.0038125144263475201 1.0000000180025095e-35 0.045905000000000008 1.5000000000000002 2.5000000000000004
decision_type=2 2 2 2 2 2 2 2 2 2 2 2 2 2 2 2 2 2 2 2 2 2 2 2 2 2 2 2 2 2
left_child=-1 4 3 6 8 7 -3 -6 10 -10 -2 -12 13 14 -13 -15 -16 19 -14 27 21 23 -23 24 25 -21 -27 -18 -22 -30
right_child=1 2 -4 -5 5 -7 -8 -9 9 -11 11 12 18 15 16 -17 17 -19 -20 20 28 22 -24 -25 -26 26 -28 -29 29 -31
leaf_value=-0.029519312413780835 -0.037970910684865904 -0.057483458888218195 0.017156702989225593 0.0012866832973984742 -0.045893985995171013 0.016336059589283216 0.017430081418672173 -0.0023554175884090093 -0.062903305899074238 0.028040533455209377 0.022430127414678546 -0.05785546825862084 -0.011335653758567252 -0.055363909714223843 -0.053030659944958043 0.0080332809014802501 -0.039013932007690932 -0.060470170407719986 0.021240429602646719 0.002816675273291637 0.023540104313097849 -0.067532875453428065 0.024476426994783109 0.023153205415928527 0.013613937800247104 -0.061692471340248772 0.01754012157029498 0.013438076537451143 -0.062967282002317243 0.0040856566018728424
leaf_weight=27.879413039823703 8.8697534274815535 26.538636946772389 23.922766911207873 23.51336251662724 26.09712218390996 22.00287717912579 4.3593126590021702 19.964222190654255 13.751367889686664 12.282577982929068 77.459241990829469 16.101481141682598 25.642549966909428 7.457560517028468 9.0259968256586927 2566.6593439636199 11.768718385628743 5.1083446213378911 162.76441375492504 24.312493416729922 84.298434958207508 25.325791135950571 6.4920945202466092 38.63795005169959 42.350041348145169 40.431789890857544 10.079720587760674 228.20392301350876 9.4644444065779663 73.78029691411939
leaf_count=13309 3581 730 44 103 1408 29 26 276 1112 58 3094 2853 279 1273 6685 28586 8930 292 365 1238 1125 2117 15 503 557 3667 38 697 1132 2356
internal_value=0.00580414 0.00608221 -0.012989 -0.0263134 0.00650439 -0.0132804 -0.046699 -0.0274742 0.0068928 -0.0205467 0.00710427 0.00723056 0.00687653 0.00628886 -4.94685e-05 0.00782818 0.00157047 0.00247834 0.0167703 0.00311918 -0.00202827 -0.0126012 -0.0485856 -0.00498994 -0.0143875 -0.0302067 -0.0458478 0.0107145 0.00981673 -0.00419481
internal_weight=3674.55 3646.67 78.3341 54.4113 3568.33 68.0642 30.8979 46.0613 3500.27 26.0339 3474.23 3465.36 3387.91 3199.5 625.382 2574.12 609.28 600.254 188.407 595.146 355.173 187.63 31.8179 155.812 117.174 74.824 50.5115 239.973 167.543 83.2447
internal_count=86478 73169 903 859 72266 1713 756 1684 70553 1170 69383 65802 62708 62064 32205 29859 29352 22667 644 22375 12748 8135 2132 6003 5500 4943 3705 9627 4613 3488
is_linear=0
shrinkage=0.03


Tree=181
num_leaves=31
num_cat=0
split_feature=73 57 56 56 55 58 55 58 59 55 55 54 73 4 60 73 12 73 56 28 55 40 66 58 65 58 56 73 55 55
split_gain=40.5536 98.1686 96.4135 65.6538 54.5328 54.0394 50.8713 68.2198 71.2392 38.1585 38.7301 48.7695 56.8932 62.7945 43.1151 64.6458 88.8998 54.7207 64.06 33.0152 45.6963 29.4674 39.4942 44.5389 39.344 51.1494 52.3881 33.9523 33.8498 60.6388
threshold=0.12170000000000002 5.5000000000000009 0.0025014244426696769 0.0013575112375318399 0.02035367420542971 2.5000000000000004 0.010501873210954102 1.0000000180025095e-35 1.0000000180025095e-35 0.0073991022256974679 0.00095627457833280299 1.0000000180025095e-35 0.89998500000000015 1.0000000180025095e-35 1.0000000180025095e-35 0.66771000000000014 1.0000000180025095e-35 0.32766500000000004 0.0074326147304572326 1.0000000180025095e-35 0.018104197305964281 1.0000000180025095e-35 1.0000000180025095e-35 1.0000000180025095e-35 265.50000000000006 1.0000000180025095e-35 0.006175010396599955 0.030045000000000006 0.0072480298081758826 0.00070332916830404132
decision_type=2 2 2 2 2 2 2 2 2 2 2 2 2 2 2 2 2 2 2 2 2 2 2 2 2 2 2 2 2 2
left_child=1 19 3 -2 5 6 9 8 -8 10 -4 14 13 -13 15 16 -12 18 -16 21 -21 22 24 28 25 26 -1 -23 29 -24
right_child=2 -3 4 -5 -6 -7 7 -9 -10 -11 11 12 -14 -15 17 -17 -18 -19 -20 20 -22 27 23 -25 -26 -27 -28 -29 -30 -31
leaf_value=-0.028461050677187003 0.0028802598328987079 -0.028463193142049627 0.022823049207340313 -0.062976111003677671 0.01451634247415242 0.01972399932786997 -0.07907207777996976 0.0055615453176752153 -0.0083473645537358674 0.019191644234517535 -0.047124791461974763 -0.0523230804448888 0.023681476693024044 0.021760414090548057 -0.058363231210233034 0.007323161584318178 0.014488244998037516 0.014959414251710743 0.012699324502725094 -0.0050135539146629509 -0.076052528947034917 0.025860106412568216 0.025599656305179248 -0.045807770952920768 0.011279168809030807 -0.031206944556984507 0.0058319846654440359 -0.049980768943873273 0.00078308204702652443 -0.042641950526239258
leaf_weight=43.4012128786826 25.64450439310167 95.539720864666378 62.496905826003058 27.86446970848192 780.38491021975642 162.28409454639768 24.389694552664878 51.218682805658318 26.422268476104364 117.76694102585316 62.96855843434605 48.598276571909082 17.053700501099229 12.392124081030486 20.66294330463279 103.33807085733861 30.855268200051796 236.71051187021658 23.526687823235989 32.373085630064452 9.9642017836958967 76.945549213865888 15.386911980003786 22.322304228786379 525.4184302975591 43.418678312840711 412.72050203111576 4.7873852933116714 317.55958191576428 41.696401052300644
leaf_count=12579 208 4715 76 212 812 165 144 90 59 85 532 303 15 9 172 129 75 239 20 2141 345 718 625 2500 28040 13890 11159 75 2735 3436
internal_value=0.00431416 0.000887577 0.00737803 -0.0319402 0.00857653 0.0039345 0.000858368 -0.0188886 -0.0431661 0.00361639 0.000625052 -0.00190612 -0.0237358 -0.0371625 0.00169972 -0.00902743 -0.0269234 0.00923434 -0.0210855 0.00271863 -0.0231019 0.00346051 0.00244599 -0.00557849 0.00555626 -0.000473618 0.00251379 0.0208674 -0.00306594 -0.0241233
internal_weight=3476.11 1641.53 1834.58 53.509 1781.07 1000.68 838.401 102.031 50.812 736.37 618.603 556.106 78.0441 60.9904 478.062 197.162 93.8238 280.9 44.1896 1545.99 42.3373 1503.66 1421.92 396.965 1024.96 499.54 456.122 81.7329 374.643 57.0833
internal_count=86303 82958 3345 420 2925 2113 1948 293 203 1655 1570 1494 327 312 1167 736 607 431 192 78243 2486 75757 74964 9296 65668 37628 23738 793 6796 4061
is_linear=0
shrinkage=0.03


Tree=182
num_leaves=31
num_cat=0
split_feature=24 73 73 73 2 48 11 33 73 57 55 73 73 65 65 73 57 56 25 27 60 65 65 56 73 22 57 73 60 55
split_gain=47.5198 102.667 44.079 39.9117 24.714 51.5352 33.2586 29.9053 29.849 35.5039 31.6686 56.34 29.1882 27.9824 30.6077 39.5276 58.653 38.6213 30.7555 25.7073 28.1679 24.7179 23.3664 21.5382 74.5421 68.3798 32.3793 29.4553 28.6874 49.0414
threshold=1.0000000180025095e-35 0.77983000000000013 0.42477500000000007 0.89998500000000015 1.0000000180025095e-35 1.0000000180025095e-35 1.0000000180025095e-35 1.0000000180025095e-35 0.022145000000000001 3.5000000000000004 0.030522028566488325 0.010585000000000002 0.0026450000000000002 440.50000000000006 410.50000000000006 0.14175000000000001 2.5000000000000004 0.0072401483730347776 1.0000000180025095e-35 1.0000000180025095e-35 5.5000000000000009 407.50000000000006 270.50000000000006 0.026935654732692067 0.032685000000000006 1.0000000180025095e-35 5.5000000000000009 0.025995000000000001 1.5000000000000002 0.032909008647517501
decision_type=2 2 2 2 2 2 2 2 2 2 2 2 2 2 2 2 2 2 2 2 2 2 2 2 2 2 2 2 2 2
left_child=3 2 22 4 5 6 13 19 9 10 12 -12 -8 14 15 16 17 -1 -19 23 -21 -14 -2 -6 25 27 28 -25 29 -26
right_child=1 -3 -4 -5 7 -7 8 -9 -10 -11 11 -13 21 -15 -16 -17 -18 18 -20 20 -22 -23 -24 24 26 -27 -28 -29 -30 -31
leaf_value=-0.036175277908243542 -0.066550998606974554 -0.11219417222538114 0.013326849313220859 0.017769734977930496 0.0056778660871303534 -0.10187218625038783 -0.0281007762891003 -0.063725293049332624 0.019313423964152011 -0.036597036182114837 -0.041411484022938434 0.011656324549667654 0.017263188403764861 -0.047972268838476981 0.02722952147433438 0.015241141766089554 -0.039874441938053458 -0.0072107891719335503 0.026378878658512437 -0.059445427752923059 0.021395973716170556 -0.032672500582457263 -0.0086886680536024472 -0.029034201590022863 -0.010162802519003951 0.02495468147594794 -0.017012889831078702 -0.076989825403233847 0.018677228111246332 0.01245644074266904
leaf_weight=19.76964202133604 11.073816619931678 8.1369453594088537 43.085579101927578 242.60449720849283 1618.0992723651843 2.7622831107873926 13.557561136254661 4.9574091619469973 342.84670922539954 15.086243494588414 27.803335146989411 47.199607167123759 266.45100062982965 9.1868201801589731 38.222009255441662 83.721283895196393 42.39717000305609 50.658616758308199 45.973225764842937 10.672028643153679 5.1775971438619299 8.3338328414320113 13.822795577937539 50.90619101178163 165.12210802733898 17.244109614694025 61.526555046439171 15.026765446178613 118.15048461593688 178.48626960720867
leaf_count=3542 7473 53 86 284 46254 91 6525 955 522 1739 1347 350 3923 1189 179 101 1701 733 113 1387 7 1449 4208 1667 298 43 138 84 86 164
internal_value=0.00554066 -0.0177635 -0.00499829 0.00605213 0.00517477 0.00906068 0.00946406 0.0034167 0.0129094 0.00707203 0.00898066 -0.00830177 0.0134893 0.000877799 0.00264093 -0.00133022 -0.0101076 0.000981709 0.00887622 0.00359364 -0.0333345 0.0156357 -0.0360014 0.0038716 -0.000949095 -0.0271532 0.00325994 -0.0409507 0.00599209 0.00158874
internal_weight=3578.06 76.1191 67.9822 3501.94 3259.34 1013.97 1011.21 2245.37 721.278 378.432 363.345 75.0029 288.342 289.929 280.742 242.52 158.799 116.401 96.6318 2240.41 15.8496 274.785 24.8966 2224.56 606.462 83.1771 523.285 65.933 461.759 343.608
internal_count=86691 11820 11767 74871 74587 23504 23413 51083 15855 15333 13594 1697 11897 7558 6369 6190 6089 4388 846 50128 1394 5372 11681 48734 2480 1794 686 1751 548 462
is_linear=0
shrinkage=0.03


Tree=183
num_leaves=31
num_cat=0
split_feature=55 73 55 73 36 65 66 24 73 14 65 55 65 65 71 57 59 65 73 25 55 55 0 43 60 60 73 27 73 48
split_gain=41.9052 32.8866 50.0336 37.2942 31.8529 31.3182 27.7399 27.5658 100.341 32.1033 30.6262 28.0414 24.7902 41.8549 23.4448 40.7612 32.6363 45.7438 49.6007 34.0891 27.5493 49.4528 62.0473 24.7692 50.3026 21.4185 20.734 19.9287 32.3946 18.3167
threshold=0.06386747763884322 0.011185000000000002 0.029049548550006982 0.0093850000000000027 1.0000000180025095e-35 361.50000000000006 1.0000000180025095e-35 1.0000000180025095e-35 0.77983000000000013 1.0000000180025095e-35 184.50000000000003 0.048763003506173415 272.50000000000006 166.50000000000003 1.0000000180025095e-35 18.500000000000004 1.0000000180025095e-35 335.50000000000006 0.66771000000000014 1.0000000180025095e-35 0.036496636214826468 0.051588093059875891 8.0500000000000025 1.0000000180025095e-35 4.5000000000000009 1.0000000180025095e-35 0.023395000000000003 1.0000000180025095e-35 0.011375000000000001 1.0000000180025095e-35
decision_type=2 2 2 2 2 2 2 2 2 2 2 2 2 2 2 2 2 2 2 2 2 2 2 2 2 2 2 2 2 2
left_child=1 2 3 5 7 12 25 9 10 14 11 -9 13 -1 15 20 17 18 19 -16 23 22 -22 27 -25 -6 -11 29 -29 -3
right_child=-2 4 -4 -5 6 -7 -8 8 -10 26 -12 -13 -14 -15 16 -17 -18 -19 -20 -21 21 -23 -24 24 -26 -27 -28 28 -30 -31
leaf_value=0.010491035358071579 0.017752851781539212 0.0047315534935970863 -0.040921086377491415 -0.041082587427649302 -0.040989057524656078 -0.033451938823006316 -0.056040506663214487 -0.069551401040834446 -0.10328600395471867 -0.030032287700545442 0.0091992767749299285 0.019675928152269161 0.016278011313108902 -0.035224650834110555 -0.056377286822205712 -0.056373833195080048 0.01944042360911415 0.015395777771512591 0.0071366541593667898 0.0086239599566512812 -0.01364724828557779 0.0043202401952614393 -0.10263726697547718 -0.087948875058857748 0.024029064470132547 0.012785538706806246 0.01860779410161905 0.028259380098458582 -0.038370663501510249 0.016371341845228725
leaf_weight=48.637447076031094 220.84024536565994 1981.7017354201357 31.520215252709022 18.049591575987506 8.6599441990401846 18.319978070630896 12.565989622809864 8.4086582965592225 8.5005701240152103 7.3138624963357861 61.260509143168747 4.2295033383416003 102.93438120284372 27.345736434022911 27.185757536550227 9.0651947506739798 221.45485666544846 104.00673276603629 43.263686226680875 9.4562202761298959 24.168085264376714 62.447809762496036 9.1876849358668533 6.5238104788259061 6.2908268783940002 20.565046867879573 216.31908867517996 8.5003147167080915 21.114209976232814 128.87817160923441
leaf_count=11249 552 25099 2423 6338 338 10774 424 1002 53 1011 1241 4 8089 13422 348 180 347 191 56 26 163 176 140 365 6 98 493 14 1291 480
internal_value=0.00513354 0.00427294 -0.00623684 -0.000992998 0.00513617 0.00286441 -0.0205762 0.00550487 -0.0115111 0.00599436 0.000283872 -0.0404373 0.00674823 -0.00620552 0.00507343 0.00387739 0.0117094 0.00234539 -0.0146216 -0.0398189 0.00414521 -0.0115182 -0.0404331 0.00484722 -0.0352176 -0.00397788 0.0168904 0.00510345 -0.0189473 0.00544973
internal_weight=3478.72 3257.88 246.807 215.287 3011.07 197.238 41.791 2969.28 82.3992 2886.88 73.8987 12.6382 178.918 75.9832 2663.25 2257.88 405.367 183.912 79.9057 36.642 2248.81 95.8036 33.3558 2153.01 12.8146 29.225 223.633 2140.19 29.6145 2110.58
internal_count=86393 85841 52295 49872 33546 43534 860 32686 2300 30386 2247 1006 32760 24671 28882 27914 968 621 430 374 27734 479 303 27255 371 436 1504 26884 1305 25579
is_linear=0
shrinkage=0.03


Tree=184
num_leaves=31
num_cat=0
split_feature=73 57 0 55 40 0 73 60 73 27 20 56 57 55 24 57 59 55 56 0 73 55 73 55 0 29 57 56 56 73
split_gain=43.8853 85.7091 41.6434 34.347 28.401 28.0495 26.6101 25.9232 54.1225 26.1638 26.1545 26.3409 59.0387 23.1581 36.3801 63.8894 37.7894 23.2816 79.8158 27.6405 42.1803 34.2005 59.5346 39.135 28.3984 23.3251 24.8957 42.3412 67.9719 33.6012
threshold=0.026605000000000004 3.5000000000000004 9.7000000000000011 0.030810663257538635 1.0000000180025095e-35 3.3500000000000001 0.027165000000000005 1.5000000000000002 0.029175000000000003 1.0000000180025095e-35 1.0000000180025095e-35 0.039092439184851828 6.5000000000000009 0.048763003506173415 1.0000000180025095e-35 8.5000000000000018 1.0000000180025095e-35 0.031781826281211616 0.033474976598428303 9.0500000000000025 0.048815000000000004 0.010501873210954102 0.24908000000000002 0.02035367420542971 9.9500000000000011 1.0000000180025095e-35 1.5000000000000002 0.0052393313713162363 0.0062335325816534918 0.77983000000000013
decision_type=2 2 2 2 2 2 2 2 2 2 2 2 2 2 2 2 2 2 2 2 2 2 2 2 2 2 2 2 2 2
left_child=1 2 3 -1 5 -5 -2 8 -8 13 -9 12 -12 14 17 16 -16 19 -19 -10 24 25 -23 -24 -21 26 -22 -28 -29 -30
right_child=6 -3 -4 4 -6 -7 7 10 9 -11 11 -13 -14 -15 15 -17 -18 18 -20 20 21 22 23 -25 -26 -27 27 28 29 -31
leaf_value=0.0069810690160547178 0.026323680274817421 -0.031847071847261828 -0.03493587853201667 0.025333281488441522 0.028227906524460729 -0.031386417611139562 -0.046655906935883174 0.014187690100709045 0.0089763613079193207 -0.03619142379326705 -0.098093743999872834 0.015445921040473666 0.0017313185280543608 0.014123966403935664 -0.069514154416585969 0.027007897414362877 -0.0080981916310435102 -0.038292007243018081 0.0070734428385880411 -0.051341666875857263 0.01277199062705801 -0.06224409421267256 -0.032412889828752602 0.010188999225292761 0.021230852562173642 0.035147910219702615 0.014410989027750036 -0.080852931625792518 -0.017575514123102771 0.013172377292425829
leaf_weight=468.65433188601401 61.43469040283162 74.156190548515951 24.871852611651775 8.4349646016999014 10.587228709249755 52.104044007746779 17.059070811789752 512.58958787204756 1186.3017939608576 12.486200163639294 6.9510507840896052 19.05900925770402 16.085846502464847 261.66949043027125 19.271162638623537 17.148410337984387 16.77448383706178 46.610824279734516 129.96011679060757 20.555312417229292 191.42468286027724 16.945049922462204 26.56049832701683 64.632210823707283 5.6521933649637495 23.124850477091968 88.488405442512885 10.804181134182725 81.399369104867219 51.371798293665051
leaf_count=55811 320 8366 7685 32 10 2847 879 755 4825 350 107 18 131 292 418 18 127 548 155 1073 553 193 91 80 26 5 264 125 387 55
internal_value=0.0053674 -0.00174945 0.0022526 0.0040276 -0.01526 -0.0232004 0.0069328 0.00650467 0.00509019 0.00549922 0.0123201 -0.0102223 -0.0312173 0.00574561 0.00464127 -0.0196133 -0.0419233 0.00531476 -0.00505024 0.00635262 0.000988785 0.00277262 -0.0122924 -0.00243608 -0.0354848 0.00643959 0.00479285 -0.00181554 -0.0118468 -0.00566901
internal_weight=3543.17 638.809 564.652 539.781 71.1262 60.539 2904.36 2842.93 2288.24 2271.18 554.685 42.0959 23.0369 2258.69 1997.03 53.1941 36.0456 1943.83 176.571 1767.26 580.959 554.751 108.138 91.1927 26.2075 446.613 423.488 232.064 143.575 132.771
internal_count=86546 74751 66385 58700 2889 2879 11795 11475 10464 9585 1011 256 238 9235 8943 563 545 8380 703 7677 2852 1753 364 171 1099 1389 1384 831 567 442
is_linear=0
shrinkage=0.03


Tree=185
num_leaves=31
num_cat=0
split_feature=58 65 73 2 48 11 73 0 57 25 65 63 48 55 11 73 73 63 65 55 57 57 59 65 55 59 55 55 55 57
split_gain=23.8234 21.2078 38.7991 18.9215 37.4347 36.6062 36.2995 40.2548 35.6648 39.3831 39.2154 29.9431 28.6961 42.0215 35.1305 70.5272 67.614 51.7944 52.7919 69.818 39.0608 44.2218 132.993 123.714 61.8483 55.5333 46.9966 98.078 53.9654 52.7036
threshold=2.5000000000000004 231.50000000000003 0.77983000000000013 1.0000000180025095e-35 1.0000000180025095e-35 1.0000000180025095e-35 0.066180000000000017 7.8500000000000005 6.5000000000000009 1.0000000180025095e-35 174.50000000000003 1.0000000180025095e-35 1.0000000180025095e-35 0.01115846687889677 1.0000000180025095e-35 0.89998500000000015 0.77983000000000013 1.0000000180025095e-35 370.50000000000006 0.034771930691627664 5.5000000000000009 2.5000000000000004 1.0000000180025095e-35 422.50000000000006 0.033760440240409986 1.5000000000000002 0.0066168109075340131 0.0015490702586549395 0.0066746296630805562 1.5000000000000002
decision_type=2 2 2 2 2 2 2 2 2 2 2 2 2 2 2 2 2 2 2 2 2 2 2 2 2 2 2 2 2 2
left_child=3 2 -2 4 5 8 7 -7 9 10 -1 -12 14 -14 15 -5 17 20 19 -19 21 22 26 24 -23 -24 27 -16 -28 -30
right_child=1 -3 -4 12 -6 6 -8 -9 -10 -11 11 -13 13 -15 16 -17 -18 18 -20 -21 -22 23 25 -25 -26 -27 28 -29 29 -31
leaf_value=0.0030272018723383051 -0.057063909374712653 0.019617092975399812 0.013125448043174818 0.0089337366036480945 -0.082183939446188681 0.0088148979604300588 0.023248042435648378 -0.054319370952985967 0.021018704191369988 0.0092158363490372555 -0.036848697843161478 0.017984683320718182 0.023164407906530429 -0.016336769746455114 0.016545005442060456 -0.10966018680161804 0.011217509181628851 -0.064144957346068954 0.0021661116300025641 0.0021414417212726336 -0.025924979675604545 0.016159852745617275 -0.054119017140142493 -0.057264468967741788 -0.050572414833644996 0.013366030981415292 0.036973228173155036 -0.038395357445700787 0.0061941144464932292 -0.016747383855959263
leaf_weight=54.486025639766012 8.8134664086082903 158.66043309567613 24.629143614321947 596.06779595289481 3.1480510848778058 457.08841465434671 186.26291184406728 8.2882560813341097 52.464662687107193 88.151939755080093 68.890852956905292 9.6711778812750691 121.16070574063269 29.471888143292745 47.026979817695974 3.5521389776840797 345.7428651927039 40.36322706199644 41.772400503541576 21.761655585374683 56.768808992148479 299.96929850438755 61.647999247139524 23.007804931679857 12.085185999269013 12.882990246167536 38.979813126381487 74.408338100252877 377.77269161367076 117.26439574218239
leaf_count=1605 300 397 28 21394 87 14391 169 1169 406 1547 3982 28 465 157 4029 22 400 864 259 37 1922 4723 5203 2276 125 632 180 11431 5726 2473
internal_value=0.00481999 0.0150618 -0.00649198 0.0042102 0.00782819 0.00822282 0.0120847 0.00757643 -0.000983505 -0.00627314 -0.0165277 -0.0299574 0.00276062 0.0153791 0.00187845 0.00804978 -0.000479966 -0.00378599 -0.0239458 -0.0412595 -0.00189921 -0.000595481 -0.00473593 0.00841236 0.0134222 -0.0424314 -0.000391496 -0.0171578 0.00344611 0.000736925
internal_weight=3442.26 192.103 33.4426 3250.16 928.452 925.304 651.64 465.377 273.665 221.2 133.048 78.562 2321.71 150.633 2171.07 599.62 1571.45 1225.71 103.897 62.1249 1121.81 1065.05 729.983 335.062 312.054 74.531 655.452 121.435 534.017 495.037
internal_count=86427 725 328 85702 23384 23297 15729 15560 7568 7162 5615 4010 62318 622 61696 21416 40280 39880 1160 901 38720 36798 29674 7124 4848 5835 23839 15460 8379 8199
is_linear=0
shrinkage=0.03


Tree=186
num_leaves=31
num_cat=0
split_feature=73 28 60 64 70 65 73 22 65 55 65 73 55 60 73 4 12 60 65 65 59 65 65 73 65 73 72 73 0 55
split_gain=31.3167 28.0836 25.7919 20.3747 35.9363 43.1433 31.2155 20.8685 40.8092 19.0392 21.6948 30.2619 19.9787 17.7548 17.6442 19.6684 35.2685 34.1748 59.2392 27.9813 47.0155 24.7526 45.4731 23.7022 22.8811 47.7865 22.7069 107.507 22.0501 28.9764
threshold=0.89998500000000015 1.0000000180025095e-35 1.5000000000000002 1.0000000180025095e-35 1.0000000180025095e-35 352.50000000000006 0.081220000000000014 1.0000000180025095e-35 237.50000000000003 0.0069990775907807388 194.50000000000003 0.14175000000000001 0.0069782869163078536 1.0000000180025095e-35 0.0026450000000000002 1.0000000180025095e-35 1.0000000180025095e-35 1.5000000000000002 350.50000000000006 51.500000000000007 1.5000000000000002 341.50000000000006 237.50000000000003 0.011185000000000002 302.50000000000006 0.027775000000000005 1.0000000180025095e-35 0.32766500000000004 7.1500000000000012 0.0058227935986299309
decision_type=2 2 2 2 2 2 2 2 2 2 2 2 2 2 2 2 2 2 2 2 2 2 2 2 2 2 2 2 2 2
left_child=1 3 9 4 7 -6 -5 14 -9 12 11 -11 -3 -2 -1 19 -17 18 21 20 -16 22 -18 -21 25 -19 -25 -28 -29 -30
right_child=13 2 -4 6 5 -7 -8 8 -10 10 -12 -13 -14 -15 15 16 17 24 -20 23 -22 -23 -24 26 -26 -27 27 28 29 -31
leaf_value=-0.028038746947078197 -0.0013981938124332995 -0.040733744130658223 0.0093332173217779667 -0.046973695066566346 -0.076596434507737857 0.00047939154888097541 0.00069676618618277008 0.028830077701902778 -0.047160148188064729 -0.066159690447766581 -0.062626294093049165 0.017749577430289574 0.026593399563113053 0.019782596271624077 -0.091127265830333343 0.013630020348110117 0.001110825589599201 -0.038531871838304116 -0.06067648296928594 -0.028558243337503168 0.025127067717597807 0.022345149979806675 -0.052527708774572829 0.005283560803644974 0.022364040079256593 0.015693637294986022 -0.063003349455717214 0.025861889691745063 0.01103434353592822 -0.027934968760520498
leaf_weight=13.249502711749299 43.473914337344468 5.3941275196339094 27.340857625342323 15.713914056974316 9.4932896962309332 17.299192177924851 47.378737316226761 64.661764945964023 6.1411020681080108 4.9974544377037118 16.50638388437801 10.063051734119652 9.4504469490493648 192.98722038697451 6.1577755199687072 562.42775890185294 65.421811822703603 20.840755565724976 17.393476685560017 18.697240212233737 4.9487680071979412 26.365529507515021 17.162936261345749 2041.4650117824431 70.947317392900004 43.296543168369681 24.414284381950893 32.530970044434071 44.933458514511585 26.447957107797265
leaf_count=7591 72 1298 347 1581 491 207 187 621 1109 218 768 8 51 230 364 5967 2587 479 1074 32816 21 135 1212 25897 190 41 606 21 49 76
internal_value=0.0053755 0.00461016 -0.0135757 0.00503376 0.00537472 -0.028604 -0.0117237 0.00567678 0.021674 -0.0269835 -0.0398191 -0.0124794 0.00110171 0.015899 0.00529678 0.00545209 0.00940447 0.000296471 -0.0108748 0.00396813 -0.0415307 -0.00244463 -0.0105315 0.0042179 0.010748 -0.00224743 0.00451336 -0.00768537 0.00578828 -0.00359087
internal_weight=3507.6 3271.14 73.7523 3197.39 3134.3 26.7925 63.0927 3107.5 70.8029 46.4115 31.5669 15.0605 14.8446 236.461 3036.7 3023.45 823.856 261.428 126.344 2199.6 11.1065 108.95 82.5847 2188.49 135.085 64.1373 2169.79 128.327 103.912 71.3814
internal_count=86314 86012 2690 83322 81554 698 1768 80856 1730 2343 994 226 1349 302 79126 71535 11685 5718 5008 59850 385 3934 3799 59465 710 520 26649 752 146 125
is_linear=0
shrinkage=0.03


Tree=187
num_leaves=31
num_cat=0
split_feature=73 58 56 56 71 66 65 0 73 2 56 56 30 65 52 72 52 55 0 55 55 59 56 32 69 65 65 65 56 73
split_gain=33.2266 45.8587 45.27 51.2606 59.6221 26.0521 70.9297 56.6375 63.6899 50.7536 66.8573 56.4139 62.1701 58.5954 57.3787 50.8531 49.6333 48.7365 42.6423 52.7214 56.345 43.0917 40.3128 32.2243 31.2425 33.7304 31.0978 63.7225 30.4802 28.739
threshold=0.77983000000000013 1.0000000180025095e-35 0.0067497694644379725 0.0016781794423214667 1.0000000180025095e-35 1.0000000180025095e-35 331.50000000000006 8.7500000000000018 0.66771000000000014 1.0000000180025095e-35 0.026935654732692067 0.0057950219280482303 1.0000000180025095e-35 77.500000000000014 1.0000000180025095e-35 1.0000000180025095e-35 1.0000000180025095e-35 0.0069990775907807388 9.5000000000000018 0.077177660430596665 0.027897052336334126 1.0000000180025095e-35 0.02161452528237261 1.0000000180025095e-35 1.0000000180025095e-35 440.50000000000006 584.50000000000011 956.50000000000011 0.0059738020574179301 0.12170000000000002
decision_type=2 2 2 2 2 2 2 2 2 2 2 2 2 2 2 2 2 2 2 2 2 2 2 2 2 2 2 2 2 2
left_child=5 2 3 -2 -5 9 7 16 18 29 11 13 28 -11 23 17 22 -12 -9 20 21 -20 -7 24 25 -15 -8 -28 -13 -1
right_child=1 -3 -4 4 -6 6 26 8 -10 10 15 12 -14 14 -16 -17 -18 -19 19 -21 -22 -23 -24 -25 -26 -27 27 -29 -30 -31
leaf_value=0.0076998936010353736 0.018658946340119855 0.016979741887681615 0.0098180094638270418 -0.070848054821770839 -0.0013863445765895338 -0.054092924876616211 0.011549617725019534 0.0080740487015360587 -0.069322136783217372 0.027482808770856588 -0.075167147837730652 0.027864349917014662 -0.051472832182248782 -0.04582875094850352 0.032517212633562748 -0.086319032796065509 0.027727338619207717 -0.0069889373982929331 -0.031190467371372616 0.024882692431956944 -0.081971657945061421 0.012123776812201833 -0.019001079561413906 0.012595324650775177 0.016686640283178764 -0.010915555241853567 -0.040281609103735412 0.013940182415552047 0.0077182592830760399 0.022960156578412501
leaf_weight=527.82762409993666 18.79141466319561 338.60571840591729 105.64493610337377 23.726304493844509 20.286502371542156 42.297024827469613 323.47420687692465 209.15333971133441 11.427500942721961 30.962985620050858 8.7515363891507132 74.802665338977022 14.213174876238552 72.546435669723451 17.771099386074638 6.885516680777072 14.112680956226539 308.98929456613405 53.609697452076944 24.113389131613076 12.099196401777588 32.565404121567553 98.627235890035081 18.808531670394586 11.601434206619158 38.829806583535174 33.271868753890885 44.441891177142679 643.75671667525057 140.420191313955
leaf_count=19360 15 346 126 102 32 2831 2609 1724 53 977 236 1378 1062 19131 148 37 11 1971 1686 12 179 428 562 152 242 4274 876 226 25560 126
internal_value=0.00356967 0.0106316 -0.002154 -0.0221307 -0.0395736 0.00229448 -0.00191682 -0.00947084 -0.00264544 0.00427067 0.000695518 0.0048132 0.0085933 -0.00969463 -0.0170354 -0.0109947 -0.0244561 -0.0090967 -0.000145691 -0.0141443 -0.0238745 -0.0148708 -0.0298405 -0.0234304 -0.0289974 -0.0338622 0.00746043 -0.00949082 0.00985129 0.0109361
internal_weight=3322.42 507.055 168.449 62.8042 44.0128 2815.36 899.193 498.005 342.969 1916.17 1247.92 923.293 732.773 190.52 159.557 324.626 155.037 317.741 331.541 122.388 98.2743 86.1751 140.924 141.786 122.978 111.376 401.188 77.7138 718.559 668.248
internal_count=86472 621 275 149 134 85851 11197 7486 4082 74654 55168 52924 28000 24924 23947 2244 3404 2207 4029 2305 2293 2114 3393 23799 23647 23405 3711 1102 26938 19486
is_linear=0
shrinkage=0.03


Tree=188
num_leaves=31
num_cat=0
split_feature=73 56 15 27 56 0 55 73 56 60 56 0 55 30 73 55 65 65 69 26 59 55 66 59 10 73 73 24 24 55
split_gain=39.6819 53.5202 30.9684 26.7214 37.1933 24.562 54.0908 57.3839 93.1108 23.5409 36.0094 45.6608 40.6442 57.7045 36.1245 35.0119 30.2696 51.0424 26.707 27.1625 44.2939 32.3661 75.6709 77.5366 52.512 70.6936 48.3927 40.9426 40.0266 34.3502
threshold=0.66771000000000014 0.0062335325816534918 1.0000000180025095e-35 1.0000000180025095e-35 0.044512489803421006 7.9500000000000011 0.0035825669712940523 0.89998500000000015 0.0039470903806293018 1.5000000000000002 0.0038418136046520644 8.9500000000000011 0.06386747763884322 1.0000000180025095e-35 0.011185000000000002 0.0028543105875636922 174.50000000000003 158.50000000000003 1.0000000180025095e-35 1.0000000180025095e-35 2.5000000000000004 0.030810663257538635 1.0000000180025095e-35 1.0000000180025095e-35 1.0000000180025095e-35 0.034855000000000004 0.16886000000000004 1.0000000180025095e-35 1.0000000180025095e-35 0.061506534462757854
decision_type=2 2 2 2 2 2 2 2 2 2 2 2 2 2 2 2 2 2 2 2 2 2 2 2 2 2 2 2 2 2
left_child=3 2 -2 9 -5 -4 -7 8 -8 10 11 -1 13 14 16 -11 17 -12 19 21 -21 24 23 28 27 -26 -24 -16 29 -23
right_child=1 -3 5 4 -6 6 7 -9 -10 15 12 -13 -14 -15 18 -17 -18 -19 -20 20 -22 22 26 -25 25 -27 -28 -29 -30 -31
leaf_value=0.012122805093263871 -0.033817750744944988 0.015479876657759496 0.016202356100521637 -0.051144081097598368 0.0067744548870699427 0.014182847069301185 -0.010079721712129229 0.0020763800705652122 -0.11353196998170005 -0.043158547027043012 -0.037816697636973581 -0.029146882429304827 0.014564248117330906 -0.042937405296487111 0.0048401804189217813 0.0088357517258719886 -0.037550149006524008 0.021500805254300089 -0.062050323491603852 -0.048029618490403138 0.028621290178514731 -0.088280533945971143 -0.064047617724350261 0.010034845768382381 0.0033221116143138255 -0.073190307497782048 -0.012655091368988257 -0.051404664531522787 0.0088998107011414012 0.0036255552879893237
leaf_weight=352.92029967514191 23.813671875745058 503.88639551959932 67.926753204315901 18.960046968108145 19.542309239048336 61.615122063085437 19.173890827223662 35.079505680128932 12.494609009474514 10.918045778556914 21.618896545466669 24.9520523596766 138.27346281625796 29.921500691934853 1038.1807014536753 579.78262241586344 43.222431666035845 29.90126186807629 5.2702577914369604 23.187321920340764 8.663720899257898 14.566355578823279 29.736173709981813 146.02911708105785 25.488111910030966 17.841460273337361 36.932393549010158 10.785798619352134 8.7911840812812461 4.6847418475663281
leaf_count=19168 99 521 61 3129 86 72 39 57 79 3432 7988 2340 448 1736 13569 4949 21801 1722 212 1463 5 305 412 454 708 217 71 1453 42 14
internal_value=0.00388058 0.0100978 -0.0022379 0.00217252 -0.0223196 0.00174532 -0.00597111 -0.02451 -0.053122 0.00254342 0.000995241 0.00932791 -0.000937334 -0.00238003 -0.0015229 0.00780341 -0.0193386 -0.00363613 -0.000277786 5.99121e-06 -0.0269434 0.000669624 -0.00926474 0.00119356 0.00286561 -0.0291231 -0.0361854 0.00421345 -0.0436073 -0.0668406
internal_weight=3364.16 723.99 220.104 2640.17 38.5024 196.29 128.363 66.748 31.6685 2601.67 2010.97 377.872 1633.09 1494.82 1464.9 590.701 94.7426 51.5202 1370.16 1364.89 31.851 1333.04 240.74 174.071 1092.3 43.3296 66.6686 1048.97 28.0423 19.2511
internal_count=86652 928 407 85724 3215 308 247 175 118 82509 74128 21508 52620 52172 50436 8381 31511 9710 18925 18713 1468 17245 1298 815 15947 925 483 15022 361 319
is_linear=0
shrinkage=0.03


Tree=189
num_leaves=31
num_cat=0
split_feature=73 56 65 57 55 30 56 55 55 65 65 55 70 0 30 56 20 66 55 65 31 2 73 55 56 55 36 17 56 56
split_gain=29.9859 37.5336 28.2598 48.0102 50.3464 40.3891 46.8943 35.7206 32.3752 31.6752 59.3249 61.8041 39.3045 31.4909 28.6339 52.2637 34.3085 23.5508 24.4628 31.8276 23.3694 23.181 21.8788 21.7715 18.5943 22.5338 34.4796 30.8341 44.6489 31.0064
threshold=0.89998500000000015 0.0045541502434662514 428.50000000000006 1.5000000000000002 0.0063844283733814023 1.0000000180025095e-35 0.051136231577932643 0.01115846687889677 0.0038125144263475201 404.50000000000006 383.50000000000006 0.021143348457428057 1.0000000180025095e-35 8.5500000000000025 1.0000000180025095e-35 0.0068179619555235353 1.0000000180025095e-35 1.0000000180025095e-35 0.01036690078692047 751.50000000000011 1.0000000180025095e-35 1.0000000180025095e-35 0.77983000000000013 0.0037420077390576084 0.17581565966311982 0.0042814658813455381 1.0000000180025095e-35 1.0000000180025095e-35 0.0030932164622422017 0.074008704164995345
decision_type=2 2 2 2 2 2 2 2 2 2 2 2 2 2 2 2 2 2 2 2 2 2 2 2 2 2 2 2 2 2
left_child=2 -2 5 4 -4 9 8 -6 23 10 12 -12 24 -9 15 22 17 18 19 -17 -14 -19 -5 -7 25 -1 27 -27 -29 -30
right_child=1 -3 3 14 7 6 -8 13 -10 -11 11 -13 20 -15 -16 16 -18 21 -20 -21 -22 -23 -24 -25 -26 26 -28 28 29 -31
leaf_value=0.011500823376158016 -0.012783054152312987 0.020398004670976851 -0.046283823122915131 -0.034573474317790336 0.01747775994514613 -0.0441898762533064 0.010019309548275854 -0.039173651451856584 -0.064317290030130092 0.019101267219503976 -0.078461498416885184 0.0061231245820466606 -0.068348496323002078 0.0058504052212135981 0.01185311530591098 -0.062332293237497241 -0.049397923048377347 0.0082693861042090686 0.013998245822672509 0.010504476582799259 0.02265612579410169 -0.04446274533888947 -0.093078915764647677 0.025833965122726427 0.016660841718420666 0.0050235159810182225 -0.036180092929851894 0.024569748866642614 -0.01466661750021675 -0.088028327113865282
leaf_weight=388.85481079682177 35.838916394393891 190.21789450990036 14.327156520344941 44.15247526370058 157.77960721714771 6.2081343711579375 28.321433702876675 20.130211350413447 20.756127574590209 145.52054741461143 14.65486972575127 15.178424929428727 9.1737234009488002 40.702533142321045 33.955253178584826 8.8636413589629246 14.846846023247052 11.627344381147852 68.604379911063006 11.396257740590952 2.834587335586547 18.836066780870169 6.3169112019240847 7.9987044265653822 127.20043198845815 1795.5843524079155 18.429525002122318 26.092131858767971 101.42615568883411 4.5322357462428036
leaf_count=24716 73 229 2881 6270 1769 519 39 1245 1258 1883 1682 157 505 326 281 1183 723 79 292 300 1 250 35 12 244 31762 768 1110 5764 52
internal_value=0.00457064 0.0151044 0.00381358 -0.00313006 0.00633472 0.00497008 -0.0185359 0.00997822 -0.0413022 0.00553831 0.00474278 -0.0366241 0.00525618 -0.00944113 -0.0131987 -0.0178446 -0.00792024 -0.00239191 0.00544969 -0.0227944 -0.0467764 -0.0247127 -0.0435624 -0.00565892 0.00552884 0.00491552 0.00359445 0.00399328 -0.00994804 -0.0185982
internal_weight=3390.36 226.057 3164.3 451.539 232.94 2712.77 63.2844 218.612 34.963 2649.48 2503.96 29.8333 2474.13 60.8327 218.599 184.644 134.175 119.328 88.8643 20.2599 12.0083 30.4634 50.4694 14.2068 2462.12 2334.92 1946.06 1927.63 132.051 105.958
internal_count=86408 302 86106 15634 6221 70472 1828 3340 1789 68644 66761 1839 64922 1571 9413 9132 2827 2104 1775 1483 506 329 6305 531 64416 64172 39456 38688 6926 5816
is_linear=0
shrinkage=0.03


Tree=190
num_leaves=31
num_cat=0
split_feature=4 55 55 15 65 55 11 65 65 65 65 65 55 65 15 55 65 59 64 50 58 55 55 58 55 65 31 55 55 60
split_gain=43.0713 34.8322 100.853 67.2012 50.9097 42.7556 27.3609 26.6658 25.6742 25.8618 24.2031 42.5372 39.5714 35.7841 24.8289 26.2493 24.7945 28.8086 24.1363 23.5072 36.6878 47.758 46.7088 22.8705 22.726 22.7041 21.738 20.4255 34.5183 68.1011
threshold=1.0000000180025095e-35 0.0059228531034993181 0.0047920786754938865 1.0000000180025095e-35 764.50000000000011 0.0059628976246150316 1.0000000180025095e-35 434.50000000000006 404.50000000000006 380.50000000000006 62.500000000000007 142.50000000000003 0.021765767382888639 130.50000000000003 1.0000000180025095e-35 0.048763003506173415 48.500000000000007 1.5000000000000002 1.0000000180025095e-35 1.0000000180025095e-35 1.0000000180025095e-35 0.00070332916830404132 0.0042814658813455381 1.0000000180025095e-35 0.036496636214826468 294.50000000000006 1.0000000180025095e-35 0.061506534462757854 0.036496636214826468 1.0000000180025095e-35
decision_type=2 2 2 2 2 2 2 2 2 2 2 2 2 2 2 2 2 2 2 2 2 2 2 2 2 2 2 2 2 2
left_child=1 2 3 -1 -4 -3 7 8 9 -2 16 12 -12 14 15 -14 17 24 27 20 21 -5 -23 26 -7 -24 -20 28 -13 -30
right_child=6 5 4 19 -6 10 -8 -9 -10 -11 11 18 13 -15 -16 -17 -18 -19 23 -21 -22 22 25 -25 -26 -27 -28 -29 29 -31
leaf_value=-0.042750593817005141 0.00087344498236309042 0.030008050486234072 -0.051768329848461699 0.020519545980777192 0.020040938821879954 -0.10067671303326124 0.012222806463094928 -0.042725336671994241 0.027270031550022934 -0.077034042911322376 -0.049528368777354982 0.0027737895990810604 -0.077813874263980273 -0.079938941836046648 0.0043130260664910733 0.0096926908542190743 0.017666791101730597 0.025214834461235913 -0.066843774782037943 0.028876948007248437 0.0074855977361725336 -0.049608015928320912 -0.04798043505848594 0.012607035294176342 0.011552423406885918 0.0098994309041229214 0.016348272084591397 0.012964911930411264 -0.10980049944991174 -0.0090973716770683371
leaf_weight=30.238411209331389 250.00855907690857 49.625362206072168 55.339102399487274 25.378921341127352 9.9971154421255033 4.0786489000329293 626.10145223220024 10.960830612548305 33.497872337975423 2.8943096617003894 24.512902312535516 1298.0295541941177 6.3381501771927997 4.6895615144348985 73.93677549243148 4.9793900186487008 129.56385174449861 4.7420571020848001 11.492419812700975 28.322589188966958 225.73757061082324 37.325905103007244 6.6511286952845685 7.8438150361180297 2.1096406394499354 29.100901382698794 3.212329496163874 158.62809014494997 5.6493442696737466 69.388541188025556
leaf_count=13699 5827 265 6855 1695 363 163 13067 1162 205 248 4284 22947 251 124 597 37 694 6 264 164 4888 6395 496 9 9 474 5 461 130 563
internal_value=0.00319733 0.00100431 -0.00649477 -0.000574738 -0.0406443 0.00281458 0.00866872 0.00116964 0.00299236 -0.000318044 0.00205251 0.00104173 -0.0165281 -0.00708862 -0.00220104 -0.0416523 0.0139656 -0.0277102 0.0023454 0.00315374 0.000824599 -0.0143692 -0.0265989 -0.0278014 -0.0661323 -0.00188079 -0.0487863 0.00280705 0.00162494 -0.0180233
internal_weight=3230.38 2306.91 448.092 382.755 65.3362 1858.82 923.463 297.362 286.401 252.903 1809.2 1668.7 114.457 89.9439 85.2543 11.3175 140.494 10.9303 1554.24 352.517 324.194 98.4569 73.0779 22.5486 6.18829 35.752 14.7047 1531.7 1373.07 75.0379
internal_count=86347 65838 35029 27811 7218 30809 20509 7442 6280 6075 30544 29672 5293 1009 885 288 872 178 24379 14112 13948 9060 7365 278 172 970 269 24101 23640 693
is_linear=0
shrinkage=0.03


Tree=191
num_leaves=31
num_cat=0
split_feature=62 58 56 65 15 55 55 26 58 56 28 65 65 60 56 73 49 55 55 4 55 55 65 23 73 45 32 73 13 64
split_gain=31.171 51.2064 29.9513 34.0452 27.5985 41.4355 24.5196 26.5336 66.2269 32.6587 22.6774 33.2751 23.8225 22.2972 27.6023 22.2768 20.1914 27.2779 62.2932 56.1483 21.8582 34.9286 20.035 19.5381 19.1621 21.099 19.8934 75.1171 30.2803 22.2562
threshold=1.0000000180025095e-35 2.5000000000000004 0.0072401483730347776 278.50000000000006 1.0000000180025095e-35 0.034771930691627664 0.06386747763884322 1.0000000180025095e-35 1.0000000180025095e-35 0.0072401483730347776 1.0000000180025095e-35 180.50000000000003 209.50000000000003 1.5000000000000002 0.011338004811851243 0.073035000000000017 1.0000000180025095e-35 0.0046575976997566331 0.031781826281211616 1.0000000180025095e-35 0.0040436066657152303 0.0015490702586549395 118.50000000000001 1.0000000180025095e-35 0.89998500000000015 1.0000000180025095e-35 1.0000000180025095e-35 0.42477500000000007 1.0000000180025095e-35 1.0000000180025095e-35
decision_type=2 2 2 2 2 2 2 2 2 2 2 2 2 2 2 2 2 2 2 2 2 2 2 2 2 2 2 2 2 2
left_child=6 4 3 -3 5 -2 7 10 -9 -10 24 23 -13 14 -14 -6 17 20 19 -19 21 -17 -23 -12 25 26 -1 28 -28 -30
right_child=1 2 -4 -5 15 -7 -8 8 9 -11 11 12 13 -15 -16 16 -18 18 -20 -21 -22 22 -24 -25 -26 -27 27 -29 29 -31
leaf_value=0.0058078434133750946 -0.060098747843830985 0.0040988672540239511 0.024230612597825007 -0.079244613785366805 -0.033663101896305246 0.009709649336587375 0.015845425164626347 -0.078364145020293166 -0.052940329070627019 0.013271561882226838 -0.088633632480934421 0.025257241311425857 -0.012505989578499545 0.011021398823572956 -0.077136709347882693 0.016481168328796033 0.03050156945076677 -0.047611113117228855 0.0094720396278259993 0.021005902926585086 0.023330154257208961 0.0056245260774754717 -0.049890814632386302 -0.0021879109419433345 0.016361761172879637 -0.053547165571275118 0.018247871832933027 0.010528850999835575 -0.059788209631090293 0.016123202162219227
leaf_weight=2414.7385241647635 20.86874259995875 21.739019889883824 74.66746305110064 4.5068372673522381 23.861814928151944 11.390329737663704 193.45535672022379 10.928189597883827 7.1740089665654514 36.307994395887363 6.0801452670639247 18.842128340918862 25.356453883738141 20.412418185413117 6.9950904589204574 28.143784042651532 13.558563619852064 53.94477295721299 50.531257896858733 12.723025005310772 37.921315573774336 8.532613880568535 16.402116941586428 3.6018280943535501 143.0216393568553 4.5164781829953418 6.1979229373973785 75.607816951349378 29.323769728340267 3.5047623306309097
leaf_count=57450 10038 164 134 86 10790 74 493 1103 629 297 388 265 1114 174 167 69 2 447 63 9 54 43 178 185 189 611 51 69 1116 53
internal_value=0.00451542 -0.00358722 0.0146231 -0.0125958 -0.0102291 -0.0358993 0.00553728 0.00482289 -0.0157433 0.00140283 0.00523415 -0.0102905 -0.00288097 -0.0132121 -0.0283744 -0.00672577 -0.00368911 -0.00605088 -0.0155637 -0.0343992 0.00623669 -0.00618112 -0.0314092 -0.05969 0.00570925 0.00510176 0.00522761 -0.00693941 -0.0401991 -0.0514469
internal_weight=3384.86 378.792 100.913 26.2459 277.878 32.2591 3006.06 2812.61 54.4102 43.482 2758.2 81.2881 71.6061 52.764 32.3515 245.619 221.757 208.199 117.199 66.6678 90.9998 53.0785 24.9347 9.68197 2676.91 2533.89 2529.37 114.634 39.0265 32.8285
internal_count=86505 22151 384 250 21767 10112 64354 63861 2029 926 61832 2293 1720 1455 1281 11655 865 863 519 456 344 290 221 573 59539 59350 58739 1289 1220 1169
is_linear=0
shrinkage=0.03


Tree=192
num_leaves=31
num_cat=0
split_feature=24 55 73 55 59 56 55 0 56 56 73 56 73 39 28 58 56 57 55 55 72 73 72 56 65 0 39 34 59 65
split_gain=31.2293 82.4601 43.228 41.0801 69.3579 73.8561 50.3273 61.5604 44.0882 42.9413 38.8229 42.9272 53.598 38.8227 37.424 30.0469 48.9206 51.3937 29.1392 140.485 47.887 36.323 115.466 35.1459 34.593 47.1088 33.4205 29.8675 29.645 29.1312
threshold=1.0000000180025095e-35 0.022816273384930998 0.77983000000000013 0.029395112010871392 1.5000000000000002 0.0056904892081169342 0.06386747763884322 9.3500000000000032 0.17581565966311982 0.048022201973341977 0.026605000000000004 0.033474976598428303 0.20147000000000001 1.0000000180025095e-35 1.0000000180025095e-35 1.0000000180025095e-35 0.0068179619555235353 1.5000000000000002 0.02035367420542971 0.016299180440167958 1.0000000180025095e-35 0.14175000000000001 1.0000000180025095e-35 0.012841886520352541 261.50000000000006 7.9500000000000011 1.0000000180025095e-35 1.0000000180025095e-35 1.5000000000000002 58.500000000000007
decision_type=2 2 2 2 2 2 2 2 2 2 2 2 2 2 2 2 2 2 2 2 2 2 2 2 2 2 2 2 2 2
left_child=2 -2 3 18 5 13 7 8 10 -9 -7 12 14 -5 29 16 17 -4 19 20 27 22 24 26 25 -20 28 -1 -22 -12
right_child=1 -3 15 4 -6 6 -8 9 -10 -11 11 -13 -14 -15 -16 -17 -18 -19 21 -21 23 -23 -24 -25 -26 -27 -28 -29 -30 -31
leaf_value=0.0066809767810025941 -0.061167204117272243 0.0061936838601209113 0.0068594952321063725 -0.054684636832800261 0.023924422918838211 -0.032221654666913492 0.013448107064728576 -0.083687447498586615 0.013265239038900062 -0.017350512149040164 0.0024330475932423799 0.0020682089209172433 -0.092562830296296222 0.018822048210870076 0.018890705828762868 0.018563918646045729 0.014305252430199356 -0.051076049217646781 0.0024624291616162581 -0.047301135768893117 -0.056064181744353667 0.022010976240342629 -0.12317976681769599 0.015575067717677884 0.015550792645036528 -0.054969825082250449 0.023679038852072176 -0.046318081296650798 0.012302532643835962 -0.043811938994629353
leaf_weight=1472.0455321444788 22.574169237701881 52.905455248839644 28.906986278481781 37.354889799560624 78.468860476565169 55.069257858885976 130.79192891712592 14.052759313557543 98.851840509101748 22.761641161207081 18.568477821623674 215.42446749471128 8.0116140916943532 7.2577986540200063 20.704317611176521 318.09224077523686 107.78142299875617 24.979514851234853 81.449876184524328 46.195761908868008 32.188632886292908 196.33995755994692 5.1676825992763034 17.339869394898415 186.29578997573117 14.245990023602642 7.0622064229100934 8.646908724716921 6.5072994694187392 34.513615747055155
leaf_count=61993 11234 583 34 2808 124 1569 373 219 212 69 86 297 50 144 18 323 115 88 1213 1117 486 139 37 19 1069 470 6 1227 24 290
internal_value=0.00447105 -0.0144887 0.00490962 0.00348843 -0.00256763 -0.00573265 -0.00301181 -0.00744219 -0.0043502 -0.0442161 -0.00931659 -0.00497893 -0.0233392 -0.0425758 -0.0146858 0.0132248 0.00267023 -0.0204383 0.00565529 0.00368976 0.00524522 0.012098 0.0052673 -0.0201533 0.00804814 -0.00656742 -0.0337359 0.00634042 -0.044547 -0.0278893
internal_weight=3370.56 75.4796 3295.08 2815.32 741.831 663.363 618.75 487.958 451.144 36.8144 352.292 297.222 81.798 44.6127 73.7864 479.76 161.668 53.8865 2073.49 1589.99 1543.79 483.499 287.159 63.098 281.992 95.6959 45.7581 1480.69 38.6959 53.0821
internal_count=86436 11817 74619 74059 6259 6135 3183 2810 2522 288 2310 741 444 2952 394 560 237 122 67800 64872 63755 2928 2789 535 2752 1683 516 63220 510 376
is_linear=0
shrinkage=0.03


Tree=193
num_leaves=31
num_cat=0
split_feature=44 73 0 57 73 73 73 56 56 56 29 55 56 73 73 73 56 73 57 55 65 27 65 73 55 55 13 56 4 31
split_gain=28.6071 26.7235 25.6282 53.255 35.2798 43.6029 73.9893 33.4266 45.0667 32.3222 25.2219 26.9885 30.2856 49.0563 72.3803 47.29 24.6955 22.7233 56.5253 42.1301 32.2275 30.1734 28.6364 27.7347 27.7263 62.8359 28.5376 24.7386 29.8691 24.6374
threshold=1.0000000180025095e-35 0.89998500000000015 9.7000000000000011 7.5000000000000009 0.026605000000000004 0.027165000000000005 0.039845000000000005 0.0048839834471266904 0.0037325599991217509 0.0028543105875636922 1.0000000180025095e-35 0.061506534462757854 0.0052393313713162363 0.53825500000000015 0.051885000000000008 0.24908000000000002 0.0044970911835755436 0.023395000000000003 3.5000000000000004 0.030522028566488325 413.50000000000006 1.0000000180025095e-35 361.50000000000006 0.010585000000000002 0.0057592837274565859 0.0055644576374645361 1.0000000180025095e-35 0.054446249970382408 1.0000000180025095e-35 1.0000000180025095e-35
decision_type=2 2 2 2 2 2 2 2 2 2 2 2 2 2 2 2 2 2 2 2 2 2 2 2 2 2 2 2 2 2
left_child=1 2 17 4 -4 -6 -7 8 9 -8 11 12 -9 14 -14 -16 -3 18 19 22 -20 24 -1 -21 25 26 -19 29 -29 -25
right_child=-2 16 3 -5 5 6 7 10 -10 -11 -12 -13 13 -15 15 -17 -18 21 20 23 -22 -23 -24 27 -26 -27 -28 28 -30 -31
leaf_value=0.010560701640380026 -0.043124880461363771 -0.0065582823965915074 -0.035028326196601373 -0.066760842632280867 0.031374726564890723 -0.056321036897678131 -0.052506611642424844 0.024233296320398254 -0.064271736512795066 0.0077851044709054979 0.034234594856162842 0.019706166766236582 0.014095640977192743 0.0077463526955927021 -0.047897975320612608 -0.011720988124240894 0.019042945996882988 -0.042403262749894241 -0.03909655535454367 -0.039740035462640912 0.014714173952129811 -0.036469027591425798 -0.012819945049967705 -0.053385696631991948 0.008366638777955418 -0.051243097663983085 0.0040976839482401283 -0.036021336209363569 0.022285762814324549 0.023071029828034634
leaf_weight=323.79800132321816 10.582360685322781 41.304512498201802 24.935456303316641 10.193351240046466 38.040909172712418 20.252049238824839 9.1618625670380407 37.68999448599061 14.571276232320086 36.815495702590852 21.630760068073869 64.433089076541364 57.572740340627206 177.49376338534057 52.444208858156344 85.417110637761652 178.00164914177731 11.390532089121733 47.115664526801993 28.230307384348635 12.079906091579685 13.70813839567745 54.280644856202343 12.759409071641132 1541.3471127661323 20.210596033893125 287.34020311804125 9.3993354512276692 32.371446199715137 4.5803986433893433
leaf_count=40720 805 76 8195 250 69 997 216 100 227 206 3 48 272 196 593 200 228 428 5302 2125 2010 545 12977 1264 4962 393 2996 183 19 11
internal_value=0.00395495 0.00412052 0.00339021 -0.00188819 -0.000753231 0.000689851 -0.00138222 0.000711801 -0.020146 -0.00509112 0.00328987 0.00181189 -0.00103708 -0.00364901 -0.0139851 -0.025729 0.0142133 0.00482223 -0.000695585 0.00283669 -0.0280535 0.00636647 0.00717899 -0.0158286 0.00670154 -0.0013464 0.00218906 -0.00393774 0.00862996 -0.0330325
internal_weight=3279.15 3268.57 3049.26 650.652 640.459 615.523 577.482 557.23 60.5486 45.9774 496.682 475.051 410.618 372.928 195.434 137.861 219.306 2398.61 524.615 465.42 59.1956 1874 378.079 87.3409 1860.29 318.941 298.731 59.1106 41.7708 17.3398
internal_count=86616 85811 85507 11572 11322 3127 3058 2061 649 422 1412 1409 1361 1261 1065 793 304 73935 64611 57299 7312 9324 53697 3602 8779 3817 3424 1477 202 1275
is_linear=0
shrinkage=0.03


Tree=194
num_leaves=31
num_cat=0
split_feature=55 73 58 9 55 73 56 56 71 72 55 55 55 20 73 0 60 73 6 55 55 57 73 55 55 48 55 55 66 47
split_gain=31.699 27.1666 48.0159 41.9986 74.2849 49.2992 39.8318 73.3669 73.3909 35.7535 39.6213 34.6567 57.7172 54.7101 60.4916 50.4346 50.4293 46.2524 51.5709 31.0325 47.5701 32.9143 31.3494 28.5137 32.4077 27.9536 32.2163 28.8276 47.7057 46.1661
threshold=0.00048773207149649275 0.12170000000000002 1.0000000180025095e-35 1.0000000180025095e-35 0.0072480298081758826 0.043455000000000008 0.0027928750166438913 0.0016476714740374251 1.0000000180025095e-35 1.0000000180025095e-35 0.030522028566488325 0.029049548550006982 0.06386747763884322 1.0000000180025095e-35 0.016595000000000002 9.0500000000000025 2.5000000000000004 0.030765000000000004 1.0000000180025095e-35 0.02035367420542971 0.015677023898642627 8.5000000000000018 0.77983000000000013 0.0033897661317019196 0.0035825669712940523 1.0000000180025095e-35 0.027897052336334126 0.016299180440167958 1.0000000180025095e-35 1.0000000180025095e-35
decision_type=2 2 2 2 2 2 2 2 2 2 2 2 2 2 2 2 2 2 2 2 2 2 2 2 2 2 2 2 2 2
left_child=-1 2 9 4 -4 -5 7 -3 -9 11 -11 23 13 14 -13 17 -15 -16 -19 20 21 -8 -22 -2 -25 26 27 28 -26 -30
right_child=1 6 3 5 -6 -7 19 8 -10 10 -12 12 -14 16 15 -17 -18 18 -20 -21 22 -23 -24 24 25 -27 -28 -29 29 -31
leaf_value=-0.041815714484002502 -0.021117863883796502 0.011802768833523748 -0.0024454289423301344 -0.042976434794547068 -0.057363811603504282 0.012888860412854013 0.0037363177679077776 -0.07984312566851888 0.0095417408276050573 -0.070050648506479019 0.013889535084827934 -0.042084317369942753 0.016478383317859752 -0.057239291604641661 0.017235115929797807 -0.057456751944632699 0.019219075115533276 -0.053673874223159383 -0.0008432161127811047 0.012190435184035201 -0.044389604770293113 0.022493653614668908 -0.0028628961278240649 0.029468343341889781 0.0098020289606127933 0.027413768152224804 0.017007886641640112 -0.012563810371755763 -0.019889531324253616 0.029778839449739816
leaf_weight=12.707875757900181 30.810113456871477 42.170812859985745 47.373305696946318 16.947518741184467 40.816166721736408 67.402718863697373 788.33723012909832 21.159719955037872 12.875787440425482 11.455913110966323 8.0467099927191139 33.352858524214753 98.583920842065709 33.984419314449042 113.79770010977518 11.891138490362207 9.4375114909198583 18.691631227797188 107.14942876280838 710.67470170863089 27.399067207123153 93.365189376811031 38.950948024168611 57.19299197786313 386.53548538590621 51.719657749337784 154.44721125942669 104.50701530386505 101.05036866676528 19.251415823106072
leaf_count=4684 14811 226 13628 6367 4061 281 1691 223 29 128 26 2274 409 1351 715 205 56 154 452 831 145 100 68 861 26136 246 837 2526 2816 88
internal_value=0.00372125 0.00391156 0.000988617 -0.0138684 -0.0282211 0.00129247 0.00647784 -0.014602 -0.0467212 0.00289362 -0.036429 0.00349608 -0.00354501 -0.00958945 -0.00474309 0.0003554 -0.0405629 0.00345095 -0.00905164 0.00745451 0.00389529 0.0057458 -0.0204157 0.00681573 0.00782264 0.00627416 0.00481255 0.00170883 0.00467072 -0.0117613
internal_weight=3272.09 3259.38 1524.45 172.54 88.1895 84.3502 1734.93 76.2063 34.0355 1351.91 19.5026 1332.4 426.889 328.305 284.883 251.53 43.4219 239.639 125.841 1658.73 948.052 881.702 66.35 905.514 874.704 817.511 765.791 611.344 506.837 120.302
internal_count=86425 81741 78428 24337 17689 6648 3313 478 252 54091 154 53937 5616 5207 3800 1526 1407 1321 606 2835 2004 1791 213 48321 33510 32649 32403 31566 29040 2904
is_linear=0
shrinkage=0.03


Tree=195
num_leaves=31
num_cat=0
split_feature=73 0 56 56 57 66 56 73 0 65 44 56 73 60 57 66 34 57 0 56 73 65 56 0 56 0 57 9 41 4
split_gain=35.4823 44.8177 46.1249 42.3356 40.3835 86.1519 48.219 58.8626 43.163 40.6026 33.5409 32.8261 31.0616 30.0782 86.253 27.097 26.9116 25.1646 33.658 24.7268 24.4751 47.3067 42.1856 37.6981 43.4135 70.3455 59.1091 40.8267 39.8404 33.9513
threshold=0.89998500000000015 8.8500000000000032 0.005055418790465083 0.0037325599991217509 1.5000000000000002 1.0000000180025095e-35 0.0069633442171564012 0.42477500000000007 9.5000000000000018 425.50000000000006 1.0000000180025095e-35 0.0029214086191665547 0.77983000000000013 1.0000000180025095e-35 3.5000000000000004 1.0000000180025095e-35 1.0000000180025095e-35 5.5000000000000009 9.7000000000000011 0.0013997099996706566 0.16886000000000004 261.50000000000006 0.0022020675352604339 6.4500000000000011 0.048022201973341977 8.0500000000000025 6.5000000000000009 1.0000000180025095e-35 1.0000000180025095e-35 1.0000000180025095e-35
decision_type=2 2 2 2 2 2 2 2 2 2 2 2 2 2 2 2 2 2 2 2 2 2 2 2 2 2 2 2 2 2
left_child=1 10 3 11 -4 8 -7 -8 -6 13 16 -3 -11 14 -10 -13 19 -15 -19 -1 21 22 -21 -24 25 28 27 -27 -25 -26
right_child=-2 2 4 -5 5 6 7 -9 9 12 -12 15 -14 17 -16 -17 -18 18 -20 20 -22 -23 23 24 29 26 -28 -29 -30 -31
leaf_value=-0.034519956717774122 0.014980829491686776 -0.048001923922640306 0.0077518840833020169 -0.059054415240016596 -0.062820167677552205 -0.072270622365978893 -0.05424456008662993 0.0030068771031828059 -0.055878410834544548 -0.062121374612048606 -0.051326068658163686 0.017415420983346249 0.0042818529948757079 0.015666737366595518 0.018267137786579339 -0.04442686176163823 -0.041266055928314643 0.019106440835360162 -0.079599716763580006 0.022904018361718154 0.0093354889596954961 0.0080330603459206548 0.0077843257007264577 -0.038674528146211674 -0.013677446529792048 0.010156654480392054 -0.091893813691168919 -0.037815342051239452 0.022080582313584618 0.01183501906090448
leaf_weight=13.025517026015221 229.86033969582058 13.899618094234027 259.01511669176762 23.026990520776963 8.3175031621976796 20.979276160680456 26.29127752729255 39.394956288859248 22.877980911160194 13.421123090025503 8.5630514302210923 29.69863876789168 11.097476555034518 168.22096245452121 33.712928575543629 7.0573520714315228 10.275285753472415 5.7685103874828183 5.0447485865879571 50.890817347612028 893.59226565485733 759.83402474573631 147.34736884819313 115.18183923511606 80.133297123415105 101.91727593493124 5.2485162994416887 17.90297713126165 9.9649089736849401 110.42000726383412
leaf_count=6399 318 1628 3837 1785 403 579 482 52 1522 592 779 614 13 777 281 293 935 17 93 3143 1372 29376 13169 12235 414 2605 259 1959 135 248
internal_value=0.0036446 0.00277483 -0.003948 -0.0262102 -0.00123879 -0.00779958 -0.0336209 -0.0203781 0.000629987 0.00289145 0.00476514 -0.0104257 -0.0330763 0.00675813 -0.0121574 0.00467917 0.00499462 0.0127715 -0.0297833 0.0052186 0.00545934 0.00297833 -0.00303534 -0.00531499 -0.00970175 -0.0178926 -0.00193329 0.00273524 -0.0337002 0.00109088
internal_weight=3241.98 3012.12 687.824 73.6826 614.142 355.127 86.6655 65.6862 268.461 260.144 2324.3 50.6556 24.5186 235.625 56.5909 36.756 2315.73 179.034 10.8133 2305.46 2292.43 1398.84 639.007 588.116 440.769 250.216 125.069 119.82 125.147 190.553
internal_count=86314 85996 12968 4320 8648 4811 1113 534 3698 3295 73028 2535 605 2690 1803 907 72249 887 110 71314 64915 63543 34167 31024 17855 17193 4823 4564 12370 662
is_linear=0
shrinkage=0.03


Tree=196
num_leaves=31
num_cat=0
split_feature=56 73 55 55 59 62 56 55 55 73 73 56 56 8 4 56 64 55 73 58 73 2 48 11 65 57 73 65 30 0
split_gain=30.4513 29.7128 36.8773 107.618 56.3069 40.3473 38.9211 43.1388 49.2213 53.4567 47.9871 42.8525 53.5249 60.0836 41.8019 30.2123 41.9346 36.3106 27.6824 24.264 42.028 21.5516 31.9535 37.3712 56.4074 50.2414 39.5198 38.9978 84.2361 32.8321
threshold=0.17581565966311982 0.89998500000000015 0.029395112010871392 0.030185961961733933 1.5000000000000002 1.0000000180025095e-35 0.0028543105875636922 0.051588093059875891 0.036496636214826468 0.77983000000000013 0.017695000000000006 0.033474976598428303 0.0038125144263475201 1.0000000180025095e-35 1.0000000180025095e-35 0.079010979990600375 1.0000000180025095e-35 0.02035367420542971 0.073035000000000017 2.5000000000000004 0.12170000000000002 1.0000000180025095e-35 1.0000000180025095e-35 1.0000000180025095e-35 476.50000000000006 5.5000000000000009 0.53825500000000015 891.50000000000011 1.0000000180025095e-35 6.0500000000000007
decision_type=2 2 2 2 2 2 2 2 2 2 2 2 2 2 2 2 2 2 2 2 2 2 2 2 2 2 2 2 2 2
left_child=1 2 15 5 6 -4 -5 8 10 14 -8 12 -12 18 19 21 17 -17 -14 20 -10 -1 23 24 29 27 -27 28 -25 -23
right_child=-2 -3 3 4 -6 -7 7 -9 9 -11 11 -13 13 -15 -16 16 -18 -19 -20 -21 -22 22 -24 25 -26 26 -28 -29 -30 -31
leaf_value=0.0090335443139985989 0.017239712384711191 0.013807532177490265 -0.10404825011227857 -0.050424577761050624 0.021656464280144269 0.00039516832999653058 -0.043668310060582902 0.0074528846271111676 -0.050455649914223973 0.01598815398080022 0.019095063203881796 0.0054405205415858143 -0.049840542226529817 -0.049187296741897445 -0.0033176373197720856 -0.11645123546585456 0.012146398347762773 -0.0044096977389112531 0.011362140525552166 -0.0069319492328306391 -0.14580506496586973 -0.043925950522338365 0.018694126125870469 -9.6061683614800917e-05 -0.062042086541919006 -0.05092303526321651 -0.0070740696312702727 0.020628880636126411 -0.056795887256381093 0.012552092983784536
leaf_weight=606.42754586821502 135.13813488243613 202.71530525479466 12.050651273289988 15.654886987520511 78.453892287936469 4.4585652421210389 26.904368157161116 199.62363565685882 11.761037176245742 11.124599598348139 27.689102040625585 210.99805687449407 7.2509388444887 51.27121357798751 8.9704920908734511 5.6475349899410503 9.7435186132788658 4.4129677070450271 33.308925550198182 3.6861983537673941 7.3844399021472773 8.548175910709686 99.554142296830832 872.39982320724039 8.748586643527231 30.44179090927355 45.878344685770571 75.925184607905976 23.237076090332266 360.32616104594626
leaf_count=20377 265 286 145 2212 137 19 1333 852 442 9 140 312 194 597 87 55 10 44 40 7 61 6921 528 33304 2279 1972 105 940 1749 11070
internal_value=0.00335442 0.0027367 0.00194797 -0.00397354 -0.00211745 -0.0774301 -0.00517733 -0.00391477 -0.0095874 -0.0395675 -0.00588642 -0.0026885 -0.0169654 -0.0279269 -0.0588962 0.00390484 -0.0320846 -0.0721471 -0.000515123 -0.0796773 -0.0926441 0.00425411 0.00234894 0.00119512 0.00927351 -0.00172214 -0.0249965 0.00012998 -0.00162883 0.0111281
internal_weight=3199.74 3064.6 2861.88 710.591 694.082 16.5092 615.628 599.973 400.349 42.9268 357.423 330.518 119.52 91.8311 31.8022 2151.29 19.804 10.0605 40.5599 22.8317 19.1455 2131.49 1525.06 1425.51 377.623 1047.88 76.3201 971.562 895.637 368.874
internal_count=86492 86227 85941 6587 6423 164 6286 4074 3222 606 2616 1283 971 831 597 79354 109 99 234 510 503 79245 58868 58340 20270 38070 2077 35993 35053 17991
is_linear=0
shrinkage=0.03


Tree=197
num_leaves=31
num_cat=0
split_feature=26 65 55 55 73 73 56 56 0 55 73 73 0 17 55 73 28 73 13 58 56 73 73 72 0 73 55 69 56 58
split_gain=36.2326 44.522 42.6445 47.1155 61.4492 30.1459 29.7599 24.2946 23.1188 55.3662 26.1922 27.9291 18.0638 34.8844 29.7821 16.9136 16.4234 32.64 18.714 20.7122 25.4698 15.29 15.0726 15.534 111.848 47.4258 70.9692 18.2671 22.2641 17.7125
threshold=1.0000000180025095e-35 368.50000000000006 0.003521635503638119 0.068361472679930133 0.77983000000000013 0.89998500000000015 0.0072401483730347776 0.0045273608812876802 5.3500000000000005 0.048763003506173415 0.66771000000000014 0.027775000000000005 5.4500000000000011 1.0000000180025095e-35 0.034771930691627664 0.025455000000000002 1.0000000180025095e-35 0.03727500000000001 1.0000000180025095e-35 1.0000000180025095e-35 0.039092439184851828 0.77983000000000013 0.0026450000000000002 1.0000000180025095e-35 9.0500000000000025 0.12170000000000002 0.030522028566488325 1.0000000180025095e-35 0.08814850758398339 1.5000000000000002
decision_type=2 2 2 2 2 2 2 2 2 2 2 2 2 2 2 2 2 2 2 2 2 2 2 2 2 2 2 2 2 2
left_child=5 2 21 4 -4 8 -3 -7 9 10 11 15 13 14 -10 -1 22 -18 -19 20 -20 -2 -14 27 25 26 -25 -24 -29 -27
right_child=1 6 3 -5 -6 7 -8 -9 12 -11 -12 -13 16 -15 -16 -17 17 18 19 -21 -22 -23 23 24 -26 29 -28 28 -30 -31
leaf_value=-0.033511680708208612 -0.033194844036305939 -0.061698757416970937 -0.053315607486325155 0.01261028069778544 -0.21475621372954207 -0.006039390385383701 0.024669815487830715 0.020795954559834084 -0.053076041422135879 0.022776023207925208 0.0066580879133416159 -0.063785203346268499 -0.027859723424404972 0.034437786433222865 0.017377784220994466 0.018685066421359135 -0.043043473773108278 0.02362678895114257 -0.068170225490665842 0.011193403946035123 -0.0001992912962807381 0.028488063389623185 0.0052227587957630536 -0.069582242434572311 -0.080300028196589365 0.020864840407569991 0.019339657851725447 -0.064079736251171873 0.019110921347128905 -0.0056295628532756267
leaf_weight=14.675560086961925 4.399003224938494 3.1887430172719204 24.135064832483753 7.574635117314755 1.5398068204522122 36.751439766259864 25.30139984946436 163.66084154974669 8.2481805384441049 27.894976192663307 14.442035370506344 20.78895179608071 12.033396534377969 44.693752880866668 12.145743872606543 7.8809500851275507 18.662983820435329 21.038556548024644 8.4248414824542142 18.614440745892352 10.489588640630243 10.137339353561401 2565.1945639030209 16.310032768088607 14.829157793406919 76.91827036205359 14.498169413840513 6.4150208180690225 4.1429601754061878 31.542014636026579
leaf_count=10800 922 686 2383 17 20 67 209 208 4918 119 24 496 6401 81 65 90 2172 32 94 41 14 2 55229 352 132 104 41 436 3 95
internal_value=0.00414117 -0.0161619 -0.0336028 -0.0518957 -0.0706856 0.0046346 0.0132387 0.0158694 0.00387137 -0.0114009 -0.0280055 -0.0394445 0.00432887 0.01984 -0.0122658 -0.0152558 0.00396384 -0.00959849 0.00160271 -0.0110367 -0.0323777 0.0088864 0.00434921 0.00450134 -0.00472779 0.00383417 -0.0284437 0.0050551 -0.0326065 0.0131788
internal_weight=3246.57 76.276 47.7858 33.2495 25.6749 3170.3 28.4901 200.412 2969.88 85.6825 57.7875 43.3455 2884.2 65.0877 20.3939 22.5565 2819.11 77.2304 58.5674 37.5289 18.9144 14.5363 2741.88 2729.85 154.098 139.268 30.8082 2575.75 10.558 108.46
internal_count=86253 4239 3344 2420 2403 82014 895 275 81739 11529 11410 11386 70210 5064 4983 10890 65146 2353 181 149 108 924 62793 56392 724 592 393 55668 439 199
is_linear=0
shrinkage=0.03


Tree=198
num_leaves=31
num_cat=0
split_feature=42 0 24 73 57 14 73 28 21 19 9 17 57 67 60 65 73 65 64 66 65 0 59 65 55 65 65 73 58 37
split_gain=40.8014 31.8378 24.822 66.392 29.7516 27.4594 45.6703 32.2617 44.2824 24.3774 30.4112 25.6448 52.8909 38.3989 32.5509 30.8342 58.2764 43.7602 41.9327 29.4357 99.6895 85.2907 47.8546 39.9243 30.0626 65.8542 29.7881 28.9205 25.9159 53.3426
threshold=1.0000000180025095e-35 8.7500000000000018 1.0000000180025095e-35 0.89998500000000015 1.5000000000000002 1.0000000180025095e-35 0.023395000000000003 1.0000000180025095e-35 1.0000000180025095e-35 1.0000000180025095e-35 1.0000000180025095e-35 1.0000000180025095e-35 5.5000000000000009 1.0000000180025095e-35 6.5000000000000009 476.50000000000006 0.045905000000000008 401.50000000000006 1.0000000180025095e-35 1.0000000180025095e-35 182.50000000000003 7.4500000000000011 1.5000000000000002 270.50000000000006 0.026100508894705211 341.50000000000006 344.50000000000006 0.89998500000000015 2.5000000000000004 1.0000000180025095e-35
decision_type=2 2 2 2 2 2 2 2 2 2 2 2 2 2 2 2 2 2 2 2 2 2 2 2 2 2 2 2 2 2
left_child=2 -2 5 4 -4 7 -7 9 -9 11 -11 15 13 -13 -14 17 18 19 -17 -1 22 -22 27 -23 25 -25 -27 -21 29 -28
right_child=1 -3 3 -5 -6 6 -8 8 -10 10 -12 12 14 -15 -16 16 -18 -19 -20 20 21 23 -24 24 -26 26 28 -29 -30 -31
leaf_value=0.0075765721505998062 -0.086305171759077301 -0.013210976864895007 -0.044737718935267949 -0.13879638227810562 0.0029371198998446807 -0.037756277319048889 0.018397404009264554 0.012425899769682162 -0.037188955108559289 0.022797453347099299 -0.05208903655401325 0.0037146986757790926 -0.064433282290061275 -0.049548771211779509 0.023309653327298372 -0.044731220338328416 0.0025177947910124104 0.018363370034956038 0.021853804434927404 -0.038993053030601542 -0.063135349011234909 0.013209954253959624 0.0175916324841114 -0.048211685007174591 0.0072916859309510394 0.023604369214041309 -0.055667763445701207 0.0066277005685265065 0.018298739792859252 0.027808776971913869
leaf_weight=1337.8566410533413 5.7550610478974695 28.63600648830834 13.361753748760746 2.5283130519092074 64.987006620867305 12.929644666990496 221.1513917114753 27.375415794274886 37.283913081206265 98.400568339326128 4.2050345671159439 162.18252914239747 18.549794371745524 12.164295125319766 4.175997508558793 43.240859069581347 223.93446237107855 243.39758663715838 9.8936195917813148 88.490732351283441 15.074761890929947 357.681418245229 19.739924692357818 33.881136189716926 125.96375713067391 31.27851259244926 20.691554558638018 14.228693872224538 14.294224795885382 9.3601046158000845
leaf_count=32790 318 594 5666 20 6147 3603 518 739 1746 2534 1368 11121 1497 936 15 5080 728 2963 776 2350 522 2021 80 1227 430 49 534 24 12 5
internal_value=0.00451319 -0.0275357 0.00485875 -0.0114613 -0.00565479 0.00527632 0.0151483 0.004489 -0.0163137 0.00496013 0.0192553 0.00442695 -0.0059832 -0.000262912 -0.0480071 0.00522136 -0.00422392 0.00635465 -0.0321584 0.00493344 9.02094e-05 0.00507159 -0.0244918 0.00690839 -0.00267916 -0.0141108 0.00159689 -0.0326707 -0.0141039 -0.0296093
internal_weight=3302.69 34.3911 3268.3 80.8771 78.3488 3187.43 234.081 2953.35 64.6593 2888.69 102.606 2786.08 197.073 174.347 22.7258 2589.01 277.069 2311.94 53.1345 2068.54 730.685 608.225 122.459 593.151 235.469 109.506 75.6244 102.719 44.3459 30.0517
internal_count=86413 912 85501 11833 11813 73668 4121 69547 2485 67062 3902 63160 13569 12057 1512 49591 6584 43007 5856 40044 7254 4800 2454 4278 2257 1827 600 2374 551 539
is_linear=0
shrinkage=0.03


Tree=199
num_leaves=31
num_cat=0
split_feature=73 58 65 56 55 66 73 56 55 65 68 56 56 67 57 55 55 60 73 65 60 49 0 73 60 71 65 57 65 73
split_gain=43.3704 71.2692 94.1804 49.5091 51.4944 38.3168 54.6158 95.6519 37.8812 89.6435 40.0802 52.1867 34.2623 33.4188 39.1858 30.578 33.3598 30.3898 28.7275 49.4538 30.416 28.6327 41.724 52.3955 28.853 27.8606 25.9362 25.7271 97.4549 26.2073
threshold=0.32766500000000004 1.0000000180025095e-35 251.50000000000003 0.0067497694644379725 0.0029347433605403247 1.0000000180025095e-35 0.89998500000000015 0.0035825669712940523 0.0069782869163078536 335.50000000000006 1.0000000180025095e-35 0.0072401483730347776 0.0028543105875636922 1.0000000180025095e-35 5.5000000000000009 0.077177660430596665 0.06386747763884322 1.5000000000000002 0.24908000000000002 370.50000000000006 1.0000000180025095e-35 1.0000000180025095e-35 9.7000000000000011 0.039845000000000005 1.5000000000000002 1.0000000180025095e-35 245.50000000000003 2.5000000000000004 219.50000000000003 0.021455000000000005
decision_type=2 2 2 2 2 2 2 2 2 2 2 2 2 2 2 2 2 2 2 2 2 2 2 2 2 2 2 2 2 2
left_child=1 8 15 4 12 -6 7 -7 9 10 11 -1 26 14 17 16 -3 18 19 -4 -21 22 24 -24 -10 -9 -2 -26 -29 -30
right_child=3 2 13 -5 5 6 -8 25 21 -11 -12 -13 -14 -15 -16 -17 -18 -19 -20 20 -22 -23 23 -25 27 -27 -28 28 29 -31
leaf_value=0.00012298921818376481 0.0086396989283382981 -0.037461791999107562 -0.049051998381977928 0.011857565835168745 -0.00070847996418241927 0.00081578993038136042 0.006980092168410155 -0.090966985636745004 0.0018437747961690101 -0.044612843805306931 0.028744147135988187 -0.051844311376956921 0.0220161840731458 -0.044234058189792057 -0.041586089467756548 -0.14225833144062486 0.023204809374053156 0.025736798967155056 0.016403776474160307 -0.041965106729018313 0.017991008123936999 0.028920990223499452 -0.050205955650943962 -0.0029278753904729659 0.021631134793260665 -0.026629428375893709 -0.03959490020103433 -0.049966142040453708 -0.004240347533986704 0.018954052590390583
leaf_weight=152.74194616161685 25.549228905234486 102.11982211140548 22.848557496281956 715.89682341413572 211.89030795474537 28.002733487635851 33.721894630696625 23.707711756229401 782.76874527915243 48.658692274669193 35.675238656003785 18.625768535099269 111.38886474631727 13.782529652204174 15.356436881585976 1.4531673972087435 8.2008039024367445 52.218762183720173 44.858446176163852 8.780134644352982 33.532200376486799 39.802799464087002 25.834652963096232 99.329716868465766 148.24445123537589 9.4447879008948785 15.234194804448633 24.339328879770619 61.170459088942152 150.98040637932718
leaf_count=21094 55 16353 3888 843 464 58 52 135 17439 12300 124 3282 94 694 663 33 26 330 46 2927 587 113 1681 326 733 29 95 626 985 175
internal_value=0.00240776 -0.000404838 -0.0137092 0.00693215 -0.000760037 -0.00783231 -0.0235687 -0.0402551 0.00214173 -0.00841363 0.000267361 -0.00579329 0.0134552 -0.000889576 0.00270309 -0.0354562 -0.0327841 0.0071243 -0.00186204 -0.0144946 0.00486801 0.0041721 0.00338829 -0.0130069 0.0051556 -0.0739543 -0.00989421 0.0118715 0.00568828 0.0122778
internal_weight=3066.16 1891.32 303.151 1174.84 458.94 306.767 94.8771 61.1552 1588.17 255.702 207.043 171.368 152.172 191.377 177.595 111.774 110.321 162.238 110.019 65.1609 42.3123 1332.47 1292.67 125.164 1167.5 33.1525 40.7834 384.735 236.49 212.151
internal_count=86250 84425 25547 1825 982 738 274 222 58878 36800 24500 24376 244 9135 8441 16412 16379 7778 7448 7402 3514 22078 21965 2007 19958 164 150 2519 1786 1160
is_linear=0
shrinkage=0.03


Tree=200
num_leaves=31
num_cat=0
split_feature=64 22 65 65 15 37 36 65 0 57 62 32 73 58 2 55 57 73 55 55 73 58 57 55 55 57 65 73 73 0
split_gain=34.549 26.0862 33.5196 24.0889 61.8295 46.0018 31.7662 28.8726 25.9677 25.266 24.6233 42.6277 56.8154 28.2838 28.6939 35.1508 36.2064 48.9368 23.9157 22.2927 21.9131 92.1354 97.32 43.0097 57.8754 33.5677 51.442 28.2688 25.6394 23.6405
threshold=1.0000000180025095e-35 1.0000000180025095e-35 237.50000000000003 265.50000000000006 1.0000000180025095e-35 1.0000000180025095e-35 1.0000000180025095e-35 201.50000000000003 6.5500000000000007 9.5000000000000018 1.0000000180025095e-35 1.0000000180025095e-35 0.42477500000000007 2.5000000000000004 1.0000000180025095e-35 0.034771930691627664 61.500000000000007 0.89998500000000015 0.0015954949508172561 0.068361472679930133 0.14175000000000001 1.0000000180025095e-35 5.5000000000000009 0.0052846530653278328 0.016299180440167958 2.5000000000000004 219.50000000000003 0.031705000000000004 0.0069850000000000008 7.5500000000000007
decision_type=2 2 2 2 2 2 2 2 2 2 2 2 2 2 2 2 2 2 2 2 2 2 2 2 2 2 2 2 2 2
left_child=1 3 -3 4 5 7 20 8 -1 -10 11 -5 -13 14 -12 16 17 -16 -9 -20 21 22 23 -6 -25 28 -27 -28 -26 -30
right_child=-2 2 -4 10 6 -7 -8 18 9 -11 13 12 -14 -15 15 -17 -18 -19 19 -21 -22 -23 -24 24 25 26 27 -29 29 -31
leaf_value=-0.005626044561808095 -0.019885172725471374 0.02941497732373868 -0.029958451694877649 0.0086970160559019932 -0.030046506225007961 0.028399617741854663 -0.036621023630679955 0.0098921596970842716 -0.058097571201299186 0.005484828450254952 0.013662929694305435 -0.058554126451570591 0.0066387742570797039 0.014591519352006171 -0.051666090533668017 0.012513721073043433 0.024329895989624057 0.01073852915502994 -0.062583719174379812 0.0016477777049912956 0.007316334403743914 -0.03662070746730222 -0.064266906351298517 0.019538728891907664 -0.037030103650623251 -0.070174265652525297 -0.042432879910403891 0.021632736986964364 -0.011858621462694527 0.0093504362575340012
leaf_weight=93.120814639526543 54.422173925348034 63.36951716011572 9.0454248883634119 1292.0513355286839 28.348698468795192 18.240942410149728 16.875003355455192 6.3250919300080559 17.847173530230069 7.7871702674892722 29.346703651841381 19.115779080231732 29.493573491927236 49.877552261514211 49.559807161252593 22.442587266072223 8.9980155155062658 14.174514070153235 28.543192416091642 5.7608265757735344 700.97540676978679 56.409540724574072 17.655663498731883 210.54084446833076 12.747510276543833 14.007305619961697 8.4033602992785763 17.188683391083032 58.902394011831348 225.03577299552308
leaf_count=11079 1814 633 1177 26683 7234 157 773 1043 2634 95 1191 655 39 155 6675 77 4 17 5087 27 1225 7967 848 5315 849 329 202 21 899 1595
internal_value=0.00360038 0.00401466 0.0216915 0.00358936 0.000952065 -0.0156484 0.00311881 -0.0208351 -0.0131627 -0.0393018 0.00627587 0.00765489 -0.0196621 -0.00430826 -0.0119346 -0.0198874 -0.0299194 -0.0378358 -0.0424059 -0.0520559 0.00364221 -0.000329836 0.0031792 0.00535749 0.00724441 -0.000487913 -0.026076 -0.000208358 0.00300351 0.00492448
internal_weight=3186.61 3132.19 72.4149 3059.78 1544.72 177.625 1367.09 159.384 118.755 25.6343 1515.06 1340.66 48.6094 174.399 124.522 95.1749 72.7323 63.7343 40.6291 34.304 1350.22 649.24 592.83 575.175 546.826 336.285 39.5993 25.592 296.686 283.938
internal_count=86499 84685 1810 82875 47379 20122 27257 19965 13808 2729 35496 27377 694 8119 7964 6773 6696 6692 6157 5114 26484 25259 17292 16444 9210 3895 552 223 3343 2494
is_linear=0
shrinkage=0.03


Tree=201
num_leaves=31
num_cat=0
split_feature=60 65 65 57 73 63 18 73 4 44 43 73 70 65 65 65 57 0 57 57 57 58 60 66 24 57 34 65 3 65
split_gain=22.9846 31.8491 50.1611 42.5453 40.7631 38.9395 32.3934 30.6827 29.2909 26.8952 23.8646 22.1868 27.8025 32.8423 30.6615 38.333 43.1869 33.5348 39.872 29.4354 33.3429 35.469 32.9456 24.1155 24.0419 38.6947 23.6654 23.3418 82.1161 47.1074
threshold=1.5000000000000002 74.500000000000014 257.50000000000006 5.5000000000000009 0.77983000000000013 1.0000000180025095e-35 1.0000000180025095e-35 0.027165000000000005 1.0000000180025095e-35 1.0000000180025095e-35 1.0000000180025095e-35 0.89998500000000015 1.0000000180025095e-35 1271.5000000000002 476.50000000000006 829.50000000000011 1.5000000000000002 7.7500000000000009 21.500000000000004 12.500000000000002 10.500000000000002 3.5000000000000004 1.0000000180025095e-35 1.0000000180025095e-35 1.0000000180025095e-35 2.5000000000000004 1.0000000180025095e-35 142.50000000000003 1.0000000180025095e-35 126.50000000000001
decision_type=2 2 2 2 2 2 2 2 2 2 2 2 2 2 2 2 2 2 2 2 2 2 2 2 2 2 2 2 2 2
left_child=9 -2 3 5 -5 6 8 -8 -3 10 11 12 14 -14 19 17 -17 18 -16 20 21 24 -21 -19 27 -26 -25 28 29 -1
right_child=1 2 -4 4 -6 -7 7 -9 -10 -11 -12 -13 13 -15 15 16 -18 23 -20 22 -22 -23 -24 26 25 -27 -28 -29 -30 -31
leaf_value=0.00084603052044774588 0.028859336980399681 -0.06585935437170036 0.012922450634430446 -0.060173259371661597 0.018218393707445844 -0.059818305952990702 -0.019232029689603601 0.012616400628116947 0.0083562989676939526 -0.054873337061725362 -0.036262277704475508 0.012904699424151175 -0.04580500049070594 0.025286005043280324 -0.049389792445567612 0.015880407061979435 -0.031642479660024696 -0.00012687773214874231 0.025341608969078108 0.0039936553943368033 0.026927861081405657 -0.057118775042260955 -0.073585250320948092 -0.044163675498470376 -0.057817826722122989 0.003806801385057883 0.015478047385255373 0.0054492263855071875 -0.15611328770399957 -0.050332236737262025
leaf_weight=292.6872189644987 61.400628905495978 10.084669246673002 392.18713387903699 20.264640988643809 7.759966677054762 8.3011483415320964 32.335370441916893 148.8953498955525 8.0672387654703925 6.4062784524703593 13.301108673722409 174.07041165558621 20.922951112901504 7.2436758769326834 38.665155121509088 88.665731493743806 20.329423178620345 94.814620363675203 7.0232038713947977 10.139473148683464 53.872628704306408 7.7357491999746335 8.4075177205595537 23.939711226565127 13.918684780177498 23.505245642706541 7.3145068669255116 1564.9137624582927 2.1429842937650383 16.132650566651137
leaf_count=9145 107 1858 3803 653 9 71 1563 217 432 740 792 257 702 9 5457 1311 1261 2315 17 210 174 118 150 1176 8407 1483 33 40730 218 2888
internal_value=0.00355825 0.00840394 0.00636094 -0.00456501 -0.0385869 0.000188771 0.00297317 0.00685962 -0.0341616 0.00221731 0.00238618 0.00260832 0.0018246 -0.0272822 0.00219693 -0.00706867 0.0068095 -0.015864 -0.0376054 0.00350476 0.00386549 0.00320506 -0.033139 -0.00775087 0.00347867 -0.0200208 -0.0301584 0.00395791 -0.00354054 -0.00198133
internal_weight=3185.45 689.296 627.896 235.708 28.0246 207.684 199.383 181.231 18.1519 2496.15 2489.75 2476.45 2302.37 28.1666 2274.21 280.752 108.995 171.757 45.6884 1993.46 1974.91 1921.04 18.547 126.069 1913.3 37.4239 31.2542 1875.88 310.963 308.82
internal_count=86306 8713 8606 4803 662 4141 4070 1780 2290 77593 76853 76061 75804 711 75093 11570 2572 8998 5474 63523 63163 62989 360 3524 62871 9890 1209 52981 12251 12033
is_linear=0
shrinkage=0.03


Tree=202
num_leaves=31
num_cat=0
split_feature=60 55 56 36 65 57 68 58 57 4 57 65 15 26 57 56 56 12 56 55 0 55 71 57 58 55 56 65 65 65
split_gain=30.3354 54.3641 86.4934 41.9652 36.2541 32.9396 32.1209 28.6534 38.3107 68.8063 31.0083 45.6908 41.5179 29.6077 26.5888 25.6359 25.2418 54.3512 24.9583 35.5095 66.4671 71.3303 23.8021 23.3072 22.8356 20.4287 20.1568 20.027 47.1167 29.2481
threshold=1.0000000180025095e-35 0.0015490702586549395 0.0045489227543033953 1.0000000180025095e-35 717.50000000000011 6.5000000000000009 1.0000000180025095e-35 1.0000000180025095e-35 5.5000000000000009 1.0000000180025095e-35 9.5000000000000018 201.50000000000003 1.0000000180025095e-35 1.0000000180025095e-35 3.5000000000000004 0.0025911217181607952 0.048022201973341977 1.0000000180025095e-35 0.024051509200471031 0.0045490574989296342 9.7000000000000011 0.0060062908598989394 1.0000000180025095e-35 1.5000000000000002 1.0000000180025095e-35 0.000661284296626267 0.0414396605349414 288.50000000000006 198.50000000000003 290.50000000000006
decision_type=2 2 2 2 2 2 2 2 2 2 2 2 2 2 2 2 2 2 2 2 2 2 2 2 2 2 2 2 2 2
left_child=1 25 -3 4 5 6 16 8 13 10 11 -10 -12 -2 -6 22 18 -18 19 24 -21 -22 -9 -20 -4 -1 -13 28 -23 -29
right_child=7 2 3 -5 14 -7 -8 15 9 -11 12 26 -14 -15 -16 -17 17 -19 23 20 21 27 -24 -25 -26 -27 -28 29 -30 -31
leaf_value=-0.042629406799334482 0.0046117374133702819 -0.053561973146537017 -0.050317277292000154 -0.062089638272741846 0.03009814679379921 0.013952518377878734 0.022948014196140339 -0.064300525202523162 -0.11810829589881651 0.013023788469575859 -0.070337651075208091 -0.05843728145362187 0.0019250422357675952 -0.039384391159410601 -0.054068599661191465 0.01130346024604635 -0.10999391502926141 0.0064978852317694397 -0.037119859182826627 -0.040265416508406912 -0.07956958981872353 0.0035440396549049837 0.014497320859131501 0.013258394531964117 0.012690723437214261 0.023501059600873644 -0.011192174620348147 0.037572933381633422 -0.056745514518352684 -0.0040189289914112237
leaf_weight=3.5418267910463319 1686.5861558417109 31.258198442045796 4.6947115758175633 9.568727249541551 41.896035365022726 74.531511369135842 27.612190894622472 6.9026368770410027 6.1150438952099639 58.573657052889757 7.8187328540952867 13.953707635537283 37.681734502024483 12.889064960279937 2.7593423628750307 614.30778018969431 5.8760713223382464 7.3564091081061633 8.4776146800359111 78.076073290044405 9.7748269064340985 48.081584702244072 5.5803889785311185 64.78712053504205 57.527319043206262 78.377118324621733 19.130157383537153 24.613986139534973 14.360335280442085 37.068543322653568
leaf_count=1290 39371 8128 1874 773 532 809 187 640 306 553 279 843 248 508 209 4253 101 36 221 16866 1014 1442 18 390 1741 2262 67 6 653 758
internal_value=0.00338613 -0.00248554 -0.00589965 -0.00292047 -0.00168494 -0.00419243 -0.00770206 0.00488501 0.00299729 -0.0118487 -0.0290005 -0.0482476 -0.0117381 0.0042551 0.023827 0.0104212 -0.0101054 -0.0493257 -0.00847446 -0.0126217 -0.0184513 -0.00552734 -0.0306122 0.00700769 0.00721602 0.0201622 -0.0322485 0.000892829 -0.0109972 0.0129127
internal_weight=3099.78 630.24 548.321 517.062 507.494 462.838 388.307 2469.54 1842.75 143.273 84.6994 39.1989 45.5005 1699.48 44.6554 626.791 360.695 13.2325 347.462 274.197 211.975 133.899 12.483 73.2647 62.222 81.9189 33.0839 124.124 62.4419 61.6825
internal_count=86378 39292 35740 27612 26839 26098 25289 47086 42175 2296 1743 1216 527 39879 741 4911 25102 137 24965 24354 20739 3873 658 611 3615 3552 910 2859 2095 764
is_linear=0
shrinkage=0.03


Tree=203
num_leaves=31
num_cat=0
split_feature=51 60 58 56 56 10 73 0 15 0 54 60 73 73 55 73 0 73 55 57 73 73 0 56 49 55 57 55 55 56
split_gain=27.658 26.4473 53.6599 36.7448 30.1052 40.0222 28.5767 27.1761 68.0511 39.8289 42.7328 29.3587 28.2489 26.9377 26.8166 51.1085 99.3779 42.6325 36.5514 37.311 26.4353 25.4878 22.7704 21.9702 21.1081 19.4813 29.4122 18.0414 44.4547 22.0411
threshold=1.0000000180025095e-35 1.0000000180025095e-35 2.5000000000000004 0.036580011770314246 0.0043756935958853332 1.0000000180025095e-35 0.77983000000000013 5.5500000000000007 1.0000000180025095e-35 6.5500000000000007 1.0000000180025095e-35 4.5000000000000009 0.041535000000000009 0.033705000000000006 0.0078429521481543762 0.66771000000000014 9.7000000000000011 0.42477500000000007 0.0069990775907807388 10.500000000000002 0.24908000000000002 0.032685000000000006 6.3500000000000005 0.0062335325816534918 1.0000000180025095e-35 0.0057592837274565859 2.5000000000000004 0.0040872057278096563 0.0073991022256974679 0.0039295846732344255
decision_type=2 2 2 2 2 2 2 2 2 2 2 2 2 2 2 2 2 2 2 2 2 2 2 2 2 2 2 2 2 2
left_child=1 2 3 4 5 -1 7 27 9 10 12 13 -9 21 15 16 17 18 25 -20 -5 -11 -10 -8 -24 26 -6 29 -29 -3
right_child=-2 6 -4 20 14 -7 23 8 22 11 -12 -13 -14 -15 -16 -17 -18 -19 19 -21 -22 -23 24 -25 -26 -27 -28 28 -30 -31
leaf_value=-0.046750610557327418 -0.059486143144131767 -0.033438663672973955 0.015653030103982255 -0.05819809493466984 -0.040430954017773121 0.015076364852024043 0.0022259487807994539 -0.042610422610009885 -0.058023861519147596 -0.037221028596282596 -0.048480559581229488 0.023773866003952468 0.014057979932823313 -0.064924029274047751 0.010097222176463066 0.011021433383370782 -0.051491811845385607 -0.054462357369144912 -0.043073545331302407 0.026726023342153408 -0.0077675651534003035 0.025744580980914662 0.0042741790293839097 0.018806805050315598 0.026270821194396065 0.021149684990684526 0.01414557122338455 -0.042600601140118197 0.012111645863389069 0.031428144076944581
leaf_weight=28.694087136810595 5.1597573526996703 4.3023645030270918 132.90437956339156 18.703896119299316 13.072380736924059 13.217586548832967 104.48310053511523 8.1163114921964716 4.2164032465661867 21.590980877343103 14.400239814644008 6.1201339579984042 60.007708496450505 24.8287322303986 133.96622612651754 102.99030994623899 49.048708892685681 11.96203746460378 24.339608931802104 8.6942140014070883 18.487599051557481 6.9827382830699198 1716.9430145921597 231.89431347185746 39.230297786729352 65.03394664982352 23.207558966259967 13.27833218076921 214.51631246623765 60.418907890885748
leaf_count=8657 618 2586 542 358 6654 901 159 2720 515 3659 1598 36 159 399 1872 115 5297 86 5393 21 32 22 24365 263 224 6929 2275 3657 3807 2566
internal_value=0.00404409 0.00416601 -0.00125891 -0.00567586 -0.00338852 -0.0273554 0.00554682 0.00429498 0.00298229 -0.0169203 -0.00332139 -0.0354079 0.00678773 -0.0425027 -0.00100723 -0.00601049 -0.0149999 -0.00249987 0.00249497 -0.0244574 -0.0339893 -0.0214835 0.00459694 0.0136784 0.00478022 0.0114361 -0.00607646 0.0127931 0.00875017 0.0266729
internal_weight=3180.81 3175.65 644.323 511.418 474.227 41.9117 2531.33 2194.95 1902.44 142.047 82.5243 59.5226 68.124 53.4025 432.315 298.349 195.358 146.31 134.348 33.0338 37.1915 28.5737 1760.39 336.377 1756.17 101.314 36.2799 292.516 227.795 64.7213
internal_count=86485 85867 39132 38590 38200 9558 46735 46313 33697 8593 4477 4116 2879 4080 28642 26770 26655 21358 21272 5414 390 3681 25104 422 24589 15858 8929 12616 7464 5152
is_linear=0
shrinkage=0.03


Tree=204
num_leaves=31
num_cat=0
split_feature=73 0 44 51 36 73 60 55 55 56 56 73 65 65 6 0 65 0 56 57 57 73 73 55 65 65 65 65 73 65
split_gain=40.6482 64.6548 29.7326 28.0895 27.9579 43.2002 23.614 26.0701 29.6685 41.9726 61.7962 63.4756 100.843 79.7016 39.8116 37.3539 35.1241 34.6505 31.0624 45.9783 31.2871 29.8192 34.7117 28.8687 27.4208 48.3337 101.305 36.8351 34.5663 43.579
threshold=0.0082450000000000023 5.5500000000000007 1.0000000180025095e-35 1.0000000180025095e-35 1.0000000180025095e-35 0.66771000000000014 1.5000000000000002 0.06386747763884322 0.0045490574989296342 0.0064496039836892472 0.0038125144263475201 0.89998500000000015 198.50000000000003 172.50000000000003 1.0000000180025095e-35 5.1500000000000012 114.50000000000001 7.7500000000000009 0.0062335325816534918 2.5000000000000004 11.500000000000002 0.017695000000000006 0.0087350000000000014 0.0042814658813455381 368.50000000000006 290.50000000000006 323.50000000000006 288.50000000000006 0.032685000000000006 1271.5000000000002
decision_type=2 2 2 2 2 2 2 2 2 2 2 2 2 2 2 2 2 2 2 2 2 2 2 2 2 2 2 2 2 2
left_child=1 -1 3 4 6 -6 7 8 18 10 16 12 13 -12 17 -16 -10 -11 20 23 -2 22 -17 -20 25 27 -27 -23 29 -26
right_child=2 -3 -4 -5 5 -7 -8 -9 9 14 11 -13 -14 -15 15 21 -18 -19 19 -21 -22 24 -24 -25 28 26 -28 -29 -30 -31
leaf_value=0.010204324524819968 0.015141053153039636 -0.030276282995578472 -0.050540946215302321 -0.07000797334549648 -0.0080479783146942784 -0.10244266607374622 0.010201974276202338 0.015170681191387755 -0.054689319506466896 -0.012103532332377404 -0.054254692209598075 0.016801997827293001 -0.056267372144065547 0.019578837476124565 -0.057212659398979779 0.018572640841976896 0.0061891191957546892 -0.086695462767319251 -0.050711373547149448 0.010256907947701361 -0.067572791765842688 0.0040719620954299176 -0.034334339426172603 0.016394298147047567 -0.046507952609165848 -0.068791250825566252 0.00071458541341410634 0.035493456937022744 0.015004517479433037 0.025687521437628858
leaf_weight=64.837652656698538 333.14243399991165 76.483664419522938 7.7697178994858396 3.5150764776590213 38.753866133754855 3.9511164622381321 672.8049992544511 167.99769963751896 7.9482436649268484 57.315074411140813 17.900176926112181 30.062842218205333 66.899031029608523 42.329608730006839 7.7374147184500535 15.649780105324679 182.65783697480583 5.284763774216116 23.2707145370041 55.326389874865527 3.1970504574546785 741.09036370971717 33.869295717701789 7.0321928329685752 17.995877455177833 24.113079946757352 75.865529126826004 34.202542455182993 366.3421594409283 11.631787647784224
leaf_count=15696 11268 24446 574 201 1082 28 4701 359 915 511 2163 35 4197 528 448 538 3791 214 2118 713 236 3360 6435 101 562 302 287 14 634 21
internal_value=0.00391378 -0.0117627 0.00464241 0.00479962 0.00490895 -0.0189256 0.00525424 0.00382108 0.00293209 0.00119806 -0.00810887 -0.0219712 -0.0311997 -0.00289206 0.0035291 0.00463598 0.00337832 -0.0196648 0.0100581 -0.00601857 0.0141568 0.00504132 -0.0175772 -0.0351124 0.00593551 0.00296551 -0.0165642 0.00550208 0.0124765 -0.0182508
internal_weight=3196.98 141.321 3055.66 3047.89 3044.37 42.705 3001.67 2328.86 2160.86 1738.9 347.798 157.192 127.129 60.2298 1391.1 1328.5 190.606 62.5998 421.969 85.6293 336.339 1320.76 49.5191 30.3029 1271.24 875.272 99.9786 775.293 395.97 29.6277
internal_count=86478 40142 46336 45762 45561 1110 44451 39750 39391 24955 11629 6923 6888 2691 13326 12601 4706 725 14436 2932 11504 12153 6973 2219 5180 3963 589 3374 1217 583
is_linear=0
shrinkage=0.03


Tree=205
num_leaves=31
num_cat=0
split_feature=73 56 57 57 11 72 73 30 33 61 65 56 65 23 73 55 56 9 36 27 73 30 65 73 56 55 55 55 18 65
split_gain=21.0327 22.9693 17.2784 39.1664 47.3259 43.495 29.6732 24.7528 23.5252 19.2518 42.7867 37.2502 20.0075 19.2819 18.1368 16.7471 17.3836 16.6203 57.1851 34.4102 27.4417 26.6703 37.2236 27.5608 31.0299 24.2189 44.5113 43.0471 75.4546 60.3661
threshold=0.89998500000000015 0.0045541502434662514 48.000000000000007 7.5000000000000009 1.0000000180025095e-35 1.0000000180025095e-35 0.055750000000000001 1.0000000180025095e-35 1.0000000180025095e-35 1.0000000180025095e-35 174.50000000000003 0.071706371629366064 51.500000000000007 1.0000000180025095e-35 0.0026450000000000002 0.031781826281211616 0.08814850758398339 1.0000000180025095e-35 1.0000000180025095e-35 1.0000000180025095e-35 0.77983000000000013 1.0000000180025095e-35 237.50000000000003 0.011185000000000002 0.049807384346336886 0.0097125389833710302 0.022816273384930998 0.0065232643342508587 1.0000000180025095e-35 314.50000000000006
decision_type=2 2 2 2 2 2 2 2 2 2 2 2 2 2 2 2 2 2 2 2 2 2 2 2 2 2 2 2 2 2
left_child=2 -2 3 9 6 7 -5 8 -6 12 -11 -12 13 15 -14 16 -1 18 19 21 -19 23 -23 24 -16 27 -27 28 -25 -30
right_child=1 -3 -4 4 5 -7 -8 -9 -10 10 11 -13 14 -15 17 -17 -18 20 -20 -21 -22 22 -24 25 -26 26 -28 -29 29 -31
leaf_value=-0.060637715611232275 -0.0061683175115184513 0.018770653806012769 0.028045866118788405 -0.042618620457519192 -0.058786921492141292 0.011326968270862433 0.012683878303473277 0.014123263930523738 0.017689396899717325 0.011901050344032379 -0.071336238124130466 0.024665914884445913 -0.028163295929681385 0.012465709517160136 -0.033873129185118298 -0.061147033657798854 0.0036407710505841307 0.0092299322002374964 -0.062249130126900386 -0.039326369543639585 -0.025129497507539247 0.0039418158408324102 -0.048541176787875964 -0.040026291094974908 0.019854446004063289 -0.013735040608858213 0.0047882106111887838 0.01508773946401921 0.01260031860152803 -0.014293180458325595
leaf_weight=4.0364226978981668 41.476754389703274 158.26345778582618 24.696016884390701 9.2099119379145105 39.42261161722854 16.14010959956795 59.681353230720561 5.29429626682031 3.5334425021865163 21.926555446210841 14.034930800617987 4.2380597591400138 14.034031613180558 13.810929200004464 31.853555081321247 9.1490508018614474 14.85616393573582 828.18851616330585 10.907382155966841 15.572662745255 20.523888172581792 29.534182015528131 19.517115768469012 34.491366721078066 12.940549244965949 139.86560053110225 681.42417242758529 462.8611387244373 289.62056563076294 100.3814287825935
leaf_count=265 77 224 23 828 1605 29 98 25 11 310 413 2 8100 264 26668 170 34 20605 794 2138 56 782 697 5201 227 1657 3242 4544 4883 2541
internal_value=0.00418952 0.0135871 0.00354485 0.00332714 -0.0125002 -0.0307856 0.00478661 -0.0448166 -0.0522369 0.00409188 -0.0162741 -0.0489459 0.00439722 -0.0159529 0.00471945 -0.0298968 -0.0124503 0.00490224 0.00328916 0.00371636 0.00837044 0.00410983 -0.0174933 0.00472379 -0.0182572 0.00533659 0.00162083 0.00877001 0.00186198 0.00565943
internal_weight=3131.49 199.74 2931.75 2907.05 133.282 64.3905 68.8913 48.2504 42.9561 2773.77 40.1995 18.273 2733.57 41.8526 2691.72 28.0416 18.8926 2677.68 1828.97 1818.06 848.712 1802.49 49.0513 1753.44 44.7941 1708.64 821.29 887.354 424.493 390.002
internal_count=86513 301 86212 86189 2596 1670 926 1641 1616 83593 725 415 82868 733 82135 469 299 74035 53374 52580 20661 50442 1479 48963 26895 22068 4899 17169 12625 7424
is_linear=0
shrinkage=0.03


Tree=206
num_leaves=31
num_cat=0
split_feature=56 73 26 42 57 57 58 48 65 73 40 73 65 65 56 73 17 56 73 60 63 66 65 56 59 65 73 65 65 27
split_gain=26.6321 25.3335 38.7325 38.1845 36.2176 35.1723 32.873 30.7715 30.1003 38.0716 28.2204 29.1832 27.292 32.5915 68.8825 28.0783 27.7982 52.7355 23.7652 26.4427 22.5934 25.257 44.1346 70.1842 49.0242 33.5635 35.8422 26.7606 24.5978 32.1173
threshold=0.0011161097395399886 0.104785 1.0000000180025095e-35 1.0000000180025095e-35 2.5000000000000004 4.5000000000000009 1.0000000180025095e-35 1.0000000180025095e-35 219.50000000000003 0.09141500000000001 1.0000000180025095e-35 0.030045000000000006 71.500000000000014 99.500000000000014 0.12145281554420055 0.20147000000000001 1.0000000180025095e-35 0.0072401483730347776 0.029175000000000003 6.5000000000000009 1.0000000180025095e-35 1.0000000180025095e-35 196.50000000000003 0.012841886520352541 1.0000000180025095e-35 192.50000000000003 0.043455000000000008 55.500000000000007 304.50000000000006 1.0000000180025095e-35
decision_type=2 2 2 2 2 2 2 2 2 2 2 2 2 2 2 2 2 2 2 2 2 2 2 2 2 2 2 2 2 2
left_child=-1 3 12 5 -4 7 8 10 9 -7 20 -12 15 14 -14 -3 -15 -18 19 -10 21 27 25 -24 28 26 -23 -2 29 -25
right_child=1 2 4 -5 -6 6 -8 -9 18 -11 11 -13 13 16 -16 -17 17 -19 -20 -21 -22 22 23 24 -26 -27 -28 -29 -30 -31
leaf_value=-0.040133630909141835 -0.030170419338272698 0.029223137502721198 -0.052635734644857948 -0.056322320078078247 -0.00085312464960195298 -0.057626623301109708 -0.046394870100732656 -0.052699994776535919 -0.03954721997865436 0.020996878146588221 0.026655762894088855 -0.046782162790549468 -0.078720896293582046 0.0061852706574155219 0.022897320527522202 0.0046139685259232828 -0.057255193321021629 0.0010166373558929613 0.011653351638907404 0.017448937943048467 -0.02225272499471408 -0.040178847241909892 -0.040794077869023788 -0.041135395035226618 -0.053276646013692919 0.0308321862113741 0.010373549280243071 0.0053707504812362111 0.013640971982377884 0.022233600129473723
leaf_weight=12.158956102985028 18.560520627475853 85.941265375324292 18.569424228997377 9.9098756091079832 32.178199678310193 18.394279621687023 22.742547240402928 8.2868696710065688 20.414127980164267 7.1550527900835723 61.108589739844319 4.3804433842306016 11.523299788248552 1349.1642910561313 10.855995304882525 81.088804485742003 16.97401949048799 62.710873224306852 59.815044342891269 10.423023277107861 35.404505689034522 16.74088155697882 60.396472297274158 18.494588822741207 13.587173751613589 40.453234073889689 42.838013550728647 780.25283678248752 81.449776149485842 10.611026131955443
leaf_count=5952 560 43 158 851 95 1426 1970 478 2065 15 654 64 110 2603 9 133 209 103 559 128 1528 2043 4862 161 107 96 179 59138 196 18
internal_value=0.00245849 0.00264379 0.00510987 -0.000426061 -0.0204523 3.19076e-05 -0.014197 0.0017002 -0.0075532 -0.0356467 0.002125 0.0211139 0.00592362 0.00459461 -0.0305559 0.0173746 0.00516614 -0.0119519 0.000667191 -0.0203394 0.000995608 0.00177517 -0.00588573 -0.0145567 -0.001568 0.0100962 -0.00425977 0.00450826 0.00520757 -0.0180618
internal_weight=3022.58 3010.43 1669.01 1341.42 50.7476 1331.51 138.944 1192.56 116.202 25.5493 1184.28 65.489 1618.26 1451.23 22.3793 167.03 1428.85 79.6849 90.6522 30.8372 1118.79 1083.38 284.571 184.539 124.143 100.032 59.5789 798.813 110.555 29.1056
internal_count=86513 80561 3463 77098 253 76247 6163 70084 4193 1441 69606 718 3210 3034 119 176 2915 312 2752 2193 68888 67360 7662 5344 482 2318 2222 59698 375 179
is_linear=0
shrinkage=0.03


Tree=207
num_leaves=31
num_cat=0
split_feature=73 65 65 17 18 73 65 64 55 65 71 8 65 55 55 70 59 65 66 65 73 55 0 73 62 73 32 0 18 55
split_gain=24.1966 32.165 40.8982 40.2511 54.3653 54.5874 44.0166 35.8329 27.3454 24.7255 24.0444 32.5214 24.4942 23.6958 37.3633 34.1947 25.2914 44.309 31.7473 71.919 74.6267 69.5592 48.2929 51.8905 38.424 31.4627 27.4262 23.8014 40.0618 22.7226
threshold=0.77983000000000013 448.50000000000006 401.50000000000006 1.0000000180025095e-35 1.0000000180025095e-35 0.055750000000000001 697.50000000000011 1.0000000180025095e-35 0.0055922520620867834 1868.5000000000002 1.0000000180025095e-35 1.0000000180025095e-35 422.50000000000006 0.0042814658813455381 0.0052846530653278328 1.0000000180025095e-35 1.5000000000000002 284.50000000000006 1.0000000180025095e-35 162.50000000000003 0.026605000000000004 0.051588093059875891 7.7500000000000009 0.24908000000000002 1.0000000180025095e-35 0.0083150000000000012 1.0000000180025095e-35 5.5500000000000007 1.0000000180025095e-35 0.030522028566488325
decision_type=2 2 2 2 2 2 2 2 2 2 2 2 2 2 2 2 2 2 2 2 2 2 2 2 2 2 2 2 2 2
left_child=1 2 13 4 -3 7 -5 9 -7 -6 11 12 -2 27 -15 16 18 -18 -16 21 25 -20 23 -22 26 -21 29 -1 -29 -24
right_child=10 3 -4 6 5 8 -8 -9 -10 -11 -12 -13 -14 14 15 -17 17 -19 19 20 22 -23 24 -25 -26 -27 -28 28 -30 -31
leaf_value=0.026393802056097902 -0.038400122829055153 -0.0528927992846858 0.017616813306418188 -0.044423210890579365 -0.047005444252692825 -0.034398708947448363 0.02224726068109556 0.020761714558549686 0.006515513085790731 0.02068719564705445 0.018535658656262506 0.0089173960234585365 0.0064896003065185899 -0.019165859307928194 0.0044535558096172106 -0.061186545081528286 0.022436262415476835 -0.064396233397688143 -0.05238515132995037 0.0066393746804970467 -0.068583019534829148 0.021647669760103436 0.015718573759479309 0.007776830450111555 -0.038201107084139922 -0.045843595823345469 -0.024602747266715977 -0.039868427093169082 0.0088767831299844252 -0.004081029733511341
leaf_weight=63.376805873207104 24.330397674348205 25.308345097040728 179.34333249479278 9.3952159227301291 47.451794095119112 15.404072717323286 63.41683297644704 9.6105644184226531 140.98953047394753 4.8342484764070823 182.86888099461794 237.73170856805518 18.813132412731647 75.474751968794408 1124.4568143867014 6.6121858621918355 90.014000761154421 4.6607722314938647 46.657112601768858 13.33283937868873 15.268985134689503 14.402358429273589 254.77414067793143 15.416062228381632 14.873451247458432 40.735207818448544 18.981176146189682 15.100036453015489 267.77609675281201 65.080747329397127
leaf_count=7209 78 4479 3534 2301 4832 196 1296 692 329 62 215 303 24 5749 29507 305 1034 363 1491 668 189 13 583 19 243 1452 100 7121 11579 230
internal_value=0.00378406 0.00267274 0.00389368 -0.00628797 -0.0121308 -0.00718525 0.0131592 -0.0307888 0.0022927 -0.040476 0.0100978 0.00455788 -0.019122 0.00273969 0.00135519 0.00226351 0.00254306 0.0175332 0.00165891 -0.00462835 -0.000349268 -0.0348553 0.00431932 -0.0311854 0.00747866 -0.0330161 0.00959032 0.00991534 0.00614347 0.0116898
internal_weight=3106.49 2642.75 2326.34 316.411 243.599 218.29 72.812 61.8966 156.394 52.286 463.744 280.875 43.1435 2146.99 1800.74 1725.27 1718.65 94.6748 1623.98 499.522 438.463 61.0595 384.395 30.685 353.71 54.068 338.836 346.253 282.876 319.855
internal_count=86196 85576 71389 14187 10590 6111 3597 5586 525 4894 620 405 102 67855 41946 36197 35892 1397 34495 4988 3484 1504 1364 208 1156 2120 913 25909 18700 813
is_linear=0
shrinkage=0.03


Tree=208
num_leaves=31
num_cat=0
split_feature=64 56 55 55 55 56 65 22 65 65 3 24 46 55 55 65 56 11 55 56 56 55 21 48 17 56 65 56 65 58
split_gain=26.2111 30.1756 24.2126 25.6407 36.7066 37.9411 36.5001 23.1246 25.44 24.4039 44.6125 40.3085 40.2207 35.7697 31.2102 31.8799 22.801 30.8047 26.4201 34.0656 31.2276 39.3227 27.9298 25.4812 25.1063 21.76 26.246 59.3121 23.085 21.4694
threshold=1.0000000180025095e-35 0.033474976598428303 0.061506534462757854 0.036496636214826468 0.040204257762726812 0.062958234266293586 416.50000000000006 1.0000000180025095e-35 237.50000000000003 261.50000000000006 1.0000000180025095e-35 1.0000000180025095e-35 1.0000000180025095e-35 0.034771930691627664 0.026100508894705211 265.50000000000006 0.0033897661317019196 1.0000000180025095e-35 0.015677023898642627 0.056450161136221477 0.0063783844441154579 0.0059628976246150316 1.0000000180025095e-35 1.0000000180025095e-35 1.0000000180025095e-35 0.032660197162707801 286.50000000000006 0.011975709061230659 341.50000000000006 1.5000000000000002
decision_type=2 2 2 2 2 2 2 2 2 2 2 2 2 2 2 2 2 2 2 2 2 2 2 2 2 2 2 2 2 2
left_child=2 -2 3 7 5 6 -5 9 -9 10 11 -1 -12 -13 15 -11 17 -17 19 20 21 -18 -20 -22 -19 26 -16 28 -28 -24
right_child=1 -3 -4 4 -6 -7 -8 8 -10 14 12 13 -14 -15 25 16 18 24 22 -21 23 -23 29 -25 -26 -27 27 -29 -30 -31
leaf_value=0.0020853344436283137 -0.045287281712090954 -0.00028842924761004525 0.014156671878744895 -0.12583521558237665 -0.0035784735397893955 0.019678916943741496 -0.0056433806959859069 0.028147624839882895 -0.026356849313450073 -0.061562229366485095 -0.12514963748477809 -0.060781774011463896 0.020792382364512106 0.025612506432015281 0.019084724939051594 -0.03778182411249302 -0.00044883593299029057 0.016334411830359708 -0.051679433704075614 -0.065021384118794115 0.0059924649608927138 -0.040528347152923722 -0.015504975685346929 0.027391858637689254 -0.045929729791972768 0.01863305100690156 -0.03334719957332738 -0.062080146638950125 0.012769186724463664 0.019159643081930949
leaf_weight=1246.3401056395478 19.17924041385595 40.032548889401369 221.42668952982785 5.8809534170759417 87.83536243277922 3.9235230706544817 3.5421254442589998 60.609935743450478 8.0101160982576385 5.6663619968076082 3.7060380813200018 15.619890920429954 2.2680944366729818 5.1868161342426893 58.190122523068567 9.5796467647542141 162.70753552680117 219.79126662225644 13.375426137274188 5.4090467608766621 423.57666383500509 24.485932115048854 57.989444257345895 55.980834753783711 5.0453044588939511 269.48848087373335 10.84758591769423 13.547784478825632 55.037069499721838 21.164223392428539
leaf_count=37684 1654 145 667 192 644 13 51 656 1155 746 733 7154 14 14 281 2646 8637 4732 437 47 11897 1943 668 132 1679 445 303 204 764 34
internal_value=0.00423744 -0.015374 0.0046198 0.00387539 -0.0108875 -0.0553866 -0.0855313 0.00442161 0.021498 0.00397735 0.000964106 0.00137949 -0.0747057 -0.039058 0.00669184 0.00384561 0.00427775 0.0124423 0.00176192 0.00383559 0.00449073 -0.00587895 -0.0131818 0.00854231 0.01474 0.0136899 0.0039457 -0.00724415 0.00479129 -0.0061129
internal_weight=3135.44 59.2118 3076.23 2854.81 101.182 13.3466 9.42308 2753.62 68.6201 2685 1273.12 1267.15 5.97413 20.8067 1411.88 1004.77 999.105 234.416 764.689 672.16 666.751 187.193 92.5291 479.557 224.837 407.111 137.623 79.4324 65.8847 79.1537
internal_count=86371 1799 84572 83905 900 256 243 83005 1811 81194 45599 44852 747 7168 35595 33598 32852 9057 23795 22656 22609 10580 1139 12029 6411 1997 1552 1271 1067 702
is_linear=0
shrinkage=0.03


Tree=209
num_leaves=31
num_cat=0
split_feature=73 72 59 56 73 0 53 58 60 58 17 20 25 63 56 73 60 0 56 58 65 65 15 73 65 73 56 56 0 11
split_gain=37.9064 83.1228 42.287 31.4388 32.7994 32.0967 31.3102 30.0964 33.4945 37.4974 40.8252 67.7169 31.6192 60.4682 28.4034 55.8914 50.7141 45.5002 45.0439 33.9483 28.8123 49.1606 42.3797 27.6383 24.8157 23.5661 23.167 22.7759 21.7085 27.0199
threshold=0.14175000000000001 1.0000000180025095e-35 1.0000000180025095e-35 0.0030932164622422017 0.0069850000000000008 7.8500000000000005 1.0000000180025095e-35 2.5000000000000004 1.0000000180025095e-35 1.0000000180025095e-35 1.0000000180025095e-35 1.0000000180025095e-35 1.0000000180025095e-35 1.0000000180025095e-35 0.0070793993871210567 0.027165000000000005 7.5000000000000009 8.7500000000000018 0.0039470903806293018 1.5000000000000002 697.50000000000011 448.50000000000006 1.0000000180025095e-35 0.09141500000000001 1868.5000000000002 0.0026450000000000002 0.005055418790465083 0.0064957980922481463 7.9500000000000011 1.0000000180025095e-35
decision_type=2 2 2 2 2 2 2 2 2 2 2 2 2 2 2 2 2 2 2 2 2 2 2 2 2 2 2 2 2 2
left_child=1 3 -3 5 6 25 -5 8 12 10 28 -12 13 -2 15 17 -17 18 -6 20 21 -16 -22 24 -24 -1 -15 -19 29 -10
right_child=7 2 -4 4 14 -7 -8 -9 9 -11 11 -13 -14 26 19 16 -18 27 -20 -21 22 -23 23 -25 -26 -27 -28 -29 -30 -31
leaf_value=-0.027535239262454079 -0.0013857734108478419 -0.073553883611970253 0.004079056170848824 -0.033997618738878584 0.0087192876153023655 -0.033451824313228622 0.022092135322796122 0.017313760965064682 -0.0042922287536617853 0.013329280461524873 -0.0015742237503751427 -0.094372936331734672 0.02024897704972238 -0.010681223390430507 0.0014523268322977454 -0.037849040458312923 0.029768035532343674 0.024145383189409633 -0.041366581092038585 -0.039627908781962623 0.028052025980254816 -0.035440206266926524 -0.054316577511525077 0.022228338255549335 0.021653775729390392 0.017261507767467942 -0.05145536989461507 -0.032488214370820979 -0.002098115335578883 0.017334312394334885
leaf_weight=10.42433453243393 279.27783895142784 20.461411331552881 8.8042407889665828 48.446658133627352 31.430349638093503 12.676077854977846 10.2088065770331 162.79053656911128 76.972179343531025 422.78568274929421 22.35056910890853 9.3800336876156525 42.197780537680956 21.059061179570563 781.66434041231059 76.8381460286937 10.697350310278123 61.274669176614225 31.647364975462551 17.108040510727733 77.167460967641091 32.916159927211993 13.992027878855884 11.282451517879961 4.5980973786790846 160.99003502479354 32.515971494358382 6.2528241484869787 282.69019559732988 157.08289263691404
leaf_count=3753 906 529 113 24062 2117 3657 243 183 200 564 52 94 49 65 10503 3823 5 5213 11908 670 417 1225 389 7 15 12862 203 1968 552 180
internal_value=0.00185404 -0.0016475 -0.0508358 -0.000583419 -0.00233557 0.0109359 -0.0240287 0.00516834 0.003688 0.00662659 0.00144504 -0.0310521 -0.00391938 -0.00703482 -0.00121588 -0.010941 -0.0293429 0.00152178 -0.0166632 0.00105327 0.00185056 -8.00795e-05 0.0164076 -0.0136068 -0.0353799 0.0143934 -0.0359174 0.0185037 0.00349664 0.0102341
internal_weight=2937.98 1428.88 29.2657 1399.62 1215.52 184.09 58.6555 1509.1 1346.31 971.262 548.476 31.7306 375.051 332.853 1156.87 218.141 87.5355 130.605 63.0777 938.729 921.621 814.581 107.04 29.8726 18.5901 171.414 53.575 67.5275 516.745 234.055
internal_count=86527 83479 642 82837 62565 20272 24305 3048 2865 1642 1078 146 1223 1174 38260 25034 3828 21206 14025 13226 12556 11728 828 411 404 16615 268 7181 932 380
is_linear=0
shrinkage=0.03


Tree=210
num_leaves=31
num_cat=0
split_feature=73 60 65 55 56 36 57 73 56 65 65 55 73 57 65 58 73 56 65 56 55 47 73 21 65 59 17 65 22 17
split_gain=34.6324 23.1822 53.6788 26.6698 53.957 35.4058 30.0651 29.9855 29.6724 26.4046 32.0717 34.2988 64.1175 51.9963 42.7764 39.5395 34.9272 28.4003 26.1558 22.9026 41.049 31.843 22.8605 20.2719 19.8568 19.6817 32.3821 22.8264 18.4581 39.5353
threshold=0.0036250000000000002 1.0000000180025095e-35 94.500000000000014 0.0026626206054341075 0.0044970911835755436 1.0000000180025095e-35 6.5000000000000009 0.12170000000000002 0.0068179619555235353 717.50000000000011 160.50000000000003 0.0069990775907807388 0.051885000000000008 1.5000000000000002 288.50000000000006 1.0000000180025095e-35 0.24908000000000002 0.024638838535540528 138.50000000000003 0.0068179619555235353 0.0045490574989296342 1.0000000180025095e-35 0.043455000000000008 1.0000000180025095e-35 810.50000000000011 1.5000000000000002 1.0000000180025095e-35 199.50000000000003 1.0000000180025095e-35 1.0000000180025095e-35
decision_type=2 2 2 2 2 2 2 2 2 2 2 2 2 2 2 2 2 2 2 2 2 2 2 2 2 2 2 2 2 2
left_child=-1 2 -2 8 -5 6 9 -8 23 10 18 15 14 -14 -13 -12 -15 -18 -6 20 -17 -22 -16 -4 -11 28 -27 -28 -3 -30
right_child=1 25 3 4 5 -7 7 -9 -10 24 11 12 13 16 22 19 17 -19 -20 -21 21 -23 -24 -25 -26 26 27 -29 29 -31
leaf_value=-0.0295447101704026 -0.05068811094592314 0.0048952463272901219 -0.047106645653569222 -0.052048072407502415 -0.022056832150574114 -0.058300023098435953 -0.04697013145112458 0.021193985282251453 -0.044259792484443963 0.032068186389859289 -0.039905849756827122 -0.042264173251494321 -0.076485223674590902 -0.056882291654722875 -0.032380313203916017 0.014301003606531892 -0.033074048056644934 0.011212943803794569 0.020600257224436477 0.015649495157717803 -0.057336467235166097 0.015710401089381893 0.02920124994584521 0.020754563944138514 -0.041795374346618709 0.018028546576626739 0.0093906825966216575 -0.07084346854750842 -0.063206014089642354 0.02878513729630338
leaf_weight=25.652222007064665 17.411438774179715 2208.9733221634569 3.1959634453669414 17.39319621801269 15.192599549594886 8.1318433390024421 5.2922319427216271 86.069186086846457 6.3450432286563219 27.893278931886929 18.021325168792373 11.634351562779555 20.013757047439867 17.847064755726024 5.4941772608290185 30.434463306583893 22.717182703316212 28.119501104578376 65.458719668369213 87.016417334167272 17.74808393660533 7.0171455949894144 36.44547384919133 103.43198029735868 2.8270011897220675 191.83988412801682 5.8345102196835779 5.5347140012818272 3.6203946109235394 53.76833852924392
leaf_count=13280 3287 34972 1707 3901 3413 727 729 84 703 143 3986 2865 169 184 1944 639 74 29 1846 1713 3266 50 33 3716 429 1144 116 347 508 565
internal_value=0.0045209 0.00480937 -0.00017984 0.00126277 -0.00156184 0.000246509 0.00130211 0.0167797 0.0144305 -0.00214667 -0.00431387 -0.00879422 -0.0194597 -0.0349755 0.00639848 0.000737412 -0.0219559 -0.00883367 0.0123931 0.00613032 -0.00888709 -0.0368324 0.0205677 0.0183018 0.0241676 0.00614461 0.0150721 -0.0322382 0.00533785 0.0219987
internal_weight=3156.37 3130.72 661.151 643.74 530.767 513.374 505.242 91.3614 112.973 413.881 383.16 302.509 142.272 88.6975 53.574 160.237 68.6837 50.8367 80.6513 142.216 55.1997 24.7652 41.9397 106.628 30.7203 2469.57 203.209 11.3692 2266.36 57.3887
internal_count=86569 73289 35637 32350 26224 22323 21596 813 6126 20783 20211 14952 5298 456 4842 9654 287 103 5259 5668 3955 3316 1977 5423 572 37652 1607 463 36045 1073
is_linear=0
shrinkage=0.03


Tree=211
num_leaves=31
num_cat=0
split_feature=51 24 56 56 42 61 55 57 56 48 55 56 14 56 66 56 55 55 57 55 56 56 57 0 60 55 15 22 56 55
split_gain=25.4941 23.7927 18.5172 68.2394 39.8092 39.3736 29.4983 29.3646 27.4213 25.4977 42.5752 19.0397 18.9146 18.9111 30.5776 32.4698 56.5135 29.6575 31.109 25.1598 43.4165 32.7477 66.1215 40.1349 26.7023 25.1583 23.9498 27.1464 39.3133 23.315
threshold=1.0000000180025095e-35 1.0000000180025095e-35 0.0039470903806293018 0.0047237969248847241 1.0000000180025095e-35 1.0000000180025095e-35 0.038618714460970337 11.500000000000002 0.0027123956042452526 1.0000000180025095e-35 0.01115846687889677 0.00078054427200581185 1.0000000180025095e-35 0.032660197162707801 1.0000000180025095e-35 0.026935654732692067 0.016299180440167958 0.01036690078692047 2.5000000000000004 0.029395112010871392 0.0068179619555235353 0.0068179619555235353 4.5000000000000009 7.4500000000000011 2.5000000000000004 0.0028543105875636922 1.0000000180025095e-35 1.0000000180025095e-35 0.045669345270555904 0.031824896673176999
decision_type=2 2 2 2 2 2 2 2 2 2 2 2 2 2 2 2 2 2 2 2 2 2 2 2 2 2 2 2 2 2
left_child=1 2 5 4 -4 6 7 11 -8 12 -11 -1 13 14 15 -5 -17 18 -15 21 -21 22 -16 -23 25 -25 27 28 -19 -18
right_child=-2 -3 3 9 -6 -7 8 -9 -10 10 -12 -13 -14 17 19 16 29 26 -20 20 -22 23 -24 24 -26 -27 -28 -29 -30 -31
leaf_value=-0.034310683382097591 -0.062943725811294315 -0.013605116417287949 -0.039458818368744375 0.0045042721231659038 0.021968136726573828 -0.080956360974973787 -0.077537187341222738 -0.061162879263930867 0.012369468755951379 0.024054589192926995 -0.018500357137774363 0.012368741463191843 0.012850593904123651 -0.049125222725714603 -0.039913718561358079 0.00087341732790370454 -0.084841978706070326 -0.068476030780569921 0.017087120165635346 0.0076238484412330249 -0.045080802228331648 -0.059806377660274516 0.0112057233810809 -0.054474469960313888 -0.048556531780213706 0.008353784655358576 0.0085242627249397015 0.019089177705100924 -0.0071569307645337945 0.00073305950685632253
leaf_weight=7.0543710008350891 4.1906071732810224 69.553746823789879 49.860551364453386 793.90778072730154 10.989768626604926 3.340814711074926 5.6478382346685958 4.0575586642908084 5.2051380684933974 112.77643202193576 25.210764177521924 497.5039574973689 160.21774487003313 16.506493933338792 54.217975468592158 37.214040296457824 11.843106083746532 10.364859385404996 9.4086181843013019 22.242804996398263 36.110859319709562 8.0440446020875225 38.149783312883301 4.9086445023749539 7.1867787333321749 209.43319222469836 717.13278382971839 23.993691448878963 56.544462938167271 3.6663406135339747
leaf_count=4094 642 11852 5420 32136 68 61 76 317 38 389 134 19420 2701 206 2338 540 248 232 9 171 441 305 175 252 109 1506 2022 42 363 33
internal_value=0.00350434 0.00361764 0.0040292 0.00292072 -0.0281891 0.00914466 0.00987856 0.0109498 -0.0370118 0.00373477 0.0162025 0.0116495 0.00295326 0.00217796 -0.000192004 0.00298201 -0.0195973 0.00566074 -0.0253448 -0.00724745 -0.0252013 -0.00392525 -0.0189065 0.00215824 0.00466691 0.00666867 0.00668524 -0.00775767 -0.0175243 -0.0657935
internal_weight=3016.49 3012.29 2942.74 2419.93 60.8503 522.81 519.469 508.616 10.853 2359.08 137.987 504.558 2221.09 2060.88 1226.93 846.631 52.7235 833.951 25.9151 380.294 58.3537 321.94 92.3678 229.573 221.529 214.342 808.036 90.903 66.9093 15.5094
internal_count=86340 85698 73846 49840 5488 24006 23945 23831 114 44352 523 23514 43829 41128 38254 32957 821 2874 215 5297 612 4685 2513 2172 1867 1758 2659 637 595 281
is_linear=0
shrinkage=0.03


Tree=212
num_leaves=31
num_cat=0
split_feature=73 56 73 56 73 53 60 56 65 59 71 11 73 66 65 65 73 73 68 56 56 56 56 0 34 56 56 73 57 57
split_gain=20.2933 28.3745 27.0698 28.1489 26.9127 28.1527 25.888 26.0976 24.9706 35.0101 45.7033 24.1811 35.0043 23.7738 43.6445 42.192 33.7821 23.402 53.2497 45.6532 44.2168 65.2518 52.1763 40.3521 36.3873 25.2935 39.1797 49.4488 63.6614 21.2146
threshold=0.025995000000000001 0.0022020675352604339 0.022985000000000002 0.0034748957205514566 0.0063150000000000003 1.0000000180025095e-35 1.5000000000000002 0.062958234266293586 51.500000000000007 1.0000000180025095e-35 1.0000000180025095e-35 1.0000000180025095e-35 0.013875000000000002 1.0000000180025095e-35 124.50000000000001 71.500000000000014 0.030045000000000006 0.24908000000000002 1.0000000180025095e-35 0.011338004811851243 0.014475206292182307 0.026935654732692067 0.047449099905198626 7.9500000000000011 1.0000000180025095e-35 0.0069633442171564012 0.0035371064566473123 0.66771000000000014 6.5000000000000009 22.500000000000004
decision_type=2 2 2 2 2 2 2 2 2 2 2 2 2 2 2 2 2 2 2 2 2 2 2 2 2 2 2 2 2 2
left_child=1 -1 3 -3 5 -5 8 -8 9 -2 -11 12 -6 15 -15 -10 -16 18 19 24 -21 -22 -23 -24 -18 26 -19 28 -28 -17
right_child=6 2 -4 4 11 -7 7 -9 13 10 -12 -13 -14 14 16 29 17 25 -20 20 21 22 23 -25 -26 -27 27 -29 -30 -31
leaf_value=0.011969487679672522 0.01354586131240286 -0.043215610327106316 -0.032818765306183342 -0.03328896939540299 -0.037656393149130711 0.021275625426845478 0.006944137945761179 0.02354175722172017 0.023205001601656054 -0.086906382674133378 0.016255522201659753 0.0055499379873255152 0.002107201821639257 -0.030759385287735183 0.021816835454999829 0.0044676038698003529 -0.04302485736519128 0.012225232382084766 0.022896242302423209 0.026625769736099789 -0.06524863712616473 0.014697767270363262 -0.066567282853781287 -0.0008922383771794918 0.015740602466641562 0.011165103518749416 -0.06644136170084404 0.00014249530212440844 0.019927761886225064 -0.042386265301360873
leaf_weight=107.40266847746443 11.923751893791632 14.227958206685797 28.686842319788411 39.755581255686593 30.808090431832625 10.014692665179608 384.54265471619874 109.14883078541607 113.77057151064628 10.417328665014791 5.4252395245712259 273.87022818790865 53.068926222284063 40.806554476766905 61.602945330283546 1126.3341707381446 59.643205762190519 69.074353648349643 40.024336685142771 31.000583938322961 17.246199720189907 55.757251062430441 15.193489778786896 17.597313284873962 10.707277924666412 186.65370851382613 27.596183916553855 58.61546457791701 9.9710683673620206 7.7727744115491069
leaf_count=13696 60 6384 1507 20363 7980 209 968 95 243 133 9 22047 2241 365 504 6180 2372 94 60 18 128 62 67 26 58 220 154 98 7 97
internal_value=0.00334836 -0.00181725 -0.00512384 -0.00316688 -0.00166626 -0.0221068 0.00451486 0.0106538 0.00297735 -0.0247765 -0.0527113 0.00123114 -0.0127696 0.00338517 -0.00103285 0.00586758 0.000846891 -0.00134219 -0.0083992 -0.014527 -0.00434591 -0.0135858 -0.00290732 -0.0323919 -0.0339856 0.00362415 -0.00490909 -0.0172134 -0.043595 0.00410943
internal_weight=3028.66 557.835 450.432 421.745 407.518 49.7703 2470.83 493.691 1977.13 27.7663 15.8426 357.747 83.877 1949.37 701.49 1247.88 660.683 599.08 247.17 207.145 136.795 105.794 88.5481 32.7908 70.3505 351.911 165.257 96.1827 37.5673 1134.11
internal_count=86445 74427 60731 59224 52840 20572 12018 1063 10955 202 142 32268 10221 10753 4233 6520 3868 3364 2791 2731 301 283 155 93 2430 573 353 259 161 6277
is_linear=0
shrinkage=0.03


Tree=213
num_leaves=31
num_cat=0
split_feature=56 58 73 56 56 55 73 65 73 65 62 73 57 55 55 73 73 57 65 34 56 14 73 56 73 55 73 55 65 55
split_gain=20.3234 16.7138 46.0482 19.4197 78.3545 61.973 57.9014 43.1428 28.3088 24.6086 31.4971 61.6991 56.8994 33.944 47.8238 46.4535 30.6976 30.0359 27.5581 26.3336 25.7173 18.8937 33.7136 17.8609 19.6432 28.0052 59.5044 24.4478 44.5013 42.7773
threshold=0.17581565966311982 1.5000000000000002 0.066180000000000017 0.032660197162707801 0.026935654732692067 0.012237203456119618 0.20147000000000001 235.50000000000003 0.104785 62.500000000000007 1.0000000180025095e-35 0.77983000000000013 51.500000000000007 0.030810663257538635 0.06386747763884322 0.77983000000000013 0.060315000000000007 11.500000000000002 1271.5000000000002 1.0000000180025095e-35 0.005055418790465083 1.0000000180025095e-35 0.09141500000000001 0.040675701023522033 0.09141500000000001 0.02035367420542971 0.20147000000000001 0.021143348457428057 364.50000000000006 0.068361472679930133
decision_type=2 2 2 2 2 2 2 2 2 2 2 2 2 2 2 2 2 2 2 2 2 2 2 2 2 2 2 2 2 2
left_child=1 3 -3 4 9 21 7 -7 -9 16 13 12 18 17 15 -15 -1 19 -12 -11 -16 22 -6 -5 27 26 -26 -25 29 -29
right_child=-2 2 -4 23 5 6 -8 8 -10 10 11 -13 -14 14 20 -17 -18 -19 -20 -21 -22 -23 -24 24 25 -27 -28 28 -30 -31
leaf_value=-0.032944515015640483 0.015414042564966932 -0.042904088320713657 0.010922139944139453 0.013544253720328487 -0.073546134097474583 -0.085934562057198544 -0.14423111371528843 -0.054735141812881007 0.016987747023491397 0.0044392789811071179 -0.04551665948042867 0.0088246531110370233 0.029844538568130196 -0.051449153573921914 -0.036337777358406556 0.0049727497036365122 0.022788418453134597 -0.042192614497245318 0.019709796249844445 -0.052675709245120828 0.015969904439205027 0.025639844615807084 0.0028390368879755161 0.01290131907886137 0.021449821914026824 0.013011341809233103 -0.043679095837144903 -0.020631586045824025 0.014523672508025416 0.013909356895905006
leaf_weight=9.0835270664401815 126.17851005619741 13.892881357445729 379.34649573919796 210.39101591368126 6.138448000514475 10.297536350023622 5.0560232792049637 7.0974608169599405 11.908148638904093 1278.7058652678129 63.879086554263267 68.338513879105449 11.64047289424161 37.712367687348888 9.3656819943571445 19.627131842076778 81.516896206747333 11.735540064779341 5.8521035285593817 6.3120159507270719 45.455750639928738 12.605918408993601 18.899042569100857 80.558959292597137 24.075263999402523 254.6250058831647 24.556349980644882 151.39214802411516 69.458046334249957 40.177334529522341
leaf_count=1668 263 2765 778 756 558 266 38 170 10 53299 19450 79 9 2123 60 29 113 464 221 887 234 66 24 404 16 281 80 1187 190 94
internal_value=0.00366707 0.00316294 0.00891649 0.00228167 0.00044476 -0.0299703 -0.0584926 -0.0394277 -0.0111936 0.00178999 0.000901278 -0.0121351 -0.0296313 0.00229414 -0.0134668 -0.0323819 0.016902 0.00366669 -0.0398413 0.00411799 0.00654279 -0.00309645 -0.0179937 0.00597375 0.00348659 0.00903055 -0.0116542 -0.00144727 -0.0059079 -0.0133528
internal_weight=3095.88 2969.7 393.239 2576.46 1721.23 72.0026 34.3592 29.3031 19.0056 1649.22 1558.62 149.71 81.3717 1408.91 112.161 57.3395 90.6004 1296.75 69.7312 1285.02 54.8214 37.6434 25.0375 855.234 644.843 303.257 48.6316 341.586 261.028 191.569
internal_count=86582 86319 3543 82776 79768 1132 484 446 180 78636 76855 19759 19680 57096 2446 2152 1781 54650 19671 54186 294 648 582 3008 2252 377 96 1875 1471 1281
is_linear=0
shrinkage=0.03


Tree=214
num_leaves=31
num_cat=0
split_feature=28 56 73 55 73 56 44 0 20 73 55 55 73 55 73 10 72 65 48 55 57 56 73 56 73 66 58 0 56 56
split_gain=21.4155 18.4609 25.2564 18.443 64.0429 39.6307 53.072 43.3916 37.6445 77.6272 34.904 107.328 31.8891 33.9943 31.1773 31.1602 31.141 28.4227 27.0934 38.4623 29.1483 40.831 49.3779 39.522 38.0936 37.0544 52.8009 31.5047 30.5504 30.7975
threshold=1.0000000180025095e-35 0.010117439650664703 0.77983000000000013 0.029049548550006982 0.09141500000000001 0.033474976598428303 1.0000000180025095e-35 8.7500000000000018 1.0000000180025095e-35 0.012195000000000003 0.02035367420542971 0.016299180440167958 0.010585000000000002 0.030185961961733933 0.89998500000000015 1.0000000180025095e-35 1.0000000180025095e-35 138.50000000000003 1.0000000180025095e-35 0.0066168109075340131 2.5000000000000004 0.015067197089334036 0.89998500000000015 0.0025456504647815609 0.026605000000000004 1.0000000180025095e-35 2.5000000000000004 7.9500000000000011 0.0074326147304572326 0.0072401483730347776
decision_type=2 2 2 2 2 2 2 2 2 2 2 2 2 2 2 2 2 2 2 2 2 2 2 2 2 2 2 2 2 2
left_child=3 2 -2 10 8 6 7 14 12 -10 11 18 -5 -14 17 -15 -13 -6 19 20 21 28 -23 -22 -25 -26 27 -27 29 -1
right_child=1 -3 -4 4 5 -7 -8 -9 9 -11 -12 16 13 15 -16 -17 -18 -19 -20 -21 23 22 -24 24 25 26 -28 -29 -30 -31
leaf_value=-0.0035921086857479221 -0.049468813922679523 -0.0011385745177776043 0.01910728920757471 -0.038068632120246637 -0.015554957320165555 0.013951012426375056 0.036887361234248184 0.00054525560176251354 0.016053713009972718 -0.060671194032150426 0.013425985353601236 -0.041183707163081576 -0.064534435477785354 0.0018574898373318435 0.015367314459072724 -0.062950085362872818 0.012656151721519977 -0.067703271462933867 0.019939112716486268 0.0092593675046289594 -0.042122696706823934 -0.073962778199203646 0.02567500945694853 -0.035626497189091846 0.015221372092817233 -0.0010879324852078171 0.015247807088756549 -0.061381950459695918 0.022997656340536014 -0.034999041268265106
leaf_weight=267.73600834918716 17.924619290939521 53.919050898883143 5.8853939771652213 22.866707572985433 17.707379190716892 327.24016931140795 24.334885135293007 110.42923824048194 18.090616203488025 31.671466946087094 481.03265589739567 57.022959523720601 6.5467955257754502 243.92970409926966 9.0575542487204057 5.8642741179537543 11.117989990045315 21.090764467517147 112.93538846329466 799.74817092682724 13.919083659392525 14.827383569358064 5.6545856595039359 16.326047748280871 257.89254059488167 13.02702659325587 35.53730075823114 18.573891550782719 33.29316244967049 30.441464305103182
leaf_count=33484 2299 395 5 1938 67 369 3 287 681 939 2814 1237 144 2065 11 168 24 248 549 21469 2614 461 6 7672 1575 93 56 368 387 3890
internal_value=0.00444078 -0.0110143 -0.0324311 0.00484369 0.00106454 0.00771743 -0.0034678 -0.00986468 -0.00923872 -0.0330117 0.006304 0.00426775 -0.00489906 -0.00180376 -0.0334056 9.11018e-05 -0.0323431 -0.0448918 0.00582678 0.00475665 -0.000340988 -0.00645092 -0.0465405 0.00571291 0.00778078 0.0100637 -0.00968077 -0.0373224 -0.0038412 -0.00690476
internal_weight=3085.64 77.7291 23.81 3007.92 838.83 509.86 182.62 158.285 328.97 49.7621 2169.09 1688.05 279.207 256.341 47.8557 249.794 68.1409 38.7981 1619.91 1506.98 707.228 351.953 20.482 355.276 341.357 325.031 67.1382 31.6009 331.471 298.177
internal_count=86318 2699 2304 83619 6920 985 616 613 5935 1620 76699 73885 4315 2377 326 2233 1261 315 72624 72075 50606 38228 467 12378 9764 2092 517 461 37761 37374
is_linear=0
shrinkage=0.03


Tree=215
num_leaves=31
num_cat=0
split_feature=73 59 55 65 65 65 58 60 60 65 59 73 55 73 65 55 55 65 55 8 73 59 57 17 55 11 58 73 65 65
split_gain=36.5821 28.6537 25.4044 27.2023 22.6843 29.9812 26.1377 25.9142 24.9486 24.5904 21.8249 21.5007 47.6296 51.7083 52.6853 47.2143 43.9992 35.8736 31.1928 35.539 84.7562 59.1599 29.8145 26.2466 31.9403 25.1968 24.5544 24.3815 26.5096 21.7401
threshold=0.010255000000000002 1.0000000180025095e-35 0.007222384741534674 274.50000000000006 74.500000000000014 138.50000000000003 2.5000000000000004 1.0000000180025095e-35 1.0000000180025095e-35 132.50000000000003 1.5000000000000002 0.03727500000000001 0.021765767382888639 0.073035000000000017 198.50000000000003 0.015677023898642627 0.0078429521481543762 1868.5000000000002 0.029049548550006982 1.0000000180025095e-35 0.20147000000000001 1.0000000180025095e-35 4.5000000000000009 1.0000000180025095e-35 0.012889886427373445 1.0000000180025095e-35 1.0000000180025095e-35 0.055750000000000001 201.50000000000003 891.50000000000011
decision_type=2 2 2 2 2 2 2 2 2 2 2 2 2 2 2 2 2 2 2 2 2 2 2 2 2 2 2 2 2 2
left_child=1 2 -1 -4 8 7 11 10 -2 -9 -6 16 13 14 25 23 22 27 -14 -20 21 -21 -7 -15 -25 -13 29 28 -16 -18
right_child=4 -3 3 -5 5 6 -8 9 -10 -11 -12 12 18 15 17 -17 26 -19 19 20 -22 -23 -24 24 -26 -27 -28 -29 -30 -31
leaf_value=-0.026232346562629096 -0.0328985946944522 -0.032442957906346499 0.011224845786284229 -0.023043878320618834 -0.052277925081517566 0.019129470583596851 0.015084242151358732 -0.00095074858804785722 0.013779196085564783 -0.064824605173664979 0.011250429614070946 -0.13027953156469743 0.016117210985216863 0.0022434855456343519 0.018675359370327067 -0.0267147798896279 -0.00074810958524575773 0.029351164833269869 0.012806089303196469 -0.0065051021374517128 0.0072635824742712761 -0.056909108783194481 -0.037644674769659624 -0.041348173183583338 0.025907316644544751 -0.037354316850927792 -0.048343688856337511 -0.0069145009855924987 -0.053167297835917948 0.021073246926820995
leaf_weight=33.521667590196557 9.7884994151359006 38.728991812264212 87.088541267107757 26.325282936737494 19.375460547834795 244.19791996541289 169.58049852158365 105.15985903008368 267.34189469159901 4.7215218408728097 5.9843737314931778 4.6100627917039656 227.80324480411946 728.16392117685973 4.9761655618058276 58.397956820786931 307.45706133766907 12.797467937809413 175.94095889342134 47.084135476055962 175.66737275302876 37.201059667699155 7.7158246335866343 24.566309671801719 7.6968340426683417 7.1966730748536065 7.8793143407438029 37.958023532060906 28.042061070486852 46.41853924485622
leaf_count=25697 881 12087 6723 4532 3010 16136 520 1327 1129 281 354 121 306 2131 25 256 4032 6 305 164 285 533 2218 259 3 324 661 437 1300 203
internal_value=0.00302557 -0.00983267 -0.00369407 0.0031386 0.00388949 0.00298273 0.00377086 -0.0107048 0.0120181 -0.00425524 -0.0374285 0.00288904 0.00103436 -0.0034047 -0.0241658 -0.000954769 0.00764907 -0.0152982 0.00714619 0.00243167 -0.00461211 -0.0291584 0.0172486 0.00105599 -0.0250069 -0.0809775 0.000935188 -0.0236447 -0.0421092 0.00216556
internal_weight=2959.39 185.664 146.935 113.414 2773.72 2496.59 2361.35 135.241 277.13 109.881 25.3598 2191.77 1578.1 914.405 95.5805 818.825 613.669 83.7737 663.697 435.894 259.953 84.2852 251.914 760.427 32.2631 11.8067 361.755 70.9763 33.0182 353.876
internal_count=86246 49039 36952 11255 37207 35197 30225 4972 2010 1608 3364 29705 6455 4862 2213 2649 23250 1768 1593 1287 982 697 18354 2393 262 445 4896 1762 1325 4235
is_linear=0
shrinkage=0.03


Tree=216
num_leaves=31
num_cat=0
split_feature=44 73 2 48 56 10 56 55 11 55 73 58 0 28 21 73 73 40 73 55 55 58 56 58 58 55 55 48 0 10
split_gain=20.1055 16.4352 19.4667 28.4951 28.4699 54.9685 29.2269 25.1441 24.2818 26.2746 24.9336 39.6145 29.3628 20.8262 43.6067 19.5637 18.9489 19.7196 48.9583 18.0367 56.7291 46.1436 38.1402 51.4844 36.481 31.4407 95.4546 43.0516 35.5231 34.7194
threshold=1.0000000180025095e-35 0.0026450000000000002 1.0000000180025095e-35 1.0000000180025095e-35 0.0029214086191665547 1.0000000180025095e-35 0.002025402211110458 0.030810663257538635 1.0000000180025095e-35 0.030810663257538635 0.060315000000000007 1.0000000180025095e-35 7.8500000000000005 1.0000000180025095e-35 1.0000000180025095e-35 0.77983000000000013 0.89998500000000015 1.0000000180025095e-35 0.32766500000000004 0.029395112010871392 0.030522028566488325 3.5000000000000004 0.079010979990600375 1.0000000180025095e-35 1.5000000000000002 0.02035367420542971 0.015677023898642627 1.0000000180025095e-35 7.2500000000000009 1.0000000180025095e-35
decision_type=2 2 2 2 2 2 2 2 2 2 2 2 2 2 2 2 2 2 2 2 2 2 2 2 2 2 2 2 2 2
left_child=1 -1 3 8 5 7 -7 -4 9 -3 11 12 -10 16 -15 -11 17 19 -19 22 21 -21 25 -24 -22 26 27 29 -28 -6
right_child=-2 2 4 -5 13 6 -8 -9 10 15 -12 -13 -14 14 -16 -17 -18 18 -20 20 24 -23 23 -25 -26 -27 28 -29 -30 -31
leaf_value=-0.028029786212428312 -0.039709306159935683 0.0038704027682745987 -0.021329831810703467 -0.061391358779264431 0.004862244932411732 0.022335346404846974 -0.058737322945120726 -0.07523843558519043 0.011006185105791022 -0.046752223758890939 0.021380417354509733 -0.037822373888342219 -0.051576669606724183 0.013169948211417625 -0.044535371352238444 0.023991688913592733 0.014441461587321449 -0.06235995162222506 0.019951057050469369 -0.074182754230628395 0.0022495077767791848 0.025527482544887698 -0.098263803737376448 0.017921658913978449 -0.052382088649504228 0.014708626219863042 -0.0076837723545865634 0.023853114381481369 -0.056956127518134399 -0.021040668811746915
leaf_weight=13.134695889141765 8.394985488495875 240.09317850599837 55.577696579553049 4.2590165432629865 913.80857996966643 38.356687917697855 3.492995390284249 8.4279688815986429 365.13590409034623 15.105284542916708 181.34815042788978 15.390160656603255 5.8997478848214078 22.606592093179643 22.845813578735033 3.8248924016952506 148.42976162908599 12.447053407937346 11.879079319536686 15.23607378734596 425.35857586038946 5.0557656288146964 6.3854838829356577 5.9229052023729309 10.29233550815661 285.48133050661272 23.984786564792557 103.21744538968778 29.197047413714245 48.089957133826829
leaf_count=8085 825 6293 8942 77 39456 890 386 492 6141 436 202 1746 812 427 874 4 236 319 8 222 2501 2 87 5 73 1534 419 375 626 3871
internal_value=0.0041315 0.00426557 0.00441491 0.00832363 0.00293264 -0.0121753 0.0143557 -0.0294765 0.00875647 0.00113808 0.0122239 0.00788274 0.00987511 0.0037032 -0.0161689 -0.0319716 0.00415262 0.00334011 -0.0229647 0.00369401 -0.00149311 -0.0493075 0.005364 -0.0452088 0.000841818 0.00583929 0.00356399 0.00553509 -0.0352864 0.00354673
internal_weight=3048.68 3040.28 3027.15 831.056 2196.09 105.855 41.8497 64.0057 826.797 259.023 567.774 386.426 371.036 2090.24 45.4524 18.9302 2044.79 1896.36 24.3261 1872.03 455.943 20.2918 1416.09 12.3084 435.651 1403.78 1118.3 1065.12 53.1818 961.899
internal_count=86366 85541 77456 15711 61745 10710 1276 9434 15634 6733 8901 8699 6953 51035 1301 440 49734 49498 327 49171 2798 224 46373 92 2574 46281 44747 43702 1045 43327
is_linear=0
shrinkage=0.03


Tree=217
num_leaves=31
num_cat=0
split_feature=44 24 57 73 73 73 65 65 59 65 65 0 36 0 60 0 57 25 54 57 59 65 65 57 60 73 66 60 57 73
split_gain=19.2665 17.5188 58.0892 37.0855 22.4787 21.7845 26.3111 42.4841 49.9868 37.4225 38.383 38.2763 26.3744 17.1911 16.9149 16.3143 27.2339 25.4774 16.015 31.8454 30.147 36.6176 53.6067 95.7269 31.0378 29.4622 40.814 46.2834 27.5001 24.8938
threshold=1.0000000180025095e-35 1.0000000180025095e-35 8.5000000000000018 0.53825500000000015 0.16886000000000004 0.89998500000000015 448.50000000000006 738.50000000000011 1.0000000180025095e-35 401.50000000000006 383.50000000000006 3.4500000000000006 1.0000000180025095e-35 6.3500000000000005 6.5000000000000009 7.0500000000000007 2.5000000000000004 1.0000000180025095e-35 1.0000000180025095e-35 12.500000000000002 1.5000000000000002 269.50000000000006 292.50000000000006 3.5000000000000004 1.5000000000000002 0.20147000000000001 1.0000000180025095e-35 4.5000000000000009 4.5000000000000009 0.20147000000000001
decision_type=2 2 2 2 2 2 2 2 2 2 2 2 2 2 2 2 2 2 2 2 2 2 2 2 2 2 2 2 2 2
left_child=1 5 3 4 -3 6 9 13 15 10 14 -12 -13 -8 18 -9 17 -17 -1 20 21 25 29 -24 -22 26 28 -28 -20 -23
right_child=-2 2 -4 -5 -6 -7 7 8 -10 -11 11 12 -14 -15 -16 16 -18 -19 19 -21 24 22 23 -25 -26 -27 27 -29 -30 -31
leaf_value=0.0050129117126230544 -0.039269966645234702 -0.046659803447834797 0.024946513544254631 -0.067040958030672254 0.0044403577814766514 0.013573002708810983 -0.049071437767906421 0.026599963693695241 -0.038873396747181044 0.016546260360382637 0.026632887487623286 -0.072097252280363275 0.013525401741704452 -0.012263687768097421 -0.042993649689188652 0.014548529775288213 -0.056650482860268338 -0.042237146537814456 -0.0062046278421007753 -0.066050923322518204 -0.048661121688612308 0.024817708688002541 -0.047697894927831205 0.017913178182556975 0.027184353719047778 0.0035949697275610513 -0.058301947812383639 0.023169406202520944 -0.063838917844981163 -0.035806081454381175
leaf_weight=1481.5312743669738 8.7300852536754956 10.315874398038885 25.602608943789164 15.400062503293155 24.095740778007894 176.85257691377774 11.411219269637511 48.467245187988738 18.216999586764359 191.09468728108004 6.3772284360347866 14.644072187295025 3.7253678371198466 172.12328975295259 6.126976162846403 75.585248464849428 5.0366584111252442 6.8713300961680934 190.16941003831835 5.643260970481605 4.4268466891862763 108.05490464482136 34.114654064218485 45.671105819588774 52.635293767445546 132.32645506740664 30.26936036369807 7.2677297525224267 6.7766277863993301 5.5976212434470645
leaf_count=34549 820 11553 47 111 72 282 2525 717 1644 3050 40 1380 31 6541 138 906 213 102 12370 187 991 1386 3337 411 188 258 1538 8 857 20
internal_value=0.00288569 0.00302529 -0.0111549 -0.0298364 -0.0117634 0.0034055 0.00272572 -0.00508872 0.00649938 0.00386178 0.00271942 -0.0336939 -0.054931 -0.0148057 0.00316211 0.0128182 0.00496943 0.00936703 0.00331685 -0.000718366 -1.52564e-05 -0.00214415 0.00839027 -0.0103839 0.0205636 -0.00770722 -0.0140736 -0.042336 -0.00850023 0.0215456
internal_weight=2925.16 2916.43 75.4143 49.8117 34.4116 2841.02 2664.16 337.712 154.177 2326.45 2135.36 24.7467 18.3694 183.535 2110.61 135.96 87.4932 82.4566 2104.48 622.953 617.31 560.248 193.438 79.7858 57.0621 366.81 234.483 37.5371 196.946 113.653
internal_count=86272 85452 11783 11736 11625 73669 73387 12648 3582 60739 57689 1451 1411 9066 56238 1938 1221 1008 56100 21551 21364 20185 5154 3748 1179 15031 14773 1546 13227 1406
is_linear=0
shrinkage=0.03


Tree=218
num_leaves=31
num_cat=0
split_feature=56 55 55 65 60 56 59 56 73 10 73 0 51 22 65 27 55 65 24 34 0 73 73 4 65 0 55 55 42 55
split_gain=22.7928 17.7794 20.7172 31.7564 38.5657 36.6379 29.1431 48.0174 48.9449 27.3013 20.0958 39.4693 19.1872 17.0961 30.9169 21.4404 24.146 17.3529 42.9307 32.7244 31.2102 46.2732 38.4953 70.7941 46.3202 30.6426 30.4926 26.7737 26.1197 21.0611
threshold=0.0011161097395399886 0.06386747763884322 0.031824896673176999 407.50000000000006 1.0000000180025095e-35 0.039092439184851828 1.5000000000000002 0.049807384346336886 0.66771000000000014 1.0000000180025095e-35 0.09141500000000001 7.7500000000000009 1.0000000180025095e-35 1.0000000180025095e-35 237.50000000000003 1.0000000180025095e-35 0.028776686551824315 194.50000000000003 1.0000000180025095e-35 1.0000000180025095e-35 9.0500000000000025 0.32766500000000004 0.09141500000000001 1.0000000180025095e-35 62.500000000000007 8.4500000000000011 0.030810663257538635 0.00091904144094209631 1.0000000180025095e-35 0.0045156434605919558
decision_type=2 2 2 2 2 2 2 2 2 2 2 2 2 2 2 2 2 2 2 2 2 2 2 2 2 2 2 2 2 2
left_child=-1 2 12 4 5 -4 7 8 9 -6 11 -9 13 15 -15 17 -17 18 20 27 22 26 23 25 -25 -2 -22 -19 -29 -23
right_child=1 -3 3 -5 6 -7 -8 10 -10 -11 -12 -13 -14 14 -16 16 -18 19 -20 -21 21 29 -24 24 -26 -27 -28 28 -30 -31
leaf_value=-0.038054640415549422 -0.05360983951063885 0.012930641219289026 -0.0028441387990501511 0.01177185471858592 -0.064854723028252764 -0.11288008126985886 0.019718920091430645 -0.070991627587788861 0.00095033777090756445 0.0024349440666107049 0.011315837987938117 0.0015029196689010915 -0.054161184058988919 0.027605817447111998 -0.037063839631773031 -0.0494977929673193 0.0015980334395024828 -0.031295083301598761 -0.068209100709199777 -0.048045637189574046 -0.053472022526761677 0.013575152489553648 0.0111498856160235 -0.045545036502744628 0.010795017374703314 -0.012050263153852891 0.011221959522904447 0.0067192718062372703 -0.039973734459342915 -0.013361218206202523
leaf_weight=10.691361233664791 29.24995534194386 184.45927744012442 4.8868471623163696 76.089597930231321 31.625253773179793 5.3059002908375987 28.604151319494122 8.1035087783820909 23.615296638105065 6.4244325604959149 59.377614690922201 26.092326237383531 4.0703260308946474 53.639465449971794 6.69730198677098 13.269891243809978 19.831326187239029 16.116998548415722 7.1725734604829077 9.1233984472601133 29.328132335213922 47.002884238958359 308.01579426466196 13.460552134052703 143.32263587997659 35.437657838108862 7.9728996161356909 1752.5967389924517 9.8681064648444572 56.326197423506528
leaf_count=5886 8397 586 205 404 1020 100 54 138 37 97 75 79 596 562 1111 2654 150 3158 4791 801 4744 58 559 396 4261 2845 28 42250 447 147
internal_value=0.00376794 0.0039287 0.00333814 -0.00455165 -0.0109803 -0.0650916 -0.00764435 -0.0127802 -0.0331035 -0.0537219 0.000821245 -0.0172053 0.00417129 0.00428522 0.0199403 0.00389928 -0.0197365 0.00422454 0.000134622 0.00577311 0.000966682 -0.0115464 0.00430562 -0.00522055 0.00569997 -0.0313724 -0.0397121 0.00607602 0.00643532 -0.00109558
internal_weight=3027.78 3017.09 2832.63 270.125 194.035 10.1927 183.843 155.238 61.665 38.0497 93.5734 34.1958 2562.5 2558.43 60.3368 2498.1 33.1012 2464.99 677.289 1787.71 670.117 140.63 529.487 221.471 156.783 64.6876 37.301 1778.58 1762.46 103.329
internal_count=86636 80750 80164 2209 1805 305 1500 1446 1154 1117 292 217 77955 77359 1673 75686 2804 72882 26226 46656 21435 4977 16458 15899 4657 11242 4772 45855 42697 205
is_linear=0
shrinkage=0.03


Tree=219
num_leaves=31
num_cat=0
split_feature=65 60 65 56 56 56 56 21 71 46 59 27 56 25 58 60 44 60 4 29 65 12 66 67 54 65 56 65 58 59
split_gain=16.2974 33.866 30.13 26.122 25.768 21.0119 38.4354 30.4848 29.1627 27.4062 31.9863 20.5264 39.4739 18.6854 17.6608 17.2901 17.0024 16.9915 15.4907 15.076 13.6946 12.8387 12.235 18.2384 19.5486 17.9087 35.0751 14.9764 11.812 13.0531
threshold=74.500000000000014 1.0000000180025095e-35 146.50000000000003 0.13862626742538772 0.0039470903806293018 0.0059738020574179301 0.0047237969248847241 1.0000000180025095e-35 1.0000000180025095e-35 1.0000000180025095e-35 1.5000000000000002 1.0000000180025095e-35 0.044512489803421006 1.0000000180025095e-35 1.5000000000000002 1.5000000000000002 1.0000000180025095e-35 1.5000000000000002 1.0000000180025095e-35 1.0000000180025095e-35 94.500000000000014 1.0000000180025095e-35 1.0000000180025095e-35 1.0000000180025095e-35 1.0000000180025095e-35 55.500000000000007 0.12145281554420055 58.500000000000007 4.5000000000000009 5.5000000000000009
decision_type=2 2 2 2 2 2 2 2 2 2 2 2 2 2 2 2 2 2 2 2 2 2 2 2 2 2 2 2 2 2
left_child=1 14 5 11 -3 6 8 17 18 10 13 16 -13 -9 -1 22 19 -7 -2 28 -8 -21 25 24 -24 26 -6 -26 29 -4
right_child=2 4 3 -5 15 7 20 9 -10 -11 -12 12 -14 -15 -16 -17 -18 -19 -20 21 -22 -23 23 -25 27 -27 -28 -29 -30 -31
leaf_value=-0.065550403044681252 -0.065284789861573697 0.029267859880318825 0.0037442113498857999 0.024006456286458335 0.0064310101358804441 0.0071878349974335842 -0.041908641835591634 -0.049616548203391835 0.015180123702728443 0.021816400123138752 0.013887549600839134 -0.051951209109786879 0.01471142558434606 0.0074428981446814837 0.0094501496293419758 0.026802554534978783 -0.044406031486047652 -0.067188871305330675 -0.0097517334972023108 0.035588196773768115 0.023637806444459585 -0.017507136454107734 -0.0023313326733278997 0.028386954822085596 -0.024208187621953113 0.015740046152088662 -0.058874843566336439 -0.097937852630093386 0.022311296559872098 -0.059589859911919174
leaf_weight=6.7939347806359347 11.204279734568901 64.919697105853629 2399.4740130535151 57.540989493194502 33.896565973118413 45.368323490692546 2.1524279126761021 48.026974016357599 11.275174488047925 8.0873718317707226 9.8244271335206559 15.746203231497931 14.632671476429094 5.5034190878559448 4.0786171670888507 34.859047388308682 5.5123955595336147 1.9412267870138737 7.822818702334188 21.766823136922543 47.586681671242786 4.3582252076703289 24.072518355686043 8.3208038210868818 9.5307122571539349 93.221408883180629 8.4158378177671676 2.9395216154371147 30.026560011741822 1.9356840063173866
leaf_count=1568 4309 781 63559 68 262 2995 418 3075 62 22 161 2683 56 260 61 75 699 121 1138 57 1640 1521 125 2 131 454 58 61 50 71
internal_value=0.00403172 0.0107723 0.00331461 0.00419193 0.0128351 -0.00790808 0.00394756 -0.0158653 -0.0222493 -0.0280992 -0.034711 0.00372523 -0.0203961 -0.0437214 -0.0389892 0.00776674 0.00403089 0.00280835 -0.0440799 0.00415756 0.0200313 0.0264119 0.00396088 -0.00947639 -0.0186244 0.00844563 -0.00761758 -0.0475684 0.00390768 0.00366838
internal_weight=3040.84 291.049 2749.79 2550.99 280.176 198.793 80.0414 118.752 30.3023 71.4422 63.3548 2493.45 30.3789 53.5304 10.8726 215.256 2463.07 47.3096 19.0271 2457.56 49.7391 26.125 180.397 44.8636 36.5428 135.534 42.3124 12.4702 2431.44 2401.41
internal_count=86543 3578 82965 68764 1949 14201 7567 6634 5509 3518 3496 68696 2739 3335 1629 1168 65957 3116 5447 65258 2058 1578 1093 319 317 774 320 192 63680 63630
is_linear=0
shrinkage=0.03


end of trees

feature_importances:
epss=1168
vendor_kev_rate=956
desc_len=809
product_kev_rate=803
ref_total=363
cvss_base=299
ref_vendor_advisory=264
ref_exploit=192
ref_patch=133
av_L=101
ui_N=97
dom_github=81
av_N=79
dom_zdi=67
kw_rce=53
poc_exploitdb=51
pr_N=46
poc_github=45
cwe_79=42
i_N=38
cwe_89=38
dom_packetstorm=37
c_H=35
pr_L=34
cwe_502=34
cwe_434=31
cwe_119=30
a_N=29
cwe_78=29
a_L=28
cwe_787=27
cwe_125=27
c_N=26
cwe_22=26
cwe_416=26
kw_unauth=26
a_H=22
kw_auth_bypass=22
i_H=21
ui_R=20
s_U=20
c_L=19
cwe_94=18
cwe_other=18
cwe_306=17
dom_exploitdb=16
cwe_20=15
cwe_200=15
cwe_732=15
pr_H=14
cwe_120=14
cwe_77=14
ac_L=12
s_C=12
cwe_400=12
cwe_798=12
cwe_287=11
i_L=10
cwe_362=10
cwe_284=9
kw_deser=9
cwe_352=8
cwe_863=8
cwe_269=7
av_A=6
kw_ssrf=6
cwe_918=5
cwe_276=5
cwe_862=3
cwe_476=2
cwe_190=2
ac_H=1

parameters:
[boosting: gbdt]
[objective: binary]
[metric: average_precision]
[tree_learner: serial]
[device_type: cpu]
[data_sample_strategy: bagging]
[data: ]
[valid: ]
[num_iterations: 600]
[learning_rate: 0.03]
[num_leaves: 31]
[num_threads: 16]
[seed: 42]
[deterministic: 0]
[force_col_wise: 0]
[force_row_wise: 0]
[histogram_pool_size: -1]
[max_depth: -1]
[min_data_in_leaf: 40]
[min_sum_hessian_in_leaf: 0.001]
[bagging_fraction: 0.8]
[pos_bagging_fraction: 1]
[neg_bagging_fraction: 1]
[bagging_freq: 1]
[bagging_seed: 400]
[bagging_by_query: 0]
[feature_fraction: 0.8]
[feature_fraction_bynode: 1]
[feature_fraction_seed: 30056]
[extra_trees: 0]
[extra_seed: 12879]
[early_stopping_round: 0]
[early_stopping_min_delta: 0]
[first_metric_only: 0]
[max_delta_step: 0]
[lambda_l1: 0]
[lambda_l2: 1]
[linear_lambda: 0]
[min_gain_to_split: 0]
[drop_rate: 0.1]
[max_drop: 50]
[skip_drop: 0.5]
[xgboost_dart_mode: 0]
[uniform_drop: 0]
[drop_seed: 17869]
[top_rate: 0.2]
[other_rate: 0.1]
[min_data_per_group: 100]
[max_cat_threshold: 32]
[cat_l2: 10]
[cat_smooth: 10]
[max_cat_to_onehot: 4]
[top_k: 20]
[monotone_constraints: ]
[monotone_constraints_method: basic]
[monotone_penalty: 0]
[feature_contri: ]
[forcedsplits_filename: ]
[refit_decay_rate: 0.9]
[cegb_tradeoff: 1]
[cegb_penalty_split: 0]
[cegb_penalty_feature_lazy: ]
[cegb_penalty_feature_coupled: ]
[path_smooth: 0]
[interaction_constraints: ]
[verbosity: -1]
[saved_feature_importance_type: 0]
[use_quantized_grad: 0]
[num_grad_quant_bins: 4]
[quant_train_renew_leaf: 0]
[stochastic_rounding: 1]
[linear_tree: 0]
[max_bin: 255]
[max_bin_by_feature: ]
[min_data_in_bin: 3]
[bin_construct_sample_cnt: 200000]
[data_random_seed: 175]
[is_enable_sparse: 1]
[enable_bundle: 1]
[use_missing: 1]
[zero_as_missing: 0]
[feature_pre_filter: 1]
[pre_partition: 0]
[two_round: 0]
[header: 0]
[label_column: ]
[weight_column: ]
[group_column: ]
[ignore_column: ]
[categorical_feature: ]
[forcedbins_filename: ]
[precise_float_parser: 0]
[parser_config_file: ]
[objective_seed: 16083]
[num_class: 1]
[is_unbalance: 1]
[scale_pos_weight: 1]
[sigmoid: 1]
[boost_from_average: 1]
[reg_sqrt: 0]
[alpha: 0.9]
[fair_c: 1]
[poisson_max_delta_step: 0.7]
[tweedie_variance_power: 1.5]
[lambdarank_truncation_level: 30]
[lambdarank_norm: 1]
[label_gain: ]
[lambdarank_position_bias_regularization: 0]
[eval_at: ]
[multi_error_top_k: 1]
[auc_mu_weights: ]
[num_machines: 1]
[local_listen_port: 12400]
[time_out: 120]
[machine_list_filename: ]
[machines: ]
[gpu_platform_id: -1]
[gpu_device_id: -1]
[gpu_device_id_list: ]
[gpu_use_dp: 0]
[num_gpu: 1]

end of parameters

pandas_categorical:[]
