tree
version=v4
num_class=1
num_tree_per_iteration=1
label_index=0
max_feature_idx=72
objective=binary sigmoid:1
feature_names=cvss_base cvss_missing av_N av_A av_L av_P ac_L ac_H pr_N pr_L pr_H ui_N ui_R s_U s_C c_H c_L c_N i_H i_L i_N a_H a_L a_N cwe_79 cwe_787 cwe_89 cwe_125 cwe_20 cwe_352 cwe_22 cwe_416 cwe_78 cwe_862 cwe_120 cwe_200 cwe_434 cwe_287 cwe_476 cwe_269 cwe_119 cwe_863 cwe_77 cwe_190 cwe_400 cwe_284 cwe_306 cwe_94 cwe_502 cwe_798 cwe_918 cwe_276 cwe_732 cwe_362 cwe_other vendor_kev_rate product_kev_rate ref_total ref_exploit ref_patch ref_vendor_advisory dom_exploitdb dom_github dom_packetstorm dom_zdi desc_len kw_rce kw_unauth kw_deser kw_ssrf kw_auth_bypass poc_github poc_exploitdb
feature_infos=[-1:10] none [0:1] [0:1] [0:1] [0:1] [0:1] [0:1] [0:1] [0:1] [0:1] [0:1] [0:1] [0:1] [0:1] [0:1] [0:1] [0:1] [0:1] [0:1] [0:1] [0:1] [0:1] [0:1] [0:1] [0:1] [0:1] [0:1] [0:1] [0:1] [0:1] [0:1] [0:1] [0:1] [0:1] [0:1] [0:1] [0:1] [0:1] [0:1] [0:1] [0:1] [0:1] [0:1] [0:1] [0:1] [0:1] [0:1] [0:1] [0:1] [0:1] [0:1] [0:1] [0:1] [0:1] [0.0001377829736023393:0.24153363540535341] [8.0050512784711199e-05:0.2601131458211498] [1:172] [0:18] [0:22] [0:34] [0:1] [0:1] [0:1] [0:1] [21:3975] [0:1] [0:1] [0:1] [0:1] [0:1] [0:1] [0:1]
tree_sizes=3424 3435 3435 3440 3456 3453 3454 3481 3468 3496 3492 3474 3504 3487 3517 3511 3506 3496 3519 3519 3505 3493 3505 3522 3542 3525 3511 3530 3497 3525 3512 3534 3496 3513 3491 3493 3525 3528 3536 3509 3552 3529 3509 3536 3503 3519 3545 3521 3517 3518 3541 3529 3527 3541 3512 3529 3525 3544 3512 3528 3545 3539 3525 3534 3524 3511 3538 3544 3498 3538 3545 3527 3535 3531 3525 3534 3551 3530 3554 3537 3534 3537 3547 3553 3545 3517 3549 3558 3532 3543 3527 3547 3544 3552 3552 3568 3516 3524 3542 3544 3528 3545 3529 3526 3528 3526 3524 3569 3538 3530 3501 3540 3553 3531 3519 3551 3542 3577 3538 3574 3533 3532 3465 3514 3542 3537 3521 3584 3544 3544 3542 3533 3525 3555 3528 3526 3572 3548 3531 3540 3544 3550 3544 3517 3539 3559 3537 3545 3528 3533 3496 3513 3536 3559 3551 3536 3542 3556 3544 3506 3557 3524 3556 3534 3532 3510 3520 3551 3506 3547 3535 3543 3549 3529 3560 3561 3525 3557 3534 3517 3539 3555 3519 3539 3514 3537 3513 3556 3521 3539 3543 3519 3560 3560 3481 3533 3529 3546 3494 3554 3529 3541 3534 3526 3528 3547 3532 3573 3486 3570 3534 3508 3551 3515 3553 3537 3565 3540 3564 3562 3510 3536 3544 3502 3548 3538 3544 3545 3544 3561 3542 3523 3514 3548 3551 3539 3518 3518 3542 3537 3537 3553 3529 3526 3524

Tree=0
num_leaves=31
num_cat=0
split_feature=55 63 71 0 18 57 60 55 57 59 60 0 55 67 71 0 15 71 0 60 65 57 59 21 60 32 46 50 60 55
split_gain=1.68205e+06 572837 159815 108305 106203 55428.4 45711.1 87057.2 42203 42168.6 41683.2 36779.5 36200 29878.5 24295.9 17066.7 16378.1 15769.5 15525.3 15205.7 14319.4 17935.7 41695 13422.9 13327.5 11788.3 11018 10843.3 10351.8 9865.48
threshold=0.0090829550563634089 1.0000000180025095e-35 1.0000000180025095e-35 7.7500000000000009 1.0000000180025095e-35 3.5000000000000004 1.0000000180025095e-35 0.0028543105875636922 1.5000000000000002 1.0000000180025095e-35 1.0000000180025095e-35 7.1500000000000012 0.030522028566488325 1.0000000180025095e-35 1.0000000180025095e-35 6.4500000000000011 1.0000000180025095e-35 1.0000000180025095e-35 8.0500000000000025 1.0000000180025095e-35 302.50000000000006 1.5000000000000002 1.0000000180025095e-35 1.0000000180025095e-35 1.5000000000000002 1.0000000180025095e-35 1.0000000180025095e-35 1.0000000180025095e-35 2.5000000000000004 0.0073991022256974679
decision_type=2 2 2 2 2 2 2 2 2 2 2 2 2 2 2 2 2 2 2 2 2 2 2 2 2 2 2 2 2 2
left_child=1 2 3 25 12 6 13 -8 10 18 -6 17 14 -5 15 24 -12 -3 -7 -4 21 22 -9 -14 -2 26 27 -1 -20 -28
right_child=4 11 19 5 8 9 7 20 -10 -11 16 -13 23 -15 -16 -17 -18 -19 28 -21 -22 -23 -24 -25 -26 -27 29 -29 -30 -31
leaf_value=-4.7505058800766298 -4.4932076469994424 -4.4334119631322295 -3.2850130506995692 -4.7197246024469468 -4.0853616713376582 -4.9379022780669484 -4.8403732120676768 -4.945864215944181 -1.1790027613547593 -4.3563693407691897 -4.0612854244413858 -1.3673392450076634 -1.7900824179773736 -3.044456191710438 -1.4730205740535465 -2.8193864668767259 -1.7223369158133832 -2.0214624785593314 -1.9745741405163781 -1.438558656445827 -3.6815838727354464 -2.2298138509909435 -2.2433935476105735 -3.6802374503359117 -2.9994397806505102 -3.1798365613368529 -4.9385232690968532 -3.3681198957109917 -4.9342114692804051 -2.2288797942525012
leaf_weight=309.82671118341386 17.087108464911584 7.0233049001544696 8.8847612123936432 88.764754492789507 8.5420103222131711 1.8156532309949422 37.183322459459305 9.906838065944612 292.92642061039805 12.908224044367669 3.6585824443027368 75.779335112310946 56.174088271334767 9.7910439176484925 7.2734204716980448 25.995543261058629 107.12199777457863 3.2159912623465061 26.605907489545647 17.713941304013133 28.171959727071226 27.688197370618582 9.6294466881081462 5.4943066844716659 7.43656161148101 3.6570385340601197 1.9885725863277901 4.211821465753018 1.0951559171080578 2.0287146046757698
leaf_count=40965 2100 839 690 11641 914 252 5025 1375 3994 1520 372 1420 1822 680 59 1707 3326 39 977 286 2688 1263 386 491 489 236 276 313 152 10
internal_value=-2.89447 -3.87637 -4.20665 -4.31482 -1.6285 -3.85234 -4.05866 -3.64771 -1.39361 -2.86898 -1.94717 -1.60011 -2.4616 -4.53614 -3.06359 -3.35502 -1.79122 -3.48551 -2.25825 -1.9738 -3.06824 -2.73559 -3.54842 -1.93604 -3.9828 -4.68151 -4.70417 -4.7271 -2.08806 -3.30684
internal_weight=1219.6 687.891 601.872 575.273 531.71 253.561 211.136 112.58 412.249 42.4249 119.323 86.0186 119.461 98.5558 57.7926 50.5192 110.781 10.2393 29.5167 26.5987 75.3964 47.2245 19.5363 61.6684 24.5237 321.713 318.056 314.039 27.7011 4.01729
internal_count=86307 71033 68735 67759 15274 25959 23058 10737 8606 2901 4612 2298 6668 12321 4355 4296 3698 878 1381 976 5712 3024 1761 2313 2589 41800 41564 41278 1129 286
is_linear=0
shrinkage=1


Tree=1
num_leaves=31
num_cat=0
split_feature=56 55 56 56 67 63 18 63 56 56 59 57 55 15 59 56 56 14 65 60 57 19 15 65 65 55 66 55 14 55
split_gain=9566.87 4381.45 10869.5 5451.45 5063.24 6352.39 4858.86 4655.41 4532.19 4408.35 5897.13 4193.01 4124.16 3453.76 17997.3 3163.08 2465.04 2231.29 2227.05 8357.33 1911.31 4029.66 3379.25 2323.26 4912.66 2012.37 1879.15 1796.98 1741.11 1718.32
threshold=0.0013997099996706566 0.0097125389833710302 0.062958234266293586 0.0074326147304572326 1.0000000180025095e-35 1.0000000180025095e-35 1.0000000180025095e-35 1.0000000180025095e-35 0.0072401483730347776 0.0414396605349414 1.0000000180025095e-35 1.5000000000000002 0.030522028566488325 1.0000000180025095e-35 1.0000000180025095e-35 0.025256962971620851 0.048022201973341977 1.0000000180025095e-35 1027.5000000000002 1.5000000000000002 10.500000000000002 1.0000000180025095e-35 1.0000000180025095e-35 751.50000000000011 764.50000000000011 0.0072480298081758826 1.0000000180025095e-35 0.0092217361296526232 1.0000000180025095e-35 0.023512261309360332
decision_type=2 2 2 2 2 2 2 2 2 2 2 2 2 2 2 2 2 2 2 2 2 2 2 2 2 2 2 2 2 2
left_child=-1 2 3 4 18 26 8 9 -3 13 -11 15 16 14 17 29 -10 -5 20 -20 22 25 23 -2 -25 -22 27 -6 -15 -8
right_child=1 6 -4 7 5 -7 11 -9 12 10 -12 -13 -14 28 -16 -17 -18 -19 19 -21 21 -23 -24 24 -26 -27 -28 -29 -30 -31
leaf_value=-0.022891132088247231 0.0097311021584323889 0.061846732599903323 0.92330294879881303 0.23520843068899758 0.26615653588024141 0.1317154905412028 0.017135598028796873 0.14909676688511994 0.27172269579511465 1.2625843078206109 0.25773483256245699 0.1134946936480986 0.17682108371578042 0.20525179576906002 2.0386633766596871 0.18643923368049684 0.5193708186898649 0.70777776328510333 -0.030295181982869346 1.3929887518604764 0.12997766152240209 0.63565936138924739 0.13088578489264985 1.6345650861891827 -0.025386715846221045 0.40713234436862517 0.4682768789566833 0.88865374670560004 0.3416497669585255 0.13509309063280012
leaf_weight=317.77102467650548 294.60617480380461 213.51341649144888 16.206909407861531 60.071205038577318 177.67107596201822 290.00612983293831 156.59933368302882 439.04835666902363 240.77267919667065 8.5408424474298954 13.211851522326469 6743.5027275085449 754.77107183076441 426.67546976031736 4.9642858169972888 1442.3866787534207 43.735289478674531 10.142677409574388 10.265136499889193 4.7807664549909523 171.00010417867452 17.452528935857117 1898.5846613603644 1.482977989129721 4.4515428673475981 26.824004155118018 72.86412213370204 3.4891209714114657 108.45708385901526 384.65453747846186
leaf_count=6957 24138 2696 57 707 3722 203 1283 88 1865 54 47 3403 1021 1498 149 923 223 129 597 89 574 52 33447 30 446 34 496 14 118 1295
internal_value=0.139818 0.143501 0.169828 0.166581 0.145576 0.228359 0.132773 0.224702 0.188095 0.276902 0.690424 0.124811 0.213948 0.261058 0.451706 0.163205 0.311478 0.312453 0.126952 0.480575 0.12455 0.20998 0.116096 0.0225401 0.565316 0.169417 0.337743 0.282958 0.233482 0.101059
internal_weight=14358.5 14040.7 4060.8 4044.59 2973.48 544.03 9979.94 1071.11 1252.79 632.063 21.7527 8727.14 1039.28 610.311 75.1782 1983.64 284.508 70.2139 2429.45 15.0459 2414.4 215.277 2199.13 300.541 5.93452 197.824 254.024 181.16 535.133 541.254
internal_count=86355 79398 66689 66632 63842 4435 12709 2790 5805 2702 101 6904 3109 2601 985 3501 2088 836 59407 686 58721 660 58061 24614 476 608 4232 3736 1616 2578
is_linear=0
shrinkage=0.03


Tree=2
num_leaves=31
num_cat=0
split_feature=56 57 52 56 18 56 55 56 72 55 47 65 65 0 8 31 65 11 56 67 0 35 56 55 65 65 65 0 56 56
split_gain=7905.58 2587.04 4449.77 7699.13 3216.82 3146.96 2903.91 2239.63 3277.08 3039.16 4122.96 4812.07 2693.45 3808.98 2458.17 2324.16 1837.11 1805.41 1800.02 1677.46 1639.92 2686.19 4061.49 1988.27 5169 1588.5 1928.04 1473.66 1459.31 1137.76
threshold=0.0011161097395399886 1.5000000000000002 1.0000000180025095e-35 0.0038418136046520644 1.0000000180025095e-35 0.0083061737185340812 0.0090829550563634089 0.0069318971412261092 1.0000000180025095e-35 0.0092217361296526232 1.0000000180025095e-35 276.50000000000006 290.50000000000006 9.7000000000000011 1.0000000180025095e-35 1.0000000180025095e-35 339.50000000000006 1.0000000180025095e-35 0.0069633442171564012 1.0000000180025095e-35 7.1500000000000012 1.0000000180025095e-35 0.001933288950800299 0.00027236291111624674 102.50000000000001 350.50000000000006 348.50000000000006 9.8500000000000032 0.032660197162707801 0.023561139330300889
decision_type=2 2 2 2 2 2 2 2 2 2 2 2 2 2 2 2 2 2 2 2 2 2 2 2 2 2 2 2 2 2
left_child=-1 2 7 -4 5 17 29 8 15 10 11 19 13 -13 -14 20 -17 -3 -16 -9 21 -2 -23 24 -22 26 27 -25 -11 -6
right_child=1 4 3 -5 6 -7 -8 9 -10 28 -12 12 14 -15 18 16 -18 -19 -20 -21 23 22 -24 25 -26 -27 -28 -29 -30 -31
leaf_value=-0.035728638957069098 0.0047900211876923341 0.020422505652150785 1.6175548240440767 -0.028300959856034417 0.12860992272419011 0.19809771077933752 0.10435588841423882 0.014179837679995306 0.94346567357838407 0.103083261991515 1.3771475044067951 0.31695792448695825 -0.030451352515663815 1.2914623603104807 0.7024743630110647 0.19518885893807675 0.60114403108083869 0.13802817434623632 0.29713154771915151 0.29170385326609133 1.7888884352776051 1.5240409341484844 -0.02500523762469882 0.12492866078560121 -0.023845337153728632 0.033882465867134788 0.68543780244892705 0.56975871996338434 0.16328667748169642 0.17185725055796913
leaf_weight=274.56947944685817 217.05942375073209 152.17130495700985 3.9978303937241417 5.1708052279427648 2376.3296583378688 876.22320161852986 7710.2321368902922 85.928222191520035 3.239184425212442 472.27845632471144 1.9369610156863917 10.85865890979767 19.271989114116877 5.2305362122133365 10.230707781389354 52.977286543697119 12.029096451587973 520.1103078708984 160.51328152650967 24.438279834575951 1.2723919991403807 1.6591575648635615 3.492522899992764 514.18476475588977 3.687013297341764 179.95918784104288 4.7701889090239993 5.8800214407965532 1665.0140695180744 727.7747436389327
leaf_count=5933 11601 8373 55 230 15179 1805 3485 5353 64 2375 67 262 1160 36 72 413 160 11385 1256 222 8 25 213 10631 390 3329 50 42 1376 986
internal_value=0.123754 0.126522 0.149498 0.777845 0.120071 0.160588 0.114255 0.147607 0.109541 0.16306 0.249729 0.238512 0.323835 0.690799 0.289309 0.105889 0.278278 0.111478 0.325368 0.0776991 0.093579 0.0223324 0.640529 0.115822 0.66337 0.111035 0.137375 0.131042 0.150038 0.138802
internal_weight=16102.5 15827.9 3465.08 9.16864 12362.8 1548.5 10814.3 3455.91 1000.21 2455.7 318.409 316.472 206.105 16.0892 190.016 996.971 65.0064 672.282 170.744 110.367 931.965 222.211 5.15168 709.754 4.95941 704.794 524.835 520.065 2137.29 3104.1
internal_count=86536 80603 39390 285 41213 21563 19650 39105 26926 12179 8428 8361 2786 298 2488 26862 573 19758 1328 5575 26289 11839 238 14450 398 14052 10723 10673 3751 16165
is_linear=0
shrinkage=0.03


Tree=3
num_leaves=31
num_cat=0
split_feature=56 56 57 20 17 65 57 55 71 0 57 55 65 13 65 19 50 57 65 56 55 55 55 71 56 55 55 65 0 56
split_gain=6419.64 2162.67 2976.63 2498.97 2010.34 4885.96 3361.68 1540.17 1617.91 1547.77 1471.18 1578.98 1385.68 1185.28 1895.98 1115.67 975.857 946.785 2224.55 920.155 2981.64 1404.78 902.448 769.937 732.721 1176.68 877.918 705.978 2951.69 3648.34
threshold=0.0011161097395399886 0.0070793993871210567 61.500000000000007 1.0000000180025095e-35 1.0000000180025095e-35 71.500000000000014 2.5000000000000004 0.0060062908598989394 1.0000000180025095e-35 6.3500000000000005 1.5000000000000002 0.0072480298081758826 1271.5000000000002 1.0000000180025095e-35 168.50000000000003 1.0000000180025095e-35 1.0000000180025095e-35 2.5000000000000004 312.50000000000006 0.056450161136221477 0.029395112010871392 0.022816273384930998 0.048763003506173415 1.0000000180025095e-35 0.0093449173492394354 0.028894404390139527 0.019787995055137977 265.50000000000006 7.2500000000000009 0.0045737869771021837
decision_type=2 2 2 2 2 2 2 2 2 2 2 2 2 2 2 2 2 2 2 2 2 2 2 2 2 2 2 2 2 2
left_child=-1 2 4 10 7 6 -6 9 16 23 -3 13 27 14 -12 -13 22 18 -16 -5 21 -21 -9 -2 -17 26 -26 -11 29 -29
right_child=1 3 -4 19 5 -7 -8 8 -10 12 11 15 -14 -15 17 24 -18 -19 -20 20 -22 -23 -24 -25 25 -27 -28 28 -30 -31
leaf_value=-0.035469982044062848 -0.03000997088555982 0.13490607821686429 0.85343541260068256 0.14253704550293705 -0.028648483415212041 -0.033139302278300392 0.90473592436408246 0.049300418096204092 0.11651931863551235 0.10405609194854143 0.55129170695083651 0.10159729713868969 0.37242156163067536 0.1286469911072837 0.17668037667529238 -0.030676474298910326 0.2325003502690825 0.13615529676498647 0.65323211428210348 0.55565204502482168 0.16237973581599835 0.24197144753943237 0.10257876446521055 0.11132995157495429 0.18255115801128069 0.13825988257237773 0.41597130218155154 0.60009147600998503 0.12972045501369781 -0.029679549435209923
leaf_weight=267.60814467957243 91.336408297065645 2503.5758423344232 3.6716197300702325 892.27065080450848 5.6396455280482751 201.66835635015741 7.7960376208648086 1224.6707519963384 836.96375871449709 986.16575976740569 13.126249836757777 7353.2727326415479 19.358047321904451 835.89250155398622 37.907304789870977 16.93471174268052 29.883805805817246 116.97406035475433 11.034828579984604 26.968790050595999 308.0411256365478 28.90014535933733 374.56298500113189 54.627266179770231 37.035859067924321 233.02451308630407 26.524223823100328 25.026155920699239 906.8871870720759 12.007561264559625
leaf_count=5958 9372 7825 14 5647 193 11734 30 15004 324 10831 131 4768 162 2169 175 1124 143 225 144 71 217 32 395 173 289 146 85 782 7322 799
internal_value=0.110221 0.112486 0.0952754 0.119091 0.0945141 0.00486612 0.538102 0.0987396 0.0825957 0.117691 0.11456 0.108678 0.124744 0.143956 0.214317 0.10399 0.0651066 0.184515 0.295055 0.15931 0.199934 0.400498 0.0618353 0.0232844 0.159605 0.170536 0.284894 0.122068 0.140756 0.400487
internal_weight=17489.4 17221.7 4780.27 12441.5 4776.59 215.104 13.4357 4561.49 2466.08 2095.41 11185.3 8681.73 1949.44 1014.93 179.042 7666.79 1629.12 165.916 48.9421 1256.18 363.91 55.8689 1599.23 145.964 313.519 296.585 63.5601 1930.09 943.921 37.0337
internal_count=86284 80326 57278 23048 57264 11957 223 45307 15866 29441 17081 9256 19896 2844 675 6412 15542 544 319 5967 320 103 15399 9545 1644 520 374 19734 8903 1581
is_linear=0
shrinkage=0.03


Tree=4
num_leaves=31
num_cat=0
split_feature=56 56 18 55 63 59 0 33 8 32 0 63 65 56 52 59 65 65 56 27 20 32 50 65 55 56 58 55 56 65
split_gain=5040.38 1684.95 1483.27 1910.26 2074.74 2176.13 1597.22 1455.95 1355.58 1361.68 1336.32 1620.58 1266.17 1226.76 1094.28 957.844 900.438 3306.19 2269.99 1437.38 898.759 897.545 874.941 1335.26 826.51 2597.71 905.668 1089.62 835.8 1954.16
threshold=0.0013997099996706566 0.0070793993871210567 1.0000000180025095e-35 0.0081438441149685719 1.0000000180025095e-35 1.5000000000000002 9.0500000000000025 1.0000000180025095e-35 1.0000000180025095e-35 1.0000000180025095e-35 6.9500000000000011 1.0000000180025095e-35 267.50000000000006 0.0083061737185340812 1.0000000180025095e-35 4.5000000000000009 201.50000000000003 199.50000000000003 0.006175010396599955 1.0000000180025095e-35 1.0000000180025095e-35 1.0000000180025095e-35 1.0000000180025095e-35 276.50000000000006 0.026136412670283479 0.062958234266293586 1.0000000180025095e-35 0.0073991022256974679 0.030758389275860835 697.50000000000011
decision_type=2 2 2 2 2 2 2 2 2 2 2 2 2 2 2 2 2 2 2 2 2 2 2 2 2 2 2 2 2 2
left_child=21 10 7 4 5 8 -7 13 -4 -10 11 14 -9 20 16 -13 17 19 -19 -2 -3 -1 -12 -24 25 26 27 -15 29 -29
right_child=1 2 3 -5 -6 6 -8 12 9 -11 22 15 -14 24 -16 -17 -18 18 -20 -21 -22 -23 23 -25 -26 -27 -28 28 -30 -31
leaf_value=-0.035241545821784244 0.028649337301255417 -0.031573120871123787 0.027192309146980842 0.099108372821525625 0.095440606305540313 0.70174339393345397 -0.024385768322445121 0.82455915454860362 0.15998617463280326 0.36465908195495889 0.092854868564288373 0.13367414308361378 0.23345785751478781 -0.031758984039015399 0.30433869297566513 0.48555287542092235 -0.018160539385938167 -0.020716653682902087 1.347806851342598 0.40887193206172184 0.099032641433848878 0.17393113459783172 -0.032305043106109051 0.40744471426845125 0.12534837217831846 0.47507676210769906 0.11236781107771193 -0.032005942700514711 0.26582276457651222 0.21907850723619726
leaf_weight=277.7902047233656 195.42244796268642 56.991408697329462 67.206770625896752 9210.2283781226724 717.92893151007593 10.238275920972226 3.512973307631909 3.8290177406743178 835.39971958566457 30.034058311022818 4442.3509853379801 71.758824872784317 14.503871753811836 18.079861435107887 11.286639163270591 6.9838057328015557 273.82731203129515 1.6675205267965787 1.9990718238987026 8.391498667187987 269.68669066112489 18.783808156847954 9.0928888162598032 17.728559870272875 1154.1883086375892 23.346079807728529 240.65814316645265 36.694309352897108 122.37200718745589 112.36010780837387
leaf_count=6829 8424 3859 2150 4426 341 196 183 72 4510 180 30814 743 85 569 168 7 15448 100 55 250 3394 29 170 105 1352 90 285 845 234 279
internal_value=0.101149 0.103173 0.108924 0.104481 0.134133 0.163354 0.527164 0.132403 0.157431 0.167502 0.0884054 0.0450871 0.39318 0.129861 0.0247217 0.17058 0.0175473 0.0645346 0.854351 0.0462239 0.0762207 -0.0214534 0.0939319 0.26256 0.140071 0.17049 0.156208 0.192139 0.207114 0.157465
internal_weight=18264.3 17967.8 12927.3 10874.5 1664.32 946.392 13.7512 2052.71 932.641 865.434 5040.51 571.337 18.3329 2034.38 492.594 78.7426 481.308 207.481 3.66659 203.814 326.678 296.574 4469.17 26.8214 1707.7 553.511 530.164 289.506 271.426 149.054
internal_count=86192 79334 23050 11986 7560 7219 379 11064 6840 4690 56284 25195 157 10907 24445 750 24277 8829 155 8674 7253 6858 31089 275 3654 2302 2212 1927 1358 1124
is_linear=0
shrinkage=0.03


Tree=5
num_leaves=31
num_cat=0
split_feature=56 56 67 11 18 55 0 55 55 56 65 6 65 65 13 50 47 56 56 56 0 55 63 3 35 65 55 0 65 0
split_gain=4437.38 1713.46 2336.24 1552.86 1173.18 1244.87 952.154 911.468 3786.16 892.55 1068.55 1264.87 4094.51 2829.63 974.549 1962.8 1558.14 1201.9 840.397 1630.89 1437.13 803.674 1231.62 798.676 771.888 791.676 690.869 1716.67 1436.03 1393.53
threshold=0.00078054427200581185 0.022911396799314965 1.0000000180025095e-35 1.0000000180025095e-35 1.0000000180025095e-35 0.0081438441149685719 7.5500000000000007 0.00095627457833280299 0.00091904144094209631 0.0039470903806293018 452.50000000000006 1.0000000180025095e-35 323.50000000000006 335.50000000000006 1.0000000180025095e-35 1.0000000180025095e-35 1.0000000180025095e-35 0.0045273608812876802 0.0036999751382169113 0.0037686893296689705 8.7500000000000018 0.011945845925157792 1.0000000180025095e-35 1.0000000180025095e-35 1.0000000180025095e-35 358.50000000000006 0.023512261309360332 6.2500000000000009 245.50000000000003 4.3500000000000005
decision_type=2 2 2 2 2 2 2 2 2 2 2 2 2 2 2 2 2 2 2 2 2 2 2 2 2 2 2 2 2 2
left_child=-1 2 3 6 26 -6 -2 8 -8 10 11 12 -5 -14 15 16 -11 -16 24 20 -20 22 -4 -21 -13 -26 27 28 29 -3
right_child=1 4 21 9 5 -7 7 -9 -10 14 -12 18 13 -15 17 -17 -18 -19 19 23 -22 -23 -24 -25 25 -27 -28 -29 -30 -31
leaf_value=-0.035376096213629707 0.0062134232572439605 -0.029020271239423731 0.16293268763555324 -0.033093688109518807 0.13204923141215197 0.094462389336511132 -0.028612806340795899 0.059922141460386845 1.1542936270826467 0.090477922773335023 0.032176533624892013 0.098109547268693462 1.0924166437023792 -0.025215608678901227 -0.035696006984212346 0.42736120326917587 0.3558441568880466 0.073232784762456649 -0.028077057373434858 0.10686718395774186 0.62101153316276236 0.089050563239411851 0.094478429300319092 0.39942151084500244 -0.02431770980625636 0.52890655081495663 0.11552340067479784 0.13275308189224316 0.12859621539417607 0.51088346994386646
leaf_weight=239.59413186088204 393.98418634617701 4.8944815136492243 558.78635547682643 12.008764407131823 884.10777486674488 8302.9786360664293 7.9073564051650447 701.82585205836222 2.4894533972255886 371.40367041993886 170.22962134378031 1133.8861760026775 6.3309472734108549 2.7628013230860233 93.012761149555445 16.923721082508564 20.213476582430303 3541.5742756272666 3.9482524562627068 84.823868460021913 11.596834033727644 593.57596653699875 420.21551957726479 8.5795326326042396 3.2770343599840981 6.3790962784551084 1272.4934057705104 285.60030743665993 24.537567733787 29.257675775326788
leaf_count=4478 16898 182 4727 406 737 2728 536 6196 51 998 1868 10556 26 117 2796 43 23 28701 157 686 98 807 213 6 212 27 1251 442 297 152
internal_value=0.0927947 0.0944154 0.0840102 0.0761489 0.102271 0.0980935 0.0436612 0.0643387 0.331057 0.0826895 0.103 0.112433 0.338561 0.784007 0.0754129 0.119409 0.105046 0.0704361 0.108357 0.188105 0.464419 0.1169 0.133677 0.137686 0.100601 0.356494 0.125936 0.163973 0.311128 0.434883
internal_weight=19209.2 18969.6 8165.74 6593.16 10803.9 9187.09 1106.21 712.223 10.3968 5486.95 1443.82 1273.59 21.1025 9.09375 4043.13 408.541 391.617 3634.59 1252.49 108.948 15.5451 1572.58 979.002 93.4034 1143.54 9.65613 1616.78 344.29 58.6897 34.1522
internal_count=86415 81937 76148 70401 5789 3465 23681 6783 587 46720 14159 12291 549 143 32561 1064 1021 31497 11742 947 255 5747 4940 692 10795 239 2324 1073 631 334
is_linear=0
shrinkage=0.03


Tree=6
num_leaves=31
num_cat=0
split_feature=56 56 67 71 31 47 58 32 57 65 50 18 57 0 60 65 56 15 57 57 65 65 65 30 65 0 60 21 0 57
split_gain=4296.07 1206.26 1441.62 1358.73 1356.01 1122.49 1267.97 1254.46 3003.1 2862 1152.16 1088.52 1040.19 1764.18 1050.06 998.451 845.684 837.028 820.25 755.308 712.221 1596.09 708.184 938.643 1276.12 731.04 723.133 674.848 772.949 815.707
threshold=0.0012507313961251478 0.022911396799314965 1.0000000180025095e-35 1.0000000180025095e-35 1.0000000180025095e-35 1.0000000180025095e-35 1.0000000180025095e-35 1.0000000180025095e-35 1.5000000000000002 160.50000000000003 1.0000000180025095e-35 1.0000000180025095e-35 3.5000000000000004 7.0500000000000007 1.0000000180025095e-35 404.50000000000006 0.0038418136046520644 1.0000000180025095e-35 2.5000000000000004 1.5000000000000002 312.50000000000006 341.50000000000006 793.50000000000011 1.0000000180025095e-35 237.50000000000003 7.4500000000000011 1.0000000180025095e-35 1.0000000180025095e-35 6.4500000000000011 1.5000000000000002
decision_type=2 2 2 2 2 2 2 2 2 2 2 2 2 2 2 2 2 2 2 2 2 2 2 2 2 2 2 2 2 2
left_child=-1 2 3 4 5 6 10 12 9 -9 27 -3 17 14 -14 -7 -10 -8 -12 -13 -6 -22 23 25 -25 -4 -24 -2 29 -29
right_child=1 11 22 -5 20 15 7 8 16 -11 18 19 13 -15 -16 -17 -18 -19 -20 -21 21 -23 26 24 -26 -27 -28 28 -30 -31
leaf_value=-0.034872500580258196 0.01093936303908004 0.11789563071355973 -0.03202290370341155 0.093346669679913466 0.10915160450835157 0.10757519522995206 -0.032037619465794885 0.86381045857679739 0.22075978289526985 0.19309436758191267 0.079366508333280017 0.10741133905684382 -0.028286167101029085 0.076468499850312552 0.30684659040401507 0.32261320602071814 0.084021686824634886 0.053594244683139967 0.31076113925485999 0.086611980743168823 0.35989694426374058 -0.032244479841709361 0.30658749214519532 0.41062931149004506 -0.033465485929637703 0.096286885283469972 0.13309569361678411 -0.028173999936581162 0.046376638826666351 0.27221603622871449
leaf_weight=257.10230439342558 535.22409920347854 1610.6598868705332 40.931094669736922 2251.4658665955067 194.88081828411669 138.24746095016599 119.73057484487072 8.2089197570458072 46.315844194963574 17.315451079979539 34.728241587989032 2025.0588069166988 9.9916099365800601 654.53180706966668 47.392848712392151 22.148349072784185 321.37423734832555 698.62817486096174 22.986192244105041 7397.5614642919973 30.42539587803185 13.072755187749861 23.227806203067303 17.546658893115822 8.2816036632284504 1165.5941510982811 285.52642628643662 11.382411527447401 1788.3662860738114 26.067751247435808
leaf_count=6328 19717 2360 1756 1218 859 494 8989 124 52 246 232 1145 811 1574 491 93 382 9463 83 2287 122 394 40 68 124 2878 788 1013 21436 890
internal_value=0.0868454 0.0884464 0.0799423 0.0741292 0.0649852 0.061267 0.0583612 0.0765487 0.124357 0.433238 0.0438721 0.095016 0.0641909 0.090706 0.249009 0.139084 0.101798 0.041042 0.175248 0.091093 0.134669 0.243968 0.106253 0.0959094 0.272295 0.0919111 0.147095 0.0405879 0.0492683 0.182559
internal_weight=19824 19566.9 8533.59 6992.49 4741.02 4502.64 4342.24 1923.49 393.214 25.5244 2418.75 11033.3 1530.28 711.916 57.3845 160.396 367.69 818.359 57.7144 9422.62 238.379 43.4982 1541.11 1232.35 25.8283 1206.53 308.754 2361.04 1825.82 37.4502
internal_count=86457 80129 74337 68683 67465 66090 65503 22132 804 370 43371 5792 21328 2876 1302 587 434 18452 315 3432 1375 516 5654 4826 192 4634 828 43056 23339 1903
is_linear=0
shrinkage=0.03


Tree=7
num_leaves=31
num_cat=0
split_feature=56 56 11 55 26 65 71 55 56 62 55 18 24 55 65 58 56 13 65 65 56 0 0 56 67 55 65 56 65 65
split_gain=3465.59 1284.65 1493.85 871.958 1328.52 1066.07 862.613 1286.81 768.562 1078.92 705.881 744.891 726.714 688.968 686.031 740.145 672.029 601.646 3221.97 1315.05 581.071 557.423 547.594 540.852 1399.28 584.457 3402.95 4684.72 734.805 1581.96
threshold=0.00078054427200581185 0.0070793993871210567 1.0000000180025095e-35 0.0097125389833710302 1.0000000180025095e-35 764.50000000000011 1.0000000180025095e-35 0.048763003506173415 0.0045541502434662514 1.0000000180025095e-35 0.0085685421769181088 1.0000000180025095e-35 1.0000000180025095e-35 0.00048773207149649275 55.500000000000007 1.0000000180025095e-35 0.0012507313961251478 1.0000000180025095e-35 196.50000000000003 194.50000000000003 0.0055721364692771459 5.2500000000000009 6.0500000000000007 0.0064957980922481463 1.0000000180025095e-35 0.007222384741534674 198.50000000000003 0.002195863684994514 339.50000000000006 361.50000000000006
decision_type=2 2 2 2 2 2 2 2 2 2 2 2 2 2 2 2 2 2 2 2 2 2 2 2 2 2 2 2 2 2
left_child=-1 2 22 4 5 13 7 14 -7 20 12 -12 17 -4 -5 16 -16 18 19 -3 -10 -15 -2 25 -25 -23 27 -27 -28 -30
right_child=1 10 3 6 -6 8 -8 -9 9 -11 11 -13 -14 21 15 -17 -18 -19 -20 -21 -22 23 -24 24 -26 26 28 -29 29 -31
leaf_value=-0.03500843025975868 -0.03210790617822662 0.26477775651853858 -0.031558807505863554 0.130628025520518 -0.00675551972079065 0.1024872704289148 0.088713636858718803 0.084329368659691178 0.38392931437570255 -0.033837910396966396 0.10067562620503058 0.08073336087228368 -0.03069417459892787 -0.029969826128933473 0.14961678437298412 0.050568364185452554 -0.019541273669194517 0.097388542371196402 0.10071342600889442 0.6358681826417556 0.19207573144639767 0.091379302690451122 0.041859723658576709 0.0021762913305046947 0.11691765050275811 -0.026679554595724252 0.030899210141406754 1.1417656867940824 0.29722794250136292 -0.034335750071442399
leaf_weight=228.41936448030174 102.40636587236077 40.294234645552933 43.583212384022772 48.003508232533932 131.73984321858734 86.085672752466053 642.98352556116879 483.00919602625072 28.595840075053275 11.187033978290854 2033.4601282067597 10469.023062944412 36.615449625067413 35.112601040396839 21.300232983194292 301.03737781848758 405.74062964878976 2221.7257501627319 287.3559090285562 11.341834818944333 35.481654283124954 2178.876535451971 709.62170164613053 202.75805469509214 180.15079749748111 5.4328014003112894 58.710890248417854 6.0222076484933496 36.368287811055779 19.528784428723156
leaf_count=4487 7252 196 2595 118 3155 611 108 410 86 340 3375 4247 2857 2941 24 614 3088 11770 672 13 290 18164 11552 4477 491 387 1285 165 203 370
internal_value=0.081081 0.082353 0.0702793 0.0764538 0.0863901 0.0905821 0.0604334 0.0459326 0.165585 0.235464 0.0869646 0.0839847 0.101271 0.0861495 0.0219578 0.0146237 -0.0107741 0.103169 0.140659 0.356819 0.282278 0.0880444 0.0325035 0.0895967 0.0563237 0.0950974 0.158135 0.629955 0.105936 0.182822
internal_weight=21102 20873.6 5773.74 4961.71 3059.63 2927.89 1902.07 1259.09 161.35 75.2645 15099.8 12502.5 2597.33 2766.54 776.082 728.078 427.041 2560.72 338.992 51.6361 64.0775 2722.96 812.028 2687.85 382.909 2304.94 126.063 11.455 114.608 55.8971
internal_count=86343 81856 58726 39922 35560 32405 4362 4254 1327 716 23130 7622 15508 31078 3844 3726 3112 12651 881 209 376 28483 18804 25542 4968 20574 2410 552 1858 573
is_linear=0
shrinkage=0.03


Tree=8
num_leaves=31
num_cat=0
split_feature=29 67 26 71 65 54 65 65 57 0 57 24 0 60 57 27 19 57 62 0 60 65 58 60 57 57 65 66 50 57
split_gain=764.208 455.176 649.761 534.093 1049.16 503.338 1197.94 499.099 458.736 478.9 445.847 460.343 473.686 1147.83 717.009 582.438 394.154 564.947 393.103 381.589 364.6 364.523 363.141 349.168 340.275 314.013 649.788 297.002 293.32 653.902
threshold=1.0000000180025095e-35 1.0000000180025095e-35 1.0000000180025095e-35 1.0000000180025095e-35 472.50000000000006 1.0000000180025095e-35 468.50000000000006 1027.5000000000002 3.5000000000000004 7.0500000000000007 61.500000000000007 1.0000000180025095e-35 6.5500000000000007 1.0000000180025095e-35 3.5000000000000004 1.0000000180025095e-35 1.0000000180025095e-35 3.5000000000000004 1.0000000180025095e-35 7.1500000000000012 2.5000000000000004 74.500000000000014 3.5000000000000004 1.0000000180025095e-35 6.5000000000000009 2.5000000000000004 288.50000000000006 1.0000000180025095e-35 1.0000000180025095e-35 2.5000000000000004
decision_type=2 2 2 2 2 2 2 2 2 2 2 2 2 2 2 2 2 2 2 2 2 2 2 2 2 2 2 2 2 2
left_child=1 2 3 4 5 10 18 19 -9 -10 11 12 13 -1 -15 28 -3 -18 -7 22 -16 -17 -6 24 -4 26 -13 -2 -14 -30
right_child=27 16 23 -5 7 6 -8 8 9 -11 -12 25 15 14 20 21 17 -19 -20 -21 -22 -23 -24 -25 -26 -27 -28 -29 29 -31
leaf_value=-0.032026869296598801 -0.036046356342005169 0.083382573760196546 -0.035950973965045381 0.083747518088536019 -0.035217897408711764 0.067230819075362769 0.4032817681737651 0.061707172123743659 0.22982216066275538 -0.033764106712579886 0.24415304467365123 -0.033446486960032745 0.077783858072725295 0.097843255743442548 0.23003126256994355 0.085370004855512396 0.10585786616937475 0.24723181050952003 0.027387592465310157 0.041596842332801372 0.12742429725602777 -0.03822501754319297 0.076750614541928941 0.056745646797211446 0.075167468543599861 0.076165461504804993 0.071482513016579999 0.068618297457820762 0.066524033273946501 0.20787353653991222
leaf_weight=52.366004982963204 75.72670515300706 3018.0116615751758 93.302204359322786 4787.853431660682 120.14959559543058 3711.0328272478655 8.4721265612170082 155.78658472746611 30.185668703168631 7.4502796828746787 13.886170946061609 100.50103689357638 6406.1227149539627 564.66277241334319 61.309168308973312 31.402146876323968 250.16971213836223 28.213645053096116 239.09703514073044 635.92813220480457 74.138370024040341 62.700318750459701 32.232852620072663 202.24334740452468 32.661166185513139 173.26380449160933 110.61008314043283 34.780738117173314 73.546560537070036 49.849087500013411
leaf_count=3349 2505 4566 3330 1334 4395 17726 78 735 121 150 5 6605 19714 4769 464 51 1144 93 4422 4629 168 1285 6 668 6 1623 1841 60 214 85
internal_value=0.0758768 0.0762884 0.0743779 0.0751628 0.0719237 0.0744186 0.0656527 0.0420612 0.0851583 0.17812 0.0788731 0.0785459 0.080218 0.102916 0.11304 0.0776243 0.0865968 0.121019 0.0648267 0.0313922 0.175214 0.00348283 -0.0111877 0.0324208 -0.00677385 0.0463346 0.0216081 -0.00278461 0.0786921 0.124838
internal_weight=21237.7 21127.1 17830.8 17502.5 12714.7 11733 3958.6 981.733 193.423 37.6359 7774.36 7760.47 7376.1 752.476 700.11 6623.62 3296.4 278.383 3950.13 788.311 135.448 94.1025 152.382 328.207 125.963 384.375 211.111 110.507 6529.52 123.396
internal_count=86141 83576 77773 73769 72435 62399 22226 10036 1006 271 40173 40168 30099 8750 5401 21349 5803 1237 22148 9030 632 1336 4401 4004 3336 10069 8446 2565 20013 299
is_linear=0
shrinkage=0.03


Tree=9
num_leaves=31
num_cat=0
split_feature=56 56 0 57 58 47 25 67 56 60 17 8 13 9 0 12 72 12 65 0 56 65 31 60 30 56 65 65 56 65
split_gain=2900.26 2035.24 1716.73 1279 872.106 967.241 860.652 616.89 1054.39 627.489 609.966 590.844 607.29 588.137 526.604 747.864 726.989 513.507 501.918 497.137 565.672 481.216 474.3 470.922 1092.01 532.195 457.372 456.011 444.409 434.547
threshold=0.00078054427200581185 0.022911396799314965 6.9500000000000011 8.5000000000000018 1.0000000180025095e-35 1.0000000180025095e-35 1.0000000180025095e-35 1.0000000180025095e-35 0.0039470903806293018 1.0000000180025095e-35 1.0000000180025095e-35 1.0000000180025095e-35 1.0000000180025095e-35 1.0000000180025095e-35 5.5500000000000007 1.0000000180025095e-35 1.0000000180025095e-35 1.0000000180025095e-35 194.50000000000003 7.3500000000000005 0.0016781794423214667 51.500000000000007 1.0000000180025095e-35 1.0000000180025095e-35 1.0000000180025095e-35 0.0046958012892176866 764.50000000000011 891.50000000000011 0.0072401483730347776 507.50000000000006
decision_type=2 2 2 2 2 2 2 2 2 2 2 2 2 2 2 2 2 2 2 2 2 2 2 2 2 2 2 2 2 2
left_child=-1 2 3 6 5 7 14 8 9 -4 26 -10 -13 -8 15 16 28 22 -7 20 -6 -16 -11 24 -14 -26 29 -28 -2 -9
right_child=1 -3 4 -5 19 18 13 10 11 17 -12 12 23 -15 21 -17 -18 -19 -20 -21 -22 -23 -24 -25 25 -27 27 -29 -30 -31
leaf_value=-0.035165347805751077 0.0069977543954793352 0.080268606822491498 -0.03570779286238901 0.11149540270576969 0.2384117342274481 0.084632143678586291 0.074866846120096156 0.079930922901203738 0.0059441457880651423 0.07901910986868417 -0.033870501796241126 0.095596031817050675 -0.035383614548256281 0.32302698780102113 0.087341322555970546 -0.033080110117929412 0.25709407954118907 0.034630113012077933 0.21407790757084036 0.07239519908371729 0.098675426097070945 -0.034238968396483958 0.15431160026017163 0.043395100838481339 0.34034023623471704 -0.028876025683038768 0.18385299153138243 0.057696956401769715 0.07226679096917428 -0.038375357218502486
leaf_weight=228.6501203076914 195.67951103998348 12140.128801126964 46.738414011429995 135.19399090809748 29.204652200452983 64.360229522921145 36.519798067864031 498.29067424871027 515.7551781386137 687.34560438618064 40.504206395708025 175.56563699245453 152.01361622102559 10.65290627768263 31.386054653208703 145.50596063071862 13.24058762937784 212.47848255140707 48.430581857915968 4479.7214135606773 232.78468508645892 310.32228550035506 85.253390538971871 1050.5245620943606 10.091730245389043 4.9274711254984132 74.069892703555524 41.170898329466581 179.91087683383375 29.029837166890502
leaf_count=4442 7919 5778 1428 622 22 120 912 1327 5516 4425 662 273 5252 176 89 9077 44 1753 187 13301 1262 13217 187 5843 8 178 145 183 1616 284
internal_value=0.0709919 0.0721133 0.0617243 0.0256674 0.066222 0.0553467 0.0129919 0.0526234 0.0466268 0.0710587 0.0783339 0.0333902 0.0435396 0.136451 0.00619602 0.0247786 0.0464595 0.0761554 0.141607 0.0747785 0.1151 -0.0228495 0.0875161 0.0359611 -0.0107739 0.224968 0.0854484 0.139667 0.038371 0.0733577
internal_weight=21905.5 21676.8 9536.67 1058.41 8478.26 3736.55 923.218 3623.76 2940.69 1031.82 683.066 1908.88 1393.12 47.1727 876.045 534.337 388.831 985.077 112.791 4741.71 261.989 341.708 772.599 1217.56 167.033 15.0192 642.561 115.241 375.59 527.321
internal_count=86248 81806 76028 33672 42356 27771 33050 27464 24863 7793 2601 17070 11554 1088 31962 18656 9579 6365 307 14585 1284 13306 4612 11281 5438 186 1939 328 9535 1611
is_linear=0
shrinkage=0.03


Tree=10
num_leaves=31
num_cat=0
split_feature=56 56 11 65 56 55 55 55 36 17 65 56 56 3 0 59 31 58 56 0 31 32 64 58 18 17 65 0 52 56
split_gain=2678.53 1419.44 1124.94 735.513 815.76 715.88 1046.9 566.274 534.509 501.785 754.587 963.408 724.597 513.956 482.579 450.085 432.731 419.448 503.837 906.111 502.325 384.68 399.472 379.237 378.634 379.867 362.585 619.275 361.159 788.54
threshold=0.00078054427200581185 0.018723845800721603 1.0000000180025095e-35 229.50000000000003 0.0033897661317019196 0.00095627457833280299 0.00091904144094209631 0.0081438441149685719 1.0000000180025095e-35 1.0000000180025095e-35 71.500000000000014 0.006175010396599955 0.0062335325816534918 1.0000000180025095e-35 5.4500000000000011 1.5000000000000002 1.0000000180025095e-35 1.0000000180025095e-35 0.011338004811851243 8.0500000000000025 1.0000000180025095e-35 1.0000000180025095e-35 1.0000000180025095e-35 1.5000000000000002 1.0000000180025095e-35 1.0000000180025095e-35 875.50000000000011 7.3500000000000005 1.0000000180025095e-35 0.0038973443058121777
decision_type=2 2 2 2 2 2 2 2 2 2 2 2 2 2 2 2 2 2 2 2 2 2 2 2 2 2 2 2 2 2
left_child=-1 2 3 16 -5 6 -6 -3 9 13 -11 -12 -13 21 -7 17 23 18 -16 -20 -19 22 26 -2 25 -9 28 -28 -4 -30
right_child=1 7 8 4 5 14 -8 24 -10 10 11 12 -14 -15 15 -17 -18 20 19 -21 -22 -23 -24 -25 -26 -27 27 -29 29 -31
leaf_value=-0.034981234848296676 -0.023823621220521198 0.094082665607621949 0.063330118559601301 -0.034132077342857094 -0.027499753713681484 -0.032719910412345073 0.50611903937965574 0.07887648279094138 -0.0032939617790486765 0.15925786299861877 -0.034237640175417527 0.26963951751154336 0.046184074488649994 -0.00088370196835026291 0.018428416935337113 0.13427518654408252 0.072497496236907252 0.061225081371054313 0.23022167431190324 0.024500575129515419 0.15705689932429362 0.084220292051097115 -0.04088667364960575 0.047106276117614115 0.070893627317276053 0.11292134833196972 0.13833696075597254 0.054960722440981387 0.2345201498387498 -0.035915252739152796
leaf_weight=224.56740727974102 305.45772148389369 1327.5908729825169 5615.5856970674358 91.835983097553253 5.6353660267777723 51.009957536589354 6.6907414840534329 1526.0119689460844 103.40011236816645 41.172683750279248 157.58074562624097 12.6644279807806 329.1351668429561 97.82281177630648 331.46703853877261 70.010148404166102 69.681622080504894 233.0253326240927 29.810627870261669 52.18027382530272 62.51474604010582 1163.1772693805397 31.124990976415575 86.151153018698096 9785.4715336132795 374.34816623665392 161.53442753385752 162.54760756436735 29.685304647311568 13.841421721503137
leaf_count=4470 10801 1290 33181 3552 375 3150 8 1448 1186 181 6880 99 4560 1203 3838 358 208 1608 111 84 30 1628 360 731 2955 654 336 512 95 302
internal_value=0.0679808 0.0690179 0.0600582 0.0351814 0.0504728 0.0597263 0.278398 0.075426 0.0644367 0.0653331 0.037334 0.0269835 0.055226 0.067408 0.0561478 0.0620014 0.004172 0.0546857 0.0350411 0.10117 0.0819574 0.0683387 0.0652537 -0.00813931 0.0732986 0.0856388 0.0658126 0.0968162 0.0640203 0.149647
internal_weight=22552.7 22328.2 9314.74 1395.47 934.18 842.344 12.3261 13013.4 7919.27 7815.87 540.553 499.38 341.8 7275.32 830.018 779.008 461.29 708.998 413.458 81.9909 295.54 7177.5 6014.32 391.609 11685.8 1900.36 5983.19 324.082 5659.11 43.5267
internal_count=86194 81724 75377 24854 13114 9562 383 6347 50523 49337 11720 11539 4659 37617 9179 6029 11740 5671 4033 195 1638 36414 34786 11532 5057 2102 34426 848 33578 397
is_linear=0
shrinkage=0.03


Tree=11
num_leaves=31
num_cat=0
split_feature=56 56 58 55 55 65 65 65 54 55 55 0 65 30 4 65 32 55 13 55 65 20 57 0 54 56 65 46 55 20
split_gain=2432.81 1582.49 720.396 715.267 1415.43 1372.64 1003.62 1844.15 2268.66 978.212 687.481 980.482 593.356 591.418 684.121 706.217 1042.76 778.156 565.801 821.313 816.833 587.574 679.532 549.803 544.706 519.152 520.691 507.369 504.016 1779.13
threshold=0.00078054427200581185 0.023561139330300889 1.0000000180025095e-35 0.0097125389833710302 0.007222384741534674 284.50000000000006 198.50000000000003 150.50000000000003 1.0000000180025095e-35 0.06386747763884322 0.015259018883957556 6.2500000000000009 126.50000000000001 1.0000000180025095e-35 1.0000000180025095e-35 344.50000000000006 1.0000000180025095e-35 0.0046575976997566331 1.0000000180025095e-35 0.02035367420542971 875.50000000000011 1.0000000180025095e-35 2.5000000000000004 8.9500000000000011 1.0000000180025095e-35 0.0012507313961251478 912.50000000000011 1.0000000180025095e-35 0.0066168109075340131 1.0000000180025095e-35
decision_type=2 2 2 2 2 2 2 2 2 2 2 2 2 2 2 2 2 2 2 2 2 2 2 2 2 2 2 2 2 2
left_child=-1 2 3 4 5 27 7 -6 23 18 11 12 -3 14 28 17 -17 -16 20 25 -5 -21 24 -9 -23 -20 -27 -2 -7 -30
right_child=1 10 -4 9 6 13 -8 8 -10 -11 -12 -13 -14 -15 15 16 -18 -19 19 21 -22 22 -24 -25 -26 26 -28 -29 29 -31
leaf_value=-0.034834074613696059 0.0073371969267474512 0.4044807795994555 0.06398619654789782 0.038722306663461568 0.042276900080295755 0.031851751125397405 0.079060826586258001 -0.029685527152788757 0.53398608953188098 0.080164534043710406 0.069327057096310249 0.082965384221396252 0.15036690916815762 0.18368154650839957 0.16015175811428387 0.00013701550915992282 0.28414391337180933 0.058475320263318621 0.111388079889987 0.020647134218182865 0.16116690154792709 0.075509134001082362 0.1576880010711954 0.21338481361206141 -0.037270448754007472 -0.041012708966748052 0.037391587792867553 0.15384979883969346 -0.03275147151278951 0.32581003216356408
leaf_weight=218.84418266545981 669.73440442001447 8.4723899904638511 5421.1115886038169 244.60479781404138 51.986518610268831 511.01473328238353 552.4072018195875 10.899940005503593 20.785797188989818 364.08166300877929 10341.330762116238 2134.4697097428143 109.36319185234606 36.901259355247021 164.31109044561163 107.66590734571218 12.044939377345143 117.69142180727795 26.5477852858603 803.37044992856681 60.684403648599982 137.81896371114999 63.027942944318056 32.208288829773664 52.652044801972806 330.06718353834003 98.182742889039218 20.976281738840044 26.83408922329545 21.978791721630841
leaf_count=4443 19907 6 25159 1099 1367 10104 4872 537 212 281 3671 1583 453 402 795 3011 29 686 16 2216 64 293 146 113 445 2762 265 181 820 356
internal_value=0.0645776 0.0655437 0.0565919 0.0477474 0.0592102 0.0445431 0.0961606 0.176302 0.283018 0.035336 0.0726182 0.0876918 0.171888 0.0670197 0.0623564 0.0922167 0.0308301 0.118075 0.0263141 0.0187655 0.0635082 0.033262 0.0730019 0.152645 0.0443016 -0.0149208 -0.0229921 0.0120026 0.0408034 0.131996
internal_weight=22772.1 22553.2 9959.59 4538.48 2357.44 1689.15 668.288 115.881 63.894 2181.04 12593.6 2252.31 117.836 998.442 961.541 401.713 119.711 282.003 1816.96 1511.67 305.289 1056.87 253.499 43.1082 190.471 454.798 428.25 690.711 559.828 48.8129
internal_count=86294 81851 76138 50979 43392 36291 7101 2229 862 7587 5713 2042 459 16203 15801 4521 3040 1481 7306 6143 1163 3100 884 650 738 3043 3027 20088 11280 1176
is_linear=0
shrinkage=0.03


Tree=12
num_leaves=31
num_cat=0
split_feature=56 56 71 67 24 54 0 55 60 58 32 0 55 56 7 55 47 55 55 0 62 55 20 55 63 0 56 60 21 55
split_gain=2129.54 1527.39 1283.67 1245.79 867.38 457.125 686.268 511.924 640.034 613.286 725.265 529.814 523.063 472.256 449.791 442.566 437.39 421.937 471.568 1149.45 703.836 622.852 596.596 799.162 411.266 394.242 365.911 364.288 351.724 334.129
threshold=0.00078054427200581185 0.018723845800721603 1.0000000180025095e-35 1.0000000180025095e-35 1.0000000180025095e-35 1.0000000180025095e-35 6.9500000000000011 0.0046575976997566331 1.0000000180025095e-35 1.5000000000000002 1.0000000180025095e-35 7.2500000000000009 0.000661284296626267 0.012841886520352541 1.0000000180025095e-35 0.00070332916830404132 1.0000000180025095e-35 0.0052393313713162363 0.0090829550563634089 7.8500000000000005 1.0000000180025095e-35 0.021765767382888639 1.0000000180025095e-35 0.0068272023513347773 1.0000000180025095e-35 9.7000000000000011 0.003521635503638119 3.5000000000000004 1.0000000180025095e-35 0.005360410972892026
decision_type=2 2 2 2 2 2 2 2 2 2 2 2 2 2 2 2 2 2 2 2 2 2 2 2 2 2 2 2 2 2
left_child=-1 2 3 4 5 7 -7 12 9 10 -9 -12 -2 14 15 -14 27 25 19 20 22 -20 -19 -24 -21 -8 -16 29 -25 -10
right_child=1 -3 -4 -5 -6 6 17 8 16 -11 11 -13 13 -15 26 -17 -18 18 21 24 -22 -23 23 28 -26 -27 -28 -29 -30 -31
leaf_value=-0.034640090950343372 -0.032198923871330311 0.068502297400199683 0.06901848100120847 0.068964201713455783 -0.032967493818730417 -0.018513044453488378 -0.034745956554583596 -0.036482948595553795 -0.035074443491658176 0.046646896569439975 0.22205148544705472 0.026075792074013105 0.21568340649320719 0.23362630935856019 0.2024042782607611 0.058662492253768857 0.10531124339617098 0.10974075995644943 -0.041160496361893922 -0.033854033201537029 -0.031831400584426177 0.041800063409224444 -0.033147420546680136 0.39287871264801194 0.055388197397075928 0.045730563934262482 -0.030148489628450553 -0.046577129350928469 0.18688880067445768 0.047793999434143017
leaf_weight=206.51523672603071 48.243743955157697 13591.447478938848 3077.7791981734335 1576.214552889578 147.85212811641395 254.0103577952832 130.30307301832363 273.3459635800682 44.234498085454106 258.93695592181757 15.182638408616183 54.813650210388005 15.594346379861234 14.478022819384931 33.834604065865278 943.63793895021081 109.82902196794748 111.85910452157259 97.75364557467401 76.234805188141763 21.976373755373061 467.37080349214375 7.6566690532490602 18.358933210372925 116.01335643231869 93.012380025349557 7.0902867345139375 38.555156790651381 17.724477021954954 1748.9005029615946
leaf_count=4408 2417 6357 1357 5430 10250 10059 4905 9240 777 774 53 421 163 28 210 13556 102 976 678 1948 952 941 270 155 76 977 283 254 132 8094
internal_value=0.0611362 0.0619825 0.0529534 0.0456116 0.0384755 0.0405863 0.0260867 0.0462551 0.0389196 0.0118769 -0.0144048 0.0711131 0.0637584 0.0683481 0.0657246 0.0614372 0.047298 0.0358751 0.0447158 0.071027 0.12584 0.0274024 0.148171 0.2418 0.0200077 -0.00117251 0.162356 0.043764 0.299463 0.0457313
internal_weight=23618.8 23412.2 9820.8 6743.02 5166.8 5018.95 1412.27 3606.68 2543.8 602.279 343.342 69.9963 1062.88 1014.64 1000.16 959.232 1941.52 1158.26 934.948 369.824 177.576 565.124 155.599 43.7401 192.248 223.315 40.9249 1831.69 36.0834 1793.14
internal_count=86243 81835 75478 74121 68691 58441 22069 36372 19715 10488 9714 474 16657 14240 14212 13719 9227 12010 6128 4509 2485 1619 1533 557 2024 5882 493 9125 287 8871
is_linear=0
shrinkage=0.03


Tree=13
num_leaves=31
num_cat=0
split_feature=56 56 17 71 67 58 47 65 60 0 65 56 56 65 65 0 8 0 56 56 0 0 65 60 32 65 0 57 56 56
split_gain=1996.46 964.247 1186.86 822.773 1036.43 928.31 912.747 839.177 735.753 664.596 686.767 579.471 684.133 477.271 866.021 474.519 462.783 556.72 486.445 460.686 418.523 408.745 407.344 389.498 681.888 486.909 467.561 427.267 811.861 397.553
threshold=0.00078054427200581185 0.023561139330300889 1.0000000180025095e-35 1.0000000180025095e-35 1.0000000180025095e-35 1.0000000180025095e-35 1.0000000180025095e-35 425.50000000000006 1.0000000180025095e-35 5.5500000000000007 55.500000000000007 0.0039470903806293018 0.005055418790465083 298.50000000000006 300.50000000000006 6.0500000000000007 1.0000000180025095e-35 7.8500000000000005 0.0028543105875636922 0.0072401483730347776 5.4500000000000011 5.2500000000000009 192.50000000000003 1.5000000000000002 1.0000000180025095e-35 146.50000000000003 7.0500000000000007 1.5000000000000002 0.0068179619555235353 0.0040436066657152303
decision_type=2 2 2 2 2 2 2 2 2 2 2 2 2 2 2 2 2 2 2 2 2 2 2 2 2 2 2 2 2 2
left_child=-1 2 3 4 5 6 7 8 13 21 -11 16 -13 -2 -15 -7 17 20 -18 -8 -10 -4 -20 24 25 -17 -25 28 -26 -29
right_child=1 -3 9 -5 -6 15 19 -9 11 10 -12 12 -14 14 -16 23 18 -19 22 -21 -22 -23 -24 26 27 -27 -28 29 -30 -31
leaf_value=-0.034501465477462891 -0.035427907528896532 0.06535647435677841 -0.032220435499351392 0.068702670396199303 0.07100126876619961 -0.031318649512961039 0.046346318331922071 -0.0099169424989597466 -0.031237692780008701 0.14547283545388712 -0.024973369540287331 -0.037720064898872252 0.03683167296062894 0.26563418181664172 0.0089903181163565431 0.0044949371096765257 -0.0080271419353004358 -0.039351053311173494 -0.039487312174995105 0.17594558305772603 0.099476137549454932 0.064464500458795704 0.083616220830258894 0.15789170527657045 -0.02995087732136625 0.050220056792369988 0.07091121826391221 0.14433669718391104 0.26940429083551115 0.062782397228845502
leaf_weight=203.66674009198323 196.53823124058545 12562.651640539989 46.856105336919427 3029.1286933403462 1634.6047635376453 53.067047434393317 44.54020596947521 422.48203754657879 22.930778497830033 21.735895279794931 331.85794944316149 120.84174842992797 1239.5690928888507 12.846027437597511 81.949547339696437 252.9702837606892 134.9314455864951 30.654122736304998 27.660674124956131 57.139546222984791 387.05904319230467 228.47310006106272 166.69744262099266 62.537630693055689 11.371247656643389 1227.2708543017507 507.50323764141649 63.382217979058623 26.244301287457347 360.33683874085546
leaf_count=4395 8164 5642 2661 1207 4039 4056 198 6972 1285 70 9260 2455 8977 45 1785 4303 2565 485 373 88 2948 3494 1014 115 274 8582 352 48 106 348
internal_value=0.0588808 0.0596962 0.0531086 0.0555808 0.0500091 0.0437703 0.032262 0.0290778 0.035882 0.0130902 -0.0141151 0.0419947 0.0301866 -0.00880721 0.0461788 0.0569713 0.0627924 0.0828936 0.0357243 0.12018 0.0921071 0.0479534 0.0659839 0.0588484 0.0523907 0.042414 0.0807134 0.084241 0.180477 0.0752929
internal_weight=23569.5 23365.8 10803.2 10174.3 7145.13 5510.52 2945.84 2844.16 2421.68 628.923 353.594 2130.34 1360.41 291.334 94.7956 2564.68 769.934 440.644 329.29 101.68 409.99 275.329 194.358 2511.62 1941.58 1480.24 570.041 461.335 37.6155 423.719
internal_count=86306 81911 76269 60784 59577 55538 37354 37068 30096 15485 9330 20102 11432 9994 1830 18184 8670 4718 3952 286 4233 6155 1387 14128 13661 12885 467 776 380 396
is_linear=0
shrinkage=0.03


Tree=14
num_leaves=31
num_cat=0
split_feature=56 56 71 67 32 55 55 60 55 54 2 58 60 57 56 0 55 55 54 55 57 65 72 50 65 0 55 63 55 55
split_gain=1848.64 1210.74 1036.43 912.196 559.442 578.066 737.363 475.395 695.395 629.418 529.685 484.615 427.802 418.47 409.528 442.378 436.319 488.038 392.657 687.796 622.024 864.874 484.982 513.255 385.515 376.537 372.271 614.562 601.966 463.566
threshold=0.00078054427200581185 0.022911396799314965 1.0000000180025095e-35 1.0000000180025095e-35 1.0000000180025095e-35 0.002133105675743575 0.0019362693587256473 1.0000000180025095e-35 0.0010735629434673237 1.0000000180025095e-35 1.0000000180025095e-35 1.5000000000000002 3.5000000000000004 1.5000000000000002 0.0068179619555235353 7.5500000000000007 0.007222384741534674 0.0081438441149685719 1.0000000180025095e-35 0.0068272023513347773 1.5000000000000002 196.50000000000003 1.0000000180025095e-35 1.0000000180025095e-35 434.50000000000006 7.4500000000000011 0.0028543105875636922 1.0000000180025095e-35 0.0092217361296526232 0.02035367420542971
decision_type=2 2 2 2 2 2 2 2 2 2 2 2 2 2 2 2 2 2 2 2 2 2 2 2 2 2 2 2 2 2
left_child=-1 2 3 4 7 6 -6 8 10 12 13 18 26 -2 15 -11 -17 -18 22 -20 21 -21 23 -10 -7 -23 27 -9 -28 -30
right_child=1 -3 -4 -5 5 24 -8 9 11 14 -12 -13 -14 -15 -16 16 17 -19 19 20 -22 25 -24 -25 -26 -27 28 -29 29 -31
leaf_value=-0.034346208402875451 0.21861127570712321 0.062866605722043778 0.064829928757921582 0.063301319859282945 0.10182051275496425 0.058496282468825316 0.37524612066666563 -0.031176793314743659 -0.034871291918765271 -0.03519666402310806 0.047486498158656042 0.039111290030037257 -0.045844792273770987 -0.030232716066108615 0.039055870671531101 -0.035285072027197932 0.18847227831061922 0.029494225538365965 -0.033940551609061488 -0.033092787994374935 0.018344963635748918 -0.027104054936763575 0.05298229322123655 0.086046370198931355 -0.039969002419156546 0.21720340638478994 0.068680644211322348 0.066215197272076295 0.0028573133608715438 0.047986769031785385
leaf_weight=200.73180324863642 31.663160956930369 13533.820214968175 2814.4696248248219 1645.9820040250197 86.930828530341387 560.65273250080645 9.1572305448353273 126.52557602478191 449.38909770641476 181.38975781248882 132.07723815273494 418.24326554872096 42.111586472485214 7.1978404331021002 587.3544117435813 90.66526266047731 17.658431012183428 266.52591030672193 108.30184396496043 21.566717307083309 126.5152532607317 6.1830578604713073 79.826003602705896 33.031928876414895 37.542621209286153 48.230765107087791 1169.2868361826986 106.50540792942047 258.32029215153307 991.07513481099159
leaf_count=4457 174 5764 1346 5583 374 923 50 7695 21122 6713 1482 2140 343 358 3691 2109 120 609 5347 609 1314 372 178 253 315 341 9353 120 1482 1742
internal_value=0.0561778 0.0569367 0.0492549 0.0435094 0.0380648 0.0633968 0.131475 0.0347348 0.0201577 0.0402826 0.0768419 0.0126003 0.0481997 0.172918 0.0216075 0.00314612 0.0217445 0.0399989 -0.000130287 0.0268799 0.0594158 0.126676 -0.0150822 -0.0264311 0.0522602 0.189455 0.0497099 0.0134284 0.0531985 0.0386657
internal_weight=24188.9 23988.2 10454.4 7639.91 5993.93 694.283 96.0881 5299.64 1462.23 3837.42 170.938 1291.29 2693.82 38.861 1143.59 556.239 374.85 284.184 873.045 310.798 202.496 75.9805 562.247 482.421 598.195 54.4138 2651.71 233.031 2418.68 1249.4
internal_count=86479 82022 76258 74912 69329 1662 424 67667 33690 33977 2014 31676 20735 532 13242 9551 2838 729 29536 7983 2636 1322 21553 21375 1238 713 20392 7815 12577 3224
is_linear=0
shrinkage=0.03


Tree=15
num_leaves=31
num_cat=0
split_feature=56 56 71 67 58 47 60 56 55 55 8 55 55 18 65 65 65 65 59 55 55 56 56 0 55 60 26 8 0 65
split_gain=1677.82 1160.64 1126.65 1069.58 728.933 824.367 611.527 588.371 728.561 634.933 638.81 992.537 609.877 528.565 521.617 515.64 573.519 723.32 679.419 508.771 2636.25 1039.38 477.936 554.065 464.962 531.523 427.226 426.163 366.435 810.136
threshold=0.00078054427200581185 0.023561139330300889 1.0000000180025095e-35 1.0000000180025095e-35 1.0000000180025095e-35 1.0000000180025095e-35 1.5000000000000002 0.0039470903806293018 0.06386747763884322 0.0021628711448338938 1.0000000180025095e-35 0.030522028566488325 0.0055761826431144886 1.0000000180025095e-35 286.50000000000006 280.50000000000006 201.50000000000003 196.50000000000003 1.0000000180025095e-35 0.002133105675743575 0.0021089081406406199 0.0051284951312350431 0.0066168109075340131 8.7500000000000018 0.0097125389833710302 5.5000000000000009 1.0000000180025095e-35 1.0000000180025095e-35 7.4500000000000011 166.50000000000003
decision_type=2 2 2 2 2 2 2 2 2 2 2 2 2 2 2 2 2 2 2 2 2 2 2 2 2 2 2 2 2 2
left_child=-1 2 3 4 5 7 19 9 13 -2 12 -12 -11 14 15 16 17 18 -9 20 27 -22 23 -5 -15 -26 -21 -6 -20 -30
right_child=1 -3 -4 22 6 -7 -8 8 -10 10 11 -13 -14 24 -16 -17 -18 -19 28 26 21 -23 -24 -25 25 -27 -28 -29 29 -31
leaf_value=-0.034199062560094064 -0.032734730858649697 0.059734542425685329 0.06171624534069766 -0.011868254021686836 0.085631651411573445 0.10366982594569289 0.075705742401096454 -0.032830892821201378 0.062449343732527751 0.10460338597147718 -0.035644044100311863 0.062634810198744881 0.041583806153929502 0.011692713703361618 -0.011922523636308033 0.1439622735180438 -0.033331869372960704 0.17759715862150574 0.057983532163413912 0.03553254415860202 0.2639305494631386 0.81862049407323945 0.072091805774373879 0.054390815505364044 -0.037264244327331615 0.041992490831040639 -0.037742830157000244 0.0017373656055106061 -0.031163730194291535 0.38226344368240989
leaf_weight=196.02046786388382 98.874763032887131 13110.285134050995 3022.3033798616379 145.27643515355885 129.76377746136859 112.02006139606237 494.86358668887988 79.411165483761579 225.20715768449008 228.29472952522337 175.41869872203097 193.50608304515481 354.03120962437242 655.29741570493206 185.00698029994965 44.80863127624616 80.098637231625617 37.894499385263771 121.58758073905483 1571.3402428315021 12.967554691713305 3.8676033802330485 1122.7757643908262 514.480109767057 494.18710647057742 89.133792191743851 74.240810525137931 93.503541251644492 7.202356441877785 8.9852224579080922
leaf_count=4479 5505 5742 1364 2483 1125 297 818 4219 215 1623 4462 336 3716 12345 6094 204 3341 265 823 16373 149 34 2074 1022 2516 102 2200 2367 215 92
internal_value=0.0530661 0.0537958 0.0462873 0.0399389 0.0334564 0.024071 0.0460214 0.0211423 0.0116973 0.0393614 0.0468817 0.0159345 0.0664269 0.00532909 0.0293481 0.0494203 0.0363908 0.0583293 0.0368009 0.0381952 0.0789411 0.430116 0.0601707 0.0398049 -0.00564201 -0.0251024 0.0322058 0.0506614 0.0768829 0.207206
internal_weight=23682.7 23486.6 10376.3 7354.05 5571.51 3190.97 2380.55 3078.95 2028.82 1050.13 951.251 368.925 582.326 1803.61 564.995 379.988 335.179 255.081 217.186 1885.68 240.102 16.8352 1782.53 659.757 1238.62 583.321 1645.58 223.267 137.775 16.1876
internal_count=86600 82121 76379 75015 69436 46370 23066 46073 30431 15642 10137 4798 5339 30216 15253 9159 8955 5614 5349 22248 3675 183 5579 3505 14963 2618 18573 3492 1130 307
is_linear=0
shrinkage=0.03


Tree=16
num_leaves=31
num_cat=0
split_feature=56 56 71 55 15 55 26 72 48 56 57 55 0 67 20 65 65 57 56 0 19 56 65 60 65 52 55 0 54 58
split_gain=1636.72 908.525 662.088 471.78 446.047 847.843 478.294 442.566 503.55 468.307 981.981 965.089 746.839 547.01 756.455 544.273 602.111 387.06 372.576 368.681 339.525 332.845 331.355 558.982 415.529 408.635 409.441 583.596 394.424 390.801
threshold=0.00078054427200581185 0.0070793993871210567 1.0000000180025095e-35 0.0040872057278096563 1.0000000180025095e-35 0.0036392459991437072 1.0000000180025095e-35 1.0000000180025095e-35 1.0000000180025095e-35 0.0039470903806293018 3.5000000000000004 0.06386747763884322 7.5500000000000007 1.0000000180025095e-35 1.0000000180025095e-35 198.50000000000003 182.50000000000003 1.5000000000000002 0.001933288950800299 8.7500000000000018 1.0000000180025095e-35 0.0064496039836892472 335.50000000000006 1.5000000000000002 213.50000000000003 1.0000000180025095e-35 0.00027236291111624674 9.7000000000000011 1.0000000180025095e-35 1.0000000180025095e-35
decision_type=2 2 2 2 2 2 2 2 2 2 2 2 2 2 2 2 2 2 2 2 2 2 2 2 2 2 2 2 2 2
left_child=-1 2 3 4 5 -2 22 8 9 12 11 13 18 14 -11 16 -16 -9 -5 -15 -12 -10 23 24 25 26 27 -6 -26 -24
right_child=1 -3 -4 7 6 -7 -8 17 21 10 20 -13 -14 19 15 -17 -18 -19 -20 -21 -22 -23 29 -25 28 -27 -28 -29 -30 -31
leaf_value=-0.034059208923753123 -0.031212059994617399 0.057212734988867364 0.059179245492425141 0.038115341769485493 -0.027340989375338916 0.10659089180417172 -0.035652692920192353 0.14743940468880212 0.044710390254954033 -0.039416669413565093 0.038536745345685679 0.058724905304674835 0.056227595712403246 -0.03543317047746132 0.01791125565302271 -0.033366670867089554 0.16090772936944045 0.052513087851784823 -0.036079230176078524 0.04339818927422151 0.10223180109234845 0.12545301683501511 -0.004065394092105345 -0.035173996371175992 0.12470299946248163 0.20089258564464862 0.043971945052103209 0.31641413437200472 0.049790453769895042 0.060595617656720377
leaf_weight=192.75522600254044 132.00327098369598 17470.212038862519 1951.5777780022472 107.69049258064479 6.8754091951996097 56.590238062199205 44.515105369035155 43.756729922257364 122.5365456789732 589.99175326479599 602.67267049709335 224.54969567246735 812.38745251484215 68.804858551360667 72.295407793018967 74.02828858839348 41.107838169205934 309.69633390940726 137.58627779595554 227.95673748292029 85.754359319340438 74.403808178380132 117.52866213722154 38.115995435509831 253.97132599260658 16.585265092551708 326.9957643407397 10.849092384800315 86.683454665821046 293.89887071028352
leaf_count=4518 10511 23119 962 1836 420 1061 1324 59 181 13406 2727 183 2896 1378 1587 2696 258 324 3280 569 505 91 3025 1180 2252 44 4201 21 1144 813
internal_value=0.0528742 0.0535623 0.0443547 0.0385343 0.0534256 0.0104818 0.0601827 0.0327861 0.0292933 0.0262682 0.01767 0.00230678 0.0423907 -0.00953062 -0.0227512 0.0296386 0.0706998 0.0646476 -0.00348109 0.0250633 0.0466077 0.0756945 0.0639153 0.0759367 0.0820114 0.0593125 0.0519394 0.188731 0.105842 0.0421594
internal_weight=24594.4 24401.6 6931.41 4979.83 1384.61 188.594 1196.02 3595.22 3241.77 3044.83 1987.16 1298.73 1057.66 1074.18 777.423 187.432 113.403 353.453 245.277 296.762 688.427 196.94 1151.5 740.076 701.96 361.306 344.72 17.7245 340.655 411.428
internal_count=86571 82053 58934 57972 25996 11572 14424 31976 31593 31321 23309 20077 8012 19894 17947 4541 1845 383 5116 1947 3232 272 13100 9262 8082 4686 4642 441 3396 3838
is_linear=0
shrinkage=0.03


Tree=17
num_leaves=31
num_cat=0
split_feature=56 56 71 67 32 60 58 56 55 55 55 55 55 57 55 57 65 55 0 0 56 65 58 55 65 56 56 65 0 56
split_gain=1716.38 1207.13 1060.95 957.34 508.677 929.151 553.407 524.089 659.154 581.17 474.679 556.239 444.142 440.756 414.015 436.053 403.364 378.54 364.552 692.43 432.386 364.551 345.201 342.922 338.142 330.673 356.877 521.915 507.491 477.782
threshold=0.0012507313961251478 0.022911396799314965 1.0000000180025095e-35 1.0000000180025095e-35 1.0000000180025095e-35 1.0000000180025095e-35 1.0000000180025095e-35 0.001933288950800299 0.0097125389833710302 0.06386747763884322 0.031824896673176999 0.02035367420542971 0.011945845925157792 1.5000000000000002 0.007222384741534674 2.5000000000000004 196.50000000000003 0.0087460230770540267 6.9500000000000011 8.6500000000000004 0.0047573640872667607 51.500000000000007 1.0000000180025095e-35 0.06386747763884322 150.50000000000003 0.012841886520352541 0.0062335325816534918 302.50000000000006 9.9500000000000011 0.0059228531034993181
decision_type=2 2 2 2 2 2 2 2 2 2 2 2 2 2 2 2 2 2 2 2 2 2 2 2 2 2 2 2 2 2
left_child=-1 2 3 4 5 18 23 21 14 10 11 12 -10 -8 15 25 22 -3 -2 20 -20 -7 24 -6 -16 26 27 29 -28 -9
right_child=1 17 -4 -5 6 7 13 8 9 -11 -12 -13 -14 -15 16 -17 -18 -19 19 -21 -22 -23 -24 -25 -26 -27 28 -29 -30 -31
leaf_value=-0.033854441384656125 -0.031666069849637796 0.069525065474764683 0.057698893790759709 0.057225068830351659 -0.038999986028120909 0.072852139571730229 0.13668012115193182 0.037009635371684425 0.026132613465464968 0.060936163879602767 -0.025985272961544483 0.035304529273061068 -0.04151547609758105 0.057091564983114684 0.065972837448856597 0.056993793601162232 0.054371260244950224 0.054825003924823187 -0.035650046304307376 -0.011792853968827857 0.045350963047149917 -0.036542480933606972 0.040728946782372412 0.074393740479069742 0.17754519325979001 0.13190729529286524 -0.033714186601977232 -0.031931665887816214 0.10262118300121184 0.13942213066079739
leaf_weight=216.5266040712595 192.58437986811623 1837.2969837840647 3290.5707556586713 1696.767121178098 80.382313060574234 33.057362922467291 70.678548015654087 318.66697565885261 168.07062830775976 333.22240967489779 198.15358153171837 976.16718577034771 179.78169530536979 542.02620562724769 38.298986156471074 823.3366664769128 301.00241343071684 11854.001894298941 66.457214962691069 527.10059978067875 503.87759945727885 140.11714564356953 43.510517274029553 33.04820104315877 76.116111745126545 23.792097048833966 166.51260932255536 84.856813673395663 27.811009595170617 46.347673273645341
leaf_count=6344 14681 1464 1378 5531 822 7 365 5555 626 217 910 2144 1618 425 283 4549 2650 4324 2374 10241 5883 3626 134 7 295 110 5789 3522 9 576
internal_value=0.0501165 0.0508548 0.0434353 0.0373265 0.031686 0.0284316 0.0552281 0.0356037 0.0379263 0.0251038 0.0172248 0.0237064 -0.00884896 0.0664803 0.0501059 0.0423848 0.0750495 0.0568026 0.00630042 0.0129858 0.0358666 -0.0153617 0.113872 -0.00560109 0.141093 0.0243201 0.0201483 0.0348004 -0.0137768 0.0503588
internal_weight=24890.1 24673.6 10982.3 7691.74 5994.98 5268.84 726.135 3978.82 3805.65 1855.4 1522.17 1324.02 347.852 612.705 1950.25 1491.32 458.928 13691.3 1290.02 1097.44 570.335 173.175 157.926 113.431 114.415 667.987 644.195 449.871 194.324 365.015
internal_count=86459 80115 74327 72949 67418 65799 1619 32620 28987 5515 5298 4388 2244 790 23472 20110 3362 5788 33179 18498 8257 3633 712 829 578 15561 15451 9653 5798 6131
is_linear=0
shrinkage=0.03


Tree=18
num_leaves=31
num_cat=0
split_feature=56 56 71 0 60 27 0 55 55 0 3 56 16 55 60 58 55 65 55 66 58 65 62 56 17 56 55 55 56 11
split_gain=1615.41 1255.28 903.477 380.952 751.688 364.023 332.088 328.786 497.194 450.953 401.612 335.615 308.198 297.544 799.591 791.6 1031.77 895.885 699.069 491.298 794.185 781.996 574.899 463.907 453.055 345.095 316.664 414.778 322.378 296.171
threshold=0.022911396799314965 0.0011161097395399886 1.0000000180025095e-35 6.9500000000000011 1.0000000180025095e-35 1.0000000180025095e-35 6.6500000000000012 0.00095627457833280299 0.002057627291215169 9.8500000000000032 1.0000000180025095e-35 0.0038125144263475201 1.0000000180025095e-35 0.0097125389833710302 1.0000000180025095e-35 1.0000000180025095e-35 0.026136412670283479 1271.5000000000002 0.0087812165602526738 1.0000000180025095e-35 1.5000000000000002 515.50000000000011 1.0000000180025095e-35 0.0072401483730347776 1.0000000180025095e-35 0.0069633442171564012 0.06386747763884322 0.031781826281211616 0.002025402211110458 1.0000000180025095e-35
decision_type=2 2 2 2 2 2 2 2 2 2 2 2 2 2 2 2 2 2 2 2 2 2 2 2 2 2 2 2 2 2
left_child=1 -1 3 4 -3 7 29 11 9 -9 12 -5 13 14 18 16 17 -15 19 20 21 -10 25 -23 -16 -21 27 -18 -29 -6
right_child=-2 2 -4 5 6 -7 -8 8 10 -11 -12 -13 -14 15 24 -17 26 -19 -20 22 -22 23 -24 -25 -26 -27 -28 28 -30 -31
leaf_value=-0.033771320026964501 0.055326525901591081 -0.031687226905312782 0.055346246722096419 -0.033072051548725112 0.0088138097332536927 -0.036829336996013304 -0.036228840361434582 -0.035939924712598055 -0.035742098552093246 0.05515644710024388 -0.04264962452716034 0.080661358708139091 0.086573525426896461 -0.04284442092259045 0.058421911136683415 0.050594069015794794 0.034966091666329274 0.077075165075065288 0.14114112472378004 0.03840639534783967 0.040423592715383441 -0.03612706774183809 -0.038256068209253417 0.11919085126139556 -0.034632405713626052 0.097863395984706086 0.05887686602402626 0.053547587032339763 -0.045183179646621947 0.047348761864322825
leaf_weight=203.86735388776287 13754.567472456023 207.93095719348639 2960.3308922313154 25.087351305410266 254.51747034769505 56.343054744880646 60.446711225435138 149.51693733688444 377.42113338690251 71.45771180652082 52.414596485905349 262.30005097202957 125.70126020163298 347.4998327922076 2057.7355389641598 1049.7255471367389 491.98678836040199 65.872674649581313 45.194175564683974 222.20269105676562 387.96546453982592 25.169336940161884 58.734899594448507 51.825310567393899 47.574744870886207 146.88635428529233 295.69552939012647 38.645013684406877 119.14830775745213 612.403083327692
leaf_count=5880 5820 15427 1364 995 6415 1300 1435 4640 11907 113 507 1991 264 2147 8262 808 939 45 49 944 902 626 1340 250 1534 359 180 31 641 9454
internal_value=0.0484921 0.0398411 0.0412509 0.0358305 0.0197566 0.0386038 0.0313128 0.0392616 0.0378021 -0.00636585 0.0394275 0.0706528 0.040157 0.0391414 0.0448377 0.0310362 0.0159014 -0.0235948 0.0264573 0.0222691 0.00895051 -0.01795 0.0484111 0.0686056 0.0563037 0.062269 0.0331763 0.0214082 -0.0208182 0.0360586
internal_weight=24626.2 10871.6 10667.7 7707.4 1135.3 6572.1 927.367 6515.76 6228.37 220.975 6007.4 287.387 5954.98 5829.28 3420.71 2408.57 1358.85 413.373 1315.4 1270.21 842.381 454.416 427.824 76.9946 2105.31 369.089 945.476 649.78 157.793 866.921
internal_count=86569 80749 74869 73505 32731 40774 17304 39474 36488 4753 31735 2986 31228 30964 26173 4791 3983 2192 16377 16328 13685 12783 2643 876 9796 1303 1791 1611 672 15869
is_linear=0
shrinkage=0.03


Tree=19
num_leaves=31
num_cat=0
split_feature=56 56 11 31 0 55 55 36 64 56 57 57 60 56 56 71 56 67 60 56 55 55 54 0 0 55 0 55 0 26
split_gain=1307.5 1041.82 842.465 717.921 432.784 427.122 1010.62 412.253 381.294 358.335 419.867 416.251 368.921 453.099 639.062 335.087 324.4 304.402 480.251 450.494 410.861 514.208 545.831 457.059 432.685 380.176 376.527 347.925 377.902 315.808
threshold=0.00078054427200581185 0.022911396799314965 1.0000000180025095e-35 1.0000000180025095e-35 6.0500000000000007 0.0064759262593956863 0.0019941073967910724 1.0000000180025095e-35 1.0000000180025095e-35 0.011338004811851243 2.5000000000000004 8.5000000000000018 1.5000000000000002 0.0049957085586622681 0.0035371064566473123 1.0000000180025095e-35 0.014475206292182307 1.0000000180025095e-35 1.0000000180025095e-35 0.0016370956852815514 0.0097125389833710302 0.051588093059875891 1.0000000180025095e-35 5.3500000000000005 9.7000000000000011 0.031781826281211616 5.6500000000000012 0.0028543105875636922 6.4500000000000011 1.0000000180025095e-35
decision_type=2 2 2 2 2 2 2 2 2 2 2 2 2 2 2 2 2 2 2 2 2 2 2 2 2 2 2 2 2 2
left_child=-1 2 3 4 -2 6 -3 8 15 11 16 12 13 14 -6 17 -11 18 19 -4 23 22 25 -20 -24 26 -22 -25 -29 -21
right_child=1 5 7 -5 9 -7 -8 -9 -10 10 -12 -13 -14 -15 -16 -17 -18 -19 20 29 21 -23 24 27 -26 -27 -28 28 -30 -31
leaf_value=-0.033615809803818245 -0.034052848009973262 0.21132831279962472 0.10332573972293106 0.068517227614091597 -0.036644062484475312 0.052852030245195455 0.065962192105805437 -0.011533024438429232 -0.042251502531605367 0.12453064896870343 -0.048905134313211633 0.051923352084165424 0.033635810126084624 -0.038254046688090168 0.052067291363478353 0.054725632191011502 0.037880795060237345 0.053569864159385021 -0.030349892797802709 0.022208174611374847 0.095777084193170173 0.05631493649907806 -0.041435597214970019 0.028063937936090275 0.037489641811143178 -0.046298401805661568 0.030685680621415332 0.10826231849226027 0.056685811015094477 -0.036731013521451701
leaf_weight=175.96622778428718 157.45060185110196 48.909595303237438 57.065064791124314 242.69755810918286 124.87584555335343 13573.004982208833 330.9055205732584 115.16041136905551 43.631959708873183 68.202468391507864 28.142733627930284 185.97081608418375 237.75439114263281 277.25512082921341 173.42521377373487 2740.6626541242003 91.778225978836417 1594.5449763257056 57.032424645032734 1042.0562620051205 89.747096898965538 556.21662624366581 187.06834044773132 347.97437947057188 92.725005358457565 50.181554988026619 698.47935336083174 140.77782096713781 1463.7348818173632 87.888956085313112
leaf_count=4446 9420 31 406 737 3283 5458 330 1214 510 63 135 240 1069 8158 1830 906 158 3992 3618 16548 311 309 1499 7911 132 259 1462 1476 7332 3206
internal_value=0.0477214 0.0482974 0.0413618 0.0211341 0.0125386 0.0537383 0.0851871 0.0447882 0.0454905 0.0187401 0.0566144 0.0115605 0.00227869 -0.0107104 0.0149323 0.0459109 0.0753652 0.0421666 0.0384234 0.0218003 0.0437722 0.0327599 0.0210032 0.0529272 -0.015239 0.0331017 0.0382089 0.055374 0.0612757 0.0175954
internal_weight=25081.3 24905.3 10952.5 1587.55 1344.86 13952.8 379.815 9364.95 9249.79 1187.4 188.123 999.281 813.311 575.556 298.301 9206.16 159.981 6465.49 4870.95 1187.01 3683.94 1674.42 1118.2 2009.52 279.793 838.408 788.226 1952.49 1604.51 1129.95
internal_count=86449 82003 76184 25093 24356 5819 361 51091 49877 14936 356 14580 14340 13271 5113 49367 221 48461 44469 20160 24309 3972 3663 20337 1631 2032 1773 16719 8808 19754
is_linear=0
shrinkage=0.03


Tree=20
num_leaves=31
num_cat=0
split_feature=56 56 71 67 21 59 55 55 56 65 13 32 56 55 55 59 6 65 65 55 56 65 65 56 0 3 44 50 59 26
split_gain=1246.04 1005.13 865.199 742.73 345.637 549.903 450.662 436.562 453.924 318.06 317.325 318.944 623.217 377.154 857.63 418.763 386.575 319.149 563.608 494.964 706.22 318.467 302.661 298.871 296.951 284.01 277.689 264.225 256.811 252.17
threshold=0.023561139330300889 0.00078054427200581185 1.0000000180025095e-35 1.0000000180025095e-35 1.0000000180025095e-35 2.5000000000000004 0.02035367420542971 0.025300402343066578 0.0062335325816534918 1271.5000000000002 1.0000000180025095e-35 1.0000000180025095e-35 0.001933288950800299 0.01115846687889677 0.021765767382888639 1.5000000000000002 1.0000000180025095e-35 192.50000000000003 196.50000000000003 0.00070332916830404132 0.0034748957205514566 476.50000000000006 102.50000000000001 0.0025911217181607952 5.5500000000000007 1.0000000180025095e-35 1.0000000180025095e-35 1.0000000180025095e-35 1.5000000000000002 1.0000000180025095e-35
decision_type=2 2 2 2 2 2 2 2 2 2 2 2 2 2 2 2 2 2 2 2 2 2 2 2 2 2 2 2 2 2
left_child=1 -1 3 4 5 6 9 -8 -9 25 -6 12 -12 15 -15 16 -14 19 -19 22 -21 -13 -18 -5 -20 27 -16 -3 -29 -26
right_child=-2 2 -4 23 10 -7 7 8 -10 -11 11 21 13 14 26 -17 17 18 24 20 -22 -23 -24 -25 29 -27 -28 28 -30 -31
leaf_value=-0.033507153929588654 0.052165809824448142 -0.025596172427261185 0.053001966975981592 -0.036783274233864995 0.056785220743924579 0.082343998564875634 0.10965024835123033 -0.038447946413820266 0.038035703267496744 0.08097518043182178 -0.036238998693374637 0.05345937805714969 0.082687613334384499 -0.042515556232743855 0.024046876110615956 -0.036870015415269089 0.18752730889455174 0.12112818771745891 0.10459707694705359 0.057146760831304336 -0.018867350402922665 -0.040119178309179507 0.052061661290569772 0.052697180447883782 0.037631440733343152 0.064886796868171767 0.12416604682757329 -0.033677176148072932 0.10534056167583672 -0.036057623306538604
leaf_weight=170.30200123367831 13561.907963633537 496.0522468406707 3185.1299222372472 33.560182120185345 453.60096601350233 97.60788400284946 55.068212633952498 90.647349937818944 293.66637872904539 32.923893737141043 134.55626141559333 673.09357485827059 165.34771279850975 189.83032026514411 1071.2614124296233 67.452256778720766 17.619201613590121 76.939254113007337 57.41700213868171 158.68858239240944 352.5606250455603 33.702862171456218 80.925537459086627 1830.539064373821 1354.1368936616927 37.848067149985582 24.598909774795175 19.852362837642431 27.688513524830341 42.370745199732482
leaf_count=4393 5665 27217 1335 627 1245 438 218 672 714 168 3866 1269 1022 1321 2215 1921 49 379 859 1502 7828 287 756 4912 13241 395 31 286 39 1355
internal_value=0.0460278 0.0386735 0.0397784 0.0344875 0.0294178 0.0145934 0.00824556 0.0314093 0.0199427 -0.0083448 0.0328595 0.0304359 0.0269752 0.029309 0.0162042 0.036398 0.0385562 0.0351104 0.0424207 0.0167188 0.00479246 0.0489468 0.0779226 0.0510674 0.0381753 -0.0135329 0.0264054 -0.019102 0.047791 0.0353715
internal_weight=24886.9 11325 11154.7 7969.56 6105.46 1151.35 1053.75 439.382 384.314 614.365 4954.1 4500.5 3793.7 3659.15 1285.69 2373.46 2306.01 2140.66 1530.86 609.794 511.249 706.796 98.5447 1864.1 1453.92 581.441 1095.86 543.593 47.5409 1396.51
internal_count=86225 80560 76167 74832 69293 30147 29709 1604 1386 28105 39146 37901 36345 32479 3567 28912 26991 25969 15834 10135 9330 1556 805 5539 15455 27937 2246 27542 325 14596
is_linear=0
shrinkage=0.03


Tree=21
num_leaves=31
num_cat=0
split_feature=71 29 62 57 57 0 47 0 65 12 65 48 57 25 0 54 60 13 5 67 65 65 57 60 54 65 65 65 0 59
split_gain=541.429 381.96 355.946 617.988 369.669 431.834 325.048 303.862 323.965 345.271 343.138 253.085 267.871 249.659 238.47 214.868 238.292 212.442 207.304 210.531 206.723 685.162 326.444 357.243 194.33 190.147 209.005 437.058 729.849 312.975
threshold=1.0000000180025095e-35 1.0000000180025095e-35 1.0000000180025095e-35 1.5000000000000002 6.5000000000000009 6.7500000000000009 1.0000000180025095e-35 8.9500000000000011 448.50000000000006 1.0000000180025095e-35 738.50000000000011 1.0000000180025095e-35 1.5000000000000002 1.0000000180025095e-35 4.2500000000000009 1.0000000180025095e-35 1.0000000180025095e-35 1.0000000180025095e-35 1.0000000180025095e-35 1.0000000180025095e-35 401.50000000000006 407.50000000000006 2.5000000000000004 1.0000000180025095e-35 1.0000000180025095e-35 440.50000000000006 201.50000000000003 261.50000000000006 6.7500000000000009 1.0000000180025095e-35
decision_type=2 2 2 2 2 2 2 2 2 2 2 2 2 2 2 2 2 2 2 2 2 2 2 2 2 2 2 2 2 2
left_child=1 2 7 -4 5 -5 -6 8 18 10 11 12 17 15 -11 -7 -17 -10 19 25 22 -22 24 -24 -21 26 -1 28 -28 -30
right_child=-2 -3 3 4 6 13 -8 -9 9 14 -12 -13 -14 -15 -16 16 -18 -19 -20 20 21 -23 23 -25 -26 -27 27 -29 29 -31
leaf_value=0.046257187247949236 0.052066153590901526 -0.012513420791746851 -0.032356073788669802 -0.035240538001789216 0.053361639612541298 0.039042160850282288 0.18074021477726762 0.050528660364053048 0.034851082283482535 0.044978361216257118 0.050376782046217219 0.075910420401679585 0.025499906981945202 -0.046027913769208811 -0.039974125012764219 -0.039519409793491563 0.028318453392740105 -0.037711239515000529 -0.036888988462750447 0.042989970355224554 0.20924500282461753 0.029356361039438006 0.16585667311111588 0.062546629169031531 -0.037781251930006733 0.095406853706004643 -0.039269058810674232 0.043244786276304091 0.0174785668518843 0.046240820171095605
leaf_weight=4968.1497417767532 6375.5168248675764 114.9236283316277 131.62834750115871 91.891378322150558 411.57990180468187 1110.8195139490999 18.089210646692663 4351.6610573190264 48.660636031534523 40.33737928327173 528.70155264390633 59.562128785997629 387.45392969041131 35.388333837967366 105.45672567514703 68.825495674973354 139.18554783053696 134.99325597193092 28.471701168455184 294.71223822049797 32.536437199451029 45.034752841107547 39.218725747428834 131.10939552262425 28.716950515750796 59.645641795825213 147.07759185601026 3634.332481995225 734.25195020111278 637.17807067139074
leaf_count=17314 1609 2593 6304 5628 1202 4588 10 7795 193 174 1681 31 2132 561 2544 1855 600 2161 689 1008 42 154 100 160 480 271 4721 15726 3330 823
internal_value=0.0445109 0.0419128 0.0422526 0.0302949 0.0347062 0.0274131 0.0591315 0.043711 0.0412522 0.0270973 0.0325669 0.0175805 0.0113751 0.0316874 -0.0163237 0.033806 0.00579096 -0.0184006 0.0429632 0.0431781 0.0609653 0.106512 0.053609 0.0871634 0.035724 0.042174 0.0418509 0.0375944 0.0240513 0.0308657
internal_weight=24935.1 18559.6 18444.7 2007.41 1875.78 1446.11 429.669 16437.3 12085.6 1305.17 1159.37 630.67 571.108 1354.22 145.794 1318.83 208.011 183.654 10780.4 10752 571.329 77.5712 493.757 170.328 323.429 10180.6 10121 5152.84 1518.51 1371.43
internal_count=86479 84870 82277 20748 14444 13232 1212 61529 53734 8916 6198 4517 4486 7604 2718 7043 2455 2354 44818 44129 1944 196 1748 260 1488 42185 41914 24600 8874 4153
is_linear=0
shrinkage=0.03


Tree=22
num_leaves=31
num_cat=0
split_feature=27 71 55 67 65 60 65 54 17 26 55 65 59 55 0 58 60 17 61 55 65 26 65 0 57 57 55 55 55 0
split_gain=773.787 483.859 355.503 382.667 791.869 445.015 919.719 421.946 380.162 339.541 299.419 353.111 291.991 438.547 287.224 267.515 365.843 322.689 253.013 251.391 250.701 241.083 224.707 207.674 330.881 213.361 304.298 832.595 702.693 229.063
threshold=1.0000000180025095e-35 1.0000000180025095e-35 0.057612852812660494 1.0000000180025095e-35 456.50000000000006 1.0000000180025095e-35 138.50000000000003 1.0000000180025095e-35 1.0000000180025095e-35 1.0000000180025095e-35 0.0021628711448338938 102.50000000000001 2.5000000000000004 0.030522028566488325 4.3500000000000005 1.0000000180025095e-35 1.0000000180025095e-35 1.0000000180025095e-35 1.0000000180025095e-35 0.031781826281211616 99.500000000000014 1.0000000180025095e-35 74.500000000000014 6.9500000000000011 8.5000000000000018 1.5000000000000002 0.002133105675743575 0.0021089081406406199 0.0072480298081758826 7.9500000000000011
decision_type=2 2 2 2 2 2 2 2 2 2 2 2 2 2 2 2 2 2 2 2 2 2 2 2 2 2 2 2 2 2
left_child=1 2 3 4 5 6 18 12 9 23 11 20 13 -6 -13 16 17 -9 -1 -18 -7 -16 -2 24 -8 26 27 29 -28 -25
right_child=22 -3 -4 -5 7 10 8 15 -10 -11 -12 14 -14 -15 21 -17 19 -19 -20 -21 -22 -23 -24 25 -26 -27 28 -29 -30 -31
leaf_value=-0.037179740254376752 0.038133301681190231 0.050177814851981403 0.051571738573583617 0.04961399425641945 -0.04054660319318986 -0.031225980031085895 -0.032469396330781407 -0.035857820987046873 -0.014792485411906326 -0.036737644698247938 0.042333490078748599 0.074357814466802452 0.045892236643029306 0.023667063080602568 -0.03286157177397122 0.049987878153033079 -0.037553091227218852 0.10046282162075186 0.043077842928956556 0.02789994450806766 0.16423432231227628 0.051310768925129847 -0.041561884504541249 0.10557444153485489 0.054987225240209332 0.038648276450492167 -0.031436638242206515 0.37092530181360178 0.097901337002250927 -0.02983450406631967
leaf_weight=231.34299392299727 41.596037835348397 6051.7153146434575 2243.757149303332 2489.5045617832802 272.36498802853748 7.8709680037573007 85.278674337081611 20.722363794688135 133.02028856147081 52.625883079599589 10023.950248043519 35.849684078712016 74.814382260199636 146.48439745046198 159.6279336756561 286.1752426084131 128.33068383904174 57.608778942376375 40.83095055539161 88.340620429255068 19.676505590323359 36.899850449990481 126.28296853462234 55.977419418282807 69.973018812015653 1274.1895494901109 63.407993933185935 9.2686114329844695 91.240893753245473 13.534618658944963
leaf_count=9181 81 1568 753 5848 5355 438 6591 684 4641 1939 22979 774 202 266 8731 756 3059 302 144 155 43 128 3101 224 56 4485 2629 51 929 483
internal_value=0.0423714 0.0428156 0.0403666 0.0387891 0.0367863 0.0389268 0.0263904 0.0120705 0.0339704 0.0377579 0.0415091 0.00967724 -0.00831718 -0.0180862 -0.00254418 0.0293728 0.0092733 0.064402 -0.0250261 -0.0108612 0.109249 -0.0168777 -0.0217066 0.0401362 0.00704756 0.0435367 0.0699415 0.117705 0.0450099 0.0791599
internal_weight=24432.3 24264.4 18212.7 15968.9 13479.4 12404.6 2120.69 1074.84 1848.52 1715.5 10283.9 259.925 493.664 418.849 232.377 581.178 295.002 78.3311 272.174 216.671 27.5475 196.528 167.879 1662.87 155.252 1507.62 233.43 78.7806 154.649 69.512
internal_count=86576 83394 81826 81073 75225 64446 31353 10779 22028 17387 33093 10114 5823 5621 9633 4956 4200 986 9325 3214 481 8859 3182 15448 6647 8801 4316 758 3558 707
is_linear=0
shrinkage=0.03


Tree=23
num_leaves=31
num_cat=0
split_feature=56 58 71 56 55 55 60 55 55 55 55 13 60 55 59 55 28 0 60 0 60 55 11 56 55 47 56 17 0 55
split_gain=1154.63 975.185 715.371 592.329 474.159 826.763 466.472 639.462 586.732 600.357 529.267 592.921 422.859 386.448 327.258 412.16 303.769 287.87 273.403 273.023 539.546 263.438 362.454 1198.36 284.581 262.698 246.039 236.816 240.125 212.938
threshold=0.023561139330300889 1.0000000180025095e-35 1.0000000180025095e-35 0.00078054427200581185 0.048763003506173415 0.031781826281211616 1.5000000000000002 0.027768086900342593 0.011945845925157792 0.0033897661317019196 0.026136412670283479 1.0000000180025095e-35 1.0000000180025095e-35 0.0068272023513347773 2.5000000000000004 0.0010735629434673237 1.0000000180025095e-35 7.7500000000000009 3.5000000000000004 6.7500000000000009 1.0000000180025095e-35 0.0035825669712940523 1.0000000180025095e-35 0.011338004811851243 0.004389902681319907 1.0000000180025095e-35 0.012841886520352541 1.0000000180025095e-35 5.3500000000000005 0.0064759262593956863
decision_type=2 2 2 2 2 2 2 2 2 2 2 2 2 2 2 2 2 2 2 2 2 2 2 2 2 2 2 2 2 2
left_child=1 2 3 -1 5 6 8 -8 9 14 11 -10 13 -11 15 17 21 -5 -9 20 -3 -14 23 -23 -24 -15 -25 -26 -29 -2
right_child=29 19 -4 4 -6 -7 7 18 10 12 -12 -13 16 25 -16 -17 -18 -19 -20 -21 -22 22 24 26 27 -27 -28 28 -30 -31
leaf_value=-0.03367737524818467 0.070896625599787641 -0.032221551503727984 0.049869998114323265 -0.030871028771350759 0.048590141399337067 -0.04378972098196212 -0.040243432593126981 0.048974249097813227 0.0491212668660133 -0.016651986774287215 0.025744906822241453 -0.041194725674523903 0.086058086606130457 0.029435227537585332 0.09619414755398302 -0.033818862764038532 -0.037265041343950117 0.050363109517836797 -0.050002285411949017 0.045285948745423001 0.045885876565238279 -0.03537142451040489 -0.036024434786633204 0.24080730445674764 0.057941248811592523 0.13538820515843508 0.088083850265797514 0.048189283960645354 -0.034129217246194117 0.047626200109790753
leaf_weight=167.89250481850468 367.81081607192755 123.89350451668724 964.99645058717579 54.546933670062572 592.05337858013809 174.9170767981559 232.38085058005527 161.30188077315688 83.010879699140787 198.79452816210687 494.6165455551818 295.76507117040455 158.85234471829608 182.03339545289055 29.707394303753972 214.06844088761136 36.602687416598201 134.18220469169319 28.878859486430883 5638.7499340230133 218.84133640863001 145.90843711514026 32.217063738033175 14.001169910654424 1101.3287001503631 22.998262363485992 31.893361379392445 78.115618078038096 52.524224714376032 12465.785394713283
leaf_count=3947 349 9057 521 3512 483 1049 5179 167 435 7118 1262 2499 395 4299 200 9176 571 2201 134 14925 1696 3391 690 36 5923 39 96 457 1263 5322
internal_value=0.042086 0.0352475 0.0263405 0.021519 0.0235624 0.0198079 0.0227587 -0.00693511 0.0264927 0.033917 0.00533075 -0.0213242 0.0406746 0.0131161 0.00178523 -0.00539866 0.0474014 0.0268457 0.0337618 0.043705 0.0176396 0.0493424 0.0452803 0.00681216 0.0511067 0.0419193 0.138817 0.0534126 0.015085 0.0482986
internal_weight=24498.7 11665.1 5683.59 4718.59 4550.7 3958.65 3783.73 422.562 3361.17 2487.77 873.392 378.776 2055.27 403.826 432.505 402.798 1651.44 188.729 190.181 5981.48 342.735 1614.84 1455.99 191.803 1264.19 205.032 45.8945 1231.97 130.64 12833.6
internal_count=86392 80721 55043 54522 50575 50092 49043 5480 43563 39367 4196 2934 24278 11456 15089 14889 12822 5713 301 25678 10753 12251 11856 3523 8333 4338 132 7643 1720 5671
is_linear=0
shrinkage=0.03


Tree=24
num_leaves=31
num_cat=0
split_feature=56 56 58 36 29 62 59 65 58 64 4 21 65 56 56 32 63 30 70 55 55 55 55 60 65 60 55 65 32 55
split_gain=1245.35 889.062 507.753 427.819 383.581 337.314 469.804 385.024 358.976 382.943 291.578 263.297 221.493 229.754 781.489 341.83 246.994 254.056 207.021 202.712 361.21 318.524 414.774 414.833 557.735 328.992 349.846 404.009 303.968 301.681
threshold=0.023561139330300889 0.00078054427200581185 1.5000000000000002 1.0000000180025095e-35 1.0000000180025095e-35 1.0000000180025095e-35 1.0000000180025095e-35 280.50000000000006 1.0000000180025095e-35 1.0000000180025095e-35 1.0000000180025095e-35 1.0000000180025095e-35 62.500000000000007 0.0055721364692771459 0.005515730662274068 1.0000000180025095e-35 1.0000000180025095e-35 1.0000000180025095e-35 1.0000000180025095e-35 0.0097125389833710302 0.010957361226626923 0.0029021728080734686 0.00095627457833280299 1.0000000180025095e-35 102.50000000000001 1.0000000180025095e-35 0.0087812165602526738 751.50000000000011 1.0000000180025095e-35 0.06386747763884322
decision_type=2 2 2 2 2 2 2 2 2 2 2 2 2 2 2 2 2 2 2 2 2 2 2 2 2 2 2 2 2 2
left_child=1 -1 3 4 5 8 12 -8 9 18 11 -9 -7 14 16 -15 17 -14 19 21 -21 22 23 -3 -25 26 27 28 -23 -22
right_child=-2 2 -4 -5 -6 6 7 10 -10 -11 -12 -13 13 15 -16 -17 -18 -19 -20 20 29 25 -24 24 -26 -27 -28 -29 -30 -31
leaf_value=-0.0335362562982819 0.047465402927236638 0.097877089330266745 0.046167311569173988 -0.042034257226457317 -0.036813943335331639 0.072560307475802069 0.0051668654132358558 0.060893365266983898 0.045194454140426707 -0.041018265342611146 0.1044058024488559 -0.0019486613749657943 -0.038208183103064716 -0.040982339689136511 0.2160811069395871 0.02967187904172346 0.045756960538199359 0.04910291933974098 -0.042160861820089796 -0.042657503569469263 0.022770427138030104 -0.035407247854271122 -0.0053429655263026558 0.13237883638780351 -0.032987088086756405 0.047488345856738806 0.11176982343157897 0.10302715182151403 0.057154683202811016 0.050974750057840565
leaf_weight=171.9780261607375 13397.321408860385 88.743922824971378 2791.5166990212165 69.9533532098867 71.440145111642778 34.134544451721013 212.40055313520133 186.64523550588638 2191.8305451264605 65.422713945619762 85.160317528992891 88.125133507885039 129.72502662055194 231.33833878627047 15.421568190213291 83.059672694653273 78.969019417650998 37.998202649410814 33.211250292602926 66.551051771268249 1931.5530260596424 157.73315477604046 305.33112062560394 23.421305511146784 72.947543687187135 1831.961099378299 26.533175689168274 28.013161745388061 39.022662585601211 414.96061152033508
leaf_count=4469 5710 412 3420 1155 2442 102 4397 1724 9304 1423 434 1420 4456 5416 76 192 71 122 384 550 6104 6636 9264 87 3755 12629 66 67 117 227
internal_value=0.0412368 0.034018 0.0350406 0.0314246 0.0320318 0.0326174 0.0177372 0.0372401 0.0350336 0.0306462 0.0561003 0.0408045 -0.000573039 -0.00502132 0.0156878 -0.0222816 0.00233879 -0.0182538 0.0315881 0.0320876 0.0258183 0.0379533 0.0161579 0.0514603 0.00814994 0.0430742 0.010835 -0.00152226 -0.0168532 0.0277777
internal_weight=24962.4 11565.1 11393.1 8601.61 8531.65 8460.21 1182.98 572.331 7277.24 5085.41 359.931 274.77 610.646 576.512 262.114 314.398 246.692 167.723 5019.98 4986.77 2413.06 2573.71 490.444 185.113 96.3688 2083.26 251.302 224.769 196.756 2346.51
internal_count=86631 80921 76452 73032 71877 69435 18410 7975 51025 41721 3578 3144 10435 10333 4725 5608 4649 4578 40298 39914 6881 33033 13518 4254 3842 19515 6886 6820 6753 6331
is_linear=0
shrinkage=0.03


Tree=25
num_leaves=31
num_cat=0
split_feature=56 71 56 0 60 56 54 25 9 55 56 4 56 57 56 25 56 55 55 45 57 56 62 56 6 50 2 65 56 9
split_gain=1183.52 881.839 686.594 472.925 487.933 554.409 477.814 422.143 362.646 383.14 450.744 280.134 260.004 283.655 409.448 420.91 341.344 249.284 577.358 256.852 245.206 337.258 312.674 329.899 328.748 276.007 270.169 407.875 637.779 350.298
threshold=0.022911396799314965 1.0000000180025095e-35 0.00078054427200581185 6.9500000000000011 1.0000000180025095e-35 0.003311830430759112 1.0000000180025095e-35 1.0000000180025095e-35 1.0000000180025095e-35 0.00095627457833280299 0.015067197089334036 1.0000000180025095e-35 0.003521635503638119 6.5000000000000009 0.0083061737185340812 1.0000000180025095e-35 0.011975709061230659 0.0064759262593956863 0.0019941073967910724 1.0000000180025095e-35 2.5000000000000004 0.0025456504647815609 1.0000000180025095e-35 0.0016370956852815514 1.0000000180025095e-35 1.0000000180025095e-35 1.0000000180025095e-35 290.50000000000006 0.0039470903806293018 1.0000000180025095e-35
decision_type=2 2 2 2 2 2 2 2 2 2 2 2 2 2 2 2 2 2 2 2 2 2 2 2 2 2 2 2 2 2
left_child=1 2 -1 4 -4 -6 12 20 9 -9 -11 -8 -7 14 15 -14 -16 18 -2 -20 22 -22 24 -24 -5 -23 27 28 29 -26
right_child=17 -3 3 7 5 6 11 8 -10 10 -12 -13 13 -15 16 -17 -18 -19 19 -21 21 25 23 -25 26 -27 -28 -29 -30 -31
leaf_value=-0.033385868115989717 0.15234063358368299 0.046496277632742639 -0.03171890525644646 -0.042380970006352305 -0.033174092751580182 0.10631537726727593 -0.036158706777475062 0.083501809125749074 0.046609453358872517 -0.042446172423731637 0.044569175651964991 0.028725100920948893 -0.017903537531064176 0.075480561547522862 0.083071529249672385 0.10501502851870251 -0.039009424364652948 0.045303612969594495 0.03821541085336258 0.11116064374209819 -0.039744967930672684 0.039327154871762741 0.096552212612500521 -0.0071143824652480743 -0.040890852394272446 0.084578870230944 0.037269546590342116 -0.013883371411585015 -0.0015666710773709499 0.076805045442279216
leaf_weight=160.57766446052119 63.582194078713655 3142.4261799100786 197.19986062962562 52.707364751026034 147.44677788205445 55.735095855314285 125.63517512381077 32.941617558710277 130.17910665646195 235.44242624426261 68.388929653912783 112.64539375621825 189.74875894142315 133.76682993397117 122.86914670467377 27.867027217522264 24.108502954244614 12920.029830912128 227.71202074363828 53.418018415570259 46.262674667406827 2936.3797702295706 29.194816709496081 324.00650308188051 24.584867250174284 126.43733973056078 2544.7087154216133 256.71474115597084 251.78887299261987 233.4486666386947
leaf_count=4349 35 1429 15594 732 6363 270 3565 307 618 3262 19 1405 5394 182 206 132 231 5453 333 9 1058 7693 99 6374 247 88 15664 2770 2059 544
internal_value=0.0398409 0.0328938 0.0279134 0.0290848 0.0110765 0.0200802 0.0300192 0.0318904 0.00428442 -0.0121658 -0.0227781 -0.0054935 0.0452733 0.0382473 0.0244176 -0.0017547 0.0629185 0.0459829 0.0712383 0.0524207 0.0337779 0.040005 0.0285602 0.00170286 0.0313787 0.0412222 0.0325652 0.0169199 0.0324273 0.0654767
internal_weight=24998 11733.2 8590.79 8430.21 1137.02 939.823 792.376 7293.19 466.952 336.773 303.831 238.281 554.095 498.36 364.593 217.616 146.978 13264.7 344.712 281.13 6826.23 3109.08 3717.15 353.201 3363.95 3062.82 3311.25 766.537 509.822 258.034
internal_count=86484 80654 79225 74876 33342 17748 11385 41534 4206 3588 3281 4970 6415 6145 5963 5526 437 5830 377 342 37328 8839 28489 6473 22016 7781 21284 5620 2850 791
is_linear=0
shrinkage=0.03


Tree=26
num_leaves=31
num_cat=0
split_feature=56 56 71 67 56 58 30 31 65 24 56 54 26 29 0 62 28 65 60 0 63 60 65 65 63 65 60 60 30 65
split_gain=917.525 691.022 702.393 426.571 300.483 487.098 450.805 389.01 306.491 291.79 340.091 286.768 357.531 336.404 328.85 314.228 294.79 322.185 299.005 239.822 203.737 213.807 203.717 259.349 409.845 244.594 239.309 180.965 214.932 170.658
threshold=0.00078054427200581185 0.023561139330300889 1.0000000180025095e-35 1.0000000180025095e-35 0.0066168109075340131 1.0000000180025095e-35 1.0000000180025095e-35 1.0000000180025095e-35 269.50000000000006 1.0000000180025095e-35 0.022911396799314965 1.0000000180025095e-35 1.0000000180025095e-35 1.0000000180025095e-35 6.9500000000000011 1.0000000180025095e-35 1.0000000180025095e-35 51.500000000000007 3.5000000000000004 7.1500000000000012 1.0000000180025095e-35 1.0000000180025095e-35 751.50000000000011 198.50000000000003 1.0000000180025095e-35 192.50000000000003 1.0000000180025095e-35 2.5000000000000004 1.0000000180025095e-35 284.50000000000006
decision_type=2 2 2 2 2 2 2 2 2 2 2 2 2 2 2 2 2 2 2 2 2 2 2 2 2 2 2 2 2 2
left_child=-1 2 3 9 5 7 8 27 -7 11 -11 12 13 16 29 22 18 -18 -2 -17 -14 -22 23 25 -25 26 -16 28 -5 -13
right_child=1 -3 -4 4 -6 6 -8 -9 -10 10 -12 14 20 -15 15 19 17 -19 -20 -21 21 -23 -24 24 -26 -27 -28 -29 -30 -31
leaf_value=-0.03331705322581175 0.034875132877472272 0.04323893162770525 0.045659967797196041 -0.039790010254898811 0.050419780439443569 -0.046348197909881692 0.13463726176104057 0.098303345893416938 0.044318307776104314 -0.033989804993891579 0.071362321453442665 -0.03569787444945989 -0.036648006878389768 -0.03780515107427343 -0.040207096997045659 0.049394161799528449 0.06657762341197275 -0.039575687651451009 -0.04881874504856052 -0.038210250660276328 -0.046715491462996889 0.049346503287799971 0.064607682047194623 -0.0095160870760661268 0.040682052545597265 0.080682900759540141 0.035512898354349821 0.046480831984940588 0.035818645434088796 0.0084186950531909034
leaf_weight=161.24536779732443 4129.8269111341797 12341.337446890771 2905.8782149702311 183.94253041595221 1173.78767608013 36.54174860753119 45.430848507210612 28.807904671877623 328.85734563041478 140.06339867599308 33.303595058619976 146.63527113292366 108.87891358230263 60.969008283223957 40.687105350196362 35.557797947898507 33.986841663718224 96.453218260779977 37.947643428109586 121.72271872172132 28.202421315014362 72.585234995931387 114.94525645719841 384.11518780980259 235.2317563071847 98.348978306166828 393.66370134381577 34.982439555227757 40.591924142092466 168.8916422938928
leaf_count=4446 28322 5673 1333 2725 2080 307 38 16 313 10396 9 5777 3716 2232 982 51 7 1954 276 3197 131 21 384 5158 144 207 2004 16 82 4434
internal_value=0.037844 0.0383316 0.03295 0.0285245 0.0411412 0.0255139 0.0464513 -0.00437705 0.0351495 0.0248732 -0.0134586 0.0259285 0.0298766 0.0317169 0.0155494 0.0216859 0.0327116 -0.0116208 0.0341016 -0.0182178 -0.00835384 0.0222715 0.0266499 0.0228099 0.00958432 0.03814 0.0283439 -0.0161088 -0.0260231 -0.0121317
internal_weight=23763.4 23602.2 11260.8 8354.96 1872.94 699.155 410.83 288.325 365.399 6482.02 173.367 6308.65 4568.85 4359.18 1739.8 1424.27 4298.21 130.44 4167.77 157.281 209.667 100.788 1266.99 1152.05 619.347 532.7 434.351 259.517 224.534 315.527
internal_count=86431 81985 76312 74979 5577 3497 658 2839 620 69402 10405 58997 36659 32791 22338 12127 30559 1961 28598 3248 3868 152 8879 8495 5302 3193 2986 2823 2807 10211
is_linear=0
shrinkage=0.03


Tree=27
num_leaves=31
num_cat=0
split_feature=56 71 56 56 55 63 0 32 56 26 3 56 56 52 48 57 65 56 61 55 56 55 55 56 65 56 55 56 65 65
split_gain=1510.52 1175.62 554.6 390.552 380.681 365.821 346.582 325.413 312.126 279.066 261.433 260.663 277.702 325.568 294.735 359.864 482.252 503.24 432.762 542.918 270.81 417.24 486.266 352.574 325.749 299.976 297.954 402.005 301.588 292.806
threshold=0.0070793993871210567 1.0000000180025095e-35 0.0016060015895067055 0.047574675621158906 0.06386747763884322 1.0000000180025095e-35 8.9500000000000011 1.0000000180025095e-35 0.0016370956852815514 1.0000000180025095e-35 1.0000000180025095e-35 0.001933288950800299 0.0022020675352604339 1.0000000180025095e-35 1.0000000180025095e-35 2.5000000000000004 282.50000000000006 0.0029752212764485838 1.0000000180025095e-35 0.0092217361296526232 0.0066404463067947124 0.0066168109075340131 0.0067296068037407883 0.0037325599991217509 401.50000000000006 0.0037686893296689705 0.0040872057278096563 0.0049775421792727509 300.50000000000006 875.50000000000011
decision_type=2 2 2 2 2 2 2 2 2 2 2 2 2 2 2 2 2 2 2 2 2 2 2 2 2 2 2 2 2 2
left_child=1 2 7 6 5 8 10 -1 -4 11 -2 -10 -13 14 15 18 -17 -18 19 20 21 23 24 -14 -23 -25 27 -27 -29 -28
right_child=3 -3 4 -5 -6 -7 -8 -9 9 -11 -12 12 13 -15 -16 16 17 -19 -20 -21 -22 22 -24 25 -26 26 29 28 -30 -31
leaf_value=-0.034553778374661344 0.033961126084140841 0.045460930750131523 0.075890082865007272 0.046672208614638985 0.046109414438076347 0.032008717313787606 0.045952341756645171 0.057696576153335899 -0.033908201087187846 -0.037374312066370194 -0.04303115947867131 0.039782312999871131 -0.033886331205016551 0.074434408066109709 0.054913061456709933 0.036264044213912383 0.050279712965285182 -0.039161481243304895 0.076453935669873588 -0.028691378770046464 -0.033888738774413993 -0.025707914019672404 0.042249447256661417 0.11376078577914207 0.29143390674547215 -0.031925386545762179 -0.020601370519265954 0.065913745535795293 -0.031488351086673264 0.068186921939089887
leaf_weight=250.58041345328093 5961.5077042281628 1971.0616411166266 68.14243799354881 8307.2239627726376 477.8760386351496 1220.8545924178325 3010.2424436146393 38.944140315055847 102.07250666804612 101.0929554104805 39.149777451530099 348.59716965770349 153.80096227815375 70.709605131298304 122.33970800135285 650.31778365466744 80.716468197759241 183.50482995109633 61.072657626122236 535.28938113339245 117.38276785053313 3.579873918090013 94.385658157523721 26.427228548098356 11.753438385203481 65.292625935282558 257.14185425732285 197.86523792613298 32.805439473129809 37.414687192067504
leaf_count=8128 17340 1009 192 1775 243 1739 3600 63 3202 3035 476 3588 5826 357 352 4452 502 4228 158 3908 4944 182 533 141 23 3200 8312 3492 1407 229
internal_value=0.0371499 0.0256784 0.0183279 0.0419711 0.0206569 0.0179697 0.0376324 -0.0219892 0.0128018 0.0114575 0.0334517 0.0130348 0.0146162 0.0113557 0.00963282 0.00740372 0.022394 -0.0117517 -0.00120431 -0.00434564 0.0087301 0.014444 0.0689045 0.00661209 0.22035 0.0167466 0.01222 0.0334286 0.0519853 -0.0091309
internal_weight=24599.1 7281.02 5309.96 17318.1 5020.44 4542.56 9010.9 289.525 3321.71 3253.56 6000.66 3152.47 3050.4 2701.8 2631.09 2508.75 914.539 264.221 1594.21 1533.14 997.85 880.467 109.719 770.748 15.3333 616.947 590.52 295.963 230.671 294.557
internal_count=86636 63445 62436 23191 54245 54002 21416 8191 52263 52071 17816 49036 45834 42246 41889 41537 9182 4730 32355 32197 28289 23345 738 22607 205 16781 16640 8099 4899 8541
is_linear=0
shrinkage=0.03


Tree=28
num_leaves=31
num_cat=0
split_feature=56 71 56 32 0 60 57 65 0 65 56 37 58 0 65 25 65 0 65 65 55 57 41 57 17 55 65 55 55 55
split_gain=1167.88 754.122 879.64 803.012 405.931 352.496 367.235 327.022 317.029 443.643 261.037 232.886 250.487 350.069 359.932 371.683 430.463 319.405 313.275 232.996 225.735 234.151 215.66 211.721 207.986 292.131 232.746 269.253 255.343 230.251
threshold=0.047574675621158906 1.0000000180025095e-35 0.0021661074635644776 1.0000000180025095e-35 6.9500000000000011 1.0000000180025095e-35 8.5000000000000018 51.500000000000007 6.6500000000000012 358.50000000000006 0.001919494434714227 1.0000000180025095e-35 1.0000000180025095e-35 6.4500000000000011 267.50000000000006 1.0000000180025095e-35 58.500000000000007 6.0500000000000007 51.500000000000007 325.50000000000006 0.030522028566488325 3.5000000000000004 1.0000000180025095e-35 3.5000000000000004 1.0000000180025095e-35 0.0068272023513347773 138.50000000000003 0.000661284296626267 0.00027236291111624674 0.034771930691627664
decision_type=2 2 2 2 2 2 2 2 2 2 2 2 2 2 2 2 2 2 2 2 2 2 2 2 2 2 2 2 2 2
left_child=1 2 3 8 5 6 -4 -6 9 -1 -11 12 13 14 15 16 -7 -14 -15 20 21 -16 24 -13 26 -26 28 -28 -9 -30
right_child=-2 -3 4 -5 7 11 -8 22 -10 10 -12 23 17 18 19 -17 -18 -19 -20 -21 -22 -23 -24 -25 25 -27 27 -29 29 -31
leaf_value=-0.032151183568927495 0.046064101952992882 0.043032776749047701 -0.034046852460917938 0.069084909991575474 -0.052733512294034571 0.041344747671591346 0.044015011211595477 0.10949102848172707 -0.036503228527222327 -0.029899970101159638 0.095874836490233151 -0.032625807120593903 -0.039221382145481737 0.056377175178175115 0.07604984411693759 0.095320956589188932 -0.040920586145839905 0.054733412761717351 -0.039601371722318993 0.01887752454260487 -0.042779172018078709 -0.047011853481443211 -0.045721802206772674 0.15351770476387377 -0.035349359199946209 0.024917209367194541 -0.03470633045312374 0.035930623643092803 0.0090307406743211274 0.045066565155384035
leaf_weight=89.787289569387212 8066.9937769286335 4297.7039935179055 210.25482852989808 106.33269572816789 39.49249963182956 82.128514440730214 72.03291494352743 26.788570737466216 365.12680005747825 19.201536125969142 59.029553382657468 6.9445475833490518 36.055767202749848 36.667976739816368 203.06788411969319 29.40386632271111 183.22066477872431 283.3641999065876 163.75612774863839 279.54365899413824 17.326404137536883 14.282011510338632 30.525278093293309 20.775501790456474 88.271762893535197 383.16814220324159 48.093341912142932 8765.1489044157788 713.50361567363143 204.84170366078615
leaf_count=4891 1765 1503 14498 109 259 130 238 22 7625 1590 242 170 917 24 1266 46 4779 664 3275 3436 100 150 354 23 3508 1946 1610 25384 5784 60
internal_value=0.0366711 0.0321786 0.0284669 -0.00580404 0.0303029 0.0164195 -0.0140423 0.0325101 -0.0208416 0.0132079 0.0650161 0.0227641 0.0209197 0.0135675 0.0223582 -0.00406882 -0.0153989 0.0440386 -0.0218492 0.0374847 0.0594752 0.0677852 0.0328433 0.107372 0.0330822 0.013582 0.0340228 0.0355413 0.0198404 0.017109
internal_weight=24942.8 16875.8 12578.1 639.478 11938.7 1638.82 282.288 10299.8 533.145 168.018 78.2311 1356.54 1328.82 1009.4 808.973 294.753 265.349 319.42 200.424 514.22 234.676 217.35 10260.3 27.72 10229.8 471.44 9758.38 8813.24 945.134 918.345
internal_count=86368 84603 83100 14457 68643 29716 14736 38927 14348 6723 1832 14980 14787 13206 9907 4955 4909 1581 3299 4952 1516 1416 38668 193 38314 5454 32860 26994 5866 5844
is_linear=0
shrinkage=0.03


Tree=29
num_leaves=31
num_cat=0
split_feature=56 58 71 65 57 59 56 10 56 32 57 15 65 2 55 30 56 56 55 48 56 55 55 55 25 24 62 56 41 55
split_gain=1122.98 972.873 654.083 451.241 612.867 398.802 371.18 452.337 327.29 293.207 283.009 677.65 455.68 275.203 266.431 244.779 227.293 470.357 486.192 350.933 320.456 281.837 268.699 247.077 236.508 223.712 210.153 342.339 253.868 228.919
threshold=0.023561139330300889 1.0000000180025095e-35 1.0000000180025095e-35 751.50000000000011 1.5000000000000002 1.5000000000000002 0.001919494434714227 1.0000000180025095e-35 0.010386119285181602 1.0000000180025095e-35 3.5000000000000004 1.0000000180025095e-35 138.50000000000003 1.0000000180025095e-35 0.030649897275830201 1.0000000180025095e-35 0.0039470903806293018 0.0057950219280482303 0.0010735629434673237 1.0000000180025095e-35 0.0036472570579653518 0.051588093059875891 0.031781826281211616 0.0029021728080734686 1.0000000180025095e-35 1.0000000180025095e-35 1.0000000180025095e-35 0.0048172015739119875 1.0000000180025095e-35 0.0042056916755157572
decision_type=2 2 2 2 2 2 2 2 2 2 2 2 2 2 2 2 2 2 2 2 2 2 2 2 2 2 2 2 2 2
left_child=1 2 3 5 13 6 9 8 16 -1 11 15 -13 -5 -10 -3 20 18 -18 -20 23 22 -19 -8 -25 -15 -14 28 -28 -29
right_child=-2 10 -4 4 -6 -7 7 -9 14 -11 -12 12 26 25 -16 -17 17 21 19 -21 -22 -23 -24 24 -26 -27 27 29 -30 -31
leaf_value=-0.034146182701465119 0.041971256463946872 -0.036118418538186974 0.042198188247555772 -0.038217097550836104 -0.040507590288534255 0.045282894258961981 -0.033956908235525204 -0.038100926597846259 -0.044674743646224147 0.051618092779831266 0.04366228976382916 -0.0046368390468389696 0.043560524733152861 0.052036294944437379 0.016248115120420337 0.047062281785573291 0.050258536747491089 0.016367746789857751 -0.039553265286504026 0.052924486609754427 0.060457774668302884 0.044793360095909569 -0.044406999423908515 0.031280585017008852 -0.038292216049005783 0.15002363751563577 0.037887411724247748 0.04247085137253994 0.1426431584436656 -0.016373765859010323
leaf_weight=260.27795841824263 12897.036950491369 173.13698413572274 1013.4709125868976 28.539575238246471 73.930141678778455 301.7554813765455 69.181220105383545 152.80350009864196 145.11220737919211 40.677786288782954 3213.4971792078577 239.95148983155377 1855.1289217686281 476.05308811832219 115.08605604991317 38.059017015155405 83.28360040159896 1403.5842938926071 335.6486020530574 40.609411772340536 230.09207140281796 314.8908489830792 67.728719780221581 539.71193601191044 47.029309201985598 21.297435121610761 246.16743000992574 81.647760826162994 21.974925749003887 211.43048068881035
leaf_count=8057 5734 9738 513 317 1398 2350 3188 4171 1135 66 3813 3197 4426 1208 229 187 1020 17320 7005 71 996 215 379 4426 590 119 1217 492 4 2485
internal_value=0.0358444 0.0291686 0.020328 0.0156511 0.0399538 0.0121276 0.00951495 0.012232 0.01451 -0.0224216 0.0375389 0.0306638 0.034776 0.0513206 -0.0177694 -0.0209775 0.0171967 0.012111 -0.0149333 -0.0294583 0.030059 0.0190732 0.0135419 0.0193196 0.0256484 0.0565249 0.0386901 0.022542 0.0469705 0.000108249
internal_weight=24738.8 11841.8 5760.76 4747.29 599.82 4147.47 3845.72 3544.76 3391.96 300.956 6080.99 2867.5 2656.3 525.89 260.198 211.196 3131.76 2245.75 459.542 376.258 886.015 1786.2 1471.31 655.922 586.741 497.351 2416.35 561.221 268.142 293.078
internal_count=86066 80332 54773 54260 3042 51218 48868 40745 36574 8123 25559 21746 11821 1644 1364 9925 35210 26010 8096 7076 9200 17914 17699 8204 5016 1327 8624 4198 1221 2977
is_linear=0
shrinkage=0.03


Tree=30
num_leaves=31
num_cat=0
split_feature=56 56 71 0 56 57 25 32 56 65 65 58 65 65 27 56 21 9 31 65 65 62 56 65 67 65 57 60 17 57
split_gain=1060.93 740.091 657.521 429.489 355.141 642.139 519.737 283.991 381.312 318.13 577.914 331.915 310.026 287.802 231.513 223.487 223.456 214.082 206.706 188 336.635 339.522 308.776 308.313 175.912 167.626 271.396 680.917 232.239 225.294
threshold=0.047574675621158906 0.0011161097395399886 1.0000000180025095e-35 6.9500000000000011 0.0074326147304572326 6.5000000000000009 1.0000000180025095e-35 1.0000000180025095e-35 0.001933288950800299 170.50000000000003 158.50000000000003 1.0000000180025095e-35 51.500000000000007 51.500000000000007 1.0000000180025095e-35 0.0088004231848067046 1.0000000180025095e-35 1.0000000180025095e-35 1.0000000180025095e-35 192.50000000000003 186.50000000000003 1.0000000180025095e-35 0.0072401483730347776 199.50000000000003 1.0000000180025095e-35 456.50000000000006 1.5000000000000002 1.5000000000000002 1.0000000180025095e-35 4.5000000000000009
decision_type=2 2 2 2 2 2 2 2 2 2 2 2 2 2 2 2 2 2 2 2 2 2 2 2 2 2 2 2 2 2
left_child=1 -1 3 4 5 6 18 8 13 10 -9 -11 -10 -5 19 -6 -17 -16 -3 20 21 -14 -23 -21 25 28 -27 -28 -25 -30
right_child=-2 2 -4 7 15 -7 -8 9 12 11 -12 -13 14 -15 17 16 -18 -19 -20 23 -22 22 -24 24 -26 26 27 -29 29 -31
leaf_value=-0.033035668067488436 0.043724184384940808 -0.026995769978373704 0.041345072395820741 0.058467627734565444 0.06783900058860598 0.053742495255240406 0.058150319159120729 0.04893155714915353 -0.052308989416662656 -0.0139419170965869 0.14773126450768589 0.041957387947643171 0.028464501810458315 -0.037911141306559121 -0.046275482335350046 0.025258812071176279 -0.042855565416558876 0.039939571415519473 0.041603730002304551 0.056652314488776889 -0.05017556778232321 -0.039367046809761823 0.023264513209130391 0.031420115789843564 0.039478729562185094 0.033410178345949948 -0.045868934896905092 0.040396386963939858 -0.039924142117211806 0.030606512563838471
leaf_weight=164.39732642727904 7648.4423646293581 571.6618741126731 3988.3639516048133 34.534007167443633 104.53452507313341 159.49996383115649 80.979640662204474 280.28672124445438 41.396905113942921 114.26272391341627 65.456511488184333 571.29329731315374 2006.0133009385318 129.24539133766666 68.535216534510255 723.72133712191135 45.213933892548084 40.395926176570356 41.585437329020351 436.66119609866291 55.310568379238248 134.62277776375413 147.36772200837731 3765.2725190408528 1495.3637581691146 309.86185928061604 175.64913328271359 153.28050023689866 82.034226523712277 79.082854765467346
leaf_count=5885 1820 29182 1460 6 165 1061 1001 310 269 718 65 603 7474 2560 1094 2190 383 113 314 919 708 3983 1078 13436 2812 1710 2491 330 1943 299
internal_value=0.034524 0.0301417 0.0307969 0.0272623 0.0134183 -0.000345051 -0.0128312 0.0296083 0.0279206 0.0445476 0.0680085 0.0326338 0.0287473 -0.0173575 0.029128 0.0268556 0.0212032 -0.0142311 -0.0222838 0.0296638 0.0223587 0.0241333 -0.00666936 0.0322947 0.0305306 0.0275916 0.01331 -0.00566888 0.0299111 -0.00532956
internal_weight=23714.3 16065.9 15901.5 11913.1 1727.2 853.727 694.227 10185.9 9154.63 1031.3 345.743 685.556 8990.85 163.779 8949.45 873.47 768.935 108.931 613.247 8840.52 2343.31 2288 281.99 6497.21 6060.54 4565.18 638.791 328.93 3926.39 161.117
internal_count=86382 84562 78677 77217 34296 31558 30497 42921 41225 1696 375 1321 38659 2566 38390 2738 2573 1207 29496 37183 13243 12535 5061 23940 23021 20209 4531 2821 15678 2242
is_linear=0
shrinkage=0.03


Tree=31
num_leaves=31
num_cat=0
split_feature=56 58 71 56 11 56 65 63 60 56 8 56 56 55 55 2 55 55 55 55 55 65 50 59 60 66 56 60 65 54
split_gain=1112.17 1045.05 602.589 349.469 324.264 291.069 256.586 349.666 313.055 256.117 430.546 425.722 420.119 408.92 619.822 278.545 264.403 304.048 275.01 219.131 439.822 467.654 327.716 222.478 218.551 187.042 246.562 427.296 185.268 216.019
threshold=0.022911396799314965 1.0000000180025095e-35 1.0000000180025095e-35 0.001919494434714227 1.0000000180025095e-35 0.012841886520352541 144.50000000000003 1.0000000180025095e-35 1.5000000000000002 0.0039470903806293018 1.0000000180025095e-35 0.0074326147304572326 0.011975709061230659 0.0055825586881825175 0.00070332916830404132 1.0000000180025095e-35 0.06386747763884322 0.0040872057278096563 0.0040436066657152303 0.0097125389833710302 0.051588093059875891 1271.5000000000002 1.0000000180025095e-35 1.5000000000000002 1.5000000000000002 1.0000000180025095e-35 0.0058227935986299309 1.0000000180025095e-35 192.50000000000003 1.0000000180025095e-35
decision_type=2 2 2 2 2 2 2 2 2 2 2 2 2 2 2 2 2 2 2 2 2 2 2 2 2 2 2 2 2 2
left_child=1 2 3 -1 5 28 7 8 -3 24 11 16 -13 14 -12 -15 17 18 -11 25 21 22 23 -21 -6 26 -17 -28 -5 -30
right_child=-2 6 -4 4 9 -7 -8 -9 -10 10 13 12 -14 15 -16 19 -18 -19 -20 20 -22 -23 -24 -25 -26 -27 27 -29 29 -31
leaf_value=-0.014992011660863459 0.040208669256280444 -0.024731486175492839 0.041013824508382368 -0.039753861286328365 0.036491387721666442 0.038841353166540277 0.038394879045205881 0.035546619841521541 0.046390229802415452 -0.0095639892888302568 0.061958134072537786 0.051066070493193345 -0.044308545727989833 -0.040335087470965814 -0.036777516166992902 0.073190105021741059 0.031503676125335944 -0.040380842374680932 0.089345769668542102 -0.044303368459825021 0.045923529614051786 0.052062750679741893 0.063487321355037943 0.034012147480175489 -0.036839315207429467 0.06416571943647513 -0.036870956620678581 0.038039084193536854 -0.017227881947232151 0.020523332424963344
leaf_weight=349.17983321775682 12586.03090570122 213.97276404709555 869.83997765090317 137.40993614355102 899.97424201481044 138.15324637386948 5259.2973410570994 473.96002197917551 74.194303147261962 131.47485866956413 78.088564422912896 193.17122969217598 52.056719563901424 48.750804631505162 206.08351606689394 105.05625021457672 88.258169323205948 345.20903093041852 30.285419651307166 217.9851781767793 325.76200393214822 107.83678714931011 35.468442132696509 37.605921964161098 37.353152127936482 255.16002751141787 86.988172174431384 310.62397052068263 315.35531897470355 238.84505759179592
leaf_count=8844 5839 6676 517 4354 7585 289 18412 447 93 4448 680 285 384 525 5368 333 93 5482 33 1545 144 57 19 38 1058 436 2375 1078 6602 2324
internal_value=0.034022 0.027343 0.0180607 0.0138692 0.0161506 -0.00075249 0.0360359 0.0197279 -0.00632269 0.0200531 0.0152848 -0.00246635 0.0307223 0.0234997 -0.0095235 0.0296305 -0.0161684 -0.0245133 0.00938946 0.0319569 0.0201183 -0.00101798 -0.0207952 -0.0326929 0.033533 0.0432359 0.0325054 0.0215991 -0.00870625 -0.00095049
internal_weight=24249.4 11663.4 5641.98 4772.14 4422.96 829.764 6021.42 762.127 288.167 3593.19 2655.87 840.455 245.228 1815.41 284.172 1531.24 595.227 506.969 161.76 1482.49 724.658 398.896 291.06 255.591 937.327 757.828 502.668 397.612 691.61 554.2
internal_count=86363 80524 54896 54379 45535 13569 25628 7216 6769 31966 23323 10725 669 12598 6048 6550 10056 9963 4481 6025 1803 1659 1602 1583 8643 4222 3786 3453 13280 8926
is_linear=0
shrinkage=0.03


Tree=32
num_leaves=31
num_cat=0
split_feature=71 0 17 32 0 57 65 15 65 65 51 65 67 60 58 59 29 57 65 13 0 0 37 59 67 13 65 65 60 65
split_gain=567.994 242.14 382.494 419.853 255.725 371.294 251.217 204.565 347.544 202.059 200.182 195.619 179.367 183.823 172.324 224.826 188.67 158.359 273.787 250.535 345.107 316.836 304.031 434.33 252.554 245.822 215.584 260.907 316.966 232.765
threshold=1.0000000180025095e-35 6.3500000000000005 1.0000000180025095e-35 1.0000000180025095e-35 8.5500000000000025 2.5000000000000004 410.50000000000006 1.0000000180025095e-35 154.50000000000003 58.500000000000007 1.0000000180025095e-35 829.50000000000011 1.0000000180025095e-35 1.5000000000000002 1.0000000180025095e-35 1.5000000000000002 1.0000000180025095e-35 1.5000000000000002 55.500000000000007 1.0000000180025095e-35 8.9500000000000011 9.0500000000000025 1.0000000180025095e-35 1.0000000180025095e-35 1.0000000180025095e-35 1.0000000180025095e-35 541.50000000000011 319.50000000000006 5.5000000000000009 170.50000000000003
decision_type=2 2 2 2 2 2 2 2 2 2 2 2 2 2 2 2 2 2 2 2 2 2 2 2 2 2 2 2 2 2
left_child=1 6 10 4 5 -4 7 -1 -9 -7 14 -8 13 -11 15 16 17 25 -19 20 -20 24 -23 -24 26 -3 27 28 29 -21
right_child=-2 2 3 -5 -6 9 11 8 -10 12 -12 -13 -14 -15 -16 -17 -18 18 19 21 -22 22 23 -25 -26 -27 -28 -29 -30 -31
leaf_value=0.028745544755953912 0.041264114421906327 -0.012848841169170335 -0.027860627114543665 0.13308379918126384 0.039114854755843899 0.094618406309977171 -0.038312355863687482 0.027021888308109799 -0.03983630018730186 -0.040661205853002133 -0.046128558259606947 0.019393375481744732 0.05342052028104656 0.022356692284842147 0.036962677550563865 0.044439175858644313 -0.037626171282767386 -0.057534828543862333 -0.048967676085434536 0.03274650894962771 0.054610464233294249 -0.0036502669710600302 -0.047710819024958252 0.18248156775780217 0.059035758822321677 0.034042955422953367 -0.018843025477779635 0.037408393919197966 -0.071669378016316149 0.010758446149082125
leaf_weight=1399.7680984577164 5568.5414500571787 102.49010386527516 279.8848210927099 23.21163465641439 160.93631791626103 29.259408615529537 109.62606060644612 180.01571191311814 113.07208899175748 71.272843544837087 28.247805271996185 100.39721762528643 66.721423688810319 97.377301912754774 5406.643952178536 912.61631324165501 37.546254860935733 35.088656585663557 30.439205189468339 783.22807816579007 400.84535754425451 511.99889049981721 11.517788299126552 17.949061498045921 202.35627258592285 4397.1112288327422 99.474690473638475 1102.244069035165 33.213800922036171 971.67737035243772
leaf_count=20059 1586 845 6589 6 364 9 4914 741 2887 2247 389 958 133 592 13478 1175 1100 211 421 1716 222 2742 99 24 316 15915 1169 1810 152 3542
internal_value=0.0329001 0.030269 0.0314867 0.0102406 0.00601596 -0.00382047 0.0201384 0.0239767 0.00118052 0.0216146 0.0325123 -0.0107662 0.0121775 -0.00435785 0.0326628 0.0302501 0.0287631 0.029054 0.0248493 0.0255571 0.0472038 0.0230446 0.00182138 0.0938929 0.0266428 0.0329723 0.0244314 0.0259268 0.0188323 0.020585
internal_weight=23284.8 17716.2 15813.4 728.664 705.452 544.516 1902.88 1692.86 293.088 264.631 15084.7 210.023 235.372 168.65 15056.4 9649.8 8737.18 8699.63 4200.03 4164.94 431.285 3733.66 541.466 29.4668 3192.19 4499.6 2989.84 2890.36 1788.12 1754.91
internal_count=86411 84825 55266 9940 9934 9570 29559 23687 3628 2981 45326 5872 2972 2839 44937 31459 30284 29184 12424 12213 643 11570 2865 123 8705 16760 8389 7220 5410 5258
is_linear=0
shrinkage=0.03


Tree=33
num_leaves=31
num_cat=0
split_feature=55 26 29 55 0 58 0 55 55 55 59 65 23 62 37 0 15 65 0 65 0 17 55 57 55 66 0 55 55 23
split_gain=391.958 345.061 348.888 324.693 274.855 254.839 343.142 277.968 202.615 180.344 235.521 394.671 707.749 361.49 332.443 272.304 376.508 242.774 347.883 210.369 188.568 233.476 191.036 484.212 256.954 359.458 170.065 163.36 162.485 155.716
threshold=0.000661284296626267 1.0000000180025095e-35 1.0000000180025095e-35 0.01115846687889677 3.8500000000000001 1.0000000180025095e-35 6.0500000000000007 0.031824896673176999 0.003521635503638119 0.06386747763884322 1.0000000180025095e-35 261.50000000000006 1.0000000180025095e-35 1.0000000180025095e-35 1.0000000180025095e-35 4.4500000000000011 1.0000000180025095e-35 290.50000000000006 6.9500000000000011 1369.5000000000002 6.4500000000000011 1.0000000180025095e-35 0.0081438441149685719 5.5000000000000009 0.0055825586881825175 1.0000000180025095e-35 8.9500000000000011 0.0031429205094269147 0.068361472679930133 1.0000000180025095e-35
decision_type=2 2 2 2 2 2 2 2 2 2 2 2 2 2 2 2 2 2 2 2 2 2 2 2 2 2 2 2 2 2
left_child=-1 2 4 8 -2 9 7 -7 27 10 11 12 20 29 17 16 -14 -12 19 -19 -6 22 24 -24 25 -22 -27 -3 -4 -13
right_child=1 3 28 -5 5 6 -8 -9 -10 -11 14 13 15 -15 -16 -17 -18 18 -20 -21 21 -23 23 -25 -26 26 -28 -29 -30 -31
leaf_value=-0.017617510884793765 -0.038684167020704187 -0.040406428775653709 -0.040877828059840166 0.031280903029870612 0.053903362211887233 -0.036539587765134468 0.038680963706785754 0.031427820847755611 -0.042689325476234719 0.042842396005209255 0.037535852024000942 0.030127005283787714 -0.036604579598235119 -0.042949810597194819 0.083963679431789631 -0.027957821785899332 0.12985924481359856 -0.039941871125909058 0.028193696387627473 0.044073400513274005 -0.03876047600506026 -0.039571251602163425 0.019119254430494202 -0.075349778183814775 0.039173100491620427 0.061129120122146254 -0.040653206592807953 0.038244717851130094 0.039448373631804846 0.043078267283589787
leaf_weight=138.20603966154158 46.294694912387058 34.09132353332825 82.181145124370232 257.85904186172411 177.5904101091437 98.542776081943884 8925.9500543938484 117.76911113597453 128.07996597886086 1127.2037252932787 3982.2108676771168 3302.4139289162122 23.473837611731142 55.654035593615845 122.05229803314433 350.53858188446611 23.769577022641897 115.25468313298188 1050.1634000155609 33.969528693705797 98.862781947478652 53.489842731505632 1211.1090455176309 49.909786785021424 904.69030384905636 78.311894616810605 17.416732752462849 72.912001642864197 30.258356750011444 1129.3435725222807
leaf_count=5837 1409 815 2502 224 829 5741 15852 104 2860 424 7524 9736 728 1271 182 7574 77 3835 4109 49 2079 1336 2053 226 2004 520 268 265 7 6062
internal_value=0.0326523 0.0329462 0.0334738 0.00808968 0.0337305 0.0338777 0.0377763 0.000439011 -0.0173731 0.0313123 0.0302921 0.0268524 0.0183966 0.0324796 0.035135 -0.0188262 0.0481041 0.0339689 0.0221045 -0.0206505 0.0241155 0.0219025 0.0233118 0.0153235 0.0324531 0.00116998 0.0423821 0.0130443 -0.0191042 0.0334363
internal_weight=23839.6 23701.4 23208.4 492.942 23096 23049.7 9142.26 216.312 235.083 13907.4 12780.2 7476.57 2989.16 4487.41 5303.65 397.782 47.2434 5181.6 1199.39 149.224 2591.38 2413.79 2360.3 1261.02 1099.28 194.591 95.7286 107.003 112.44 4431.76
internal_count=86502 80665 76501 4164 73992 72583 21697 5845 3940 50886 50462 34763 17694 17069 15699 8379 805 15517 7993 3884 9315 8486 7150 2279 4871 2867 788 1080 2509 15798
is_linear=0
shrinkage=0.03


Tree=34
num_leaves=31
num_cat=0
split_feature=71 60 0 65 55 55 55 55 59 63 72 0 65 65 65 55 55 29 2 0 0 0 51 65 65 55 5 65 55 65
split_gain=456.561 283.395 593.441 393.054 368.503 400.121 339.239 622.374 330.978 300.819 295.307 213.972 209.657 258.987 258.649 203.587 186.193 184.789 183.355 246.848 172.979 165.59 153.032 148.411 184.018 168.977 137.951 135.58 200.279 133.672
threshold=1.0000000180025095e-35 1.0000000180025095e-35 6.9500000000000011 138.50000000000003 0.0015803333099937355 0.001581171826617579 0.0045156434605919558 0.0059228531034993181 1.0000000180025095e-35 1.0000000180025095e-35 1.0000000180025095e-35 3.8500000000000001 245.50000000000003 223.50000000000003 237.50000000000003 0.034771930691627664 0.057612852812660494 1.0000000180025095e-35 1.0000000180025095e-35 7.0500000000000007 7.7500000000000009 9.0500000000000025 1.0000000180025095e-35 158.50000000000003 170.50000000000003 0.0021089081406406199 1.0000000180025095e-35 58.500000000000007 0.025074921457035035 153.50000000000003
decision_type=2 2 2 2 2 2 2 2 2 2 2 2 2 2 2 2 2 2 2 2 2 2 2 2 2 2 2 2 2 2
left_child=1 2 15 27 9 21 8 -8 12 -3 18 -7 13 20 -15 -1 17 22 19 -9 -5 -6 26 -22 25 -25 -13 -4 -29 -20
right_child=-2 4 3 6 5 11 7 10 -10 -11 -12 16 -14 14 -16 -17 -18 -19 29 -21 23 -23 -24 24 -26 -27 -28 28 -30 -31
leaf_value=-0.033708220686129317 0.03979066383421203 -0.031654311201290017 0.02615746707676652 -0.039119671998728962 -0.028186555322445142 -0.038240792870938706 -0.041428291163418229 0.048312346981076448 -0.037197321900832456 0.040524560112390778 -0.064435044184777399 0.03143004512414907 0.036567871076271331 0.16703342786305028 0.05676792369195597 0.021585332778883658 0.041235724938718625 -0.041616527919061189 0.047496448833073371 -0.04957547579680472 -0.033646815524157617 0.13269735561297655 -0.044234035665726056 0.050421621966871367 0.043552599046665016 0.13717880463841337 -0.041867189478116983 -0.038552161449675722 0.019075200844278731 0.026253050588129663
leaf_weight=213.74047330464236 5624.651347043924 146.3789932357613 87.527224222198129 17.038275009952486 6.1836931151337913 38.058274822542444 128.80898924870417 36.874714035540819 42.869961844524369 79.289055879693478 30.476368937641382 12873.413810493192 606.78556570783257 39.639816862531006 39.143113015219569 82.340200396254659 1830.3671400491148 30.659120445605367 342.11061042360961 58.876184292370453 14.450322485994546 47.043394476175308 23.356227587908506 38.356262764893472 154.90775381308049 46.340888816863298 22.334177574608475 147.03203535662033 84.929106002673507 1237.9024646312464
leaf_count=16268 1599 8854 391 560 367 992 2836 35 1207 98 150 34402 2557 192 120 101 617 467 550 1028 413 21 278 79 622 110 344 4807 314 5995
internal_value=0.0322963 0.0300215 0.0222503 0.0260624 0.0317959 0.0323732 0.0296168 0.0219368 0.0436806 -0.00622718 0.0267418 0.032073 0.04734 0.0658645 0.113646 -0.0183102 0.0322566 0.0309844 0.0284375 -0.0117681 0.0516119 0.113831 0.0311599 0.0578263 0.0634599 0.0989365 0.0312999 -0.00546726 -0.0174615 0.0308799
internal_weight=24171.9 18547.2 3450.15 3154.07 15097.1 14871.4 2834.58 1835.05 999.532 225.668 1706.24 14818.2 956.662 349.876 78.7829 296.081 14780.1 12949.8 1675.76 95.7509 271.094 53.2271 12919.1 254.055 239.605 84.6972 12895.7 319.488 231.961 1580.01
internal_count=86374 84775 38335 21966 46440 37488 16454 10594 5860 8952 7758 37100 4653 2096 312 16369 36108 35491 7608 1063 1784 388 35024 1224 811 189 34746 5512 5121 6545
is_linear=0
shrinkage=0.03


Tree=35
num_leaves=31
num_cat=0
split_feature=56 71 56 55 70 54 0 55 0 29 0 0 65 55 55 48 59 62 16 65 55 2 62 65 55 65 0 57 55 56
split_gain=1044.56 906.314 604.704 339.038 328.184 308.248 488.19 392.341 415.959 313.413 248.877 248.606 246.088 230.352 286.708 251.253 264.477 426.547 250.305 250.194 226.123 280.937 255.994 224.105 259.689 213.924 265.72 211.105 210.077 204.682
threshold=0.023561139330300889 1.0000000180025095e-35 0.0013997099996706566 0.0019941073967910724 1.0000000180025095e-35 1.0000000180025095e-35 6.9500000000000011 0.0070793993871210567 7.2500000000000009 1.0000000180025095e-35 9.7000000000000011 3.3500000000000001 251.50000000000003 0.0046575976997566331 0.0050196496539913205 1.0000000180025095e-35 1.5000000000000002 1.0000000180025095e-35 1.0000000180025095e-35 62.500000000000007 0.0097125389833710302 1.0000000180025095e-35 1.0000000180025095e-35 290.50000000000006 0.0092217361296526232 288.50000000000006 7.9500000000000011 3.5000000000000004 0.012237203456119618 0.012841886520352541
decision_type=2 2 2 2 2 2 2 2 2 2 2 2 2 2 2 2 2 2 2 2 2 2 2 2 2 2 2 2 2 2
left_child=1 2 -1 -2 5 9 11 8 -8 13 29 -7 -12 18 -15 16 17 -16 -4 -19 22 -22 23 25 -25 26 -9 -18 -23 -10
right_child=3 -3 4 -5 -6 6 7 20 10 -11 12 -13 -14 14 15 -17 27 19 -20 -21 21 28 -24 24 -26 -27 -28 -29 -30 -31
leaf_value=-0.033454888293904091 0.095624549877494427 0.038264575857779946 0.035846327655791495 0.036399208909902975 -0.046932712579841225 0.041519100279295819 0.062193305836177375 0.087524672291878339 -0.038214340958572131 -0.038222497744954065 -0.041517148019371133 -0.035365794659393067 0.029292351062750941 -0.039984612865460858 0.021317561002800446 0.048869005488705757 -0.039275819765821 0.062632674101430183 -0.030503090224451492 -0.020045841390390656 -0.013197594747891324 -0.041869614577743366 -0.034721039226429704 -0.03846789125891531 0.073347749466512444 0.1682458990872539 0.0072927458682800969 0.052363784346147586 0.031596708504273312 0.038279629145448697
leaf_weight=191.6435654181987 87.047155145555735 3008.0410339515656 1764.4927884144709 11504.536077193916 63.885608656331897 43.42724386556074 77.013230481185019 125.73297518119216 274.0053514954634 70.604898720979691 58.071714133024216 259.27592058246955 174.54562535788864 67.038961159996688 3205.091424358543 294.04424473177642 23.69916062662378 35.423922199755907 51.9775243436452 345.87330700480379 188.99068132042885 36.084109850227833 28.80301882699132 39.523577471263707 33.749494045972824 19.272921668365598 52.832345938310027 308.27284558909014 681.83501581475139 34.741700358688831
leaf_count=6918 33 1418 14778 5700 674 501 539 316 6682 2455 970 10061 720 1666 17072 388 596 81 5065 5833 635 230 729 449 20 7 322 597 1069 25
internal_value=0.0304873 0.0241012 0.0191144 0.0368522 0.0203236 0.0208472 0.0109946 0.0168473 -0.00258229 0.0242448 -0.0118948 -0.0242351 0.0115131 0.0249745 0.0211652 0.0221477 0.0201305 0.0177494 0.033932 -0.012221 0.026797 0.0192918 0.0493524 0.0583791 0.0133284 0.0749136 0.0639592 0.0457234 0.027851 -0.0295111
internal_weight=23149.6 11558 8549.95 11591.6 8358.31 8294.42 2127.9 1825.2 618.378 6166.52 541.364 302.703 232.617 6095.91 4279.44 4212.4 3918.36 3586.39 1816.47 381.297 1206.82 906.91 299.914 271.111 73.2731 197.838 178.565 331.972 717.919 308.747
internal_count=86549 80816 79398 5733 72480 71806 23275 12713 8936 48531 8397 10562 1690 46076 26233 24567 24179 22986 19843 5914 3777 1934 1843 1114 469 645 638 1193 1299 6707
is_linear=0
shrinkage=0.03


Tree=36
num_leaves=31
num_cat=0
split_feature=56 71 54 65 56 24 57 57 56 20 65 31 58 47 0 48 56 56 0 56 32 65 56 56 0 65 0 0 56 67
split_gain=1048.06 634.608 711.123 500.716 447.102 296.919 329.636 252.921 241.263 240.521 305.874 233.599 260.315 312.052 252.567 281.496 331.629 485.482 378.705 341.071 247.793 245.072 244.908 230.683 218.67 323.708 216.123 211.115 208.532 318.1
threshold=0.011338004811851243 1.0000000180025095e-35 1.0000000180025095e-35 751.50000000000011 0.0068179619555235353 1.0000000180025095e-35 61.500000000000007 1.5000000000000002 0.0045541502434662514 1.0000000180025095e-35 272.50000000000006 1.0000000180025095e-35 1.0000000180025095e-35 1.0000000180025095e-35 6.4500000000000011 1.0000000180025095e-35 0.0039470903806293018 0.0067497694644379725 8.0500000000000025 0.0028543105875636922 1.0000000180025095e-35 425.50000000000006 0.0028543105875636922 0.047574675621158906 9.7000000000000011 102.50000000000001 9.8500000000000032 7.8500000000000005 0.0055721364692771459 1.0000000180025095e-35
decision_type=2 2 2 2 2 2 2 2 2 2 2 2 2 2 2 2 2 2 2 2 2 2 2 2 2 2 2 2 2 2
left_child=1 2 5 4 7 11 -7 24 -5 10 -6 12 13 14 -1 16 19 -18 -19 27 22 -20 -14 -2 -4 -26 -9 -16 -24 -30
right_child=23 -3 3 8 9 6 -8 26 -10 -11 -12 -13 20 -15 15 -17 17 18 21 -21 -22 -23 28 -25 25 -27 -28 -29 29 -31
leaf_value=0.037077356744619885 0.032082413762349181 0.036615513826450945 -0.013811319841620323 -0.035503791115154469 -0.028749111457532395 -0.03430220443748918 0.069208432436469222 -0.041191550388238171 0.047875618947285634 0.038429198199742401 0.02200646887765154 0.045416662350329602 -0.039616446038940364 0.054884507309536971 0.014111830851293704 0.047903728734151517 -0.026025838695421303 -0.025536738077099577 0.029834937548095859 0.041954561239674594 0.044639202483148323 -0.042849545792193376 0.037504104917932962 0.040106218366452361 0.074753268650600765 -0.03722819948105701 0.036947324604784539 -0.040043399697597577 0.0032866124749062384 0.036477112846072725
leaf_weight=382.04720686329529 5887.4699950180948 2629.9513505510986 335.94242031406611 34.569741994608194 180.16396364942193 140.28985878452659 33.466402888298035 384.58882634434849 270.07700916891918 241.11344619700685 259.54765378916636 493.11260264436714 51.09654145501554 184.76479541370645 297.00672232080251 167.59348658821546 471.93533414974809 178.43609098019078 541.96682841703296 403.9289146438241 785.09446033276618 44.357990401796997 846.67008531093597 7229.6764253638685 66.362971985712647 34.707347637275234 33.961326599121094 81.785703207366168 606.69438476441428 453.91660204902291
leaf_count=5839 5639 1355 7714 764 2410 11058 2 9372 1011 2463 1793 1518 1811 326 3645 415 6701 2272 2338 1868 864 496 4247 1813 101 699 39 1399 5965 568
internal_value=0.0308319 0.0238288 0.019624 0.00326061 -0.00371341 0.0245098 -0.0140835 -0.0181407 0.0383289 0.0144167 0.00119223 0.0256314 0.0238488 0.0173217 0.0145999 0.0106582 0.00754501 -0.00212891 0.0126327 0.022813 0.0303917 0.0242724 0.0246601 0.0365076 -0.00216281 0.0363111 -0.0347784 0.00234444 0.026402 0.0175123
internal_weight=23752.3 10635.2 8005.2 1841.03 1536.39 6164.16 173.756 855.563 304.647 680.825 439.712 5990.41 5497.3 2753.82 2569.06 2187.01 2019.42 1236.7 764.761 782.721 2743.47 586.325 1958.38 13117.1 437.013 101.07 418.55 378.792 1907.28 1060.61
internal_count=86505 79053 77698 26366 24591 51332 11060 17925 1775 6666 4203 40272 38754 25299 24973 19134 18719 11807 5106 6912 13455 2834 12591 7452 8514 800 9411 5044 10780 6533
is_linear=0
shrinkage=0.03


Tree=37
num_leaves=31
num_cat=0
split_feature=56 71 58 56 65 57 55 55 59 55 65 47 55 60 59 57 15 55 55 56 65 65 55 65 18 56 15 65 56 57
split_gain=1102.46 771.744 579.884 671.762 234.004 542.932 276.069 255.305 294.894 462.283 303.073 784.256 269.496 230.891 229.865 225.632 479.514 409.652 219.644 565.166 324.032 286.49 214.07 240.184 239.272 212.903 204.624 194.651 191.641 191.007
threshold=0.032660197162707801 1.0000000180025095e-35 1.0000000180025095e-35 0.001933288950800299 751.50000000000011 1.5000000000000002 0.011945845925157792 0.06386747763884322 1.0000000180025095e-35 0.030522028566488325 344.50000000000006 1.0000000180025095e-35 0.0034299781365728171 1.0000000180025095e-35 1.5000000000000002 2.5000000000000004 1.0000000180025095e-35 0.025300402343066578 0.0081438441149685719 0.0063783844441154579 245.50000000000003 184.50000000000003 0.025074921457035035 138.50000000000003 1.0000000180025095e-35 0.0025456504647815609 1.0000000180025095e-35 55.500000000000007 0.026231540054596634 2.5000000000000004
decision_type=2 2 2 2 2 2 2 2 2 2 2 2 2 2 2 2 2 2 2 2 2 2 2 2 2 2 2 2 2 2
left_child=1 2 3 14 7 6 -6 8 9 18 12 -12 -10 -14 -1 16 -4 22 26 -20 21 28 23 27 -25 -17 -5 -18 -21 -15
right_child=-2 -3 15 4 5 -7 -8 -9 10 -11 11 -13 13 29 -16 25 17 -19 19 20 -22 -23 -24 24 -26 -27 -28 -29 -30 -31
leaf_value=-0.034855867423438318 0.037461398940710058 0.036983674035955143 -0.036284485120302364 -0.013107935442974389 0.052363609729140864 -0.043539029372049107 -0.0070104319661469655 0.036999211103636798 -0.033116609082688188 -0.047657584589339705 -0.039954606131859589 0.082422156186941237 -0.036104305789421719 0.026600971023922254 0.040250094448973178 -0.040719630625324015 0.043992007910191762 -0.061587400325224015 -0.042263060581923029 -0.046578377244269178 0.021334631123270525 -0.054794074088943774 0.065381756609611236 -0.039303480301762159 0.031144947624575727 0.034542599070157436 0.019939202551788764 -0.038400164456303808 0.019981502597042296 0.052944322641396535
leaf_weight=309.15527548687533 9453.6113394387066 3223.9315224289894 127.33080216450617 187.89321117964573 483.29265241138637 71.539975793100893 82.227138434071094 420.7290352024138 60.331652658991516 131.04475886002183 178.8356557385996 62.876695467159152 43.40651900973171 934.56664490140975 40.746799062704667 33.447653252631426 34.895258480682969 47.234050860628486 230.62710659764707 49.455680436454713 688.18704265030101 107.45156618021429 121.16741865873337 44.463990489952266 1033.6397303657141 2786.5702137509361 1592.6443831943907 91.259915575617924 169.56053640693426 338.94489273661748
leaf_count=9304 3331 1432 8265 10266 1128 1202 354 297 2824 890 3946 25 1667 2192 364 1115 46 256 2582 430 1725 716 56 1121 5076 6550 15629 2729 271 722
internal_value=0.0295759 0.0241432 0.0201988 0.0143031 0.0167257 0.0338801 0.0437334 0.0146166 0.0126375 0.00729504 0.023044 -0.00791228 0.0284787 0.0313235 -0.0260198 0.0286324 0.0192098 0.0243802 0.00968994 2.38227e-05 0.00966762 -0.0149162 0.0274879 0.0236241 0.0282057 0.0336358 0.0164465 -0.0154433 0.00480834 0.0336483
internal_weight=23181.1 13727.5 10503.5 6183.52 5833.62 637.06 565.52 5196.56 4775.83 3156.86 1618.96 241.712 1377.25 1316.92 349.902 4320.01 1499.99 1372.66 3025.82 1245.28 1014.65 326.468 1325.43 1204.26 1078.1 2820.02 1780.54 126.155 219.016 1273.51
internal_count=86511 83180 81748 56534 46866 2684 1482 44182 43885 32509 11376 3971 7405 4581 9668 25214 17549 9284 31619 5724 3142 1417 9028 8972 6197 7665 25895 2775 701 2914
is_linear=0
shrinkage=0.03


Tree=38
num_leaves=31
num_cat=0
split_feature=56 71 56 58 39 56 56 48 55 72 56 58 67 55 56 0 55 55 55 0 54 55 30 55 41 0 56 0 11 54
split_gain=996.72 764.728 440.984 329.156 335.255 250.904 438.342 340.416 348.573 375.055 370.231 372.846 295.442 268.546 296.945 268.13 263.359 789.638 256.713 249.92 349.691 234.169 233.681 343.782 243.007 211.388 195.631 214.407 316.456 241.91
threshold=0.047574675621158906 1.0000000180025095e-35 0.00078054427200581185 1.5000000000000002 1.0000000180025095e-35 0.0070793993871210567 0.0039470903806293018 1.0000000180025095e-35 0.048763003506173415 1.0000000180025095e-35 0.0062989368783132943 1.0000000180025095e-35 1.0000000180025095e-35 0.00027236291111624674 0.006175010396599955 5.6500000000000012 0.0066746296630805562 0.0066168109075340131 0.015677023898642627 9.7000000000000011 1.0000000180025095e-35 0.019787995055137977 1.0000000180025095e-35 0.0038125144263475201 1.0000000180025095e-35 5.2500000000000009 0.0032610673789118349 7.8500000000000005 1.0000000180025095e-35 1.0000000180025095e-35
decision_type=2 2 2 2 2 2 2 2 2 2 2 2 2 2 2 2 2 2 2 2 2 2 2 2 2 2 2 2 2 2
left_child=1 2 -1 4 5 6 26 8 9 10 11 13 -12 -8 19 -16 17 -14 25 -15 -21 -20 24 -24 -13 -7 27 28 -4 -30
right_child=-2 -3 3 -5 -6 18 7 -9 -10 -11 12 22 16 14 15 -17 -18 -19 21 20 -22 -23 23 -25 -26 -27 -28 -29 29 -31
leaf_value=-0.032637965559541626 0.038577409331692826 0.036999145064434566 -0.014416893356379074 0.033811604005971753 -0.049285935901986766 -0.033679760045591853 0.066755508471772779 0.046308757971382869 0.031033043471695262 0.044348531494562096 -0.039252758972299288 0.012995897907298378 -0.039973225926552391 -0.037319398066752323 0.065515847904761726 -0.037538850205840031 -0.045149012650470097 0.12316127189106901 -0.050151369213462575 -0.042543334969278868 0.03522217288905341 0.018655697259365802 0.17819832288282272 -0.041094726957701361 0.10252863569254517 0.031150253980318648 0.037516147633188508 -0.0015897364695347934 0.040140037774820135 -0.0047684990800036086
leaf_weight=133.66091579245403 6967.9720941521227 3667.5310819707811 149.13381898589432 1804.2999077173881 61.70423323335126 45.153501268941909 37.784114547073841 179.3138416018337 350.28936075419188 147.97470324859023 398.56376764853485 475.24196923593991 56.409319907426834 374.7846280306112 69.667949560331181 32.705915510188788 52.617834687232971 49.101263659074903 44.380446779541671 87.244721257127821 125.86343481577933 2524.1948691625148 18.402126718312505 9.1452795295044762 27.987586597912014 3130.0355513445102 750.49976700497791 355.86672247806564 682.43422054126859 127.96893845498562
leaf_count=4412 1810 1493 4742 3173 848 1721 548 278 332 203 11638 6477 708 10241 212 653 469 25 340 1089 418 3340 33 180 55 14334 4828 3439 5055 3382
internal_value=0.0291076 0.0249737 0.021386 0.021982 0.0199196 0.0203388 0.0150778 0.00660558 0.00350998 -0.00141346 -0.00516567 0.00384618 -0.0255142 -0.0100902 -0.014387 0.0325478 0.00914298 0.0363879 0.0245113 -0.0226015 0.00333561 0.0174478 0.0229453 0.106507 0.0181688 0.030218 0.0252937 0.018297 0.0256665 0.0330515
internal_weight=22937.9 15970 12302.4 12168.8 10364.5 10302.8 4559 2493.1 2313.78 1963.49 1815.52 1258.83 556.692 728.051 690.267 102.374 158.128 105.511 5743.76 587.893 213.108 2568.58 530.777 27.5474 503.23 3175.19 2065.9 1315.4 959.537 810.403
internal_count=86476 84666 83173 78761 75588 74740 55005 33559 33281 32949 32746 19906 12840 13161 12613 865 1202 733 19735 11748 1507 3680 6745 213 6532 16055 21446 16618 13179 8437
is_linear=0
shrinkage=0.03


Tree=39
num_leaves=31
num_cat=0
split_feature=56 71 58 0 57 59 57 56 55 55 44 65 55 0 65 56 30 72 65 65 31 13 55 72 49 2 55 65 65 56
split_gain=1270.03 657.029 424.116 317.037 306.032 299.49 392.965 379.567 349.041 359.833 320.093 301.138 332.123 315.162 361.386 309.6 267.261 266.819 343.313 452.52 350.671 253.002 246.61 225.767 244.426 224.736 224.66 292.816 346.249 215.053
threshold=0.023561139330300889 1.0000000180025095e-35 1.0000000180025095e-35 6.9500000000000011 61.500000000000007 1.5000000000000002 1.5000000000000002 0.006175010396599955 0.011945845925157792 0.06386747763884322 1.0000000180025095e-35 198.50000000000003 0.086183747651422601 8.1500000000000004 425.50000000000006 0.0093449173492394354 1.0000000180025095e-35 1.0000000180025095e-35 65.500000000000014 1271.5000000000002 1.0000000180025095e-35 1.0000000180025095e-35 0.0019941073967910724 1.0000000180025095e-35 1.0000000180025095e-35 1.0000000180025095e-35 0.0072480298081758826 116.50000000000001 284.50000000000006 0.047574675621158906
decision_type=2 2 2 2 2 2 2 2 2 2 2 2 2 2 2 2 2 2 2 2 2 2 2 2 2 2 2 2 2 2
left_child=1 2 5 4 -4 6 8 10 26 17 16 12 -9 14 15 -13 -8 18 25 20 -20 -15 -2 24 -23 -10 27 -1 -29 -24
right_child=22 -3 3 -5 -6 -7 7 11 9 -11 -12 13 -14 21 -16 -17 -18 -19 19 -21 -22 23 29 -25 -26 -27 -28 28 -30 -31
leaf_value=0.0527893889425195 0.083898977096482807 0.034157248602513172 -0.033234303479005578 0.026864936225080252 0.065693379455277243 0.037993992580176453 -0.029050162476696291 -0.045491554959402748 -0.041566012252204763 0.034863140218312029 0.067612774216234281 0.043622162529696848 0.03869208964697339 0.038276468160716934 -0.038933863454231332 -0.047884208730499755 0.045339503389703564 0.075238706323798879 -0.041111610526036284 0.045155453893783871 0.055113153597546802 -0.047985207144896437 0.029898966305060313 0.044744660742027792 0.037808537326815189 0.037096351016595357 0.037845515368839844 -0.020295580596827123 0.021546148511207581 0.038323785248297729
leaf_weight=158.81403428665362 92.894025795161724 2665.3498476855457 144.13527914904989 3459.1399179436266 33.944369360804558 351.10213370155543 609.7324323062785 156.10235610371456 39.568436928093433 240.3602661639452 35.45068214670755 498.1003683465533 56.796141967177391 83.311799130402505 61.230067503405735 34.847036661580205 45.91516730398871 33.039448797702789 441.67033308581449 74.888295182026923 36.073019926436245 178.28905842732638 4584.9932403042912 38.060439694672823 35.087687171064317 169.35857919044793 703.76738036121242 258.67724952381104 565.29013178241439 6831.282241653651
leaf_count=1682 33 1377 10560 14165 3 2580 13211 2556 411 191 154 2673 8 139 1474 273 310 16 4168 73 14 1649 3849 19 30 358 4880 9552 7880 1773
internal_value=0.0283447 0.0211533 0.0170925 0.0248552 -0.0141158 0.011333 0.00926977 -0.00146802 0.0164995 0.00278019 -0.0190005 0.00915101 -0.0229575 0.0165267 0.0296256 0.0375605 -0.0237795 -0.00695629 -0.0106162 -0.0229917 -0.033746 -0.00674282 0.0353455 -0.0217522 -0.0337667 0.0220715 0.0249118 0.0156209 0.00840163 0.0349431
internal_weight=22717.3 11208.1 8542.75 3637.22 178.08 4905.53 4554.43 1832.92 2721.51 1034.96 691.098 1141.82 212.898 928.926 594.177 532.947 655.648 794.598 761.559 552.632 477.743 334.749 11509.2 251.437 213.377 208.927 1686.55 982.781 823.967 11416.3
internal_count=86061 80406 79029 24728 10563 54301 51721 22496 29225 5231 13675 8821 2564 6257 4420 2946 13521 5040 5024 4255 4182 1837 5655 1698 1679 769 23994 19114 17432 5622
is_linear=0
shrinkage=0.03


Tree=40
num_leaves=31
num_cat=0
split_feature=56 71 58 56 27 47 67 15 56 56 8 56 56 56 32 57 56 56 18 60 32 59 48 56 54 60 19 56 35 57
split_gain=1127.91 655.459 472.969 334.307 251.133 218.678 235.587 296.375 268.684 239.877 442.042 265.284 231.076 218.498 205.024 378.44 292.939 249.536 225.933 202.309 198.254 217.965 181.455 181.434 299.32 175.346 170.903 190.714 166.599 158.95
threshold=0.032660197162707801 1.0000000180025095e-35 1.0000000180025095e-35 0.001919494434714227 1.0000000180025095e-35 1.0000000180025095e-35 1.0000000180025095e-35 1.0000000180025095e-35 0.0066168109075340131 0.0039470903806293018 1.0000000180025095e-35 0.0049775421792727509 0.0066404463067947124 0.0055721364692771459 1.0000000180025095e-35 1.5000000000000002 0.0028543105875636922 0.0069633442171564012 1.0000000180025095e-35 1.0000000180025095e-35 1.0000000180025095e-35 1.5000000000000002 1.0000000180025095e-35 0.0072401483730347776 1.0000000180025095e-35 4.5000000000000009 1.0000000180025095e-35 0.011338004811851243 1.0000000180025095e-35 2.5000000000000004
decision_type=2 2 2 2 2 2 2 2 2 2 2 2 2 2 2 2 2 2 2 2 2 2 2 2 2 2 2 2 2 2
left_child=1 2 3 20 5 6 7 29 13 19 22 -12 -10 -8 15 17 -17 -4 -19 -9 21 -1 23 -11 -25 -13 -14 -28 -21 -5
right_child=-2 -3 14 4 -6 -7 8 9 12 10 11 25 26 -15 -16 16 -18 18 -20 28 -22 -23 -24 24 -26 -27 27 -29 -30 -31
leaf_value=-0.034301782188958838 0.035632222404610017 0.034088552795031195 -0.034223319910456067 -0.00046048843349915243 -0.039884813184401208 0.046715149320233254 0.018363706631845614 -0.036186829578566337 0.12830457067279102 -0.029990494945438147 -0.03898119652290219 0.020077386668386047 0.026967539205936277 -0.041356183199663159 0.040326814409224011 -0.040976213898972776 0.027499150662032276 -0.039470131722577968 0.034682350687523324 0.027909044317957352 0.043427116167727112 0.040510205861449204 0.050935401332507985 0.014038307532190888 -0.04722808301192425 -0.056503637912623486 0.033108688517240553 0.10762567269078553 0.10029347876768528 -0.038631345872217809
leaf_weight=262.53696639416739 9048.7159442603588 3055.1645387113094 159.17635215073824 475.14299634541385 74.209652570076287 192.08450986631215 236.83252596715465 42.331604214385152 23.972238571383059 316.98958257818595 72.48336715111509 2024.4154058159329 502.34270684979856 70.788673986680806 738.80676203966141 56.434030452743173 3055.1617682857905 48.368113789940253 147.13436803151853 890.07544338004664 43.542969016358256 39.56763287843205 41.307048298418522 317.24073297623545 91.666053449735045 26.334814214147627 72.054974652826786 54.962131273001432 28.753177189268172 122.76475388603285
leaf_count=8517 3331 1446 7244 12731 1825 322 1534 1106 66 5330 1240 9068 1160 917 855 2348 12082 1674 1067 5045 80 347 103 1236 1134 125 243 54 99 4104
internal_value=0.0274623 0.0218943 0.0182487 0.0128543 0.0145988 0.0153275 0.0142047 0.0112909 0.0276711 0.0143411 0.0100177 0.0170678 0.0385426 0.00453171 0.0259695 0.0228986 0.0262445 -0.00644594 0.0162292 0.0273188 -0.0157567 -0.0244021 -0.00949048 -0.0129943 0.000222297 0.0190669 0.0349255 0.0659421 0.0302808 -0.00834929
internal_weight=22331.4 13282.6 10227.5 6022.4 5676.75 5602.54 5410.46 4449.5 960.953 3851.6 2890.44 2123.23 653.332 307.621 4205.08 3466.27 3111.6 354.679 195.502 961.16 345.648 302.105 767.203 725.896 408.907 2050.75 629.36 127.017 918.829 597.908
internal_count=86433 83102 81656 56386 47442 45617 45295 41321 3974 24486 18236 10433 1523 2451 25270 24415 14430 9985 2741 6250 8944 8864 7803 7700 2370 9193 1457 297 5144 16835
is_linear=0
shrinkage=0.03


Tree=41
num_leaves=31
num_cat=0
split_feature=56 58 11 36 31 56 60 47 56 56 25 62 54 65 56 65 28 56 56 58 6 60 65 65 72 56 26 32 67 8
split_gain=945.664 594.479 378.834 346.249 310.059 303.294 274.383 259.259 285.465 319.693 237.841 198.672 495.025 365.595 225.359 220.93 193.077 137.345 127.061 168.18 131.967 144.902 126.231 224.9 149.26 136.669 125.974 123.775 119.725 114.916
threshold=0.02161452528237261 1.5000000000000002 1.0000000180025095e-35 1.0000000180025095e-35 1.0000000180025095e-35 0.00078054427200581185 1.5000000000000002 1.0000000180025095e-35 0.011338004811851243 0.011975709061230659 1.0000000180025095e-35 1.0000000180025095e-35 1.0000000180025095e-35 182.50000000000003 0.0062335325816534918 515.50000000000011 1.0000000180025095e-35 0.010117439650664703 0.047574675621158906 1.0000000180025095e-35 1.0000000180025095e-35 3.5000000000000004 751.50000000000011 476.50000000000006 1.0000000180025095e-35 0.0019487272561923073 1.0000000180025095e-35 1.0000000180025095e-35 1.0000000180025095e-35 1.0000000180025095e-35
decision_type=2 2 2 2 2 2 2 2 2 2 2 2 2 2 2 2 2 2 2 2 2 2 2 2 2 2 2 2 2 2
left_child=1 2 4 5 6 -4 7 8 -1 -10 17 22 13 -13 26 27 -11 -8 19 20 21 -2 23 -7 29 -24 -15 -16 -17 -25
right_child=18 -3 3 -5 -6 11 10 -9 9 16 -12 12 -14 14 15 28 -18 -19 -20 -21 -22 -23 25 24 -26 -27 -28 -29 -30 -31
leaf_value=-0.022347348932272981 -0.067578801731183566 0.034075094083414519 -0.032503453924498438 -0.044783808597438288 0.037556869351427567 0.024293564114151525 0.031525872974039533 0.064606402353743167 0.12437415869124485 -0.048318046092788183 -0.052233549129273055 -0.016575665950046104 -0.041079211158691863 0.045245981301991749 -0.043817438079087799 -0.0013087535619178247 0.04945637882562539 -0.045790889987996956 0.036442005109764308 0.037899784621595774 0.026893663175384538 0.02890000769447772 -0.03787271031832308 -0.026013448733520468 0.039065534595529049 0.037934111987973335 -0.036501796559749174 0.01971280980682294 0.059978291692399058 0.0068755798561693235
leaf_weight=694.79428663244471 27.291803330183029 2595.6555994336959 92.892584478016943 71.582300428068265 204.40176275046542 4879.4635742469691 321.47549608768895 36.967078457353637 24.302561910822988 35.696676320396364 37.330837125889957 207.63531340565532 147.62668960122392 411.68007772695273 81.252061357721686 48.61402047984302 35.017589990049601 21.229726541787386 6543.5235393606126 1641.479602323845 3246.0458957795054 26.921578258275986 21.312031873734668 137.74253321066499 88.700911054387689 701.11796961026266 16.978784847538918 40.823876515962183 68.839894156903028 306.68837671168149
leaf_count=21853 167 3446 3182 1093 749 29674 1651 76 29 244 240 3749 4143 1998 1471 457 7 166 1782 702 3390 10 271 1935 20 1388 478 121 22 1791
internal_value=0.0276219 0.0214687 0.0177189 0.0204613 0.00348348 0.0211115 -0.00231395 -0.0120093 -0.0156725 0.0328606 0.0187548 0.0218117 0.00956264 0.0181358 0.0289308 0.00558906 0.000114174 0.026617 0.0336894 0.0300379 0.0261173 -0.0200131 0.0238532 0.0222725 0.0037642 0.0356485 0.0419306 -0.0225845 0.0348148 -0.00335324
internal_weight=22815.1 11329.8 8734.17 7322.95 1411.22 7251.37 1206.81 826.778 789.811 95.0168 380.036 7158.48 1023.45 875.824 668.189 239.53 70.7143 342.705 11485.3 4941.74 3300.26 54.2134 6135.03 5412.6 533.132 722.43 428.659 122.076 117.454 444.431
internal_count=86305 80254 76808 51793 25015 50700 24266 22209 22133 280 2057 47518 12439 8296 4547 2071 251 1817 6051 4269 3567 177 35079 33420 3746 1659 2476 1592 479 3726
is_linear=0
shrinkage=0.03


Tree=42
num_leaves=31
num_cat=0
split_feature=56 71 56 67 32 47 65 39 62 65 65 65 55 63 59 65 65 56 31 64 57 65 11 65 55 65 56 55 27 57
split_gain=822.926 431.707 353.797 254.179 242.688 259.843 245.643 190.513 193.27 249.592 437.821 245.014 235.917 202.181 171.273 210.998 192.349 168.161 152.547 186.703 170.941 152.83 146.121 143.726 157.008 151.696 143.582 242.373 159.735 187.811
threshold=0.023561139330300889 1.0000000180025095e-35 0.00078054427200581185 1.0000000180025095e-35 1.0000000180025095e-35 1.0000000180025095e-35 476.50000000000006 1.0000000180025095e-35 1.0000000180025095e-35 223.50000000000003 225.50000000000003 62.500000000000007 0.00070332916830404132 1.0000000180025095e-35 1.5000000000000002 659.50000000000011 288.50000000000006 0.0025911217181607952 1.0000000180025095e-35 1.0000000180025095e-35 3.5000000000000004 51.500000000000007 1.0000000180025095e-35 912.50000000000011 0.013997073386456787 764.50000000000011 0.071706371629366064 0.001581171826617579 1.0000000180025095e-35 1.5000000000000002
decision_type=2 2 2 2 2 2 2 2 2 2 2 2 2 2 2 2 2 2 2 2 2 2 2 2 2 2 2 2 2 2
left_child=1 2 -1 4 5 7 -6 8 18 11 -11 -10 -13 14 15 -12 -16 -5 19 21 -20 -4 -3 25 -25 -23 27 -2 -29 -30
right_child=26 22 3 17 6 -7 -8 -9 9 10 13 12 -14 -15 16 -17 -18 -19 20 -21 -22 23 -24 24 -26 -27 -28 28 29 -31
leaf_value=-0.032307011661779239 0.089099484981370852 0.0053979781013690714 -0.044244055958335561 -0.03791543123326209 0.036253422251831716 0.04011738557448425 -0.042943467777057411 -0.043773751435526594 0.048644680733921086 0.13932417744140674 -0.038615631904785765 0.035816364392247863 -0.039768098960165782 0.031715545993617512 0.051887430176184766 0.01805673906950014 -0.032812159382571371 0.0296890561124361 0.038005953058092574 -0.042468227419388764 -0.049131364778188892 0.01450011593272244 0.034241042779892442 0.046244468480569061 -0.043376329880550839 -0.039633280433841359 0.036925358631163259 0.02977461268171341 0.030434670053607196 -0.066393668279378204
leaf_weight=123.02540281857364 60.788582198321819 170.24341727793217 38.392477125395089 32.899689183104783 701.42257478740066 325.95117270201445 36.294081627391279 52.477438021916896 40.647938980488107 22.513409844366834 170.63726377557032 42.555171363521367 259.31481513753533 196.36312530562282 75.659826908726245 89.461692798417062 34.405370528344065 1855.9597230372019 376.06252293661237 51.22262617549859 20.576028243172914 4047.5376422924455 2288.7707190662622 203.60024543176405 18.469997123815119 46.199045254150406 4351.8735756129026 6344.1720714233816 37.259497724473476 33.184144411236048
leaf_count=4382 23 420 305 619 1342 597 301 803 289 81 5528 376 10010 243 291 875 1286 4923 988 1106 233 43445 1002 581 112 645 987 4486 33 171
internal_value=0.026783 0.0211239 0.0180341 0.0187464 0.0160552 0.014089 0.0323042 0.0126161 0.0131397 0.000633414 0.0124686 -0.019697 -0.0290297 0.00719084 -0.00586933 -0.0191285 0.0253541 0.0284921 0.0155652 0.0139546 0.0333734 0.014628 0.0322472 0.0151618 0.0386295 0.0138797 0.0326974 0.0298507 0.0292754 -0.0154695
internal_weight=22147.9 11320.7 8861.65 8738.62 6849.76 6112.05 737.717 5786.1 5733.62 931.559 589.041 342.518 301.87 566.527 370.164 260.099 110.065 1888.86 4802.06 4405.42 396.639 4354.2 2459.01 4315.81 222.07 4093.74 10827.3 6475.4 6414.62 70.4436
internal_count=86483 80783 79361 74979 69437 67794 1643 67197 66394 18979 8304 10675 10386 8223 7980 6403 1577 5542 47415 46194 1221 45088 1422 44783 693 44090 5700 4713 4690 204
is_linear=0
shrinkage=0.03


Tree=43
num_leaves=31
num_cat=0
split_feature=56 71 67 58 56 11 32 55 57 55 56 65 32 21 65 56 56 57 66 8 0 55 55 55 55 59 56 41 56 58
split_gain=1044 568.083 538.137 325.739 362.481 417.007 290.001 265.948 257.241 278.802 480.468 306.919 252.482 220.768 211.893 209.369 456.084 229.596 208.92 206.537 244.817 221.004 217.997 204.745 371.425 194.821 193.226 185.545 185.415 174.094
threshold=0.022911396799314965 1.0000000180025095e-35 1.0000000180025095e-35 1.0000000180025095e-35 0.001933288950800299 1.0000000180025095e-35 1.0000000180025095e-35 0.00095627457833280299 4.5000000000000009 0.0062472032940587771 0.0054756753681658452 138.50000000000003 1.0000000180025095e-35 1.0000000180025095e-35 55.500000000000007 0.0038973443058121777 0.005055418790465083 3.5000000000000004 1.0000000180025095e-35 1.0000000180025095e-35 5.5500000000000007 0.010957361226626923 0.031781826281211616 0.0055825586881825175 0.00027236291111624674 1.5000000000000002 0.0033897661317019196 1.0000000180025095e-35 0.047574675621158906 1.0000000180025095e-35
decision_type=2 2 2 2 2 2 2 2 2 2 2 2 2 2 2 2 2 2 2 2 2 2 2 2 2 2 2 2 2 2
left_child=1 2 3 4 25 7 8 -6 9 11 27 -5 15 -13 -12 17 -17 -7 -9 20 -18 -22 -23 24 -21 -1 -15 -11 29 -2
right_child=28 -3 -4 6 5 12 -8 18 -10 10 14 13 -14 26 -16 16 19 -19 -20 23 21 22 -24 -25 -26 -27 -28 -29 -30 -31
leaf_value=-0.034435870472671527 0.023831219324292736 0.031849821970714155 0.029184632948149321 -0.038093918562222218 0.061581007784304961 0.030759257241504794 0.038838666572111907 -0.038361519625297727 0.029968916228749358 0.015691274092583203 0.04090488313816687 -0.036299162409208295 -0.040887762821871225 -0.035971708438775729 -0.037628610164534552 -0.038256496235229545 0.029527633208176661 -0.039843158674614243 -0.0026677771606235219 0.076362747537711342 -0.037067962063023388 0.015054173594995822 -0.050530342622897927 0.027203514903793927 -0.035650055905880905 0.035565318027793801 0.032006459149491871 0.097066033682490713 0.035842843501984439 0.036050476208145797
leaf_weight=270.44967415323481 3152.681648619473 2488.7612614575773 1982.778976743808 78.649569130502641 38.892885522916913 811.35980871506035 550.33456001617014 263.59429895319045 642.8189854498487 169.57204615371302 33.354670044966042 50.388664594618604 74.320550890639424 39.074902213178575 323.76098717586137 164.70953569049016 196.07816217187792 42.847550242673606 334.09494235808961 33.419540717732161 174.85495877964422 281.09937643446028 53.41741999424994 934.7388021023944 117.08665903005749 40.387343267211691 666.36526504857466 28.754636257886887 6156.6099888309836 1583.4608816616237
leaf_count=8894 3364 1377 5596 4018 576 6300 799 9844 1962 520 61 3583 735 1450 7282 3996 2449 792 1851 127 4615 725 272 4811 3608 364 3756 7 1801 668
internal_value=0.0258352 0.0192616 0.0155274 0.0113018 0.00574839 0.00849223 0.0195336 -0.0134689 0.0142905 0.00702307 -0.00943561 0.0179764 0.0133428 0.0238536 -0.0301998 0.0147914 0.00937035 0.0271754 -0.0184473 0.01377 0.00112918 -0.00983899 0.0044619 0.0219784 -0.010438 -0.0252557 0.0281955 0.0279173 0.0324023 0.0279233
internal_weight=21778.7 10886 8397.2 6414.43 3831.35 3520.51 2583.07 636.582 2032.74 1389.92 555.442 834.478 2883.93 755.829 357.116 2809.61 1955.4 854.207 597.689 1790.69 705.45 509.372 334.517 1085.25 150.506 310.837 705.44 198.327 10892.8 4736.14
internal_count=86203 80370 78993 73397 49959 40701 23438 12271 22639 20677 7870 12807 28430 8789 7343 27695 20603 7092 11695 16607 8061 5612 997 8546 3735 9258 5206 527 5833 4032
is_linear=0
shrinkage=0.03


Tree=44
num_leaves=31
num_cat=0
split_feature=56 71 0 56 54 55 55 57 0 0 59 26 29 0 62 65 55 56 56 0 55 58 63 60 35 34 0 55 0 65
split_gain=1015.15 471.8 306.974 382.302 353.497 365.234 478.28 479.689 292.219 377.69 276.159 272.189 249.901 256.093 226.919 219.797 217.926 214.027 210.036 234.194 224.559 223.8 202.462 194.348 178.52 172.33 168.412 232.025 204.061 157.274
threshold=0.018723845800721603 1.0000000180025095e-35 9.7000000000000011 0.0030229461992641034 1.0000000180025095e-35 0.0052393313713162363 0.0090829550563634089 2.5000000000000004 7.8500000000000005 6.9500000000000011 1.5000000000000002 1.0000000180025095e-35 1.0000000180025095e-35 9.0500000000000025 1.0000000180025095e-35 255.50000000000003 0.086183747651422601 0.002195863684994514 0.047574675621158906 4.3500000000000005 0.001581171826617579 1.0000000180025095e-35 1.0000000180025095e-35 3.5000000000000004 1.0000000180025095e-35 1.0000000180025095e-35 8.5500000000000025 0.038618714460970337 4.4500000000000011 235.50000000000003
decision_type=2 2 2 2 2 2 2 2 2 2 2 2 2 2 2 2 2 2 2 2 2 2 2 2 2 2 2 2 2 2
left_child=1 2 4 -4 11 -6 8 10 9 -7 16 12 13 23 17 -9 -8 -11 19 -2 -21 26 -19 24 25 -1 27 28 -22 -30
right_child=18 -3 3 -5 5 6 7 15 -10 14 -12 -13 -14 -15 -16 -17 -18 22 -20 20 21 -23 -24 -25 -26 -27 -28 -29 29 -31
leaf_value=0.021484204746749665 -0.044375671184873323 0.031314697124349679 -0.041687183083085347 0.02551891225513608 -0.035680213064015233 -0.030353556647856536 -0.041154695242669494 -0.046439338037361957 -0.016994993291190884 -0.034127487281611191 0.052753975462801229 -0.041039406901185162 -0.038757643935189809 -0.044981287174254717 -0.033583968410838445 0.035164918966301556 0.031089431605132625 0.069073611863890758 0.035639940314098006 0.084079968155668414 0.071956719956871931 0.036485899896774851 -0.058993371167781285 -0.047542446542814178 -0.038982321683359342 -0.039275721484643249 0.029320528380012704 -0.074655923081533765 -9.7644446643900022e-05 0.02138330907930026
leaf_weight=3649.6216492133681 39.850151684135199 2285.2105560321361 77.391396957449615 2863.3299519037828 228.52270806091838 59.459993941476569 396.99802246852778 33.666731712408364 104.36471488466486 20.678136624395847 34.503245048224926 72.13909703749232 69.124419185100123 55.565409628208727 25.761176649481058 210.7734114988707 40.772816997021437 290.71791635919362 6553.4228456430137 62.382414646446705 56.733789665624499 1522.4466798016801 10.821599546819924 37.748553084675223 44.642717928858474 41.620486109983176 1529.1710182521492 24.511773996055126 455.88855490274727 936.6650469629094
leaf_count=36037 349 1343 1474 9418 11212 4365 3967 268 1081 367 6 2000 2489 753 1045 309 38 1297 1859 17 12 696 47 303 1226 887 1010 119 1177 1134
internal_value=0.0258633 0.0192331 0.0159305 0.0237367 0.0116974 -0.000940977 0.00554481 -0.0102698 0.0276679 0.0391218 -0.0279074 0.0163344 0.0174064 0.0184301 0.0510462 0.0237822 -0.0343705 0.0578953 0.0321784 0.0272697 0.0279015 0.0271087 0.0642978 0.0193755 0.0200642 0.0207887 0.0223441 0.0150905 0.0166588 0.0143559
internal_weight=21834.5 10653.4 8368.22 2940.72 5427.5 1457.04 1228.52 716.714 511.804 407.439 472.274 3970.46 3898.32 3829.2 347.979 244.44 437.771 322.218 11181.1 4627.65 4587.8 4525.42 301.54 3773.63 3735.88 3691.24 3002.97 1473.8 1449.29 1392.55
internal_count=86305 79932 78589 10892 67697 24002 12790 4588 8202 7121 4011 43695 41695 39206 2756 577 4005 1711 6373 4514 4165 4148 1344 38453 38150 36924 3452 2442 2323 2311
is_linear=0
shrinkage=0.03


Tree=45
num_leaves=31
num_cat=0
split_feature=56 71 36 56 58 17 65 60 11 59 31 56 65 65 39 59 65 27 56 58 50 57 65 56 56 46 67 65 65 56
split_gain=1140.26 568.493 357.261 367.003 283.717 204.27 192.671 205.284 184.12 372.228 238.692 333.68 232.4 390.417 177.464 173.557 166.49 149.731 141.555 180.671 138.144 176.395 152.654 136.709 152.573 130.885 124.76 317.368 216.813 299.694
threshold=0.022911396799314965 1.0000000180025095e-35 1.0000000180025095e-35 0.0016060015895067055 1.5000000000000002 1.0000000180025095e-35 751.50000000000011 1.0000000180025095e-35 1.0000000180025095e-35 1.5000000000000002 1.0000000180025095e-35 0.012841886520352541 267.50000000000006 300.50000000000006 1.0000000180025095e-35 1.5000000000000002 1271.5000000000002 1.0000000180025095e-35 0.047574675621158906 1.0000000180025095e-35 1.0000000180025095e-35 9.5000000000000018 58.500000000000007 0.0049775421792727509 0.0083061737185340812 1.0000000180025095e-35 1.0000000180025095e-35 444.50000000000006 368.50000000000006 0.0067497694644379725
decision_type=2 2 2 2 2 2 2 2 2 2 2 2 2 2 2 2 2 2 2 2 2 2 2 2 2 2 2 2 2 2
left_child=1 2 3 15 5 8 17 -8 9 10 11 12 -5 23 20 -1 -15 -7 19 -2 21 22 -10 -14 -25 -9 27 -24 29 -28
right_child=18 -3 -4 4 -6 6 7 25 14 -11 -12 -13 13 16 -16 -17 -18 -19 -20 -21 -22 -23 26 24 -26 -27 28 -29 -30 -31
leaf_value=-0.034068629054096286 0.023643718008823662 0.031034562553780329 -0.047678162757103681 -0.040048345869719719 0.028682192287566927 -0.019522314905720449 0.06252288322396761 -0.037350015926858549 -0.046126993665216977 0.04744915596183779 0.034046951364742513 0.033545414911922707 -0.037931522220030621 -0.038588628338701157 -0.04199533561955017 0.033371324453185802 0.034385032613680512 0.037507969107780925 0.03467272034767023 0.036136861147936641 0.042170856005702702 -0.047338590832858213 0.018563064538686513 0.046241088770329675 -0.051422891798441089 0.041861088992061847 -0.021666381884864267 -0.0081853752535313417 0.038697497113727122 0.027853221874781776
leaf_weight=191.52951536653563 3177.0375388301909 2360.8090319409966 81.665974325034767 254.33968538255431 1341.7681304416619 388.68706475384533 70.915309693198651 48.93488914007321 32.743109311908484 152.97498590545729 135.22842412581667 138.60620745364577 24.098677543923259 213.89602361852303 43.773661800660193 40.958899543853477 31.58774279942736 45.43178264470771 6225.287336949259 1559.8378554582596 204.62401589378715 37.078011992853135 3330.3366876146756 154.11700580921024 15.04553661495447 29.109004974365234 160.14156077615917 452.99699351424351 616.37767952866852 346.13158336281776
leaf_count=7353 3395 1366 1217 9542 2837 12222 195 697 275 1048 442 275 677 5904 626 807 68 485 1781 678 457 422 25769 945 77 1 1000 4726 945 540
internal_value=0.024851 0.0179979 0.014409 0.0150109 0.0160567 0.0136074 -0.00338029 0.0259516 0.015169 0.00412616 -0.00276985 -0.00878976 -0.0172923 -0.00403955 0.017535 -0.0220953 -0.0290973 -0.0134814 0.0316904 0.0277644 0.0180461 0.0170457 0.0175385 0.0277752 0.0373036 -0.00764984 0.0179728 0.015359 0.0267595 0.0121776
internal_weight=21906.1 10943.9 8583.1 8501.43 8268.94 6927.18 583.078 148.959 6344.1 1119.89 966.919 831.691 693.085 438.745 5224.2 232.488 245.484 434.119 10962.2 4736.88 5180.43 4975.81 4938.73 193.261 169.163 78.0439 4905.98 3783.33 1122.65 506.273
internal_count=86772 80918 79552 78335 70175 67338 13600 893 53738 18978 17930 17488 17213 7671 34760 8160 5972 12707 5854 4073 34134 33677 33255 1699 1022 698 32980 30495 2485 1540
is_linear=0
shrinkage=0.03


Tree=46
num_leaves=31
num_cat=0
split_feature=56 71 56 29 67 56 55 55 56 16 57 56 57 65 56 17 56 11 65 0 63 37 72 57 48 65 65 55 55 58
split_gain=1034.29 595.895 285.966 256.509 226.984 249.951 330.746 412.978 370.652 338.986 306.882 281.964 230.869 495.177 261.225 246.397 210.734 228.622 334.094 194.514 374.188 272.448 192.268 210.758 342.491 353.166 454.938 325.888 286.235 244.506
threshold=0.032660197162707801 1.0000000180025095e-35 0.00078054427200581185 1.0000000180025095e-35 1.0000000180025095e-35 0.0039470903806293018 0.06386747763884322 0.031781826281211616 0.0070793993871210567 1.0000000180025095e-35 4.5000000000000009 0.0068988356286288468 2.5000000000000004 368.50000000000006 0.0068179619555235353 1.0000000180025095e-35 0.0034690099206890371 1.0000000180025095e-35 55.500000000000007 7.8500000000000005 1.0000000180025095e-35 1.0000000180025095e-35 1.0000000180025095e-35 3.5000000000000004 1.0000000180025095e-35 198.50000000000003 182.50000000000003 0.00027236291111624674 0.00095627457833280299 1.0000000180025095e-35
decision_type=2 2 2 2 2 2 2 2 2 2 2 2 2 2 2 2 2 2 2 2 2 2 2 2 2 2 2 2 2 2
left_child=1 2 -1 4 5 16 7 8 11 -10 -9 22 13 14 -6 -15 17 18 -4 -19 21 -21 23 24 25 26 27 -7 -27 -25
right_child=-2 -3 3 -5 12 6 -8 10 9 -11 -12 -13 -14 15 -16 -17 -18 19 -20 20 -22 -23 -24 29 -26 28 -28 -29 -30 -31
leaf_value=-0.031994296912747452 0.032967424259368237 0.031475242355528087 0.040894358831930995 -0.039783643598835031 -0.044648425542099877 0.068848165998918201 0.035679073710226918 -0.041117296178681623 0.019393814665962177 -0.037829811920037662 0.029716827385336184 -0.041648120268645492 0.038859267406132006 0.038137226700306767 0.0080660864083909149 -0.013926347311202009 0.039911945402922262 0.030287512141901934 -0.036951772538268285 -0.042228609047850467 0.035088608257957836 0.048492713771966414 0.030740282732949504 -0.01889906869755683 0.052021171588798494 0.033212685474251477 0.046361673401380851 -0.027064342712763412 -0.03924481311046752 0.026431412734190619
leaf_weight=109.34288386930712 8480.5977034717798 2907.2303162813187 74.557866792660207 71.207574237370864 131.93427971750498 35.204397621098906 476.30444307811558 231.28210351709276 3201.9564895452932 95.062640448100865 71.345801007002592 128.06416997825727 780.51823771558702 647.79172111628577 232.05125322937965 93.096865812316537 540.81663275742903 917.68717743852176 143.67354649188928 153.8625166756101 183.09119737148285 36.003947347402573 215.98555382993072 141.65765980933793 79.081184212584049 54.788619071245193 162.10844800178893 268.01265735551715 419.10445620631799 430.34535561455414
leaf_count=4398 3310 1468 88 2523 1522 185 264 1161 12417 4183 58 3685 932 1463 740 750 3104 8805 5709 2823 65 41 310 2030 173 1284 1287 7910 12435 1387
internal_value=0.0248119 0.0195031 0.016063 0.0165908 0.0169984 0.0148029 0.0117143 0.00964558 0.0116179 0.0177329 -0.024375 0.00119136 0.0263712 0.0175221 -0.0111114 0.0315852 0.0238495 0.0180697 -0.0102907 0.0228693 0.0045842 -0.0248614 0.00425001 0.000635198 -0.00754849 -0.0126142 0.0059485 -0.0157389 -0.0308154 0.0151918
internal_weight=21513.8 13033.2 10125.9 10016.6 9945.39 8060 6010.3 5534 5231.37 3297.02 302.628 1934.35 1885.39 1104.87 363.986 740.889 2049.69 1508.88 218.231 1290.64 372.958 189.866 1806.29 1590.3 1018.3 939.219 465.326 303.217 473.893 572.003
internal_count=86510 83200 81732 77334 74811 69404 48769 48505 47286 16600 1219 30686 5407 4475 2262 2213 20635 17531 5797 11734 2929 2864 27001 26691 23274 23101 9382 8095 13719 3417
is_linear=0
shrinkage=0.03


Tree=47
num_leaves=31
num_cat=0
split_feature=56 71 56 10 57 31 11 0 56 0 56 0 56 58 56 56 67 60 65 25 67 65 15 56 28 0 63 45 60 70
split_gain=1193.62 593.31 444.879 335.912 240.673 424.252 337.808 421.883 249.769 244.198 234.792 249.977 204.115 201.128 183.743 180.613 203.978 190.563 314.973 186.308 166.571 402.195 197.604 324.395 165.962 153.509 207.847 238.561 149.135 145.461
threshold=0.011338004811851243 1.0000000180025095e-35 0.001919494434714227 1.0000000180025095e-35 2.5000000000000004 1.0000000180025095e-35 1.0000000180025095e-35 8.7500000000000018 0.0059738020574179301 6.0500000000000007 0.047574675621158906 4.3500000000000005 0.0029214086191665547 1.0000000180025095e-35 0.0032947109962983868 0.0034748957205514566 1.0000000180025095e-35 1.5000000000000002 456.50000000000006 1.0000000180025095e-35 1.0000000180025095e-35 552.50000000000011 1.0000000180025095e-35 0.034661218704314191 1.0000000180025095e-35 7.4500000000000011 1.0000000180025095e-35 1.0000000180025095e-35 1.5000000000000002 1.0000000180025095e-35
decision_type=2 2 2 2 2 2 2 2 2 2 2 2 2 2 2 2 2 2 2 2 2 2 2 2 2 2 2 2 2 2
left_child=1 2 -1 4 5 6 7 -4 -9 -6 11 -2 -11 20 -5 -14 17 18 -17 -19 21 22 23 -13 28 26 27 -3 29 -8
right_child=10 25 3 14 9 -7 24 8 -10 12 -12 13 15 -15 -16 16 -18 19 -20 -21 -22 -23 -24 -25 -26 -27 -28 -29 -30 -31
leaf_value=-0.023735073437517566 -0.044856794614004492 -0.053993782614812635 -0.037747385609022598 0.0075352439619042928 -0.033407131428965557 0.040839909234955347 0.01330130581017957 0.040439066032823073 -0.038880365915183304 -0.041875195928169927 0.034113900111068164 -0.04733234570803263 0.042947513449929767 0.034540724804826312 -0.040318086472478858 0.012931996205141611 0.03679298542393078 0.031876670155186755 -0.044660042771501818 -0.049932954073639298 0.037612080419077418 -0.053773730488881025 0.023486186996430205 0.019257910555203941 -0.039519779677821713 0.032126386837763504 0.031946897987797769 0.043239781662421449 -0.022582281441931654 -0.044778496887977817
leaf_weight=306.88848553854041 44.271846825256944 73.900802634656429 310.01042938791215 132.42212770064361 71.065510984044522 356.46754493284971 2876.5896690590307 134.80388212483376 47.597678568679839 42.628109951037914 6037.3159750923514 96.147471278905869 374.85574735817499 1699.0512222182006 157.12729797232896 1052.891252548201 532.46840236708522 623.3297588606365 92.032543326960877 25.233299480751157 522.79512355849147 65.4523366978392 2665.7911730930209 203.32032839208841 58.210278667043895 1951.8404771033674 128.08358891308308 31.722564890980721 112.25936316186562 38.38800780242309
leaf_count=10779 395 450 12749 1604 3487 705 26964 734 1300 859 1777 799 580 802 4991 5727 665 1268 1722 180 388 426 2576 231 1105 833 61 4 1799 460
internal_value=0.0234837 0.0156561 0.0115704 0.0131129 0.014471 0.00967537 0.00655985 -0.0164924 0.0196415 0.0211689 0.0300638 0.025442 0.0225943 0.0260429 -0.0184823 0.023627 0.0204961 0.01564 0.00826764 0.0286218 0.0219713 0.0192617 0.0208914 -0.00220801 0.010243 0.0293761 0.00636777 -0.0246593 0.0112126 0.0125213
internal_weight=20865 9530.82 7345.27 7038.38 6748.83 3934.33 3577.86 492.412 182.402 2814.5 11334.1 5296.83 2743.44 5252.56 289.549 2700.81 2325.96 1793.49 1144.92 648.563 3553.51 3030.71 2965.26 299.468 3085.45 2185.55 233.707 105.623 3027.24 2914.98
internal_count=86420 79026 77678 66899 60304 45816 45111 14783 2034 14488 7394 5617 11001 5222 6595 10142 9562 8897 7449 1448 4420 4032 3606 1030 30328 1348 515 454 29223 27424
is_linear=0
shrinkage=0.03


Tree=48
num_leaves=31
num_cat=0
split_feature=71 55 60 59 65 65 65 39 21 57 48 13 33 33 20 58 0 55 58 65 55 65 55 15 55 65 0 55 54 65
split_gain=661.638 270.228 199.022 216.727 487.62 326.341 221.336 207.949 206.887 173.817 241.07 229.225 206.34 160.565 195.995 163.706 145.537 189.589 210.627 166.433 284.591 256.448 297.263 371.436 249.606 203.451 178.26 158.248 205.891 135.402
threshold=1.0000000180025095e-35 0.057612852812660494 1.5000000000000002 1.0000000180025095e-35 265.50000000000006 164.50000000000003 203.50000000000003 1.0000000180025095e-35 1.0000000180025095e-35 3.5000000000000004 1.0000000180025095e-35 1.0000000180025095e-35 1.0000000180025095e-35 1.0000000180025095e-35 1.0000000180025095e-35 1.5000000000000002 7.7500000000000009 0.003521635503638119 1.5000000000000002 174.50000000000003 0.0072480298081758826 751.50000000000011 0.0040872057278096563 1.0000000180025095e-35 0.01115846687889677 51.500000000000007 6.4500000000000011 0.015259018883957556 1.0000000180025095e-35 934.50000000000011
decision_type=2 2 2 2 2 2 2 2 2 2 2 2 2 2 2 2 2 2 2 2 2 2 2 2 2 2 2 2 2 2
left_child=1 2 9 4 5 -4 7 -7 -8 10 12 -11 16 14 -13 -16 17 18 -1 20 -19 22 -21 -24 29 -22 -25 28 -27 -23
right_child=-2 -3 3 -5 -6 6 8 -9 -10 11 -12 13 -14 -15 15 -17 -18 19 -20 21 25 24 23 26 -26 27 -28 -29 -30 -31
leaf_value=-0.032574986310047703 0.033564951956122323 0.032473500657739233 0.024422410165162153 0.035954495574465221 0.031430112252879991 -0.066885033607847699 -0.052784177067179382 0.030949281928638796 0.0066452707595730121 0.043379108310532218 0.039312186918176568 0.021392991615155045 -0.040274694066695454 0.066545218737054421 -0.040852239332846783 0.020626426235292934 0.01773219562445065 -0.035539913315127618 0.04257800811976975 0.054395451793316736 -0.051139431779660384 0.047332863119814834 -0.029979408096544875 -0.041678730463209288 -0.017134086535234631 0.0092030912117513526 0.010947323275141085 0.022600804319199478 0.081712244160211292 -0.03923221462455706
leaf_weight=170.7542743626982 4737.0762904733419 1619.0007569529116 439.00209835963324 1213.8039372556377 1510.058549330337 92.230338889872655 59.079626748338342 24.102447375888005 429.36233715736307 475.22465740668122 367.66626848746091 1637.6714901804226 60.495533359935507 63.579151733778417 87.124625345808454 69.061527077807114 5503.9885014271131 72.291604552185163 40.802593870321289 80.502579201711342 28.870281215757132 254.68519657105207 362.10296409693547 62.00631873565726 83.82953169522807 54.783324921270832 720.37372707063332 709.55477383988909 99.251994468271732 16.633441054727882
leaf_count=11715 1591 766 1072 2676 2275 930 707 21 833 1066 490 3869 1337 95 2781 285 26153 4906 312 866 274 757 10431 1871 437 1317 4154 1532 453 416
internal_value=0.0236862 0.0208323 0.0195558 0.0255122 0.0205369 0.00476247 -0.00952531 -0.0465242 -0.000636193 0.0175174 0.0155617 0.0247923 0.0145077 0.020016 0.0183308 -0.0137097 0.0149137 0.00928137 -0.0179482 0.0115511 0.0213636 0.00555037 -0.000963432 -0.00490145 0.0279576 0.0260076 0.00672865 0.0286428 0.0561498 0.0419013
internal_weight=21145 16407.9 14788.9 3767.64 2553.84 1043.78 604.775 116.333 488.442 11021.3 8688.59 2332.66 8320.93 1857.44 1793.86 156.186 8260.43 2756.44 211.557 2544.89 964.752 1580.13 1224.99 1144.48 355.148 892.46 782.38 863.59 154.035 271.319
internal_count=86388 84797 84031 8514 5838 3563 2491 951 1540 75517 67421 8096 66931 7030 6935 3066 65594 39441 12027 27414 8482 18932 17322 16456 1610 3576 6025 3302 1770 1173
is_linear=0
shrinkage=0.03


Tree=49
num_leaves=31
num_cat=0
split_feature=56 58 66 60 55 65 55 65 65 55 65 65 62 65 55 56 56 65 56 55 65 55 0 55 8 59 55 56 4 54
split_gain=961.58 527.333 353.534 403.733 375.349 427.999 344.69 374.044 336.133 293.707 297.238 456.632 245.473 243.072 228.119 224.834 214.546 189.819 184.915 184.463 203.536 181.91 176.095 171.661 168.855 184.423 237.1 166.885 181.361 166.422
threshold=0.018723845800721603 1.5000000000000002 1.0000000180025095e-35 1.0000000180025095e-35 0.0087812165602526738 263.50000000000006 0.0029021728080734686 132.50000000000003 300.50000000000006 0.0040872057278096563 267.50000000000006 223.50000000000003 1.0000000180025095e-35 515.50000000000011 0.0059228531034993181 0.0016060015895067055 0.0074326147304572326 325.50000000000006 0.005515730662274068 0.011945845925157792 142.50000000000003 0.0046063051656597817 7.7500000000000009 0.0041393013771773074 1.0000000180025095e-35 1.5000000000000002 0.0072480298081758826 0.047574675621158906 1.0000000180025095e-35 1.0000000180025095e-35
decision_type=2 2 2 2 2 2 2 2 2 2 2 2 2 2 2 2 2 2 2 2 2 2 2 2 2 2 2 2 2 2
left_child=1 2 3 4 5 -1 7 -5 22 17 11 14 18 -10 -11 -4 24 -8 -6 20 -17 23 -7 -15 25 26 29 28 -2 -16
right_child=27 -3 15 6 12 8 9 -9 13 10 -12 -13 -14 21 16 19 -18 -19 -20 -21 -22 -23 -24 -25 -26 -27 -28 -29 -30 -31
leaf_value=-0.037489570576813208 0.028253223558396521 0.029275957794862025 -0.035031938832814191 0.037536010934463022 -0.038801142579623298 -0.035632567119469195 0.042657911023709201 -0.036259257348900509 -0.037997727056008686 -0.043160526604915116 0.019088567114568591 -0.047641340379713716 -0.048284785843932511 -0.036299671542424132 -0.039471148139717624 -0.041437897689660864 -0.048792360076041805 -0.039144566787047239 0.039179220518742015 0.011983476011616383 0.030481875873585734 -0.03895990717385333 0.046493333688068156 0.059558208424520774 0.023195040559625839 0.041530576166433235 -0.042569879287121783 0.03279185902575437 0.014105426488711463 0.069112806102573615
leaf_weight=442.8963088975288 3780.5322692813352 2222.8116101853084 60.475778472144157 82.819806795101613 29.819478498073295 26.737574690487236 434.50234008301049 235.26058484858368 185.2281701117754 72.932460246374831 2074.0078527410515 155.07838065153919 39.193594370502979 21.089818296954036 18.686070245923474 35.364896462066099 49.090373674407601 26.361647037789226 256.4944222541526 883.86506805429235 1640.5687474941369 38.594095541164279 160.64404903817922 72.157291483366862 631.62530545075424 54.696441903710365 130.27664270508103 5721.3518549278378 1043.8339524380863 35.485179882496595
leaf_count=19173 3381 3431 1244 1217 565 1534 1643 12451 6449 1356 11666 1982 378 745 321 626 372 500 542 1552 6311 1407 673 144 2208 14 1526 1794 1261 108
internal_value=0.0229802 0.0163699 0.0127325 0.00825475 -0.0064577 -0.0160047 0.0129359 -0.0169875 0.00289532 0.0155244 0.0123123 6.28711e-05 0.0212916 -0.0159197 0.00755491 0.021738 0.0116185 0.0379041 0.0309508 0.0230924 0.0289404 0.015151 0.0346478 0.0377228 0.0150762 -0.00637435 -0.0207275 0.0293195 0.0251957 0.0316208
internal_weight=20662.5 10116.8 7893.95 5273.68 1272.85 947.347 4000.82 318.08 504.451 3682.74 3221.88 1147.87 325.507 317.069 992.792 2620.27 919.86 460.864 286.314 2559.8 1675.93 131.841 187.382 93.2471 870.77 239.144 184.448 10545.7 4824.37 54.1713
internal_count=86574 80138 76707 66974 31610 30125 35364 13668 10952 21696 19553 7887 1485 8745 5905 9733 4549 2143 1107 8489 6937 2296 2207 889 4177 1969 1955 6436 4642 429
is_linear=0
shrinkage=0.03


Tree=50
num_leaves=31
num_cat=0
split_feature=71 55 29 62 58 24 65 58 26 55 65 67 65 65 63 59 65 65 60 60 32 55 65 26 11 65 65 55 55 55
split_gain=580.671 397.175 282.274 235.476 208.15 199.096 378.885 204.407 280.966 194.436 179.611 263.933 277.948 221.188 311.043 246.392 207.328 188.627 184.633 162.548 424.867 201.221 254.162 211.585 161.377 161.347 196.892 159.075 237.194 169.497
threshold=1.0000000180025095e-35 0.057612852812660494 1.0000000180025095e-35 1.0000000180025095e-35 1.5000000000000002 1.0000000180025095e-35 875.50000000000011 1.0000000180025095e-35 1.0000000180025095e-35 0.0034299781365728171 444.50000000000006 1.0000000180025095e-35 912.50000000000011 337.50000000000006 1.0000000180025095e-35 1.0000000180025095e-35 83.500000000000014 552.50000000000011 6.5000000000000009 1.0000000180025095e-35 1.0000000180025095e-35 0.0040436066657152303 194.50000000000003 1.0000000180025095e-35 1.0000000180025095e-35 213.50000000000003 237.50000000000003 0.00095627457833280299 0.0029021728080734686 0.0035825669712940523
decision_type=2 2 2 2 2 2 2 2 2 2 2 2 2 2 2 2 2 2 2 2 2 2 2 2 2 2 2 2 2 2
left_child=1 2 3 5 9 7 -7 8 10 -5 13 12 17 14 15 16 -1 -12 27 20 21 25 -23 -24 -13 -9 -27 -18 -29 -30
right_child=-2 -3 -4 4 -6 6 -8 19 -10 -11 11 24 -14 -15 -16 -17 18 -19 -20 -21 -22 22 23 -25 -26 26 -28 28 29 -31
leaf_value=-0.042955524552049096 0.03238029438476224 0.033222029420915351 -0.04117145954180567 -0.03546953219950838 0.023601760256930185 -0.029769855506267654 0.080630294599191507 -0.044302038768795876 -0.045772184932763631 0.0050194287712646106 -0.0010915991321426327 -0.03901750223510337 0.021715849579390815 0.031163793131956267 -0.040140370072088954 0.025601645107313373 0.042254021824111337 -0.042319946074344673 -0.064814829357371914 0.031201421966388698 0.046745576144007747 0.012374591706442079 -0.051929835876731438 0.017585269181961981 0.024521263874676735 0.077822143192738627 0.016397136373692382 -0.03285272908378465 0.048540581218761585 0.013660536781875636
leaf_weight=56.273427113890648 4443.8819041717798 1856.1594905368984 70.141135903075337 118.65261598408688 523.08506429614499 157.15947173186578 33.003038810333237 27.029831937979907 60.306890575680882 988.50756226095837 210.18977513362188 37.185361189302057 212.17070282250643 1414.276783133857 80.703088493552059 2743.490482123103 184.44103239313699 189.38998865347821 25.191705738194287 2374.4613116199616 300.47969266027212 241.25293500628322 145.7665048756171 53.299052708316594 655.10275507043116 61.750194663647562 189.97448361990973 94.837949331616983 129.73591168923303 3178.1614762202371
leaf_count=1071 1621 785 2537 5775 1581 7772 90 618 1103 13152 2191 435 704 5209 365 6848 3407 3460 117 2528 338 1439 2436 284 1480 114 1090 4167 824 12650
internal_value=0.0227579 0.0201507 0.0184817 0.0187734 0.00802581 0.0201355 -0.0102882 0.0205931 0.0182829 0.000652199 0.0187072 0.00838284 -0.00597086 0.0204086 0.0180615 0.0188001 0.0137082 -0.0206896 0.0146026 0.0268967 0.0168506 0.00431081 -0.00831353 -0.0333226 0.021057 0.0242106 0.0317135 0.0151782 0.0136986 0.0150428
internal_weight=20856.1 16412.2 14556 14485.9 1630.25 12855.6 190.163 12665.5 9271.46 1107.16 9211.15 1304.04 611.75 7907.11 6492.84 6412.13 3668.64 399.58 3612.37 3394.01 1019.55 719.073 440.318 199.066 692.288 278.755 251.725 3587.18 3402.74 3307.9
internal_count=86191 84570 83785 81248 20508 60740 7862 52878 44031 18927 42928 8270 6355 34658 29449 29084 22236 5651 21165 8847 6319 5981 4159 2720 1915 1822 1204 21048 17641 13474
is_linear=0
shrinkage=0.03


Tree=51
num_leaves=31
num_cat=0
split_feature=56 71 58 64 57 56 56 15 62 59 49 0 9 39 0 55 62 62 48 65 65 35 72 56 56 23 65 65 65 65
split_gain=797.181 464.992 374.581 245.589 204.54 395.596 201.053 200.331 156.183 360.423 310.559 150.976 194.386 147.326 146.622 141.648 139.909 131.71 130.826 168.089 263.129 203.566 198.543 229.297 516.185 264.389 205.92 362.806 197.873 194.838
threshold=0.032660197162707801 1.0000000180025095e-35 1.0000000180025095e-35 1.0000000180025095e-35 1.5000000000000002 0.0068179619555235353 0.00078054427200581185 1.0000000180025095e-35 1.0000000180025095e-35 2.5000000000000004 1.0000000180025095e-35 7.4500000000000011 1.0000000180025095e-35 1.0000000180025095e-35 5.3500000000000005 0.002057627291215169 1.0000000180025095e-35 1.0000000180025095e-35 1.0000000180025095e-35 201.50000000000003 192.50000000000003 1.0000000180025095e-35 1.0000000180025095e-35 0.0066168109075340131 0.0050913009295631218 1.0000000180025095e-35 298.50000000000006 223.50000000000003 186.50000000000003 444.50000000000006
decision_type=2 2 2 2 2 2 2 2 2 2 2 2 2 2 2 2 2 2 2 2 2 2 2 2 2 2 2 2 2 2
left_child=1 2 3 6 5 -4 -1 -7 13 10 -10 12 17 18 -6 -2 -9 -3 19 20 28 22 23 24 25 26 27 -21 -8 -28
right_child=15 11 4 -5 14 7 8 16 9 -11 -12 -13 -14 -15 -16 -17 -18 -19 -20 21 -22 -23 -24 -25 -26 -27 29 -29 -30 -31
leaf_value=-0.031765584763313148 0.065785626559184587 0.031684339220259934 -0.034977064486189473 -0.044026844364196127 -0.036326687395059461 -0.039278366191510358 0.016347980296445234 0.04148300459876441 -0.039685236345158539 0.047555812451563456 0.054952039333953005 0.032090369700016802 -0.056484097571130258 -0.043450987007936884 0.025201623578025825 0.029783333375268131 -0.034407593479254879 -0.018789582073497936 0.039740389068853778 0.03571347496727692 0.043358121898838038 0.048216762775970784 0.043603167812341304 0.01274999750414065 -0.041357085648370519 -0.033939874195146887 0.02875814392484731 -0.04141456306241021 -0.04808366198902779 -0.0067816218989850312
leaf_weight=94.863918691407889 99.296321243047714 173.24111527204514 157.49022940546274 71.960571837960742 34.352305271895602 37.895053407177329 1712.430166968843 221.76603918010369 211.90415528044105 78.362717314623296 35.670294686220586 2317.338667139411 35.11716097407043 40.07764143589884 3694.8108735454734 8028.1708347201347 23.489891929551959 62.723933346569538 166.52589863212779 85.771924620959908 345.83504159934819 112.21272707963362 129.14420544356108 1805.9291815906763 261.46494064666331 132.53430209564976 517.35087472270243 148.60643230611458 43.054062700131908 189.16323495982215
leaf_count=3776 12 90 6834 1662 1599 1877 11884 951 6969 446 33 894 206 556 13432 3350 658 237 305 585 1357 519 77 9037 5589 5356 2973 2694 868 1774
internal_value=0.0228665 0.0182393 0.0153931 0.0107039 0.0223418 0.00300495 0.0113555 0.0241795 0.0120406 -0.00813577 -0.0258838 0.0296127 0.00839203 0.0131976 0.0246253 0.0302312 0.0341042 0.0182448 0.013607 0.0128063 0.0194694 0.00866201 0.00729031 0.0057838 -0.00364302 0.0055733 0.0111693 -0.0131574 0.0147413 0.0192465
internal_weight=21068.6 12941.1 10352.7 6182.86 4169.8 440.641 6110.9 283.151 6016.04 325.937 247.574 2588.42 271.082 5690.1 3729.16 8127.47 245.256 235.965 5650.02 5483.5 2101.32 3382.18 3269.97 3140.82 1334.89 1073.43 940.892 234.378 1755.48 706.514
internal_count=86600 83238 81811 56460 25351 10320 54798 3486 51022 7448 7002 1427 533 43574 15031 3362 1609 327 43018 42713 14109 28604 28085 28008 18971 13382 8026 3279 12752 4747
is_linear=0
shrinkage=0.03


Tree=52
num_leaves=31
num_cat=0
split_feature=56 71 58 66 65 0 57 56 65 55 56 56 65 55 2 65 72 55 55 65 61 0 65 65 54 55 56 50 8 62
split_gain=918.345 570.935 367.116 275.481 276.993 329.231 256.917 254.734 230.324 223.226 567.893 370.767 566.67 253.849 407.488 262.315 251.596 235.505 231.819 199.444 196.382 310.151 343.654 254.941 203.784 194.839 193.433 191.718 187.217 186.594
threshold=0.047574675621158906 1.0000000180025095e-35 1.0000000180025095e-35 1.0000000180025095e-35 138.50000000000003 7.6500000000000012 1.5000000000000002 0.0019487272561923073 65.500000000000014 0.014255165993021049 0.0067497694644379725 0.0093449173492394354 272.50000000000006 0.0066168109075340131 1.0000000180025095e-35 335.50000000000006 1.0000000180025095e-35 0.00027236291111624674 0.0066746296630805562 265.50000000000006 1.0000000180025095e-35 9.7000000000000011 223.50000000000003 225.50000000000003 1.0000000180025095e-35 0.021765767382888639 0.033474976598428303 1.0000000180025095e-35 1.0000000180025095e-35 1.0000000180025095e-35
decision_type=2 2 2 2 2 2 2 2 2 2 2 2 2 2 2 2 2 2 2 2 2 2 2 2 2 2 2 2 2 2
left_child=1 2 3 8 5 -5 20 -6 28 13 -11 25 16 14 15 19 -13 -16 -15 -10 21 -4 -23 -24 -25 -12 -14 -19 -1 -8
right_child=-2 -3 6 4 7 -7 29 -9 9 10 11 12 26 18 17 -17 -18 27 -20 -21 -22 22 23 24 -26 -27 -28 -29 -30 -31
leaf_value=-0.011433182953057069 0.031502735360022023 0.028903863963271326 -0.037223892333619175 0.026779738014867178 -0.035835791456009465 -0.054926261835467026 0.027397012772178105 0.022588967811618354 0.0025644244759565529 -0.042562505724670852 -0.044069852027569745 -0.069550498957382051 -0.031637994033158173 0.096992849578285412 0.050706510458135193 -0.033928100339031576 0.027709881613463206 -0.027518098512159885 0.01381820511654672 0.045336229512286406 0.063870141900745497 -0.037361896415905663 0.13417765750883959 -0.0010220615026182811 0.089142593648861401 0.026819168701939788 0.01967094240556232 0.031958563351116499 0.039374585475784596 0.012481952087873763
leaf_weight=83.380046083824709 5381.2263560965657 2882.7096014972776 174.71485279360786 80.205988856265321 68.401846890803427 97.123092253692448 2801.9540434314404 2211.1968874044251 166.56313580612186 301.61942252819426 36.650082723237574 161.30797690525651 84.26015099324286 29.70114257116802 41.292027694755234 72.287725554895587 27.521796569228172 573.59715534979478 1819.1268725455739 238.21139917545952 36.412491652183235 66.896785059478134 23.06969503313303 75.997007127385587 31.071129880845547 494.14976333500817 294.20188154280186 52.47194323502481 293.29822838190012 1036.7570941676386
leaf_count=671 1805 1515 8049 156 1292 833 6649 5422 4053 3152 341 880 373 229 830 2743 12 20680 13000 1373 138 1668 10 492 94 737 252 254 554 8419
internal_value=0.0209326 0.0169685 0.0139675 0.00985145 0.0180108 -0.0180277 0.0209676 0.0208209 0.00564551 0.00371181 -0.00617457 0.00384995 -0.0130018 0.00833542 -0.00276782 0.0183828 -0.0553036 -0.0178922 0.0152061 0.0277855 -0.00165748 -0.00822998 0.0175377 0.0458283 0.0257264 0.0218508 0.00819434 -0.0224902 0.0281275 0.0233731
internal_weight=19737.4 14356.2 11473.4 7226.57 2456.93 177.329 4246.87 2279.6 4769.64 4392.96 1399.71 1098.09 567.292 2993.25 1144.42 477.062 188.83 667.361 1848.83 404.775 408.162 371.749 197.035 130.138 107.068 530.8 378.462 626.069 376.678 3838.71
internal_count=86676 84871 83356 57837 7703 989 25519 6714 50134 48909 5747 2595 1517 43162 29933 8169 892 21764 13229 5426 10451 10313 2264 596 586 1078 625 20934 1225 15068
is_linear=0
shrinkage=0.03


Tree=53
num_leaves=31
num_cat=0
split_feature=71 17 0 58 0 41 14 59 60 54 18 18 60 32 62 0 7 0 23 22 60 54 23 69 50 7 4 25 26 67
split_gain=623.132 201.048 529.675 211.049 178.514 177.519 212.319 176.632 164.621 158.362 157.38 153.661 145.026 221.419 140.616 157.18 143.728 135.537 179.979 135.352 131 116.179 145.457 112.396 121.618 105.309 225.675 253.86 105.025 144.567
threshold=1.0000000180025095e-35 1.0000000180025095e-35 5.5500000000000007 1.0000000180025095e-35 5.3500000000000005 1.0000000180025095e-35 1.0000000180025095e-35 1.5000000000000002 1.0000000180025095e-35 1.0000000180025095e-35 1.0000000180025095e-35 1.0000000180025095e-35 1.0000000180025095e-35 1.0000000180025095e-35 1.0000000180025095e-35 9.9500000000000011 1.0000000180025095e-35 5.2500000000000009 1.0000000180025095e-35 1.0000000180025095e-35 6.5000000000000009 1.0000000180025095e-35 1.0000000180025095e-35 1.0000000180025095e-35 1.0000000180025095e-35 1.0000000180025095e-35 1.0000000180025095e-35 1.0000000180025095e-35 1.0000000180025095e-35 1.0000000180025095e-35
decision_type=2 2 2 2 2 2 2 2 2 2 2 2 2 2 2 2 2 2 2 2 2 2 2 2 2 2 2 2 2 2
left_child=1 3 8 7 -5 6 21 14 -3 -8 -9 17 13 28 19 16 -16 18 -10 23 -13 22 -4 24 25 -1 27 -27 -6 -30
right_child=-2 2 5 4 12 -7 9 10 11 -11 -12 20 -14 -15 15 -17 -18 -19 -20 -21 -22 -23 -24 -25 -26 26 -28 -29 29 -31
leaf_value=0.018210908194863665 0.03211036963317495 -0.033545282533182015 -0.029844218549812871 -0.043992345336968892 0.016517629466841821 0.040028592043423579 -0.046136889431725239 -0.042406824080335422 0.032983670882310683 0.031791788538712014 0.035353352602838665 -0.061016429708099347 0.0298542753060375 0.037707852486058485 -0.021668412707193319 0.054682741560486733 0.038539577187656743 0.047873996594603063 -0.043179480602637849 -0.044912328858436414 0.035139076412736933 -0.04310627126686449 0.010948447663589531 -0.047388313182158082 0.056955936486675199 -0.056972460572351995 0.026006531442204679 0.011908400022301441 -0.042489511846451833 0.01593857367010524
leaf_weight=8263.8254063788336 4491.1860612351447 34.692164886277169 185.74009445228148 32.292394398362376 1349.8986826611217 58.893065362004563 28.029939157655463 23.479278203565627 106.51458259217907 122.83905333280563 656.45940426154993 26.752548635238782 3129.4754773487803 456.36375703290105 216.70880192192271 35.469754260964692 41.734770826529711 360.07498166698497 36.775661449995823 30.305451508029364 22.696949667297304 174.33789096632972 135.22833614144474 22.918522810796276 70.128982985392213 90.39391218975652 178.97037762473337 101.18726522894576 66.742097530048341 86.279361177235842
leaf_count=37448 1598 3021 4034 1806 12012 110 287 925 1010 280 951 464 3173 700 4363 18 233 1835 923 574 3 4638 1218 236 37 1240 690 150 2215 167
internal_value=0.0222243 0.0194724 0.00811594 0.0204601 0.0253934 -0.00941076 -0.0139716 0.0178618 0.02913 0.017105 0.0326098 0.0331167 0.0258422 0.019422 0.0167505 -0.00364907 -0.0118347 0.03807 0.0132725 0.0174354 -0.0170601 -0.0234528 -0.0126771 0.017657 0.0178337 0.0175094 0.00185804 -0.0207188 0.0138481 -0.00965593
internal_weight=20636.4 16145.2 1292.58 14852.6 5121.05 705.068 646.175 9731.58 587.507 150.869 679.939 552.815 5088.76 1959.28 9051.64 293.913 258.444 503.365 143.29 8757.73 49.4495 495.306 320.968 8727.42 8704.51 8634.38 370.552 191.581 1502.92 153.021
internal_count=86359 84761 17823 66938 20073 10567 10457 46865 7256 567 1876 4235 18267 15094 44989 4614 4596 3768 1933 40375 467 9890 5252 39801 39565 39528 2080 1390 14394 2382
is_linear=0
shrinkage=0.03


Tree=54
num_leaves=31
num_cat=0
split_feature=56 71 58 39 56 60 32 65 57 8 0 56 65 65 55 54 0 55 55 0 65 17 4 60 67 57 0 65 15 55
split_gain=798.666 650.344 282.35 230.152 198.616 213.147 245.869 280.162 250.792 221.991 257.431 180.617 165.381 156.107 151.587 135.481 447.659 472.272 180.543 298.037 265.432 175.9 171.933 150.598 168.446 256.431 316.267 134.495 133.931 230.083
threshold=0.047574675621158906 1.0000000180025095e-35 1.0000000180025095e-35 1.0000000180025095e-35 0.0074326147304572326 1.5000000000000002 1.0000000180025095e-35 160.50000000000003 4.5000000000000009 1.0000000180025095e-35 8.7500000000000018 0.00078054427200581185 55.500000000000007 344.50000000000006 0.000661284296626267 1.0000000180025095e-35 6.9500000000000011 0.0055922520620867834 0.0073991022256974679 7.8500000000000005 196.50000000000003 1.0000000180025095e-35 1.0000000180025095e-35 1.5000000000000002 1.0000000180025095e-35 1.5000000000000002 7.0500000000000007 284.50000000000006 1.0000000180025095e-35 0.0059228531034993181
decision_type=2 2 2 2 2 2 2 2 2 2 2 2 2 2 2 2 2 2 2 2 2 2 2 2 2 2 2 2 2 2
left_child=1 2 3 11 5 6 7 8 12 10 -9 -1 -4 -12 -13 -16 21 -18 19 -19 -21 -17 -23 24 25 -20 -27 -24 29 -3
right_child=-2 28 4 -5 -6 -7 -8 9 -10 -11 13 14 -14 -15 15 16 17 18 23 20 -22 22 27 -25 -26 26 -28 -29 -30 -31
leaf_value=-0.031594935147710786 0.031345287786960836 -0.053642695665007296 0.025541858863272673 -0.049171669139610838 0.030688788073898122 0.034279024510048897 0.030608863675971241 -0.045224585682154539 0.026456069382605713 0.018428609437835718 0.020365858874691164 -0.032334872844545316 -0.043823522321834216 -0.049644887762724861 0.014890503259578835 -0.041977471533378156 -0.036818237084972491 0.055758656566261285 0.0074341228238342426 0.032718906948207283 -0.040098718816493004 -0.037993892825601783 -0.051550043561812038 0.025926557579224737 0.030156395781332682 0.03974707571204221 -0.060801178635060529 0.035899590323593057 0.031631584727210317 0.02176195108700205
leaf_weight=86.758533531334251 5133.1551539115608 42.958315454423428 35.78768462385051 56.313205208396539 1219.1881636707112 496.43855970189907 544.23630818910897 114.34992096479982 84.778695102315396 1312.0421012970619 190.64480770006776 68.67453746846877 202.89797823166009 32.732702422887087 4938.5051784771495 207.72196129884105 159.15759772853926 242.32039427105337 446.76425056904554 120.06597334751859 70.770838974043727 70.622415811987594 18.086619960609823 401.14763630926609 163.40651642717421 36.052309259772301 118.64364453963935 93.796231545042247 2852.6684543769807 211.81982279568911
leaf_count=3734 1767 261 145 805 872 784 815 4609 458 8882 670 3696 7685 460 31381 5357 4504 1330 1434 375 872 2174 440 334 246 16 621 414 1016 223
internal_value=0.0211621 0.0175896 0.014305 0.0107276 0.0204694 0.0163267 0.0127743 0.00784239 -0.0176492 0.0128481 -0.00882213 0.0112 -0.03336 0.00993128 0.0117232 0.0121547 0.00586229 0.0123143 0.0172242 0.0337446 0.00564661 -0.0231671 -0.00164565 0.0110634 0.00324454 -0.00410487 -0.0372634 0.0214313 0.0297703 0.00888791
internal_weight=19772.5 14639.4 11531.9 7298.81 4233.1 3013.91 2517.47 1973.23 323.464 1649.77 337.727 7242.49 238.686 223.378 7155.74 7087.06 2148.56 1758.33 1599.17 433.157 190.837 390.227 182.505 1166.01 764.867 601.46 154.696 111.883 3107.45 254.778
internal_count=86380 84613 83113 57733 25380 24508 23724 22909 8288 14621 5739 56928 7830 1130 53194 49498 18117 9732 5228 2577 1247 8385 3028 2651 2317 2071 637 854 1500 484
is_linear=0
shrinkage=0.03


Tree=55
num_leaves=31
num_cat=0
split_feature=56 71 56 29 58 39 0 60 32 65 72 31 47 62 59 56 56 65 57 24 30 65 55 60 57 55 26 56 56 55
split_gain=777.031 512.442 344.738 246.513 201.022 225.882 185.527 186.665 324.912 358.294 173.265 165.885 152.485 236.528 226.322 146.175 223.663 158.535 284.47 234.477 211.437 185.074 157.872 144.575 423.596 135.119 178.066 125.702 241.92 225.586
threshold=0.047574675621158906 1.0000000180025095e-35 0.0013997099996706566 1.0000000180025095e-35 1.0000000180025095e-35 1.0000000180025095e-35 5.3500000000000005 1.0000000180025095e-35 1.0000000180025095e-35 146.50000000000003 1.0000000180025095e-35 1.0000000180025095e-35 1.0000000180025095e-35 1.0000000180025095e-35 2.5000000000000004 0.0014373729723480054 0.001919494434714227 751.50000000000011 1.5000000000000002 1.0000000180025095e-35 1.0000000180025095e-35 601.50000000000011 0.014255165993021049 1.5000000000000002 2.5000000000000004 0.06386747763884322 1.0000000180025095e-35 0.032660197162707801 0.027940916386617273 0.015259018883957556
decision_type=2 2 2 2 2 2 2 2 2 2 2 2 2 2 2 2 2 2 2 2 2 2 2 2 2 2 2 2 2 2
left_child=1 2 -1 4 5 10 -6 8 9 -8 11 12 13 15 -15 -4 -17 19 22 20 21 25 -19 -13 -25 26 27 28 -18 -29
right_child=-2 -3 3 -5 6 -7 7 -9 -10 -11 -12 23 -14 14 -16 16 17 18 -20 -21 -22 -23 -24 24 -26 -27 -28 29 -30 -31
leaf_value=-0.03270884573915165 0.030721593253577609 0.028446608533565631 0.071362179296547215 -0.04118600584285452 -0.040548093130811667 -0.05063413399292109 -0.041957114908828766 0.026880950202172061 0.035964552984377854 0.011688839341000597 0.039018583320829775 0.031274427638548027 0.036400705779132431 -0.03147142152255139 0.03065213351941224 -0.035583369453535525 0.0098681474591447299 0.035753941131138174 -0.045790331652236269 -0.039701397364507077 -0.046057990528032347 -0.023527832568133001 -0.046677890143729764 0.030784637769802874 -0.081257060235486733 0.031219800865658873 -0.044264212790376886 0.051669317299472099 -0.037880111867384075 0.014268976704903865
leaf_weight=136.92298950674012 5216.9915398024023 2945.896894723177 34.721612968947738 68.894709121668711 43.406975399237126 49.941829324699938 121.49114957614802 2321.5741833138745 464.89904181845486 1315.805581365712 218.91153511311859 629.55953139904886 195.14388355333358 222.61205164319836 68.209924214985222 92.47085239412263 3302.6759971820284 505.22474730969407 44.641216766322032 84.617128318641335 58.089097894262522 134.70018903934397 20.978801566176116 103.00836092606187 41.894478232599795 307.76155671477318 51.479254811070859 171.69870271161199 97.375201780349016 920.3042733296752
leaf_count=6889 1790 1527 138 2476 2289 690 5301 3699 711 11399 155 1162 331 6557 400 2495 26629 1258 567 4425 888 1400 130 62 244 200 965 127 461 974
internal_value=0.0207674 0.0172508 0.0144604 0.0150155 0.0153522 0.0123441 0.0205335 0.0211707 0.0141911 0.00712826 0.0127815 0.0119657 0.0103549 0.00951826 -0.0168457 0.0108368 0.0104617 0.0112149 0.0262024 0.00954191 0.0103757 0.0110423 0.0323852 0.0250647 -0.00194389 0.0120068 0.0106988 0.0113384 0.00848993 0.0201914
internal_weight=19991.9 14774.9 11829 11692.1 11623.2 7356.02 4267.18 4223.77 1902.2 1437.3 7306.08 7087.17 6312.7 6117.56 290.822 5826.74 5792.02 5699.55 570.845 5128.7 5044.08 4986 526.204 774.462 144.903 4851.29 4543.53 4492.05 3400.05 1092
internal_count=86339 84549 83022 76133 73657 50258 23399 21110 17411 16700 49568 49413 47945 47614 6957 40657 40519 38024 1955 36069 31644 30756 1388 1468 306 29356 29156 28191 27090 1101
is_linear=0
shrinkage=0.03


Tree=56
num_leaves=31
num_cat=0
split_feature=56 57 31 71 17 58 62 65 9 56 8 6 71 60 56 27 63 65 6 58 6 37 13 56 65 65 11 57 56 66
split_gain=1139.81 645.935 273.092 306.818 236.51 235.317 223.354 350.311 207.935 249.083 405.284 254.253 201.899 197.464 193.443 351.147 166.715 163.09 162.212 162.008 307.647 193.98 179.015 185.325 167.499 401.962 289.098 244.68 275.711 156.71
threshold=0.011338004811851243 2.5000000000000004 1.0000000180025095e-35 1.0000000180025095e-35 1.0000000180025095e-35 1.5000000000000002 1.0000000180025095e-35 601.50000000000011 1.0000000180025095e-35 0.0045541502434662514 1.0000000180025095e-35 1.0000000180025095e-35 1.0000000180025095e-35 1.5000000000000002 0.048022201973341977 1.0000000180025095e-35 1.0000000180025095e-35 106.50000000000001 1.0000000180025095e-35 1.0000000180025095e-35 1.0000000180025095e-35 1.0000000180025095e-35 1.0000000180025095e-35 0.012841886520352541 153.50000000000003 235.50000000000003 1.0000000180025095e-35 2.5000000000000004 0.027940916386617273 1.0000000180025095e-35
decision_type=2 2 2 2 2 2 2 2 2 2 2 2 2 2 2 2 2 2 2 2 2 2 2 2 2 2 2 2 2 2
left_child=1 2 3 8 17 -6 -5 -8 9 10 11 -1 14 18 15 19 -12 -3 -11 20 -2 22 -22 -24 -25 26 27 -26 -29 -27
right_child=12 4 -4 6 5 -7 7 -9 -10 13 16 -13 -14 -15 -16 -17 -18 -19 -20 -21 21 -23 23 24 25 29 -28 28 -30 -31
leaf_value=0.056015493984735674 -0.067906725455631894 -0.014853492691559174 0.03053251293311016 0.029318482441335707 -0.039106349369720746 0.027150304281339421 -0.05219872545538623 0.044290664886498445 -0.011847306133431264 -0.042553241974164546 -0.032544081118850071 -0.0034861239258107629 0.034788645267134433 -0.0452660358104622 0.029403798419826613 -0.065924305538814856 0.019708378690406876 0.023667947348561588 0.01187620012883372 0.03045856328878585 0.032409532474735249 0.060269896074689293 -0.050022659155837208 0.028656351442665672 0.020995398458226875 0.0068215760581028691 -0.071235828228297424 -0.0029229093216766632 -0.079522279841008889 0.027512693464250233
leaf_weight=102.57396880129818 36.60694535356015 100.85638315905817 355.21171541558579 586.22151996195316 112.75059800618328 82.855554591631517 82.159026883542538 56.178393971174955 995.00181742571294 49.499782660976052 451.40412250359077 171.61806004133541 2257.3143257573247 57.503648689948022 4006.6262593269348 41.217699768021703 61.878589533269405 3896.8514542990597 2103.873948445078 1194.6971812313423 556.26068960130215 95.918090723454952 39.672940040007234 575.21500484552234 177.38793053478003 599.40242738649249 68.065603074617684 130.7722242847085 61.561424497514963 732.77095589786768
leaf_count=135 241 875 1103 305 4779 451 459 16 19307 901 12146 2974 243 944 1637 238 99 12107 22300 781 540 45 266 517 237 1247 398 314 355 437
internal_value=0.020089 0.0124059 0.00520309 0.00328997 0.0211166 -0.0110458 0.0212362 -0.012978 2.92778e-05 0.00397315 -0.0105062 0.0188958 0.0268206 0.00913285 0.0246538 0.0202319 -0.0262187 0.0226926 0.0106059 0.0210791 0.0174247 0.0184753 0.0170922 0.0135074 0.014603 0.0100222 -0.0148929 -0.00435599 -0.0277251 0.018215
internal_weight=19839.9 9266.44 5073.12 4717.91 4193.31 195.606 724.559 138.337 3993.35 2998.35 787.475 274.192 10573.5 2210.88 8316.18 4309.55 513.283 3997.71 2153.37 4268.33 3073.63 3037.03 2941.11 2384.85 2345.18 1769.96 437.787 369.722 192.334 1332.17
internal_count=86397 78901 60689 59586 18212 5230 780 475 58806 39499 15354 3109 7496 24145 7253 5616 12245 12982 23201 5378 4597 4356 4311 3771 3505 2988 1304 906 669 1684
is_linear=0
shrinkage=0.03


Tree=57
num_leaves=31
num_cat=0
split_feature=56 71 67 55 65 55 63 65 65 62 65 32 60 65 58 55 55 56 56 56 55 65 59 0 2 55 55 65 56 71
split_gain=896.972 334.468 238.526 234.24 228.384 326.588 274.784 383.791 219.181 197.312 335.845 186.702 264.143 282.899 234.858 206.094 255.509 186.429 171.413 176.405 297.427 193.764 175.533 199.719 170.547 222.452 170.025 193.564 169.39 165.352
threshold=0.023561139330300889 1.0000000180025095e-35 1.0000000180025095e-35 0.06386747763884322 290.50000000000006 0.011945845925157792 1.0000000180025095e-35 1271.5000000000002 284.50000000000006 1.0000000180025095e-35 203.50000000000003 1.0000000180025095e-35 1.0000000180025095e-35 192.50000000000003 1.0000000180025095e-35 0.0028543105875636922 0.0040872057278096563 0.0058227935986299309 0.012841886520352541 0.0019941073967910724 0.007222384741534674 339.50000000000006 2.5000000000000004 9.8500000000000032 1.0000000180025095e-35 0.002057627291215169 0.0052393313713162363 440.50000000000006 0.0072401483730347776 1.0000000180025095e-35
decision_type=2 2 2 2 2 2 2 2 2 2 2 2 2 2 2 2 2 2 2 2 2 2 2 2 2 2 2 2 2 2
left_child=1 2 3 4 8 18 7 -7 11 -3 -11 12 13 -1 -13 -14 -17 -15 19 21 22 -6 23 26 -4 -26 -21 28 -28 -2
right_child=29 9 24 -5 5 6 -8 -9 -10 10 -12 14 15 17 -16 16 -18 -19 -20 20 -22 -23 -24 -25 25 -27 27 -29 -30 -31
leaf_value=-0.025727111473962484 0.024809258810126737 0.030616506351280309 -0.020506025113582817 0.030257994478272595 -0.035112939393048936 -0.045935825294605853 0.023253942756446346 0.029768495872925911 0.038932807395098953 -0.039782453386902832 0.020888186054633905 -0.041338649403821974 -0.020739421287249281 0.026711796894593964 0.036172714793620754 0.035286867309436601 0.0097278922265894158 -0.012179518436902004 0.03699665940110463 -0.018776896851843219 -0.032173830738281638 0.034591422092069515 0.041588025143021699 0.040955892778799186 -0.041694447824532237 0.024993331113663551 -0.04065037945361543 0.029907768332431774 0.019012825819928095 0.034699689912005026
leaf_weight=394.44733828178141 7228.9223778471351 1479.258348736912 83.696665805997327 423.83055870980024 41.395881413249299 337.21174793248065 97.971760656684637 72.610163581557572 243.90234217443503 100.79370993189514 424.38548208028078 38.057812647894025 159.60916158102918 243.98097501485609 368.04284772649407 429.90423384145834 1931.263283045846 201.91101995832287 143.88353894092143 376.17683467664756 238.08618723996915 238.15099040232599 105.32760405587032 96.960904262028635 45.410420314641669 1646.4624841173645 93.073033205000684 198.65566572849639 77.790733473841101 1937.6302291713655
leaf_count=15784 5525 508 775 287 1204 2779 106 98 1111 439 445 407 8951 3093 542 1644 10046 4638 212 9776 3473 3435 416 115 690 4103 2623 2320 490 203
internal_value=0.0200719 0.0140091 0.0113585 0.00871316 0.00721846 -0.000752711 -0.0217048 -0.0324831 0.0114252 0.0250101 0.00919065 0.00963444 0.00730789 -0.00725176 0.028825 0.0121625 0.0143945 0.00911299 0.00586701 0.00278779 -0.00227056 0.0241811 0.00526563 0.000681617 0.0211102 0.0231798 -0.00460298 0.00983804 -0.0135344 0.0269035
internal_weight=19498.8 10332.3 8327.81 6552.24 6128.41 2117.3 507.794 409.822 4011.12 2004.44 525.179 3767.22 3361.12 840.339 406.101 2520.78 2361.17 445.892 1609.5 1465.62 1186.07 279.547 947.985 842.657 1775.57 1691.87 745.696 369.519 170.864 9166.55
internal_count=86238 80510 79118 73550 73263 27047 2983 2877 46216 1392 884 45105 44156 23515 949 20641 11690 7731 24064 23852 19213 4639 15740 15324 5568 4793 15209 5433 3113 5728
is_linear=0
shrinkage=0.03


Tree=58
num_leaves=31
num_cat=0
split_feature=71 55 26 58 59 65 64 55 55 65 67 55 59 48 30 3 72 60 57 65 65 55 59 65 60 55 55 65 24 37
split_gain=538.745 292.452 200.91 169.228 213.293 272.597 177.71 294.044 249.198 158.087 202.606 155.074 144.878 140.371 132.206 182.199 121.833 120.885 280.337 127.236 156.492 117.345 113.075 330.398 359.844 242.423 247.45 210.066 300.602 196.215
threshold=1.0000000180025095e-35 0.051588093059875891 1.0000000180025095e-35 1.0000000180025095e-35 1.5000000000000002 378.50000000000006 1.0000000180025095e-35 0.036496636214826468 0.036496636214826468 308.50000000000006 1.0000000180025095e-35 0.00038080732580121748 2.5000000000000004 1.0000000180025095e-35 1.0000000180025095e-35 1.0000000180025095e-35 1.0000000180025095e-35 1.0000000180025095e-35 3.5000000000000004 196.50000000000003 198.50000000000003 0.000661284296626267 1.0000000180025095e-35 321.50000000000006 5.5000000000000009 0.00095627457833280299 0.0069782869163078536 434.50000000000006 1.0000000180025095e-35 1.0000000180025095e-35
decision_type=2 2 2 2 2 2 2 2 2 2 2 2 2 2 2 2 2 2 2 2 2 2 2 2 2 2 2 2 2 2
left_child=1 2 3 4 6 -6 7 13 -8 11 -11 -4 -13 16 15 -9 22 18 19 -2 -21 -5 23 24 25 -1 -27 29 -29 -24
right_child=17 -3 9 21 5 -7 8 14 -10 10 -12 12 -14 -15 -16 -17 -18 -19 -20 20 -22 -23 27 -25 -26 26 -28 28 -30 -31
leaf_value=0.038019082726223501 -0.047284235585257364 0.028710825098142392 0.039987140184621094 -0.039902317955978747 0.034173293416545847 -0.046741696796230373 -0.056239388037522604 -0.073354910352333921 0.028681799345901121 -0.041071432933345538 0.039580190934256597 -0.047833157082692507 0.03183662869145587 0.03555091757686412 0.027055180671332668 0.02513704257837443 0.035845120159273769 0.032131870052311773 0.031881765168775923 0.042979171648945921 -0.018964062992904721 0.022021832762525374 0.019152022384326738 0.01909887479336524 -0.082586421039410871 -0.016726050221565678 0.0069870796367993088 -0.024994632614434253 0.067802182143398657 0.070367397556892072
leaf_weight=188.60988447931595 58.868763642385602 1873.6799329770729 27.415021120337769 26.84619996137917 699.18945344747044 38.742623061640188 75.910087534575723 70.010894292965531 51.400210175663233 37.933991385158151 99.701575783081353 137.88589365012012 23.390963885933161 268.88768983841874 24.8018793836236 21.627715796232224 213.92939904564992 3389.8667675592005 427.50382124632597 57.584358677268028 97.327892974019051 4209.4308148517739 2322.2254091032082 2260.4616652746918 41.637564471922815 475.85152790462598 2336.9378523314372 188.34724274801556 36.682508283061907 68.506009245524183
leaf_count=3691 354 961 6 960 1501 1089 1643 433 24 1125 72 2942 11 402 13 15 181 699 218 10 323 21720 9866 11491 228 13195 9799 3215 317 88
internal_value=0.0200773 0.0175804 0.0160831 0.0166405 0.0143904 0.0298676 0.0130661 0.0135927 -0.021997 -0.00716065 0.0172157 -0.0249383 -0.0361532 0.0142501 -0.033567 -0.0500893 0.0135416 0.0298696 0.0178796 -0.0101389 0.00418961 0.0216201 0.0129347 0.0104135 0.00395758 0.00518529 0.00297091 0.0180405 -0.00963461 0.0206484
internal_weight=19851.2 15820 13946.4 13620 9383.76 737.932 8645.83 8518.52 127.31 326.327 137.636 188.692 161.277 8402.08 116.44 91.6386 8133.19 4031.15 641.285 213.781 154.912 4236.28 7919.26 5303.5 3043.04 3001.4 2812.79 2615.76 225.03 2390.73
internal_count=86592 84988 84027 79871 57191 2590 54601 52934 1667 4156 1197 2959 2953 52473 461 448 52071 1604 905 687 333 22680 51890 38404 26913 26685 22994 13486 3532 9954
is_linear=0
shrinkage=0.03


Tree=59
num_leaves=31
num_cat=0
split_feature=56 71 58 56 65 55 60 55 55 19 65 65 56 48 55 60 56 57 15 62 55 65 56 55 60 55 56 65 65 55
split_gain=821.058 497.401 299.757 230.016 203.389 195.276 316.632 212.678 278.69 380.852 337.594 315.463 298.373 288.85 195.847 189.049 184.018 176.564 303.64 173.996 424.074 187.976 171.509 161.155 144.333 283.886 219.912 158.125 286.55 139.31
threshold=0.032660197162707801 1.0000000180025095e-35 1.0000000180025095e-35 0.001919494434714227 51.500000000000007 0.0029021728080734686 1.0000000180025095e-35 0.0097125389833710302 0.02035367420542971 1.0000000180025095e-35 440.50000000000006 1271.5000000000002 0.027940916386617273 1.0000000180025095e-35 0.0010735629434673237 1.5000000000000002 0.0028543105875636922 2.5000000000000004 1.0000000180025095e-35 1.0000000180025095e-35 0.002133105675743575 223.50000000000003 0.0025456504647815609 0.061506534462757854 1.0000000180025095e-35 0.0060062908598989394 0.029864080034558614 751.50000000000011 229.50000000000003 0.005360410972892026
decision_type=2 2 2 2 2 2 2 2 2 2 2 2 2 2 2 2 2 2 2 2 2 2 2 2 2 2 2 2 2 2
left_child=1 2 3 29 -5 6 14 15 9 11 12 13 16 -9 -6 24 -10 18 -4 -20 21 -21 -19 -22 25 -7 -26 28 -27 -1
right_child=-2 -3 17 4 5 7 -8 8 10 -11 -12 -13 -14 -15 -16 -17 -18 22 19 20 23 -23 -24 -25 26 27 -28 -29 -30 -31
leaf_value=0.013126760717236719 0.027537602791803645 0.026773515709598024 -0.037540614972936946 -0.053080316737918042 0.03981091555006188 -0.035546704424721284 -0.03369106752527281 -0.045164655797081524 -0.044962689341224334 0.041878026695435555 -0.050325767269726117 0.032591725707483782 -0.079240009441632439 0.033365212785840426 -0.034845131154720668 -0.004464875233423999 0.016187414764529055 -0.044579849740003459 0.019131705438195347 -0.03150807943590022 -0.044636842301635851 0.071903487765353019 0.023691887122040865 0.035616802780434428 0.024136888892672907 0.021058596174053541 -0.066938588106474975 0.056641162389312397 -0.039412456781411385 -0.034562044823631365
leaf_weight=78.357497371151112 6965.2772179879248 2439.8904529176652 112.30233686533757 46.683911019237712 122.00322842854075 116.85034170397557 231.35582881257869 350.50414360035211 44.631025517359376 89.3382817376405 79.201160224620253 70.81707301363349 30.183748036623001 47.166617350652814 41.708451355341822 354.1425455622375 1574.1658886526711 32.676161953248084 1053.8223712125327 20.192519655451179 158.67080654064193 64.741229152772576 2497.0443528306205 25.45089714974165 1901.4048943929374 360.19112058449537 23.229426499456167 73.026481470791623 86.674139397917315 181.51544807339087
leaf_count=4443 3329 1457 8217 346 762 5394 11295 2765 321 679 497 82 156 69 1846 2213 2983 1097 4335 720 4043 139 6554 5 11069 3871 137 170 2863 4442
internal_value=0.0193062 0.014646 0.0116451 0.00735793 0.00862975 0.00915389 -0.0111588 0.0106985 0.00384535 -0.0145746 0.00979595 -0.0254061 0.0127124 -0.0357901 0.0206949 0.0160688 0.0144748 0.0180245 0.00960972 0.0136378 -0.00787178 0.0472374 0.0227928 -0.033411 0.0189085 0.00651436 0.0230035 0.0160181 0.0092678 -0.0201876
internal_weight=19273.2 12307.9 9868.05 5903.15 5643.28 5596.59 395.068 5201.53 2286.01 557.826 1728.18 468.488 1648.98 397.671 163.712 2915.52 1618.8 3964.9 1435.18 1322.88 269.055 84.9337 2529.72 184.122 2561.38 636.742 1924.63 519.892 446.865 259.873
internal_count=86299 82970 81513 56403 47518 47172 13903 33269 7552 3595 3957 2916 3460 2834 2608 25717 3304 25110 17459 9242 4907 859 7651 4048 23504 12298 11206 6904 6734 8885
is_linear=0
shrinkage=0.03


Tree=60
num_leaves=31
num_cat=0
split_feature=56 71 67 60 27 58 65 56 54 14 56 65 56 56 56 4 65 0 65 65 0 65 65 15 65 60 56 56 65 65
split_gain=916.896 505.8 247.036 181.428 189.793 162.537 156.537 308.005 139.359 228.605 236.143 170.803 165.939 182.889 171.681 165.928 327.707 321.549 262.341 191.887 159.902 346.157 168.635 224.558 155.18 154.092 331.789 218.052 170.107 241.631
threshold=0.032660197162707801 1.0000000180025095e-35 1.0000000180025095e-35 1.5000000000000002 1.0000000180025095e-35 1.0000000180025095e-35 80.500000000000014 0.0063783844441154579 1.0000000180025095e-35 1.0000000180025095e-35 0.024638838535540528 65.500000000000014 0.0057950219280482303 0.0059738020574179301 0.0030932164622422017 1.0000000180025095e-35 361.50000000000006 6.5500000000000007 144.50000000000003 323.50000000000006 8.7500000000000018 272.50000000000006 280.50000000000006 1.0000000180025095e-35 162.50000000000003 1.0000000180025095e-35 0.0063783844441154579 0.024051509200471031 223.50000000000003 282.50000000000006
decision_type=2 2 2 2 2 2 2 2 2 2 2 2 2 2 2 2 2 2 2 2 2 2 2 2 2 2 2 2 2 2
left_child=1 2 3 4 8 6 -5 -8 11 10 12 -1 14 -14 -10 17 19 -13 -19 -17 21 -15 -23 -24 -20 26 28 -28 -26 -30
right_child=-2 -3 -4 5 -6 -7 7 -9 9 -11 -12 15 13 20 -16 16 -18 18 24 -21 -22 22 23 -25 25 -27 27 -29 29 -31
leaf_value=0.030706081090950084 0.027171998150030487 0.025790211805098981 0.020169420379791823 0.041269120416053226 -0.038556827755080542 0.027929599623738324 -0.039404567078959188 0.011649570398931261 -0.0032447440539287503 0.026893223047811745 -0.066207660425922257 -0.029953892627108368 0.045767775982561744 -0.043703408632587981 -0.04096192325227406 0.015790995293527097 -0.026180759433076715 -0.021324658561630482 0.02798702574036574 0.047106837783232582 0.014245033333515913 0.048849465394490303 0.023371064447548041 -0.042303530141088876 -0.042377032782692163 0.012234978026701737 -0.047101401951649524 0.0097872559087673408 0.039477468811469192 -0.010239726629653091
leaf_weight=301.72428127238527 6787.5057940557599 2365.7494882065803 1844.6844728994183 119.08631419343874 85.731006059329957 681.30383285135031 121.75640705681872 795.25608224328607 277.50807245424949 222.40642393194139 54.875006325542927 233.99597253056709 85.069523973623291 184.23489460069686 177.66414458514191 666.19912558770739 132.98675498738885 271.61429914971814 355.95881522307172 239.34143473301083 373.50796167505905 71.402290191501379 107.69360095681623 81.381293153390288 44.511326315579936 1424.8040402038023 198.03357471060008 86.775102689862251 214.27068600826897 148.21314609493129
leaf_count=849 3333 1473 5698 76 2768 1074 3966 2312 6075 1903 381 14789 524 3962 4689 5823 1990 4555 1436 685 1998 125 1372 1565 1138 5303 3582 120 784 1947
internal_value=0.0183641 0.0133668 0.0103035 0.00795511 0.00550696 0.0165568 0.00905867 0.00483531 0.00614777 -0.00130905 -0.00576291 0.00897193 -0.00327434 0.00416987 -0.0180241 0.00733209 0.0176519 0.00372874 0.00661072 0.0241108 -0.000205609 -0.0123472 0.00991321 -0.00497033 0.00968683 0.00659745 -0.00501423 -0.029795 0.0123575 0.0191768
internal_weight=18755.2 11967.7 9601.99 7757.31 6039.9 1717.4 1036.1 917.012 5954.17 1635.74 1413.34 4318.43 1358.46 903.29 455.172 4016.7 1038.53 2978.18 2744.18 905.541 818.22 444.712 260.477 189.075 2472.57 2116.61 691.804 284.809 406.995 362.484
internal_count=86295 82962 81489 75791 68363 7428 6354 6278 65595 22594 20691 43001 20310 9546 10764 42152 8498 33654 18865 6508 9022 7024 3062 2937 14310 12874 7571 3702 3869 2731
is_linear=0
shrinkage=0.03


Tree=61
num_leaves=31
num_cat=0
split_feature=56 57 62 56 56 65 71 56 27 56 65 71 49 58 18 56 65 0 56 56 56 56 6 56 65 48 56 65 56 0
split_gain=799.344 423.536 247.337 234.338 342.518 258.676 198.787 194.473 295.465 192.844 174.556 157.714 162.544 156.56 272.378 181.915 158.654 132.846 125.674 240.103 132.953 273.712 239.364 203.357 202.064 150.761 229.102 235.825 194.348 137.769
threshold=0.018723845800721603 3.5000000000000004 1.0000000180025095e-35 0.0048172015739119875 0.0072401483730347776 182.50000000000003 1.0000000180025095e-35 0.048022201973341977 1.0000000180025095e-35 0.00078054427200581185 1027.5000000000002 1.0000000180025095e-35 1.0000000180025095e-35 1.0000000180025095e-35 1.0000000180025095e-35 0.010117439650664703 166.50000000000003 8.0500000000000025 0.0014373729723480054 0.001919494434714227 0.0039470903806293018 0.0049775421792727509 1.0000000180025095e-35 0.0036472570579653518 875.50000000000011 1.0000000180025095e-35 0.0072401483730347776 350.50000000000006 0.0069318971412261092 7.7500000000000009
decision_type=2 2 2 2 2 2 2 2 2 2 2 2 2 2 2 2 2 2 2 2 2 2 2 2 2 2 2 2 2 2
left_child=1 2 9 5 -5 -4 7 8 -2 -1 11 12 18 14 -3 16 -16 -6 -11 -20 23 24 -23 -21 -22 26 27 28 -24 -25
right_child=6 13 3 4 17 -7 -8 -9 -10 10 -12 -13 -14 -15 15 -17 -18 -19 19 20 21 22 25 29 -26 -27 -28 -29 -30 -31
leaf_value=-0.032231827328336037 0.01853102582718863 -0.039853357665810878 -0.04021675572763659 -0.04547939688413645 -0.028300288499821843 0.026252728902660883 0.033647763032803736 0.027486925856656377 -0.0672670688471107 0.040049134914752309 -0.043205891795421461 0.025723096696155082 -0.049617489051792044 0.026421854744374782 -0.048019071979327359 -0.051959351539275576 0.023331667035955142 0.01355654460161638 -0.036500411365073773 0.012402038566806089 -0.032544441753406796 -0.045033662598457959 0.0093614880040635891 -0.034187890111609949 0.040700442827023911 0.035998012795144717 0.017089396611870443 -0.026669355695426129 -0.044613433578606802 0.045248086207974041
leaf_weight=91.803888205206022 3551.7127642007545 84.57086230639834 64.184181152610108 235.55784443870652 94.241295115090907 275.12024749640841 1861.6914364658296 3686.9252219349146 35.538058249279857 125.95927037927322 51.315974539145827 654.53858987987041 39.74343969207257 2103.9310740935616 28.419894687831402 32.026474667713046 639.52488001971506 239.76094684842974 97.817301956238225 1075.3843453451991 225.85003086249344 68.554814218077809 1020.9599049079698 20.361661485629156 38.973859194433317 205.99521031975746 1610.6684507266618 238.97406860860065 62.801925506908447 290.26134912110865
leaf_count=3541 4335 3340 3571 7086 2222 2863 230 1608 195 1689 584 343 495 3755 316 168 2037 1502 2698 9737 4875 1164 11325 675 90 241 9897 3870 1475 463
internal_value=0.0185197 0.012528 0.00845249 -0.00611362 -0.0178596 0.0135979 0.0248907 0.0226451 0.0176625 0.0106894 0.0113709 0.0118631 0.0100874 0.0221569 0.0107002 0.0168563 0.0202286 0.00169709 0.0105639 0.00980669 0.0107463 0.00760742 0.0100289 0.0185998 -0.0216525 0.0112452 0.00949533 0.00024226 0.0061955 0.039948
internal_weight=18853.2 9717.3 6828.83 908.865 569.56 339.304 9135.87 7274.18 3587.25 5919.96 5828.16 5776.84 5122.31 2888.47 784.542 699.971 667.945 334.002 5082.56 4956.6 4858.79 3472.78 3207.95 1386.01 264.824 3139.4 2933.4 1322.74 1083.76 310.623
internal_count=86390 80022 70406 17244 10810 6434 6368 6138 4530 53162 49621 49037 48694 9616 5861 2521 2353 3724 48199 46510 43812 32937 27972 10875 4965 26808 26567 16670 12800 1138
is_linear=0
shrinkage=0.03


Tree=62
num_leaves=31
num_cat=0
split_feature=56 71 58 56 24 64 55 55 55 65 55 65 55 56 65 65 65 56 55 62 65 65 62 57 65 57 18 49 72 65
split_gain=825.843 481.64 308.94 210.782 200.607 184.432 172.338 274.781 484.054 513.167 295.6 282.585 215.673 210.716 282.14 184.475 341.052 334.125 159.841 158.328 205.286 153.958 142.651 424.094 393.756 136.113 125.052 121.409 116.803 151.342
threshold=0.032660197162707801 1.0000000180025095e-35 1.0000000180025095e-35 0.030758389275860835 1.0000000180025095e-35 1.0000000180025095e-35 0.048763003506173415 0.0097125389833710302 0.02035367420542971 1271.5000000000002 0.0072480298081758826 308.50000000000006 0.031781826281211616 0.029864080034558614 158.50000000000003 150.50000000000003 184.50000000000003 0.0034497823525313528 0.025074921457035035 1.0000000180025095e-35 154.50000000000003 58.500000000000007 1.0000000180025095e-35 3.5000000000000004 601.50000000000011 1.5000000000000002 1.0000000180025095e-35 1.0000000180025095e-35 1.0000000180025095e-35 280.50000000000006
decision_type=2 2 2 2 2 2 2 2 2 2 2 2 2 2 2 2 2 2 2 2 2 2 2 2 2 2 2 2 2 2
left_child=1 2 3 4 5 6 7 10 9 -9 15 12 28 -12 -15 26 -17 -18 -13 27 -21 -14 -3 24 -24 -22 -1 -4 29 -10
right_child=-2 22 19 -5 -6 -7 -8 8 11 -11 13 18 21 14 -16 16 17 -19 -20 20 25 -23 23 -25 -26 -27 -28 -29 -30 -31
leaf_value=-0.031720747374417352 0.026413624889181236 0.029850994147444299 0.02140845661992373 -0.071308084484308643 -0.036420404302880995 -0.042305082504837686 0.025131123213183896 -0.044454814320421213 0.015379024624255506 0.032598450037558763 0.027784596655348975 0.01095634294083885 0.0084698972685850107 0.023812693627973117 -0.067969048543323737 -0.046538459850473196 -0.027040156969691354 0.010218744891681026 -0.048685257900260348 -0.025257018500318782 -0.034573637451507634 -0.045125039451273483 -0.059257429789607519 0.028049206245083891 0.037489035691370819 0.015541433485300928 0.027012863347068629 -0.058207856047170228 0.045185824989624743 -0.049964205114643175
leaf_weight=34.699055209290236 6867.0888836942613 1750.7037578374147 2697.8096122079296 30.515844665467739 95.44976875919383 65.933111862745136 472.16619135066867 383.62648691562936 880.27906976547092 96.730933378450572 1056.1196930358419 60.081020711455494 97.289049518527463 73.20212684571743 49.828783638775349 128.13120848929975 257.73004400881473 1330.283305387944 120.75792074180208 149.90553018951323 50.886770328273997 94.165323361754417 113.43480215594172 462.20303256437182 55.759890109300613 830.54991619847715 398.22311287675984 16.418736924882978 113.6980109764263 32.141695966478437
leaf_count=2258 3361 569 11688 163 6424 1649 467 3206 2495 92 5662 128 365 78 326 3849 7540 16995 1015 5653 2348 847 641 230 25 5433 2636 170 28 203
internal_value=0.0181166 0.0133663 0.0103728 0.00607632 0.00649278 0.00721196 0.00779418 0.00621755 -0.00295409 -0.0289029 0.0113943 0.00597366 0.0111755 0.0234579 -0.0136082 0.00476736 0.000348471 0.00415852 -0.0289189 0.0171041 0.00708887 -0.0179879 0.0254414 0.0131867 -0.0273407 0.0126123 0.0222431 0.0209056 0.0166291 0.013025
internal_weight=18865.8 11998.7 9616.62 5871.05 5840.54 5745.09 5679.15 5206.99 1878.77 480.357 3328.22 1398.41 1217.57 1179.15 123.031 2149.07 1716.14 1588.01 180.839 3745.57 1031.34 191.454 2382.1 631.398 169.195 881.437 432.922 2714.23 1026.12 912.421
internal_count=86544 83183 81718 56426 56263 49839 48190 47723 8379 3298 39344 5081 3938 6066 404 33278 28384 24535 1143 25292 13434 1212 1465 896 666 7781 4894 11858 2726 2698
is_linear=0
shrinkage=0.03


Tree=63
num_leaves=31
num_cat=0
split_feature=71 55 59 55 65 15 62 65 66 55 26 55 68 10 55 53 60 58 23 57 55 57 59 55 65 65 58 55 72 65
split_gain=637.13 249.11 167.224 144.117 185.421 138.898 317.317 138.131 256.863 228.086 380.893 269.011 259.654 209.818 169.853 169.493 167.775 167.675 156.835 182.992 154.115 181.058 153.119 475.874 275.309 206.57 164.586 185.32 166.986 192.566
threshold=1.0000000180025095e-35 0.057612852812660494 1.5000000000000002 0.0072480298081758826 280.50000000000006 1.0000000180025095e-35 1.0000000180025095e-35 331.50000000000006 1.0000000180025095e-35 0.0045156434605919558 1.0000000180025095e-35 0.0069782869163078536 1.0000000180025095e-35 1.0000000180025095e-35 0.003866179080688759 1.0000000180025095e-35 6.5000000000000009 1.5000000000000002 1.0000000180025095e-35 2.5000000000000004 0.036496636214826468 1.5000000000000002 1.0000000180025095e-35 0.029049548550006982 261.50000000000006 280.50000000000006 1.0000000180025095e-35 0.025300402343066578 1.0000000180025095e-35 153.50000000000003
decision_type=2 2 2 2 2 2 2 2 2 2 2 2 2 2 2 2 2 2 2 2 2 2 2 2 2 2 2 2 2 2
left_child=1 2 7 4 -4 6 -2 9 13 18 11 12 15 14 17 -11 20 -9 -1 -20 22 -22 23 26 -25 -24 28 -28 29 -13
right_child=5 -3 3 -5 -6 -7 -8 8 -10 10 -12 16 -14 -15 -16 -17 -18 -19 19 -21 21 -23 25 24 -26 -27 27 -29 -30 -31
leaf_value=0.023806029301610965 0.024291300045702794 0.02648694796595252 -0.04113243456825913 0.031500981572330132 0.020629197471798612 0.030075565197162694 -0.054339590459637523 -0.036411884172167099 0.025768849925965107 -0.016766035397852017 -0.050794028183055749 0.021846951260024748 0.039421462414471281 -0.044268107565551322 0.014203752534398817 0.049351632852018774 -0.06393356205620955 0.024251020610520629 -0.033269653595983516 0.026767198470282388 -0.06528602045785889 0.001595104072522264 0.020351273178822578 -0.053030939519883816 0.0066261569042162342 -0.031273599519257331 0.025351398342792684 -0.071847866606774599 0.039506824180197221 0.00028782593443118533
leaf_weight=1355.1424801578978 222.12335161864758 1392.9202835764736 59.244268327020109 740.5272830738686 158.82306092686485 3406.6298273112625 57.265009596943855 120.40489088033792 1657.706400603056 703.6337962198304 98.535815344192088 483.87771545909345 93.03930074069649 60.682767973747104 2116.9790943250991 35.758904678514227 25.98042968288064 61.081440814770758 98.826493081171066 83.289060842595063 47.686523433309048 144.52370906062424 1960.7151890775422 170.16065946454182 117.01654547546059 71.468103822786361 786.42014536261559 17.118261962663382 135.58835652144626 1614.2894853686448
leaf_count=13659 150 785 2297 1099 1812 1109 361 4886 3437 12628 1779 1998 90 2021 12280 45 124 137 8071 1315 295 224 3477 1351 188 585 3099 110 53 6944
internal_value=0.0172775 0.0144289 0.0131368 0.0251959 0.0037387 0.0284078 0.00803835 0.0121763 0.0167205 0.00990499 0.00744712 0.00835059 -0.00755027 0.0103543 0.011815 -0.0135061 0.0107258 -0.015974 0.0202953 -0.00581606 0.0110868 -0.0152498 0.0120345 0.00806497 -0.0287837 0.0185212 0.0115574 0.023194 0.00736286 0.00526781
internal_weight=18097.5 14411.4 13018.5 958.595 218.067 3686.02 279.388 12059.9 4016.85 8043.07 6505.81 6407.28 832.432 2359.15 2298.47 739.393 5574.85 181.486 1537.26 182.116 5548.86 192.21 5356.65 3324.47 287.177 2032.18 3037.29 803.538 2233.76 2098.17
internal_count=86409 84789 84004 5208 4109 1620 511 78796 22761 56035 32990 31211 12763 19324 17303 12673 18448 5023 23045 9386 18324 519 17805 13743 1539 4062 12204 3209 8995 8942
is_linear=0
shrinkage=0.03


Tree=64
num_leaves=31
num_cat=0
split_feature=63 55 60 59 62 65 55 55 20 58 65 20 65 55 55 55 58 10 53 55 65 29 65 60 32 46 5 31 65 48
split_gain=479.538 252.416 247.157 240.231 296.876 375.484 465.218 178.818 165.522 164.825 155.705 167.775 161.845 148.8 290.325 147.377 202.949 134.039 192.785 167.602 228.345 132.797 124.338 197.484 191.052 120.011 117.898 111.986 107.856 106.733
threshold=1.0000000180025095e-35 0.057612852812660494 1.0000000180025095e-35 1.5000000000000002 1.0000000180025095e-35 515.50000000000011 0.002133105675743575 0.031781826281211616 1.0000000180025095e-35 2.5000000000000004 419.50000000000006 1.0000000180025095e-35 344.50000000000006 0.021765767382888639 0.025300402343066578 0.0021089081406406199 1.5000000000000002 1.0000000180025095e-35 1.0000000180025095e-35 0.014255165993021049 956.50000000000011 1.0000000180025095e-35 227.50000000000003 1.5000000000000002 1.0000000180025095e-35 1.0000000180025095e-35 1.0000000180025095e-35 1.0000000180025095e-35 395.50000000000006 1.0000000180025095e-35
decision_type=2 2 2 2 2 2 2 2 2 2 2 2 2 2 2 2 2 2 2 2 2 2 2 2 2 2 2 2 2 2
left_child=1 3 9 4 7 6 15 17 -5 -2 11 22 -13 25 -15 16 -6 21 19 20 -19 26 -9 24 -24 27 29 -8 -16 -1
right_child=2 -3 -4 8 5 -7 13 10 -10 -11 -12 12 -14 14 28 -17 -18 18 -20 -21 -22 -23 23 -25 -26 -27 -28 -29 -30 -31
leaf_value=0.015831714559293979 0.0034387645310506379 0.027324233006829218 0.03021549695157388 0.02974434384941679 -0.035009752179029595 0.025441630301149841 -0.042874286647106276 0.0081347634854163006 -0.018951273360061902 0.02688719151432134 0.020540895789705287 -0.062381899692523862 0.018424141061324863 0.02764520331875894 -0.072785403139866756 0.086980270672365384 0.040533185292122471 -0.040046940647751376 0.049407925683972446 0.013694125527269332 0.042395668414457063 -0.037402816343870576 -0.071824501243523561 0.020069668291991024 0.022157406214119622 0.021924081899292704 -0.040943754198023666 0.021432818693496274 0.0054265620991685651 0.033787963492599604
leaf_weight=8465.2966664819978 612.13045690581203 1327.5204527135938 3365.5202426130418 1051.1493911100551 46.104092394933105 313.30529020668473 389.15500844782218 504.65254835248925 66.155675504356623 481.91239580698311 301.27742986939847 77.033264928031713 30.701633088290691 111.99770058784634 50.457602587062865 31.929814265109599 99.325930280610919 178.85789424320683 58.244267493020743 167.48791039478965 35.492882010526955 40.792825391981751 74.641839729156345 61.631014347076416 25.679941531270742 30.786806971533224 31.392053123330697 25.411284107714891 22.753880796022713 308.69677323871292
leaf_count=47988 1449 766 1239 3234 2451 1977 12056 1039 1904 302 397 616 45 132 317 195 146 5935 73 341 53 1883 516 42 17 82 697 100 55 367
internal_value=0.0176252 0.0148818 0.0261881 0.0135689 0.0122747 -0.00238736 -0.0131973 0.0138613 0.0268467 0.0137826 0.0022792 -0.00484332 -0.0393966 -0.0252663 -0.0026455 0.0296124 0.0165091 0.0152025 -0.000954894 -0.00874604 -0.0262624 0.0160063 0.000791738 -0.021999 -0.0477862 -0.0346467 0.0162579 -0.0388904 -0.0487318 0.0164673
internal_weight=18387.5 13927.9 4459.56 12600.4 11483.1 1121.23 807.922 10361.9 1117.31 1094.04 1075.62 774.34 107.735 630.562 185.209 177.36 145.43 9286.26 440.083 381.839 214.351 8846.18 666.605 161.953 100.322 445.353 8805.39 414.566 73.2115 8773.99
internal_count=86414 83424 2990 82658 77520 17511 15534 60009 5138 1751 2672 2275 661 12742 504 2792 2597 57337 6402 6329 5988 50935 1614 575 533 12238 49052 12156 372 48355
is_linear=0
shrinkage=0.03


Tree=65
num_leaves=31
num_cat=0
split_feature=71 55 26 55 0 62 57 59 54 59 58 65 65 65 65 57 62 13 0 55 65 65 65 60 65 57 4 16 4 11
split_gain=458.15 242.423 312.018 204.545 226.519 201.502 538.566 186.198 172.87 168.6 175.446 194.256 184.507 136.815 185.88 144.338 133.039 207.529 123.084 112.556 165.677 120.378 112.008 426.06 241.545 326.246 262.898 161.011 136.891 348.378
threshold=1.0000000180025095e-35 0.051588093059875891 1.0000000180025095e-35 0.036496636214826468 7.9500000000000011 1.0000000180025095e-35 3.5000000000000004 1.0000000180025095e-35 1.0000000180025095e-35 1.5000000000000002 1.0000000180025095e-35 142.50000000000003 71.500000000000014 368.50000000000006 373.50000000000006 4.5000000000000009 1.0000000180025095e-35 1.0000000180025095e-35 6.0500000000000007 0.0061860440093990795 286.50000000000006 476.50000000000006 321.50000000000006 5.5000000000000009 448.50000000000006 1.5000000000000002 1.0000000180025095e-35 1.0000000180025095e-35 1.0000000180025095e-35 1.0000000180025095e-35
decision_type=2 2 2 2 2 2 2 2 2 2 2 2 2 2 2 2 2 2 2 2 2 2 2 2 2 2 2 2 2 2
left_child=1 2 3 9 8 -2 7 -7 -5 10 16 12 -12 15 -15 -4 22 -18 -13 20 -11 -21 23 28 27 26 -26 -24 -1 -30
right_child=5 -3 13 4 -6 6 -8 -9 -10 19 11 18 -14 14 -16 -17 17 -19 -20 21 -22 -23 24 -25 25 -27 -28 -29 29 -31
leaf_value=0.0061897176832544053 0.030880864010090648 0.026513989042392033 -0.046748391966818688 0.010882581925899578 -0.083604370065313349 -0.060043934448034311 0.027637601819869795 0.0092588956001006337 -0.067626708043735009 -0.040210014071783838 0.026464850331091101 -0.01524709370468242 -0.01895169739037721 0.043305562865466669 -0.042401721113180378 0.019493046480798273 0.030990714034806431 -0.030478963399754672 0.022873400967293744 0.034300340110515498 0.022800044444251075 -0.019667887619402778 0.02567072892490745 -0.082278084092843706 0.018492572060807292 -0.024799307973100333 -0.042885108498951954 -0.041589234474077523 -0.0021339288941557839 0.024074115059089494
leaf_weight=2829.0461309677921 2846.5656656753272 1573.8757315864787 141.47238190262578 169.74423497216776 33.907340176403522 101.49892753362656 490.62872190400958 52.533877758309245 28.62083110678941 50.052784463390708 128.26239253475796 77.438436387106776 212.44705941388384 59.881781136617064 35.428469657665119 36.765455578453839 71.679545247810893 153.83735862292815 3200.1713150670985 786.22422380559146 141.20309496275149 38.423652017721906 1677.2839337396435 43.918030606582761 942.88077079656068 234.42874723079149 66.347566426964477 31.792046068236232 652.11884522112086 1519.4040694601135
leaf_count=22208 690 920 3227 261 196 597 255 81 189 1958 422 4323 4471 21 919 60 1153 4396 10907 1175 1321 562 6015 240 3858 3701 1050 1346 2811 7020
internal_value=0.0176653 0.0153765 0.0140628 0.0147258 -0.0131324 0.0274507 0.0122799 -0.0365005 -0.000727415 0.0152301 0.0142215 0.0197279 -0.00182692 -0.0176009 0.0113372 -0.0330521 0.0117964 -0.0108905 0.0219684 0.0269604 0.00618657 0.031765 0.0124374 0.00971761 0.0170791 0.00701246 0.0144191 0.024396 0.0105419 0.0162064
internal_weight=18427.9 14936.7 13362.8 13089.2 232.272 3491.23 644.662 154.033 198.365 12857 11841.1 3618.32 340.709 273.548 95.3103 178.238 8222.74 225.517 3277.61 1015.9 191.256 824.648 7997.22 5044.49 2952.73 1243.66 1009.23 1709.08 5000.57 2171.52
internal_count=86353 84730 83810 79583 646 1623 933 678 450 78937 73921 20123 4893 4227 940 3287 53798 5549 15230 5016 3279 1737 48249 32279 15970 8609 4908 7361 32039 9831
is_linear=0
shrinkage=0.03


Tree=66
num_leaves=31
num_cat=0
split_feature=56 71 56 56 55 48 56 55 56 55 65 65 8 56 3 11 65 65 24 56 65 56 55 41 65 65 65 65 56 65
split_gain=768.155 420.958 186.937 211.093 248.402 239.432 285.802 224.134 223.26 192.791 209.874 344.509 204.085 211.094 164.191 154.354 283.502 181.586 144.31 143.071 141.703 174.548 247.843 231.158 174.402 179.759 324.868 170.295 205.803 206.956
threshold=0.047574675621158906 1.0000000180025095e-35 0.0070793993871210567 0.0039470903806293018 0.0014982713309168155 1.0000000180025095e-35 0.0069318971412261092 0.048763003506173415 0.00078054427200581185 0.027768086900342593 261.50000000000006 194.50000000000003 1.0000000180025095e-35 0.030758389275860835 1.0000000180025095e-35 1.0000000180025095e-35 239.50000000000003 192.50000000000003 1.0000000180025095e-35 0.0013230726519969851 751.50000000000011 0.006175010396599955 0.00095627457833280299 1.0000000180025095e-35 444.50000000000006 401.50000000000006 270.50000000000006 184.50000000000003 0.0064957980922481463 199.50000000000003
decision_type=2 2 2 2 2 2 2 2 2 2 2 2 2 2 2 2 2 2 2 2 2 2 2 2 2 2 2 2 2 2
left_child=1 2 3 4 -1 6 7 20 -6 12 11 -11 13 -4 -14 16 17 19 -3 -10 21 22 -5 -24 25 26 27 -23 -29 -30
right_child=-2 18 9 5 8 -7 -8 -9 15 10 -12 -13 14 -15 -16 -17 -18 -19 -20 -21 -22 24 23 -25 -26 -27 -28 28 29 -31
leaf_value=-0.034671145403178928 0.027428824539315742 0.025929559090790633 -0.006623007333924332 0.024611320912453709 -0.031553918164274442 0.032775548754968464 -0.045940781292268633 0.023027049128735846 0.040531474922833134 0.00584835807068247 0.015545763374395921 -0.040215555822654361 0.021637798511361644 0.028656736895941264 -0.045612492506628986 0.020936940460394578 -0.037532590514993018 0.045484696648493056 -0.020147601964636837 -0.039585105906026812 0.019731645473639061 -0.012958684224807154 -0.021999893130850923 0.050193682666397607 -0.042257599173162706 0.045667215292875159 -0.043197443181550985 0.035180671827693681 0.023036669538932554 -0.045226294709967051
leaf_weight=92.010329966316931 4468.0877965837717 2245.3726491276175 527.60526315821335 134.29288682760671 86.46268617385067 199.11739411391318 121.83452794339973 354.32149807456881 29.6493656700477 581.8861675132066 904.8347883997485 194.0385324805975 3304.3803695051465 213.63049099594355 32.099480899516493 1739.215520665748 121.99551027780399 111.80584538704716 62.189778726547956 57.256768536753953 228.270585778635 187.28304891008884 902.01281546079554 40.837057427735999 66.213416762533598 99.360320396721363 115.48097528703511 307.30298787076026 91.049148489488289 69.680525867384858
leaf_count=6391 1808 1205 5894 1769 3143 306 2863 339 7 981 979 695 11693 165 370 11588 3262 469 277 1857 1403 3952 16911 184 1461 531 2547 1210 423 1680
internal_value=0.0166751 0.0130392 0.010576 0.00642452 0.0133523 0.00110579 -0.00122555 0.000889802 0.0154261 0.0142909 0.0057364 -0.00570796 0.0178147 0.00356983 0.0209773 0.0174124 -0.00170726 0.0203648 0.0246796 -0.012102 -0.00261777 -0.00516005 -0.0133901 -0.0188232 0.00431154 0.0078996 0.00297826 0.0111689 0.0208305 -0.00665377
internal_weight=17689.6 13221.5 10913.9 5155.45 2238.4 2917.06 2717.94 2596.11 2146.39 5758.48 1680.76 775.925 4077.72 741.236 3336.48 2059.92 320.707 198.712 2307.56 86.9061 2241.78 2013.51 1077.14 942.85 936.37 870.157 770.797 655.316 468.033 160.73
internal_count=86363 84555 83073 62296 26717 35579 35273 32410 20326 20777 2655 1676 18122 6059 12063 17183 5595 2333 1482 1864 32071 30668 18864 17095 11804 10343 9812 7265 3313 2103
is_linear=0
shrinkage=0.03


Tree=67
num_leaves=31
num_cat=0
split_feature=56 17 71 65 56 56 71 67 56 47 58 55 0 60 55 56 55 56 56 0 0 63 56 65 56 56 56 65 56 0
split_gain=785.079 375.309 314.231 271.017 354.535 198.097 194.838 162.869 181.103 221.266 207.869 253.41 332.809 227.917 192.927 188.208 182.774 181.379 170.898 164.884 185.771 217.98 189.138 168.913 161.74 222.558 172.347 158.579 149.06 206.406
threshold=0.023561139330300889 1.0000000180025095e-35 1.0000000180025095e-35 71.500000000000014 0.0074326147304572326 0.0012507313961251478 1.0000000180025095e-35 1.0000000180025095e-35 0.0039470903806293018 1.0000000180025095e-35 1.0000000180025095e-35 0.057612852812660494 9.0500000000000025 1.5000000000000002 0.031781826281211616 0.0032610673789118349 0.0010735629434673237 0.0047573640872667607 0.0049775421792727509 6.5500000000000007 7.8500000000000005 1.0000000180025095e-35 0.0013230726519969851 350.50000000000006 0.0048172015739119875 0.0054371352928383214 0.0055721364692771459 584.50000000000011 0.048022201973341977 9.0500000000000025
decision_type=2 2 2 2 2 2 2 2 2 2 2 2 2 2 2 2 2 2 2 2 2 2 2 2 2 2 2 2 2 2
left_child=1 2 5 -3 -5 -1 28 8 15 10 11 12 14 17 18 19 -14 -12 -10 -7 23 22 -22 -21 -19 -26 -27 -20 29 -2
right_child=6 3 -4 4 -6 7 -8 -9 9 -11 13 -13 16 -15 -16 -17 -18 24 27 20 21 -23 -24 -25 25 26 -28 -29 -30 -31
leaf_value=-0.032070999251474538 0.012630589673937286 0.039246928001810573 0.023898604269635981 -0.038165000086338427 0.011367416674552027 -0.032355901708411176 0.032953943113315495 0.01923302425909983 -0.036609698645306353 0.032126233051501349 -0.048957537037423643 0.022974095884192022 0.023932213980508446 0.031661015297979732 -0.042682804948067581 0.027841468839916825 -0.043655780593938855 0.045394156535735572 0.0070867015339489163 0.027153152651893893 0.039874449510573735 0.025703833549928522 -0.042574487477892928 -0.0083992133881128778 -0.050637305617319987 0.042738581214399114 0.0033890582695651136 -0.03813002150796721 0.025718824048057535 0.030936401883996142
leaf_weight=98.691600180580281 2489.0608264803886 82.049254618352279 1806.2147305160761 333.71958797401749 212.08567276131362 82.631831710343249 1638.174331240356 1527.0023926035501 97.910547494306229 246.44491841085255 53.122793905320577 276.5103526301682 40.54772132076323 361.03523384872824 95.074239472858608 730.40425552101806 285.14282684726641 91.226602463284507 1160.7613967446378 564.76555661368184 29.193263623397797 102.08783574402332 150.07189464429393 152.23457961389795 62.209818762959912 109.88265145139303 1040.1492345785955 73.278477182146162 3449.8491331264377 713.48957136273384
leaf_count=4413 3583 393 1245 15715 797 4412 204 4002 3134 461 1593 252 265 380 584 3766 3929 134 14625 2822 9 60 2738 1245 1470 307 10278 1574 1602 318
internal_value=0.0168726 0.0111515 0.0126773 -0.0112791 -0.0189324 0.00994673 0.0236775 0.0105166 0.00822074 0.00464976 0.00283444 -0.00366604 -0.00787953 0.0105118 -0.00162531 0.0160862 -0.0351937 0.00486416 0.00133518 0.00812504 0.0115046 -0.00913083 -0.029001 0.0196034 0.00709351 0.00417617 0.00718267 0.00437299 0.0213885 0.0167173
internal_weight=18155 9864.45 9236.59 627.855 545.805 7430.38 8290.57 7331.69 5804.69 3993.3 3746.85 2029.23 1752.72 1717.63 1427.02 1811.39 325.691 1356.59 1331.95 1080.98 998.353 281.353 179.265 717 1303.47 1212.24 1150.03 1234.04 6652.4 3202.55
internal_count=86310 80603 63698 16905 16512 62453 5707 58040 54038 38986 38525 24363 24111 14162 19917 15052 4194 13782 19333 11286 6874 2807 2747 4067 12189 12055 10585 16199 5503 3901
is_linear=0
shrinkage=0.03


Tree=68
num_leaves=31
num_cat=0
split_feature=71 55 34 55 62 59 63 55 57 51 0 59 65 67 62 58 65 0 55 6 0 0 29 58 55 65 0 65 57 55
split_gain=570.843 226.727 144.411 173.159 143.944 412.142 351.255 141.576 280.868 133.763 118.87 116.963 173.053 133.04 134.06 216.721 206.815 194.355 171.921 173.239 165.993 126.586 120.884 115.792 106.427 250.418 130.012 118.248 105.617 169.298
threshold=1.0000000180025095e-35 0.057612852812660494 1.0000000180025095e-35 0.029049548550006982 1.0000000180025095e-35 1.0000000180025095e-35 1.0000000180025095e-35 0.036496636214826468 1.5000000000000002 1.0000000180025095e-35 4.1500000000000012 1.5000000000000002 407.50000000000006 1.0000000180025095e-35 1.0000000180025095e-35 2.5000000000000004 186.50000000000003 9.9500000000000011 0.021765767382888639 1.0000000180025095e-35 7.2500000000000009 7.0500000000000007 1.0000000180025095e-35 1.5000000000000002 0.031781826281211616 55.500000000000007 7.2500000000000009 80.500000000000014 2.5000000000000004 0.004654583246142454
decision_type=2 2 2 2 2 2 2 2 2 2 2 2 2 2 2 2 2 2 2 2 2 2 2 2 2 2 2 2 2 2
left_child=1 2 7 -4 -2 6 -6 9 -9 10 -1 13 -13 14 22 16 18 20 19 -16 21 -18 24 -14 -12 -26 27 -27 29 -15
right_child=4 -3 3 -5 5 -7 -8 8 -10 -11 11 12 23 28 15 -17 17 -19 -20 -21 -22 -23 -24 -25 25 26 -28 -29 -30 -31
leaf_value=-0.037576745127785763 0.03032240001498937 0.02520393267270216 -0.048178012362525044 0.025025125034445459 -0.059064024193521081 0.031468676098728256 0.015294933497357558 -0.064824343574854962 0.006059398611801067 -0.044414816194445428 0.013456549073250241 0.028188959471262268 -0.049090920108262236 -0.013544005263769643 0.047528599388028434 0.027865681777265294 -0.037333352073737038 0.044030037428900499 0.029136312494340687 -0.023707543283765776 -0.042272642920896421 0.028423851373450462 -0.04019681658933006 0.019694956672310741 -0.069918226748364218 0.003845963252382437 0.012094203577649886 -0.060337167312935557 0.030508983050347081 0.019000940164166792
leaf_weight=40.516941011301242 2651.2351222988218 1317.5341435205191 75.157669846201316 46.248880938626826 102.00227965414524 450.67232259735465 127.79199296981096 60.226172174327075 281.43738069664687 35.498601967585273 7777.5771523925941 798.07210292294621 45.110217196051963 162.68558713863604 36.75097864959389 206.03481859201565 42.776924822828732 35.486680175177753 190.17737127421424 164.71077952522319 247.29265687637962 65.184089193353429 38.431491445517167 41.37199303181842 41.195400489959866 57.789455176331103 494.69872074062005 45.556653547333553 570.02696748171002 1201.2867591758259
leaf_count=1689 674 786 1324 47 599 209 95 384 400 621 49288 3468 1397 1427 87 242 3506 26 159 7245 4626 250 1749 119 330 195 988 411 922 3130
internal_value=0.015992 0.0133545 0.0121331 -0.0203152 0.0271617 0.0148205 -0.0178248 0.0124454 -0.00658823 0.0129729 0.0131421 0.0133127 0.0238223 0.0124937 0.0110234 0.000568433 -0.00664652 -0.0220621 0.00875068 -0.010542 -0.0287692 0.00226565 0.0122453 -0.0163356 0.0124895 0.000721384 0.00569588 -0.0247541 0.0196636 0.0151121
internal_weight=17450.5 14118.8 12801.3 121.407 3331.7 680.467 229.794 12679.9 341.664 12338.2 12302.7 12262.2 884.554 11377.7 9443.66 988.414 782.379 390.74 391.639 201.462 355.254 107.961 8455.25 86.4822 8416.82 639.24 598.045 103.346 1934 1363.97
internal_count=86393 84816 84030 1371 1577 903 694 82659 784 81875 81254 79565 4984 74581 69102 16141 15899 8408 7491 7332 8382 3756 52961 1516 51212 1924 1594 606 5479 4557
is_linear=0
shrinkage=0.03


Tree=69
num_leaves=31
num_cat=0
split_feature=56 71 56 32 57 55 55 61 55 55 60 55 66 56 56 0 0 59 55 14 67 56 58 56 56 60 72 56 56 60
split_gain=633.614 401.068 214.918 382.189 191.583 227.591 286.087 210.258 196.143 326.125 316.994 262.091 236.069 234.215 175.19 337.074 207.327 192.938 150.189 140.18 170.005 143.267 178.285 285.399 231.306 236.42 193.975 146.276 137.482 143.464
threshold=0.032660197162707801 1.0000000180025095e-35 0.001919494434714227 1.0000000180025095e-35 2.5000000000000004 0.01115846687889677 0.06386747763884322 1.0000000180025095e-35 0.0021089081406406199 0.002133105675743575 1.0000000180025095e-35 0.0087812165602526738 1.0000000180025095e-35 0.0068179619555235353 0.0072401483730347776 5.3500000000000005 8.1500000000000004 1.5000000000000002 0.00095627457833280299 1.0000000180025095e-35 1.0000000180025095e-35 0.0034748957205514566 1.0000000180025095e-35 0.0063783844441154579 0.0093449173492394354 1.0000000180025095e-35 1.0000000180025095e-35 0.0025456504647815609 0.02231702036974894 1.5000000000000002
decision_type=2 2 2 2 2 2 2 2 2 2 2 2 2 2 2 2 2 2 2 2 2 2 2 2 2 2 2 2 2 2
left_child=1 2 3 -1 5 8 7 14 18 -10 11 12 -11 -14 15 -7 -16 -17 -4 20 21 27 23 -23 -25 -26 -27 -6 29 -24
right_child=-2 -3 4 -5 19 6 -8 -9 9 10 -12 -13 13 -15 16 17 -18 -19 -20 -21 -22 22 28 24 25 26 -28 -29 -30 -31
leaf_value=-0.034503211275059557 0.023895331648605023 0.023671749227827187 0.0075619701936176622 0.042408903627657861 -0.040330190247074842 0.028604214764073706 0.022783890219574221 0.04882502610607381 0.078092119486447523 -0.022088945606698874 0.017524883018638047 0.048666208370148012 -0.040941196305310644 0.027927757211942152 -0.01400156886688878 -0.038278088332576572 0.015004945337009702 0.037130523835997187 -0.034897333534458917 0.029818948953074464 0.028470181088317704 -0.041506943221404344 0.00090298164333526025 0.019396139311944383 0.018278552568243126 -0.039543081869294991 0.028383904289929564 0.032974510325740843 0.028767996280986731 0.026089298274210519
leaf_weight=232.1048141757492 6011.560419600457 2120.3498376980424 160.58250074204989 76.543414268642664 25.609026969410479 94.857600416056812 340.46085141412914 56.266150952316821 67.149786247638986 482.78433232416864 2257.7793891734909 75.450482105370611 55.608971281908453 206.6066328844754 515.76455764751881 442.14964136015624 387.50676780473441 32.018493891693652 139.17728063196409 510.72183929337189 530.67718962673098 142.55682595120743 707.90919146407396 439.57866140734404 151.84273205138743 227.32004353962839 44.600633509457111 332.15347660076804 411.40186367928982 284.72871303092688
leaf_count=10820 3363 1454 4093 92 722 495 281 14 274 19742 14535 116 1304 856 2067 3245 523 15 6319 2694 928 2964 3940 2591 231 992 17 1135 287 399
internal_value=0.0159964 0.0118842 0.00923209 -0.015354 0.0100654 0.00638293 -0.00204551 -0.00758711 0.0109547 0.0131648 0.0117235 -0.00424296 -0.00965943 0.0132224 -0.00977467 -0.0227972 -0.00155483 -0.0331186 -0.0122022 0.0152 0.012928 0.00993878 0.00730217 -0.00233736 0.00417094 -0.011631 -0.0283385 0.0276295 0.014205 0.00814642
internal_weight=17563.8 11552.3 9431.91 308.648 9123.26 5314.16 1869.02 1528.56 3445.14 3145.38 3078.23 820.45 745 262.216 1472.3 569.026 903.271 474.168 299.76 3809.1 3298.38 2767.7 2409.94 1005.9 863.342 423.763 271.921 357.763 1404.04 992.638
internal_count=86508 83145 81691 10912 70779 53879 6640 6359 47239 36827 36553 22018 21902 2160 6345 3755 2590 3260 10412 16900 14206 13278 11421 6795 3831 1240 1009 1857 4626 4339
is_linear=0
shrinkage=0.03


Tree=70
num_leaves=31
num_cat=0
split_feature=71 63 60 59 65 60 66 32 65 2 29 58 0 65 2 55 65 55 55 55 54 8 55 65 0 13 65 55 60 7
split_gain=628.668 207.774 266.294 181.026 157.007 207.624 204.329 194.236 195.805 156.573 131.45 128.174 207.553 123.916 165.493 242.628 213.981 130.369 135.084 146.265 120.314 115.174 221.35 198.003 211.411 197.578 193.354 169.759 171.854 139.758
threshold=1.0000000180025095e-35 1.0000000180025095e-35 1.0000000180025095e-35 1.0000000180025095e-35 74.500000000000014 1.0000000180025095e-35 1.0000000180025095e-35 1.0000000180025095e-35 431.50000000000006 1.0000000180025095e-35 1.0000000180025095e-35 1.5000000000000002 9.8500000000000032 146.50000000000003 1.0000000180025095e-35 0.00027236291111624674 126.50000000000001 0.000661284296626267 0.00095627457833280299 0.0015803333099937355 1.0000000180025095e-35 1.0000000180025095e-35 0.026100508894705211 284.50000000000006 6.8500000000000005 1.0000000180025095e-35 428.50000000000006 0.0092217361296526232 1.0000000180025095e-35 1.0000000180025095e-35
decision_type=2 2 2 2 2 2 2 2 2 2 2 2 2 2 2 2 2 2 2 2 2 2 2 2 2 2 2 2 2 2
left_child=1 4 3 11 5 -1 -7 10 -9 -8 13 12 -3 14 16 -16 -6 -15 -19 -20 -17 22 23 24 -21 -23 -24 28 -25 -27
right_child=-2 2 -4 -5 7 6 9 8 -10 -11 -12 -13 -14 17 15 20 -18 18 19 21 -22 25 26 27 -26 29 -28 -29 -30 -31
leaf_value=-0.04277990499485413 0.026373129703095344 -0.030368751395985143 0.02627635835533779 -0.06346882233476063 0.023253956183620323 0.027679348564025832 -0.039943401514034825 0.026775767701514519 -0.02827883812430039 0.013150716679732707 -0.039809939832301015 0.016683403906775071 0.03842536543019822 -0.032427402677689253 0.059112705373004011 -0.013588901124402038 -0.054297580313416208 0.036615736595354526 -0.033937447512665274 -0.00092142022214349126 -0.05337795891755838 0.024990651239644359 0.017266832235171684 -0.032899983713419852 -0.045916424351650852 0.0099301792050587746 -0.02814262547871834 -0.018540521025424125 0.016998296983098266 -0.016331696738860462
leaf_weight=45.255326281534508 3221.2274803053588 148.82178401388228 1650.0662982495269 33.210387445054948 254.08618486626074 1034.1085433353437 71.962762002833188 763.964748673141 62.120406170375645 157.79804836027324 51.747537677292712 427.25583331799135 52.646152332425117 67.73716604989022 35.152077450533397 327.12708556442522 35.657544779824093 156.31418212072458 71.353431331692263 186.26840428961441 85.893088897224516 799.89050849049818 956.08365096570924 69.44945054280106 188.77388628805056 4843.5222607712494 91.65608096239157 242.9345222315751 527.97776738659013 188.6350226708455
leaf_count=1514 1597 764 1022 238 1398 1337 287 1349 404 203 2337 610 6 4280 231 7257 908 1501 3766 5818 2564 4715 1548 4043 3120 24207 509 1461 5865 1648
internal_value=0.0144547 0.0116358 0.0198309 0.0037484 0.00995972 0.0197281 0.0219984 0.00867988 0.0226066 -0.00357978 0.00742437 0.0073941 -0.012291 0.00769646 -0.00408527 -0.0154952 0.0135561 0.00873297 0.00907182 0.00854019 -0.0219725 0.00891875 0.00317258 -0.00553684 -0.0236311 0.0111476 0.0132714 0.00255688 0.0111525 0.00894268
internal_weight=16848.7 13627.5 2312 661.934 11315.5 1309.12 1263.87 10006.3 826.085 229.761 9180.26 628.724 201.468 9128.51 737.916 448.172 289.744 8390.6 8322.86 8166.54 413.02 8095.19 2263.14 1215.4 375.042 5832.05 1047.74 840.362 597.427 5032.16
internal_count=86507 84910 2640 1618 82270 3341 1827 78929 1753 490 77176 1380 770 74839 12358 10052 2306 62481 58201 56700 9821 52934 22364 20307 8938 30570 2057 11369 9908 25855
is_linear=0
shrinkage=0.03


Tree=71
num_leaves=31
num_cat=0
split_feature=56 0 26 59 0 62 63 55 36 0 30 55 55 41 56 13 23 54 58 57 55 56 55 0 59 0 58 29 71 46
split_gain=718.732 381.805 232.034 218.646 181.613 172.552 242.151 225.342 177.876 176.323 160.144 198.447 234.436 176.848 165.178 258.289 234.414 188.726 281.679 175.269 157.204 157.091 156.723 151.836 241.948 144.498 127.31 125.922 120.549 116.824
threshold=0.032660197162707801 9.5000000000000018 1.0000000180025095e-35 1.5000000000000002 5.2500000000000009 1.0000000180025095e-35 1.0000000180025095e-35 0.002133105675743575 1.0000000180025095e-35 9.9500000000000011 1.0000000180025095e-35 0.031781826281211616 0.051588093059875891 1.0000000180025095e-35 0.0074326147304572326 1.0000000180025095e-35 1.0000000180025095e-35 1.0000000180025095e-35 1.0000000180025095e-35 10.500000000000002 0.06386747763884322 0.0063291234767716645 0.0021089081406406199 7.7500000000000009 1.0000000180025095e-35 9.0500000000000025 1.5000000000000002 1.0000000180025095e-35 1.0000000180025095e-35 1.0000000180025095e-35
decision_type=2 2 2 2 2 2 2 2 2 2 2 2 2 2 2 2 2 2 2 2 2 2 2 2 2 2 2 2 2 2
left_child=1 2 3 4 20 8 7 22 -3 29 11 14 13 -13 15 19 23 -18 -19 -6 -1 -12 -7 24 -16 27 -23 -17 -2 -9
right_child=28 5 -4 -5 10 6 -8 9 -10 -11 21 12 -14 -15 16 25 17 18 -20 -21 -22 26 -24 -25 -26 -27 -28 -29 -30 -31
leaf_value=-0.03760798510878334 0.021528608702750529 0.022105607209043338 -0.04574238246421708 0.023361485678554905 -0.03913608283868554 -0.001916593556485514 0.025163155568328238 -0.039846451129903288 -0.053028698434028562 0.036292006993459656 0.035844918074215103 -0.043985959517813034 0.0089999616828552124 0.0333142059928698 -0.046316540555212268 0.0065412293661447707 0.038759177422938822 -0.046443767571132256 0.035790652279486551 0.0310114591613431 0.03195634634881573 -0.046632265142726982 0.082065053490696052 0.011075985092733413 0.018246268953351522 -0.046263175504158892 0.025126630979501897 -0.040562176575438251 0.032387553857209803 0.025695899071614476
leaf_weight=145.99604832206387 4663.3248593993485 3092.9780448947567 73.952955256449059 691.91377593460493 193.13147224846762 49.040164265781641 287.31420050561428 226.01959866704419 27.703618063591421 37.363780168816447 293.03172487358097 208.28645488782786 213.52241853252053 29.777781071374193 112.29420670680702 3364.8117457360495 459.83808962069452 65.272661843337119 85.30972458794713 37.619278897531331 35.678229495882988 42.396872273180634 32.719432464800775 1212.3641687203199 96.163384817540646 47.618566103628837 44.745598408393562 50.881638467661105 1152.5759983789176 26.747450090944767
leaf_count=8009 3174 6620 2097 4576 10875 717 170 3621 252 46 824 1787 357 16 821 35785 664 584 70 35 24 783 118 1703 146 656 58 1895 149 53
internal_value=0.0151189 0.0107019 0.00678412 0.00731297 0.00566194 0.0184765 0.00452215 -0.0114493 0.0214218 -0.0238402 0.00648303 0.00531748 -0.0138087 -0.0342181 0.00682822 0.00304811 0.0136979 0.0292317 7.34204e-05 -0.0276155 -0.0238464 0.0253566 0.0322776 0.00700839 -0.0165882 0.00509852 -0.00991873 0.00582789 0.0236858 -0.0328369
internal_weight=17100.4 11284.5 7504.61 7430.65 6738.74 3779.89 659.205 371.89 3120.68 290.131 6557.07 6176.89 451.587 238.064 5725.3 3694.06 2031.24 610.42 150.582 230.751 181.674 380.174 81.7596 1420.82 208.458 3463.31 87.1425 3415.69 5815.9 252.767
internal_count=86685 83362 71765 69668 65092 11597 4725 4555 6872 3720 57059 55394 2160 1803 53234 49246 3988 1318 654 10910 8033 1665 835 2670 967 38336 841 37680 3323 3674
is_linear=0
shrinkage=0.03


Tree=72
num_leaves=31
num_cat=0
split_feature=71 55 26 65 62 65 63 51 39 14 24 15 19 25 72 55 65 67 65 65 65 54 0 55 55 65 55 9 55 0
split_gain=509.854 227.07 277.19 172.825 143.466 162.055 172.91 130.156 126.062 110.96 157.269 143.179 155.649 184.64 193.26 157.315 181.711 143.475 149.937 137.783 204.223 129.902 124.47 376.73 262.123 121.934 113.514 177.15 107.882 187.108
threshold=1.0000000180025095e-35 0.051588093059875891 1.0000000180025095e-35 515.50000000000011 1.0000000180025095e-35 190.50000000000003 1.0000000180025095e-35 1.0000000180025095e-35 1.0000000180025095e-35 1.0000000180025095e-35 1.0000000180025095e-35 1.0000000180025095e-35 1.0000000180025095e-35 1.0000000180025095e-35 1.0000000180025095e-35 0.0072480298081758826 55.500000000000007 1.0000000180025095e-35 269.50000000000006 314.50000000000006 270.50000000000006 1.0000000180025095e-35 6.3500000000000005 0.013997073386456787 0.0081438441149685719 62.500000000000007 0.0068272023513347773 1.0000000180025095e-35 0.038618714460970337 8.7500000000000018
decision_type=2 2 2 2 2 2 2 2 2 2 2 2 2 2 2 2 2 2 2 2 2 2 2 2 2 2 2 2 2 2
left_child=1 2 7 -4 -2 6 -6 8 9 11 -11 12 13 14 15 26 -17 -18 -19 20 -12 -14 23 24 -13 -23 27 -1 -24 -30
right_child=4 -3 3 -5 5 -7 -8 -9 -10 10 19 22 21 -15 -16 16 17 18 -20 -21 -22 25 28 -25 -26 -27 -28 -29 29 -31
leaf_value=-0.034662821144010279 0.02906123204336912 0.023331514438151086 -0.032637428979394846 0.032782263770769635 -0.055176505037654422 0.020479024518017336 0.014688552716163629 -0.045282216652317582 -0.021843162718138843 0.02480291409016341 -0.019133173520054485 -0.031299237886395201 0.029349870682297476 0.030260378214123092 0.041889708830973177 0.029584684536519783 -0.043991346957890413 0.024060443123636761 -0.043895707430541879 -0.041681803934683362 0.032848254748681312 0.027406036580334841 0.012925079090221329 -0.053971073520254355 0.056938178579398112 -0.041717645378346602 0.029751014260606737 0.019414455394258512 0.006048519341266578 -0.088374810580274521
leaf_weight=117.00443490664475 2375.7493775784969 1438.6265793284401 200.26298972114455 43.504350413801149 57.517018482089043 528.86852815002203 69.334020778536797 35.423265718738548 100.05597805127036 1142.4848944739206 120.65907920792233 47.661021799780428 256.13402924779803 115.36351447016932 58.603838701266795 47.073626447236165 278.75887941138353 68.619291994022205 49.370163071900606 54.896388817462139 153.47630479908548 39.358126959763467 8983.7177251451649 97.771467392565683 79.818069982924499 52.463991382741369 92.789584133541211 100.45116063405294 71.029582843184471 24.673899352550507
leaf_count=8265 673 953 3978 176 347 504 53 633 1007 3950 7169 2801 1826 1163 82 141 3709 111 434 3000 1111 37 36822 931 536 1792 1024 3021 108 143
internal_value=0.0144866 0.012049 0.0107416 -0.020876 0.0256315 0.0131799 -0.0171736 0.0113756 0.0115445 0.0118235 0.0195437 0.010748 0.00132296 -0.00509466 -0.0101445 -0.0142386 -0.0256747 -0.0322891 -0.00450429 0.00126258 0.00998255 0.0184049 0.0120403 -0.00995454 0.0239617 -0.0121128 0.00215132 -0.00970791 0.012587 -0.0189575
internal_weight=16901.5 13870.1 12431.4 243.767 3031.47 655.72 126.851 12187.7 12152.2 12052.2 1471.52 10580.7 1275.99 928.034 812.671 754.067 443.822 396.748 117.989 329.032 274.135 347.956 9304.67 225.251 127.479 91.8221 310.245 217.456 9079.42 95.7035
internal_count=86500 84923 83970 4154 1577 904 400 79816 79183 78176 15230 62946 21605 17950 16787 16705 4395 4254 545 11280 8280 3655 41341 4268 3337 1829 12310 11286 37073 251
is_linear=0
shrinkage=0.03


Tree=73
num_leaves=31
num_cat=0
split_feature=56 58 62 8 0 59 17 72 56 3 0 55 0 0 32 49 29 67 55 56 55 65 39 49 51 56 0 55 30 56
split_gain=699.61 352.611 246.994 251.012 200.592 266.428 212.962 195.391 169.808 167.623 161.916 155.211 151.538 150.991 137.967 176.761 136.717 143.615 343.078 186.177 139.911 129.325 110.818 109.163 109.203 95.9264 219.997 95.0886 141.538 94.0948
threshold=0.047574675621158906 1.5000000000000002 1.0000000180025095e-35 1.0000000180025095e-35 8.1500000000000004 2.5000000000000004 1.0000000180025095e-35 1.0000000180025095e-35 0.00078054427200581185 1.0000000180025095e-35 8.9500000000000011 0.0045490574989296342 9.9500000000000011 6.0500000000000007 1.0000000180025095e-35 1.0000000180025095e-35 1.0000000180025095e-35 1.0000000180025095e-35 0.0037420077390576084 0.0034497823525313528 0.0038125144263475201 1069.5000000000002 1.0000000180025095e-35 1.0000000180025095e-35 1.0000000180025095e-35 0.0066168109075340131 8.7500000000000018 0.034771930691627664 1.0000000180025095e-35 0.0014373729723480054
decision_type=2 2 2 2 2 2 2 2 2 2 2 2 2 2 2 2 2 2 2 2 2 2 2 2 2 2 2 2 2 2
left_child=1 2 7 27 6 12 11 8 -1 16 -11 -5 14 -3 15 -6 17 21 -19 -20 -21 22 23 24 29 26 -22 28 -4 -10
right_child=-2 13 3 4 5 -7 -8 -9 9 10 -12 -13 -14 -15 -16 -17 -18 18 19 20 25 -23 -24 -25 -26 -27 -28 -29 -30 -31
leaf_value=-0.032193655328131773 0.025875300874534751 -0.046371240244822448 -0.047724864386691407 -0.041810757154454439 -0.046457288942828238 0.032702370819555175 -0.038561559652461164 0.029266665193558371 0.036246206150719724 -0.043717314367318114 0.033723510699093559 0.027781254775012209 0.036126123351039319 0.023570686816398095 0.0063010139134186656 0.029734484679729688 -0.04031761585937102 -0.042906323384712536 -0.042276065846297214 0.08632429367819236 -0.039309044160521861 -0.048280219556597712 -0.030463962091871612 -0.047586689671866141 -0.048656641841391964 0.027098093404070392 0.020202768716107589 0.012371547946988503 0.020064588300616359 0.010044802645148143
leaf_weight=83.77011894097086 4092.035609671846 27.250328229391016 181.92893841559999 30.003327907179482 239.11144873616286 102.79817043198273 55.313043220550753 503.70113073778339 124.75277159991674 93.278207626426592 31.907970218919218 437.17617335636169 36.469001729041338 2150.4715400924906 83.12892528809607 30.24764850595966 45.588529007043689 75.211687520612031 38.265837721992284 30.852906454354525 67.149622591212392 33.822244391078129 60.373753257794306 28.493789760395885 27.215499946847558 1104.2489103600383 310.95583105459809 40.43468174058944 32.094926919788122 6945.0078076187056
leaf_count=3832 1792 875 6179 1791 4850 134 3684 396 1809 1604 28 2816 43 2667 303 48 1922 1103 607 16 1011 405 683 437 463 1375 368 52 245 44803
internal_value=0.0150525 0.0116574 0.00944898 -0.00298964 0.00370122 -0.0100408 0.0166293 0.0110922 0.0100832 0.0104795 -0.023868 0.0232321 -0.0213923 0.0226746 -0.0274286 -0.037823 0.0109657 0.0112345 0.0192871 0.0223278 0.0239883 0.0094177 0.00969595 0.0100404 0.0102785 0.0226336 0.00955796 -0.0295688 -0.0375132 0.0105122
internal_weight=17143.1 13051 10873.3 1268.71 1014.25 491.755 522.493 9604.6 9100.9 9017.13 125.186 467.18 388.957 2177.72 352.488 269.359 8891.94 8846.35 1626.68 1551.47 1513.21 7219.67 7185.84 7125.47 7096.98 1482.35 378.105 254.459 214.024 7069.76
internal_count=86341 84549 81007 20145 13669 5378 8291 60862 60466 56634 1632 4607 5244 3542 5201 4898 55002 53080 4480 3377 2770 48600 48195 47512 47075 2754 1379 6476 6424 46612
is_linear=0
shrinkage=0.03


Tree=74
num_leaves=31
num_cat=0
split_feature=56 71 58 39 57 32 66 41 63 56 56 65 62 57 65 56 65 72 56 58 65 65 56 56 0 0 65 65 63 55
split_gain=767.668 486.774 305.381 170.723 167.819 257.086 244.609 197.724 199.051 151.097 147.545 129.471 122.356 253.242 163.748 121.858 220.127 118.522 115.906 134.035 115.87 205.71 137.455 123.265 134.229 109.071 107.821 214.437 199.375 138.154
threshold=0.047574675621158906 1.0000000180025095e-35 1.0000000180025095e-35 1.0000000180025095e-35 2.5000000000000004 1.0000000180025095e-35 1.0000000180025095e-35 1.0000000180025095e-35 1.0000000180025095e-35 0.0013997099996706566 0.0025456504647815609 178.50000000000003 1.0000000180025095e-35 3.5000000000000004 502.50000000000006 0.0074326147304572326 294.50000000000006 1.0000000180025095e-35 0.034661218704314191 2.5000000000000004 152.50000000000003 156.50000000000003 0.001919494434714227 0.0022020675352604339 7.5500000000000007 5.3500000000000005 333.50000000000006 314.50000000000006 1.0000000180025095e-35 0.0066168109075340131
decision_type=2 2 2 2 2 2 2 2 2 2 2 2 2 2 2 2 2 2 2 2 2 2 2 2 2 2 2 2 2 2
left_child=1 2 3 9 5 6 7 8 15 -1 -6 -8 -3 14 18 -4 -17 20 19 -14 23 -22 -23 24 -11 -12 27 28 -24 -28
right_child=-2 12 4 -5 10 -7 11 -9 -10 17 25 -13 13 -15 -16 16 -18 -19 -20 -21 21 22 26 -25 -26 -27 29 -29 -30 -31
leaf_value=-0.032200634652127379 0.025478988446625547 0.027198722769001552 -0.033535639463423722 -0.049953336765572134 -0.045332737714298951 0.027599595538926422 -0.043648168939110055 0.054831716717769492 0.0096658598711618759 -0.033017835609563853 -0.042954432856335538 0.0263666684754226 -0.058043325841159593 0.024694957831573081 0.028511985800020487 -0.062090305151444453 0.027611249023907436 0.029857979270679284 0.031228458860257696 0.026459457450563693 -0.063636436444850258 -0.035317737327077707 0.0022857517738267999 0.0085896165059408496 0.04685677741713129 0.020508926356800041 -0.0056099604698145941 -0.037908114633037143 -0.066626593225801348 0.012815538600202948
leaf_weight=100.44041133293649 3963.4065706506371 1655.628823293373 370.04241233237553 51.958487232564948 30.726190862595104 368.7826513890177 24.998187882360071 38.032642097678035 212.01596236112528 21.058481564396061 23.722084214910865 288.70701749029104 102.42304455675185 413.78548461943865 51.931922405958176 33.725263003259897 83.62527166865766 163.29491527285427 20.695276528596878 19.58360630273819 41.502208777004853 83.433889535372145 2754.2649171260418 1005.3765732048778 143.84175549936481 2407.5140824792907 476.09357379865833 130.16362742614001 37.310765138594434 1579.2553477172041
leaf_count=5676 1781 609 14497 804 1123 669 700 126 494 577 677 912 618 237 35 201 66 155 4 9 666 2697 21853 7638 267 5945 9060 1780 266 6211
internal_value=0.0139498 0.0103597 0.00763072 0.00369682 0.0143043 0.00608493 -0.0014823 -0.0109195 -0.0145681 0.00413089 0.0190404 0.0206664 0.0229706 0.0114395 -0.0167235 -0.0251081 0.00152519 0.00470283 -0.0332694 -0.0443747 0.00404328 0.00208931 0.00264081 0.0125529 0.0365189 0.0198723 0.0032841 -0.000419753 0.00134118 0.00854687
internal_weight=16697.3 12733.9 10469.9 6587.99 3881.89 1419.93 1051.15 737.442 699.409 6536.04 2461.96 313.705 2264.05 608.419 194.634 487.393 117.351 6435.6 142.702 122.007 6272.3 5102.02 5060.52 1170.28 164.9 2431.24 4977.09 2921.74 2791.58 2055.35
internal_count=86353 84572 83060 57650 25410 17665 16996 15384 15258 56846 7745 1612 1512 903 666 14764 267 51170 631 627 51015 42533 41867 8482 844 6622 39170 23899 22119 15271
is_linear=0
shrinkage=0.03


Tree=75
num_leaves=31
num_cat=0
split_feature=71 60 65 55 63 55 65 59 62 59 55 55 55 55 55 32 55 55 64 63 0 24 60 65 67 55 16 30 55 72
split_gain=463.495 194.821 316.729 282.034 231.456 293.741 218.522 194.284 170.646 380.877 166.155 240.725 154.523 134.416 142.609 128.864 124.052 123.732 122.782 122.266 113.146 112.115 174.053 111.912 110.179 191.274 175.802 145.142 108.65 194.915
threshold=1.0000000180025095e-35 1.0000000180025095e-35 140.50000000000003 0.0022939534990536327 1.0000000180025095e-35 0.0015803333099937355 153.50000000000003 1.5000000000000002 1.0000000180025095e-35 1.0000000180025095e-35 0.057612852812660494 0.036496636214826468 0.007222384741534674 0.001581171826617579 0.0028543105875636922 1.0000000180025095e-35 0.0036999751382169113 0.000661284296626267 1.0000000180025095e-35 1.0000000180025095e-35 4.3500000000000005 1.0000000180025095e-35 2.5000000000000004 378.50000000000006 1.0000000180025095e-35 0.036496636214826468 1.0000000180025095e-35 1.0000000180025095e-35 0.0078429521481543762 1.0000000180025095e-35
decision_type=2 2 2 2 2 2 2 2 2 2 2 2 2 2 2 2 2 2 2 2 2 2 2 2 2 2 2 2 2 2
left_child=1 2 15 17 5 -3 12 10 -2 19 11 13 -5 -7 20 -1 -16 -4 -13 -10 -15 -18 -23 -9 25 26 28 -26 29 -8
right_child=8 4 3 6 -6 7 24 23 9 -11 -12 18 -14 14 16 -17 21 -19 -20 -21 -22 22 -24 -25 27 -27 -28 -29 -30 -31
leaf_value=-0.037475053319387011 0.028413710760479653 -0.032387634264115665 -0.03811479597855276 -0.04186893909643636 0.024491673135085643 0.050857808061078827 -0.023521416661436142 0.031059495039804097 -0.043240100817998929 0.028496664474231902 0.023414899673860224 -0.037823932963202092 0.033984381081651298 0.02844621100822934 0.028567142873910767 0.013252404474532511 0.01028007550534454 0.032024035175206328 0.022284861554460505 0.0040828934293160287 -0.033787023348631713 -0.046061768868533207 0.033183174393030042 -0.020757427695302387 0.0031886940844880734 -0.080758248483751141 0.026318373144886061 0.044628310920591094 0.004144035106730129 0.017040186731775733
leaf_weight=209.27537018375006 2292.864187547937 133.72810684482101 23.012513452151325 25.765663849306293 1445.7883148106048 72.484617899404839 543.62995330861304 619.22771947085857 114.89342695102096 354.21985118836164 878.8499085213989 139.21031756093726 262.49370025796816 33.479788853786886 331.32124724821188 56.811154200695455 7007.4075019530719 451.1761635140283 38.393882036209106 85.026172898709774 111.44801923830528 74.5273499119794 36.387401548912749 39.256443630205467 427.87681163754314 28.952696358785033 149.81622790906113 91.565020771697164 398.61187711893581 131.80890425899997
leaf_count=9799 689 8845 932 1158 1010 371 13585 876 603 210 577 573 419 508 1631 144 24049 3480 25 96 5525 1962 49 440 1635 195 5333 111 1592 187
internal_value=0.0137853 0.0115044 0.00444103 0.00771256 0.0133086 0.0116071 0.00290637 0.0122376 0.0248033 0.00984 0.011049 0.00966082 0.027083 0.0104617 0.0100695 -0.0266354 0.0106437 0.0285471 -0.0247778 -0.0231934 -0.0193141 0.00980552 -0.02 0.0279436 -0.00103904 -0.00585496 -0.00401851 0.0105652 -0.00827066 -0.0155925
internal_weight=16609.3 13762.3 2800.8 2534.71 10961.5 9515.72 2060.52 9381.99 2847 554.139 8723.51 7844.66 288.259 7667.06 7594.57 266.087 7449.64 474.189 177.604 199.92 144.928 7118.32 110.915 658.484 1772.26 1252.82 1223.87 519.442 1074.05 675.439
internal_count=86609 85011 38570 28627 46441 45431 24215 36586 1598 909 35270 34693 1577 34095 33724 9943 27691 4412 598 699 6033 26060 2011 1316 22638 20892 20697 1746 15364 13772
is_linear=0
shrinkage=0.03


Tree=76
num_leaves=31
num_cat=0
split_feature=56 58 56 65 24 39 63 29 0 72 60 63 60 65 55 55 55 55 55 65 27 55 56 0 47 62 0 56 65 32
split_gain=614.445 308.105 257.377 168.899 242.058 141.626 139.749 135.181 132.245 131.29 179.043 406.592 124.554 117.248 108.915 280.528 186.183 182.751 180.811 174.064 157.131 135.965 289.923 126.648 124.493 182.818 224.941 207.469 244.736 125.613
threshold=0.032660197162707801 1.5000000000000002 0.001919494434714227 751.50000000000011 1.0000000180025095e-35 1.0000000180025095e-35 1.0000000180025095e-35 1.0000000180025095e-35 6.0500000000000007 1.0000000180025095e-35 2.5000000000000004 1.0000000180025095e-35 1.5000000000000002 608.50000000000011 0.0021089081406406199 0.0022228184774181607 0.0028543105875636922 0.0044557620430692333 0.0010735629434673237 325.50000000000006 1.0000000180025095e-35 0.0055112087782088837 0.0045737869771021837 7.7500000000000009 1.0000000180025095e-35 1.0000000180025095e-35 8.1500000000000004 0.0062335325816534918 62.500000000000007 1.0000000180025095e-35
decision_type=2 2 2 2 2 2 2 2 2 2 2 2 2 2 2 2 2 2 2 2 2 2 2 2 2 2 2 2 2 2
left_child=1 2 12 4 5 7 -2 9 -3 10 13 -12 -1 14 18 -16 -17 19 23 -18 21 22 -19 -4 25 -23 27 -27 -29 -28
right_child=6 8 3 -5 -6 -7 -8 -9 -10 -11 11 -13 -14 -15 15 16 17 20 -20 -21 -22 24 -24 -25 -26 26 29 28 -30 -31
leaf_value=-0.029035577361188739 0.01959379917047532 -0.045253212181939131 -0.034599471749172904 0.021196698658854155 -0.028100356545950323 -0.045767004902676586 0.031079179443203264 -0.03920449328804932 0.021748597926351428 0.025515192439079026 -0.057782373929468764 0.034212699716402374 0.020194530355574839 -0.014058659658222531 0.053497912099470336 -0.038214760055422139 0.026529629164186819 0.01749058210910848 -0.031441624702738896 -0.014854583546348993 -0.040493891186391975 0.010205971856374696 -0.03680644540373966 0.019787644778094998 0.031148003933300351 0.036235488606032158 -0.048961322606337176 0.048847188328258052 -0.044618985870430714 0.0022985853769090085
leaf_weight=242.17124534928007 4183.5391142908484 25.985489911981858 46.41387899662368 860.9183974317275 169.93822166998871 42.896547575015575 1240.0949561372399 52.620650626136921 1905.6663995352574 391.75443464005366 109.32388610532507 70.258658515289426 56.360621326137334 201.7487265461823 129.89219494792633 72.941206660005264 828.02245070587378 174.84420199156739 154.37360590696335 102.17105595883913 59.484254193492234 4462.5662699770182 177.33006897673476 205.66747940145433 225.02750729676336 125.5844572869828 139.76674916804768 34.17081710183993 88.538751496933401 61.839166940655559
leaf_count=9467 3113 862 2772 3078 9700 722 205 2347 2676 317 1025 23 1117 1925 622 2937 5248 802 5357 1380 1422 17250 3761 2108 312 743 2379 23 2600 205
internal_value=0.0139349 0.00992531 0.00765628 0.00856715 0.00722685 0.00798475 0.0222251 0.00828184 0.0208243 0.00860462 0.00771447 -0.0218007 -0.0197049 0.0084444 0.00908675 0.0100039 0.00913366 0.0096725 -0.00597914 0.021973 0.00760701 0.00813549 -0.00987637 0.0096766 0.00937188 0.00836824 -0.00984247 0.00926503 -0.0184071 -0.0333045
internal_weight=16641.9 11218.3 9286.63 8988.09 8127.18 7957.24 5423.63 7914.34 1931.65 7861.72 7469.97 179.583 298.532 7290.38 7088.63 6682.18 6552.29 6479.35 406.455 930.194 5549.15 5489.67 352.174 252.081 5137.49 4912.47 449.9 248.294 122.71 201.606
internal_count=86498 83180 79642 69058 65980 56280 3318 55558 3538 53211 52894 1048 10584 51846 49921 39684 39062 36125 10237 6628 29497 28075 4563 4880 23512 23200 5950 3366 2623 2584
is_linear=0
shrinkage=0.03


Tree=77
num_leaves=31
num_cat=0
split_feature=56 71 55 54 56 0 55 0 16 2 55 57 15 51 55 62 0 57 0 2 60 13 57 21 20 13 3 56 55 37
split_gain=571.092 293.78 203.904 150.986 276.048 247.136 226.677 219.676 212.635 187.061 185.719 176.576 164.092 138.857 123.74 114.005 254.523 151.051 163.702 109.649 168.743 114.596 108.871 108.518 201.562 190.185 188.074 185.393 171.547 220.011
threshold=0.047574675621158906 1.0000000180025095e-35 0.000661284296626267 1.0000000180025095e-35 0.0035371064566473123 6.9500000000000011 0.0066168109075340131 9.7000000000000011 1.0000000180025095e-35 1.0000000180025095e-35 0.029049548550006982 2.5000000000000004 1.0000000180025095e-35 1.0000000180025095e-35 0.0066746296630805562 1.0000000180025095e-35 7.1500000000000012 3.5000000000000004 7.6500000000000012 1.0000000180025095e-35 1.0000000180025095e-35 1.0000000180025095e-35 1.5000000000000002 1.0000000180025095e-35 1.0000000180025095e-35 1.0000000180025095e-35 1.0000000180025095e-35 0.0062335325816534918 0.0046575976997566331 1.0000000180025095e-35
decision_type=2 2 2 2 2 2 2 2 2 2 2 2 2 2 2 2 2 2 2 2 2 2 2 2 2 2 2 2 2 2
left_child=1 2 -1 13 -5 12 7 8 -7 10 -8 -12 19 23 -11 -3 -17 18 -18 -6 21 -21 -9 -4 25 -25 28 -26 -27 -30
right_child=-2 15 3 4 5 6 9 22 -10 14 11 -13 -14 -15 -16 16 17 -19 -20 20 -22 -23 -24 24 27 26 -28 -29 29 -31
leaf_value=-0.034985098498353309 0.024778009484598393 0.026302230208578758 0.01916374913036847 -0.023330060300155171 0.01451396216413647 -0.04156052839352771 0.012570650312344913 -0.0400359510912719 0.037323491185526698 0.078037422734676898 -0.061374070848939644 0.0095164297302419345 -0.044182223655126418 -0.04838071697776497 0.019965114754186178 -0.052627612434106415 0.019547640979473646 0.026394829673755803 -0.044687970833407233 0.049191239104792228 -0.04367116531706132 -0.037373514834906682 0.021429752467533501 0.029122605318839007 0.0075501954166872012 0.020369406571610991 -0.047405998136641279 -0.042665174397204457 0.0083889252126367487 -0.05971738221689088
leaf_weight=90.332720550126396 3852.2517217937857 1505.9572061505169 1699.7019652026938 293.51725931320107 167.59637424326502 186.70631064218469 253.31921553984284 28.967873208690435 35.968567912001163 33.000187338562682 74.114170130342245 54.205817818641663 113.09853588079568 32.962735743029043 1339.0155060472898 51.140544969588518 77.853244885802269 392.76274358481169 64.329813949763775 39.245128430426121 100.34662562632002 20.035962077905424 194.3411816963926 516.9399118545698 147.59377329412382 1248.7563283649506 49.760806865058839 118.57738309598062 4087.0931450123899 42.152123901061714
leaf_count=5771 1785 585 21480 7725 1356 4606 604 514 75 63 394 58 2528 532 3458 363 89 173 281 664 2448 1151 676 783 3544 8047 596 1761 13818 354
internal_value=0.0146278 0.0116321 0.00966526 0.0100393 0.00422099 0.00729186 0.0113985 -0.00768497 -0.0287085 0.0162534 -0.00232005 -0.031586 -0.0132024 0.0121871 0.0214177 0.0219334 0.0106819 0.0168212 -0.00962448 -0.00239289 -0.0201236 0.0197992 0.0133134 0.0124456 0.0106042 0.0117483 0.0100885 -0.0148964 0.0106292 0.00767939
internal_weight=16911.6 13059.4 10967.3 10877 2933.48 2639.96 2199.64 445.984 222.675 1753.65 381.639 128.32 440.323 7943.54 1372.02 2092.04 586.086 534.946 142.183 327.224 159.628 59.2811 223.309 7910.58 6210.87 5944.7 5427.76 266.171 5378 4129.25
internal_count=86282 84497 83006 77235 26320 18595 10448 5871 4681 4577 1056 452 8147 50915 3521 1491 906 543 370 5619 4263 1815 1190 50383 28903 23598 22815 5305 22219 14172
is_linear=0
shrinkage=0.03


Tree=78
num_leaves=31
num_cat=0
split_feature=56 0 26 27 19 29 64 58 72 56 56 58 56 54 0 4 56 56 56 0 65 56 45 56 65 60 65 60 65 56
split_gain=503.466 320.253 243.142 210.089 248.133 188.963 158.998 220.606 141.463 129.635 126.709 176.854 120.761 107.875 179.692 336.105 156.255 190.258 147.831 137.678 197.168 112.164 112.32 108.057 106.63 199.495 103.411 100.207 98.5503 225.031
threshold=0.047574675621158906 9.5000000000000018 1.0000000180025095e-35 1.0000000180025095e-35 1.0000000180025095e-35 1.0000000180025095e-35 1.0000000180025095e-35 1.0000000180025095e-35 1.0000000180025095e-35 0.00078054427200581185 0.011975709061230659 1.0000000180025095e-35 0.0025014244426696769 1.0000000180025095e-35 6.9500000000000011 1.0000000180025095e-35 0.018723845800721603 0.0083061737185340812 0.0072401483730347776 7.8500000000000005 194.50000000000003 0.0016370956852815514 1.0000000180025095e-35 0.0074326147304572326 296.50000000000006 4.5000000000000009 290.50000000000006 1.0000000180025095e-35 255.50000000000003 0.0022020675352604339
decision_type=2 2 2 2 2 2 2 2 2 2 2 2 2 2 2 2 2 2 2 2 2 2 2 2 2 2 2 2 2 2
left_child=1 2 3 5 -5 6 8 -8 9 -1 11 12 -3 21 15 -15 17 19 -17 28 -21 -11 24 -22 25 26 -23 -2 29 -16
right_child=27 10 -4 4 -6 -7 7 -9 -10 13 -12 -13 -14 14 16 18 -18 -19 -20 20 23 22 -24 -25 -26 -27 -28 -29 -30 -31
leaf_value=-0.032092180139415907 -0.005976872780276467 -0.042798787851991919 -0.04694983271530892 -0.047888312449061415 0.044810160994533138 -0.041965163829517781 -0.060928910881344514 0.034817252821018364 0.023757950796858926 0.031584994334023335 0.027604113681097164 0.020760961954136205 0.007930415944330204 -0.03588729776483162 0.043564456433591414 -0.037157315440686491 0.018797669434335317 -0.051617845033239185 0.019396144034770618 0.015043806251792783 -0.044158164637619179 0.0080555325419816495 -0.047230854406182111 0.028217602803205028 0.015566966811031337 -0.07875549966771031 -0.047896542213158637 0.024324402006640291 0.018673220949119666 -0.016267194454583491
leaf_weight=69.637617310858332 100.69838614761829 42.772969760466367 72.134697171510197 115.49511890276335 32.594096954911947 65.008364705543499 64.107102144160308 31.66133252158761 577.71826770040207 231.13713014370296 911.70591150224209 1852.4715754259378 1211.647940003546 264.35851258214097 72.190675096586347 48.680126921855845 737.08204196020961 57.439968443475664 256.01099804067053 121.80215055961162 145.30261441646144 2730.2742102423217 29.454153134487569 20.570612624287605 2174.2034427706385 23.380601337994449 29.074141947319731 3496.1747444830835 491.50617765705101 248.2441702701617
leaf_count=3917 176 893 2103 2995 33 2615 1297 13 660 1819 441 5124 5294 8461 434 2566 701 393 843 714 2006 21524 562 12 11701 137 518 1602 3391 3485
internal_value=0.0135645 0.0107623 0.00752827 0.00798865 -0.0273219 0.00860779 0.00900301 -0.0292423 0.00944627 0.00837653 0.0177674 0.0148729 0.00616795 0.00874757 0.00357117 -0.011199 0.00801207 0.00113101 0.0102687 0.00393081 -0.0138715 0.0111902 0.0102387 -0.0350672 0.0105896 0.00669653 0.00744885 0.0234747 0.0102476 -0.00269414
internal_weight=16324.5 12727.7 8709.07 8636.93 148.089 8488.84 8423.84 95.7684 8328.07 7750.35 4018.6 3106.89 1254.42 7680.71 2463.19 569.05 1894.14 1157.06 304.691 1099.62 287.675 5217.52 4986.39 165.873 4956.93 2782.73 2759.35 3596.87 811.941 320.435
internal_count=86430 84652 72900 70797 3028 67769 65154 1310 63844 63184 11752 11311 6187 59267 23006 11870 11136 10435 3409 10042 2732 36261 34442 2018 33880 22179 22042 1778 7310 3919
is_linear=0
shrinkage=0.03


Tree=79
num_leaves=31
num_cat=0
split_feature=56 71 62 65 66 17 0 65 65 60 56 60 56 56 51 30 0 65 46 48 32 2 61 65 56 24 36 60 61 56
split_gain=656.933 323.94 130.721 148.911 140.281 124.406 151.554 162.271 161.998 119.068 118.947 114.936 112.072 109.139 107.277 97.6183 96.0675 96.4373 106.272 92.3423 80.7308 135.66 98.0341 88.6864 197.507 185.793 164.746 159.107 115.846 96.1911
threshold=0.047574675621158906 1.0000000180025095e-35 1.0000000180025095e-35 190.50000000000003 1.0000000180025095e-35 1.0000000180025095e-35 6.5500000000000007 697.50000000000011 764.50000000000011 1.0000000180025095e-35 0.00078054427200581185 1.0000000180025095e-35 0.040675701023522033 0.0039295846732344255 1.0000000180025095e-35 1.0000000180025095e-35 4.3500000000000005 292.50000000000006 1.0000000180025095e-35 1.0000000180025095e-35 1.0000000180025095e-35 1.0000000180025095e-35 1.0000000180025095e-35 263.50000000000006 0.001919494434714227 1.0000000180025095e-35 1.0000000180025095e-35 4.5000000000000009 1.0000000180025095e-35 0.0014373729723480054
decision_type=2 2 2 2 2 2 2 2 2 2 2 2 2 2 2 2 2 2 2 2 2 2 2 2 2 2 2 2 2 2
left_child=1 5 -3 4 -4 10 11 15 -9 -2 -1 -7 13 -13 20 19 -15 -18 -19 -8 23 22 -22 25 -25 26 27 29 -26 -12
right_child=9 2 3 -5 -6 6 7 8 -10 -11 14 12 -14 16 -16 -17 17 18 -20 -21 21 -23 -24 24 28 -27 -28 -29 -30 -31
leaf_value=-0.031099702629301673 -0.01161787034545168 0.0254580153217163 -0.058751259791619465 0.016163350546047152 0.0092804745713216501 -0.035362604760704172 -0.042466473380791459 0.041083022265043401 -0.04178168665891685 0.024904198137584464 0.041347343805167101 -0.032114265555898705 -0.070928071654982716 -0.039502069242106586 -0.048092389231086101 0.017449968342264664 0.029953581080257325 -0.025629813951033545 0.034995178080294981 0.027022149208548112 -0.048904734584926661 0.020952712982943524 0.033441370436562791 -0.035825670348973215 0.01230869300342439 -0.041164944003460831 -0.051276929438900186 -0.077058246512004866 -0.070245851580657687 0.0063117250939659893
leaf_weight=66.570124807185493 81.623110346496105 1448.1153325233608 51.378104126080871 403.34613608568907 56.436766989529133 51.463216727017425 214.54984199639875 66.533338433131576 30.040953561197966 3609.0192252304405 70.84776595630683 41.728143691201694 13.503380320966242 23.714410015265457 28.697392948670313 33.361324696452357 311.0499808054883 68.087592257303186 40.753527984023094 18.038585120812058 43.571054497268051 814.35389422252774 17.559131622314453 78.165873077930883 4250.1985786561854 75.972248787176795 43.894457255257294 19.404867001459934 14.374755204189567 3956.2932117732707
leaf_count=3032 162 599 338 476 81 4808 5841 116 415 1631 690 2817 73 669 477 207 1490 1151 15 21 363 1501 1 2639 24619 6979 738 111 161 24391
internal_value=0.0129884 0.00966864 0.0208557 0.00779315 -0.0233814 0.00755781 -0.00301693 -0.0180512 0.0151426 0.0240935 0.00857627 0.00690204 0.0113244 0.013754 0.00886013 -0.0301164 0.0181312 0.0214723 -0.00281798 -0.0369846 0.00903939 0.0177126 -0.025094 0.00814505 0.0111449 0.00501632 0.00588391 0.00651647 0.012014 0.0069382
internal_weight=16042.6 12352 1959.28 511.161 107.815 10392.7 912.824 362.524 96.5743 3690.64 9479.9 550.3 498.837 485.334 9413.33 265.95 443.606 419.891 108.841 232.588 9384.64 875.484 61.1302 8509.15 4342.74 4166.41 4090.44 4046.55 4264.57 4027.14
internal_count=86612 84819 1494 895 419 83325 17623 6600 531 1793 65702 11023 6215 6142 62670 6069 3325 2656 1166 5862 62193 1865 364 60328 27419 32909 25930 25192 24780 25081
is_linear=0
shrinkage=0.03


Tree=80
num_leaves=31
num_cat=0
split_feature=71 55 55 42 59 0 55 0 21 62 55 59 0 51 48 55 55 55 52 60 55 58 55 58 55 62 67 0 32 49
split_gain=397.669 147.067 399.132 158.055 145.865 131.945 130.706 128.855 115.801 113.753 104.927 114.143 98.8144 96.5454 81.5091 129.539 107.415 177.278 141.747 105.744 203.065 185.244 170.394 139.333 137.99 136.543 116.958 114.777 114.502 100.275
threshold=1.0000000180025095e-35 0.051588093059875891 0.036496636214826468 1.0000000180025095e-35 1.5000000000000002 8.1500000000000004 0.0073991022256974679 6.4500000000000011 1.0000000180025095e-35 1.0000000180025095e-35 0.0061860440093990795 2.5000000000000004 4.1500000000000012 1.0000000180025095e-35 1.0000000180025095e-35 0.016299180440167958 0.0040872057278096563 0.004389902681319907 1.0000000180025095e-35 1.0000000180025095e-35 0.0078429521481543762 2.5000000000000004 0.027897052336334126 1.0000000180025095e-35 0.0068272023513347773 1.0000000180025095e-35 1.0000000180025095e-35 6.9500000000000011 1.0000000180025095e-35 1.0000000180025095e-35
decision_type=2 2 2 2 2 2 2 2 2 2 2 2 2 2 2 2 2 2 2 2 2 2 2 2 2 2 2 2 2 2
left_child=1 2 3 4 12 7 8 -4 9 -2 11 -6 -1 14 16 -16 -14 -18 19 20 21 24 27 28 29 26 -26 -22 -21 -19
right_child=6 -3 5 -5 10 -7 -8 -9 -10 -11 -12 -13 13 -15 15 -17 17 18 -20 23 22 -23 -24 -25 25 -27 -28 -29 -30 -31
leaf_value=-0.037923188882076395 0.01249946998724333 0.021253244140792712 -0.070498227831894952 -0.034399143161891785 -0.027150709533223395 -0.087904127764246331 0.028910342226432635 -0.0037454969181078828 0.019765795684696427 -0.03836620675834513 0.028028119553347639 0.021697886863960181 0.0170015865837604 -0.043412457128690664 0.031477827142661063 -0.031744254398327967 -0.044870768347564656 -0.03312992062424485 -0.05833290216351341 0.0094771378008501311 -0.037065435246324822 0.021440524469430546 -0.011849517070664554 0.019391907554870143 0.012414222600210214 -0.039259473195856272 -0.032117885172363587 0.025358284684253506 -0.023631359871220267 0.02248242907484338
leaf_weight=37.084729734284338 98.485173039138317 1235.7910766880959 34.748670555651188 67.609946007840335 70.511743708106223 33.780776508152485 1734.834795685485 96.148941302672029 845.33093105815351 64.765181351453066 718.2447566568153 107.18885540193878 1752.6143074225402 28.840743185020983 297.71553538029548 31.521174853667617 53.91050514287781 292.2934094988741 26.895336659043096 5728.1886942778947 27.010923583176918 174.26307899318635 169.76174122921657 1428.7015996202826 322.19649387302343 73.470333185512573 62.528593123424798 542.11688724090345 94.654545256402344 31.708398034796119
leaf_count=1571 110 924 241 865 2572 200 444 215 688 362 1763 783 26647 564 471 103 1574 11188 290 21170 630 268 1038 2302 4536 2986 361 920 361 145
internal_value=0.0134999 0.011388 0.0103955 0.0110259 0.0112831 -0.0358614 0.0239149 -0.0218661 0.0153021 -0.00779084 0.0229278 0.00227126 0.0103476 0.0105117 0.0106556 0.0253471 0.0102046 0.00888331 0.0092112 0.00942074 0.00267357 -0.0064499 0.0144763 0.0109976 -0.012683 -0.00207284 0.00511201 0.0223358 0.00893497 -0.027635
internal_weight=16282.9 13539.5 12303.7 12139 12071.4 164.678 2743.42 130.898 1008.58 163.25 895.945 177.701 11175.5 11138.4 11109.6 329.237 10780.3 9027.7 8973.79 8946.89 1695.35 956.46 738.89 7251.54 782.197 458.195 384.725 569.128 5822.84 324.002
internal_count=86292 84688 83764 83108 82243 656 1604 456 1160 472 5118 3355 77125 75554 74990 574 74416 47769 46195 45905 22072 19484 2588 23833 19216 7883 4897 1550 21531 11333
is_linear=0
shrinkage=0.03


Tree=81
num_leaves=31
num_cat=0
split_feature=56 63 65 27 65 56 0 65 40 57 59 55 56 56 55 35 65 55 32 21 72 9 60 55 60 57 60 27 55 66
split_gain=566.613 418.733 217.189 197.913 178.272 366.98 203.828 514.821 270.531 256.751 230.086 224.097 301.034 214.219 206.689 207.986 192.793 210.463 447.287 179.805 181.314 156.414 225.882 154.635 154.302 169.97 266.506 268.522 150.622 143.482
threshold=0.048022201973341977 1.0000000180025095e-35 142.50000000000003 1.0000000180025095e-35 201.50000000000003 0.0414396605349414 9.5000000000000018 235.50000000000003 1.0000000180025095e-35 2.5000000000000004 1.5000000000000002 0.01115846687889677 0.026935654732692067 0.0068988356286288468 0.010957361226626923 1.0000000180025095e-35 192.50000000000003 0.0069782869163078536 1.0000000180025095e-35 1.0000000180025095e-35 1.0000000180025095e-35 1.0000000180025095e-35 1.5000000000000002 0.048763003506173415 1.0000000180025095e-35 1.5000000000000002 1.5000000000000002 1.0000000180025095e-35 0.0092217361296526232 1.0000000180025095e-35
decision_type=2 2 2 2 2 2 2 2 2 2 2 2 2 2 2 2 2 2 2 2 2 2 2 2 2 2 2 2 2 2
left_child=1 2 24 4 5 16 7 8 10 11 -6 14 23 -8 15 19 17 18 -4 20 -9 -14 -23 -13 -1 29 27 -27 -21 -26
right_child=-2 -3 3 -5 6 -7 13 9 -10 -11 -12 12 21 -15 -16 -17 -18 -19 -20 28 -22 22 -24 -25 25 26 -28 -29 -30 -31
leaf_value=-0.031013570651846852 0.022907748257165923 0.019299410181303378 -0.035461670330763355 -0.028982846438643812 -0.049802794329238731 -0.10122322434936629 0.0013949783525676392 -0.031420569084261912 0.046003508261648555 0.014545947722012648 0.014589295501691512 -0.036450615124052232 0.02151551303650703 0.022268076533376726 0.04143461080061326 0.044506152797049191 0.030485581702034008 0.016569557326644186 0.03715204890264083 0.0071643164587385224 0.043814363461707154 -0.090320365920528875 0.027968771823873782 0.0033904583740511523 0.016228208063241267 -0.054768352341024368 0.013114557521526179 0.036856734343982657 -0.047889881298168631 -0.026985794118318685
leaf_weight=192.42606189876096 3307.7847343161702 2729.9907476275694 217.84151019668207 130.25114077498438 293.89180037804181 23.075741805136204 740.9405719457427 241.33473097754177 36.467087367316708 1582.3581184574869 59.653836430516094 400.08465785346925 231.00492497906089 1098.2047086255625 131.23062897939235 96.56042004050687 640.14787910028826 1275.0635478320764 116.29853437561542 1011.4592763910769 31.837216016137972 29.253033086657524 27.251682624220848 112.00028271880001 440.57586962624919 171.11438091506716 148.53951932222117 33.836154106771573 45.800120674073696 81.056394342333078
leaf_count=9908 1676 2883 8717 2681 6494 136 3879 10553 60 9431 289 3478 195 2137 298 399 2337 3912 204 10388 19 162 7 214 2544 1854 747 45 309 468
internal_value=0.0118799 0.00892928 0.00599068 0.00757984 0.00814735 0.0153293 0.00549989 0.00194496 -0.0308888 0.00520198 -0.0389274 -0.00107237 -0.0139737 0.0138642 0.0055526 0.00222607 0.0165694 0.011018 -0.0101528 -0.000873667 -0.0225244 0.0105695 -0.0337764 -0.0277472 -0.00676482 -0.00140357 -0.0174372 -0.0395361 0.00473639 0.0094744
internal_weight=15677.3 12369.6 9639.56 8572.01 8441.76 2272.43 6169.33 4330.19 390.013 3940.18 353.546 2357.82 799.595 1839.15 1558.22 1426.99 2249.35 1609.2 334.14 1330.43 273.172 287.51 56.5047 512.085 1067.55 875.122 353.49 204.951 1057.26 521.632
internal_count=86424 84748 81865 66299 63618 15306 48312 42296 6843 35453 6783 26022 4056 6016 21966 21668 15170 12833 8921 21269 10572 364 169 3692 15566 5658 2646 1899 10697 3012
is_linear=0
shrinkage=0.03


Tree=82
num_leaves=31
num_cat=0
split_feature=56 57 58 55 59 60 65 56 29 65 55 13 55 55 71 69 56 58 65 17 56 56 55 56 56 8 55 58 56 56
split_gain=618.455 320.045 280.015 248.347 188.256 173.085 165.61 183.038 135.164 132.383 128.283 126.392 123.647 226.068 266.726 145.393 172.387 117.538 111.5 140.758 295.448 117.771 145.221 109.752 97.552 316.301 327.763 289.362 227.992 169.15
threshold=0.032660197162707801 4.5000000000000009 1.0000000180025095e-35 0.007222384741534674 1.0000000180025095e-35 1.0000000180025095e-35 154.50000000000003 0.026935654732692067 1.0000000180025095e-35 140.50000000000003 0.0078429521481543762 1.0000000180025095e-35 0.06386747763884322 0.031781826281211616 1.0000000180025095e-35 1.0000000180025095e-35 0.0051741267214716344 1.0000000180025095e-35 751.50000000000011 1.0000000180025095e-35 0.0074326147304572326 0.0088004231848067046 0.012889886427373445 0.023561139330300889 0.0039470903806293018 1.0000000180025095e-35 0.021765767382888639 1.0000000180025095e-35 0.014475206292182307 0.0044970911835755436
decision_type=2 2 2 2 2 2 2 2 2 2 2 2 2 2 2 2 2 2 2 2 2 2 2 2 2 2 2 2 2 2
left_child=1 8 3 11 6 9 -5 10 12 -2 -8 -3 13 18 15 16 -15 -7 19 24 -21 -22 23 -23 -1 26 27 -26 -28 -27
right_child=5 2 -4 4 -6 17 7 -9 -10 -11 -12 -13 -14 14 -16 -17 -18 -19 -20 20 21 22 -24 -25 25 29 28 -29 -30 -31
leaf_value=0.011809655977248848 -0.076970108715923108 0.013715775136155963 0.02456728780248315 0.026996899570640123 0.032916254295481728 0.019033403010509656 -0.082761431063647029 -0.077897884028686928 -0.040789387233906994 0.0021704460430735416 0.0020362362294631202 -0.044824229652018995 0.021106102020947939 -0.010851172162818456 0.024505154253316584 0.034729480239841175 -0.054235564600440191 0.030003925625796582 0.017553500349981606 -0.036858697027459579 0.043687972072328544 -0.037809283886639268 -0.04832873736275059 0.026743203561442771 -0.041888482241254431 -0.043826528567190749 0.021583552323311082 -0.0049445398537216146 -0.069820744610408658 0.0089123653023708959
leaf_weight=1698.4474585722201 19.954337567090988 44.528958247974515 1594.6071801023791 119.2654730444774 228.12256789021194 3600.7705545909703 16.526118312962353 35.576775405555964 56.941352733585518 205.8768063634634 190.96500194445252 125.01884386676829 416.19008380547166 155.52923797431868 112.22279263474047 29.450820356607437 175.87333365995437 1168.5569685436785 644.34029533038847 217.68328246660531 69.392732823267579 29.126440970692784 44.764938469976187 111.11656192690134 340.22145921550691 54.701447307830676 307.28267400106415 433.5600277610356 25.714978231117129 3226.5350335143739
leaf_count=17467 115 360 2503 72 352 2638 138 225 2476 313 515 2724 324 1262 53 13 1050 233 3014 12044 59 356 278 219 9629 1482 489 5719 136 20029
internal_value=0.0118227 0.00768881 0.0174287 0.00243831 0.011632 0.020512 -0.00182218 -0.0160154 0.00487275 -0.00513088 -0.00508223 -0.0294594 0.00519905 0.00433394 -0.0157343 -0.0282816 -0.0339689 0.0217271 0.00565399 0.00448244 -0.0112824 0.0106611 -0.00189489 0.0131638 0.00570686 0.00334253 -0.0105196 -0.0212214 0.0143372 0.00802007
internal_weight=15498.9 10503.7 2354.61 760.004 590.456 4995.16 362.333 243.068 8149.09 225.831 207.491 169.548 8092.15 7675.96 473.076 360.853 331.403 4769.33 7202.89 6558.55 472.084 254.401 185.008 140.243 6086.46 4388.02 1106.78 773.781 332.998 3281.24
internal_count=86287 82988 6889 4386 1302 3299 950 878 76099 428 653 3084 73623 73299 2378 2325 2312 2871 70921 67907 12956 912 853 575 54951 37484 15973 15348 625 21511
is_linear=0
shrinkage=0.03


Tree=83
num_leaves=31
num_cat=0
split_feature=56 71 71 32 2 60 66 65 56 30 72 55 55 65 55 63 65 55 57 65 56 65 56 9 9 68 65 65 30 25
split_gain=744.476 291.297 203.565 178.371 185.773 158.489 312.383 231.542 269.121 183.584 137.881 149.826 327.843 258.42 199.017 203.784 207.925 203.014 157.255 195.341 191.509 156.989 136.691 471.033 336.555 243.153 178.696 135.966 130.252 130.188
threshold=0.023561139330300889 1.0000000180025095e-35 1.0000000180025095e-35 1.0000000180025095e-35 1.0000000180025095e-35 1.0000000180025095e-35 1.0000000180025095e-35 515.50000000000011 0.0072401483730347776 1.0000000180025095e-35 1.0000000180025095e-35 0.0097125389833710302 0.022816273384930998 580.50000000000011 0.0033897661317019196 1.0000000180025095e-35 102.50000000000001 0.0040872057278096563 2.5000000000000004 344.50000000000006 0.010386119285181602 584.50000000000011 0.0063783844441154579 1.0000000180025095e-35 1.0000000180025095e-35 1.0000000180025095e-35 956.50000000000011 1190.0000000000002 1.0000000180025095e-35 1.0000000180025095e-35
decision_type=2 2 2 2 2 2 2 2 2 2 2 2 2 2 2 2 2 2 2 2 2 2 2 2 2 2 2 2 2 2
left_child=1 3 -2 5 -5 6 7 9 -9 -1 11 14 13 -13 15 16 -7 -16 19 29 -20 -15 23 25 -24 26 -19 28 -23 -14
right_child=2 -3 -4 4 -6 10 -8 8 -10 -11 -12 12 18 21 17 -17 -18 22 20 -21 -22 27 24 -25 -26 -27 -28 -29 -30 -31
leaf_value=-0.025447095441003445 0.016743490617615084 0.017974892523415251 0.03052062163721116 -0.04460396976783005 0.020376986725519745 0.034547617942674774 0.013250299711313258 -0.043340015126019711 0.035820053778204644 0.01803654798811704 0.027876686323398549 -0.043577163282638935 0.0040314681093331492 0.05661245923350379 0.030056916221024521 0.01977456764061265 -0.034157167571145577 -0.040859310606421624 0.022801621980933388 -0.045757134533458005 -0.055649015021041824 -0.043488452523288409 0.021571943689998138 0.018437044957778669 -0.041998583187196341 0.03718024600281717 0.026259410381874758 0.020010000845036673 0.031223991330388796 -0.052683030081583954
leaf_weight=853.92373985267477 5599.4134124666452 1492.3296366687864 1168.0320728607476 40.893854376859963 744.19222527276725 45.865633504698053 512.85135339479893 51.776454570237547 143.91509251506068 96.62057786504738 216.64565526833758 269.57546786940657 849.43943289271556 35.176422506570816 436.40451861009933 139.57610090635717 261.39477605116554 319.19940821832279 468.31801347073633 84.97369010746479 28.842730773612857 108.75764649175107 803.17262122174725 506.30628204648383 81.730456846999004 49.173930294811726 39.493331856327131 79.355256754904985 25.204142625443637 37.058157983003184
leaf_count=29561 5472 1394 207 359 1434 622 3330 1926 643 1043 235 2320 2946 19 1469 181 15564 6477 629 831 139 1000 3141 3656 1266 22 204 121 22 203
internal_value=0.0116409 0.00589797 0.0191255 0.00343704 0.0169398 0.00181495 -0.00619387 -0.0148976 0.0147619 -0.0210128 0.00453532 0.00344653 -0.00279714 -0.0232916 0.00807031 -0.0101906 -0.0238226 0.0117233 0.00444335 -0.00258147 0.0181477 -0.00119862 0.00726187 -0.000875341 0.0156597 -0.0248353 -0.0334168 -0.0109515 -0.0293045 0.00160395
internal_weight=15589.6 8822.17 6767.45 7329.84 785.086 6544.75 1659.09 1146.24 195.692 950.544 4885.66 4669.02 1986.7 518.069 2682.32 446.837 307.26 2235.48 1468.63 971.471 497.161 248.493 1799.08 914.173 884.903 407.867 358.693 213.317 133.962 886.498
internal_count=86436 80757 5679 79363 1793 77570 36503 33173 2569 30604 41067 40832 8230 3482 32602 16367 16186 16235 4748 3980 768 1162 14766 10359 4407 6703 6681 1143 1022 3149
is_linear=0
shrinkage=0.03


Tree=84
num_leaves=31
num_cat=0
split_feature=56 71 56 47 65 55 55 59 41 65 56 56 55 55 55 65 66 56 55 55 55 59 65 48 58 56 25 56 0 0
split_gain=638.68 403.175 296.171 132.13 113.284 115.78 150.156 269.429 174.786 308.012 169.802 177.451 253.336 206.357 298.403 278.503 274.277 215.776 193.031 213.646 182.616 227.207 171.079 167.235 151.78 180.973 151.144 159.241 150.765 129.665
threshold=0.047574675621158906 1.0000000180025095e-35 0.001919494434714227 1.0000000180025095e-35 751.50000000000011 0.06386747763884322 0.031781826281211616 1.5000000000000002 1.0000000180025095e-35 267.50000000000006 0.012841886520352541 0.0040243207833668268 0.0021628711448338938 0.00095627457833280299 0.0070793993871210567 296.50000000000006 1.0000000180025095e-35 0.0093449173492394354 0.0064496039836892472 0.0059228531034993181 0.0060364811750502406 1.5000000000000002 198.50000000000003 1.0000000180025095e-35 1.0000000180025095e-35 0.0074326147304572326 1.0000000180025095e-35 0.0039295846732344255 9.9500000000000011 7.7500000000000009
decision_type=2 2 2 2 2 2 2 2 2 2 2 2 2 2 2 2 2 2 2 2 2 2 2 2 2 2 2 2 2 2
left_child=1 2 -1 4 5 6 10 8 9 -8 11 12 -4 -13 18 17 28 -16 19 22 -21 23 -15 -22 25 -24 -14 -28 -17 -26
right_child=-2 -3 3 -5 -6 -7 7 -9 -10 -11 -12 13 26 14 15 16 -18 -19 -20 20 21 -23 24 -25 29 -27 27 -29 -30 -31
leaf_value=-0.027637266555574254 0.02221058930225113 0.020302954899477407 -0.036357203514561072 0.024150925204082397 0.016624964002350515 0.019775718033673863 -0.058808773102847621 0.024815229828690322 0.032718389033508238 -0.0066795988852909041 0.011116179777368352 0.022628843239475883 0.016235466383374725 -0.042152864228508662 0.013527567825323251 -0.045852104739967925 0.0097994066482421701 -0.050221386330631015 -0.038827836440893715 0.036183287864938164 -0.044412784408887795 0.038466005472488851 -0.036974849257223781 0.033010384659046793 -0.045169642508007875 0.028457003780568143 -0.040694350840832359 0.0384859767524963 0.031750458935779068 0.006454586945325063
leaf_weight=241.49325305514503 3451.0821754708886 1868.9990429524332 97.820504141040146 344.5511134066619 726.06116180378012 412.50970418937504 171.19773111166432 145.40557323396206 46.776017867028713 251.00566680496559 2468.014901121147 277.67803500615992 1304.2859778489219 191.58396676136181 1260.5332217862597 216.55377744603902 196.27276244107634 48.700131464749575 236.42985558044165 144.66786338202655 116.64111820037942 66.250385883031413 249.05489083239809 31.132348566316068 48.244973916443996 44.107236245647073 84.261378501774743 30.346531077753752 24.430501675233245 394.20304189436138
leaf_count=10920 1815 1475 4318 642 3122 339 1098 80 16 731 4018 3426 9766 8001 7208 3379 546 383 6247 708 3133 199 9460 28 2388 129 1212 39 9 1649
internal_value=0.0108666 0.00753009 0.00510964 0.00593374 0.00525514 0.0042887 0.00350208 -0.0107474 -0.0218028 -0.0279063 0.0046658 0.00152004 0.0101046 -0.00215309 -0.00426453 0.00419731 -0.0165079 0.0111197 -0.0139688 -0.00937151 0.0102686 -0.00733507 -0.0169723 -0.0279893 -0.0103659 -0.0270671 0.013331 -0.019577 -0.0378862 0.000736263
internal_weight=15190.3 11739.2 9870.21 9628.72 9284.17 8558.11 8145.6 614.385 468.979 422.203 7531.21 5063.2 1516.71 3546.48 3268.81 1746.49 437.257 1309.23 1522.32 1285.89 358.692 214.024 927.194 147.773 735.61 293.162 1418.89 114.608 240.984 442.448
internal_count=86484 84669 83194 72274 71632 68510 68171 1925 1845 1829 66246 62228 15335 46893 43467 11525 3934 7591 31942 25695 4068 3360 21627 3161 13626 9589 11017 1251 3388 4037
is_linear=0
shrinkage=0.03


Tree=85
num_leaves=31
num_cat=0
split_feature=56 71 67 65 60 55 55 66 26 65 63 65 62 56 57 72 39 13 57 65 65 65 65 56 18 60 56 56 57 65
split_gain=657.939 379.562 186.074 219.641 218.255 206.037 206.115 153.938 116.171 113.251 110.82 134.403 184.454 169.178 127.14 109.821 154.209 132.4 384.447 185.788 192.672 183.742 369.769 181.328 174.065 227.04 155.4 150.716 140.236 136.699
threshold=0.047574675621158906 1.0000000180025095e-35 1.0000000180025095e-35 448.50000000000006 1.5000000000000002 0.01115846687889677 0.0059628976246150316 1.0000000180025095e-35 1.0000000180025095e-35 422.50000000000006 1.0000000180025095e-35 472.50000000000006 1.0000000180025095e-35 0.029864080034558614 4.5000000000000009 1.0000000180025095e-35 1.0000000180025095e-35 1.0000000180025095e-35 1.5000000000000002 168.50000000000003 192.50000000000003 201.50000000000003 221.50000000000003 0.0063783844441154579 1.0000000180025095e-35 2.5000000000000004 0.024051509200471031 0.039092439184851828 1.5000000000000002 225.50000000000003
decision_type=2 2 2 2 2 2 2 2 2 2 2 2 2 2 2 2 2 2 2 2 2 2 2 2 2 2 2 2 2 2
left_child=1 2 3 9 5 6 -5 -8 -4 15 11 12 -3 14 -14 16 17 18 -1 -19 -21 26 23 -23 25 -24 -22 -27 -28 -26
right_child=-2 10 8 4 -6 -7 7 -9 -10 -11 -12 -13 13 -15 -16 -17 -18 19 -20 20 21 22 24 -25 29 27 28 -29 -30 -31
leaf_value=-0.041847184603477375 0.022568033125729987 0.015378241758956608 0.015727289225169638 -0.039747248332879327 0.017702274613661577 -0.044969827502724019 -0.019270470115184887 0.02421952284346519 -0.020952686790521362 0.02371058485681039 0.026979938007370863 0.028602501599654512 -0.053833957435968909 0.030740829045898515 0.0053929857589437996 0.019076820133379368 -0.050199819482387324 0.0093414666075586749 0.024139721106912263 -0.022507676985940216 0.027310328949110445 -0.0096943574494621123 -0.031598375505683722 -0.062387120524653505 0.036048742455965475 0.037560599213056628 0.017678248897068431 -0.051917164992982365 -0.08251531296785955 0.0023310736136543373
leaf_weight=90.16530734510161 3342.3067751228809 427.4308840893209 1652.7006955459947 128.38777464191662 176.37243916280568 200.82253782649059 127.20514214487048 169.97688882588409 80.703165283426642 273.95606731181033 954.37402240559459 307.2624195329845 101.9653290566057 44.969687812030315 47.497997246682644 412.39124517771415 47.437663873191923 2031.0461784010986 621.49130706663709 367.80718479841016 331.45815753610805 109.64365486247698 283.70127647015033 126.77617706207093 112.61182130000088 84.396271680481732 26.18184007704258 20.212186396121979 22.689239576458931 2283.6656921266112
leaf_count=6060 1754 355 5552 5448 714 1707 3214 398 297 1540 291 160 649 8 64 642 822 17581 5490 5035 1748 2039 9304 1702 375 247 27 85 139 13072
internal_value=0.0108346 0.00747115 0.00509543 0.0031743 -0.0117055 -0.0200008 -0.00814029 0.00560197 0.0140085 0.00482426 0.0198 0.012404 0.00436721 -0.0197937 -0.0351015 0.00407882 0.00313311 0.00352928 0.0157323 0.00202956 -0.00191197 0.000321128 -0.00215511 -0.0380937 0.000908766 -0.0176976 0.0199443 0.019944 -0.0295602 0.00392999
internal_weight=15007.6 11665.3 9781.8 8048.4 802.765 626.392 425.57 297.182 1733.4 7245.63 1883.5 929.126 621.864 194.433 149.463 6971.68 6559.28 6511.85 711.657 5800.19 3769.14 3401.34 3021.01 236.42 2784.59 388.31 380.329 104.608 48.8711 2396.28
internal_count=86519 84765 83238 77389 11481 10767 9060 3612 5849 65908 1527 1236 1076 721 713 64368 63726 62904 11550 51354 33773 28738 26824 3741 23083 9636 1914 332 166 13447
is_linear=0
shrinkage=0.03


Tree=86
num_leaves=31
num_cat=0
split_feature=56 58 64 0 0 71 56 29 0 51 54 0 56 56 59 59 17 60 56 0 0 27 24 66 36 56 56 0 71 59
split_gain=552.842 369.805 181.368 169.621 146.126 140.077 110.017 103.763 87.6189 83.3899 84.7186 327.366 166.365 224.129 244.926 214.574 187.298 166.247 122.209 97.8548 87.7435 200.953 192.85 88.4452 166.32 150.384 132.808 154.872 137.491 196.741
threshold=0.033474976598428303 1.5000000000000002 1.0000000180025095e-35 6.4500000000000011 5.2500000000000009 1.0000000180025095e-35 0.00078054427200581185 1.0000000180025095e-35 3.3500000000000001 1.0000000180025095e-35 1.0000000180025095e-35 8.5500000000000025 0.0083061737185340812 0.0072401483730347776 1.0000000180025095e-35 1.5000000000000002 1.0000000180025095e-35 4.5000000000000009 0.0032610673789118349 7.5500000000000007 5.5500000000000007 1.0000000180025095e-35 1.0000000180025095e-35 1.0000000180025095e-35 1.0000000180025095e-35 0.0014373729723480054 0.0064496039836892472 7.7500000000000009 1.0000000180025095e-35 1.0000000180025095e-35
decision_type=2 2 2 2 2 2 2 2 2 2 2 2 2 2 2 2 2 2 2 2 2 2 2 2 2 2 2 2 2 2
left_child=1 2 4 -3 8 -2 -6 9 -1 10 17 12 13 -12 16 -14 -15 20 -13 -16 22 23 -8 25 26 -22 28 -28 29 -25
right_child=5 3 -4 -5 6 -7 7 -9 -10 -11 11 18 15 14 19 -17 -18 -19 -20 -21 21 -23 -24 24 -26 -27 27 -29 -30 -31
leaf_value=0.011262727795260649 0.017256472828985323 -0.044813789605223892 -0.044511854427516991 0.02097326313790988 -0.032188815854728853 0.030554847353433376 0.027925756052994744 -0.038190429753969475 -0.037236173166536553 -0.045908761100627589 -0.015720488962877342 -0.043862889456650622 -0.045721369190359872 -0.044784440129976094 0.042386908616123486 0.032082862882387798 0.028701254079677014 -0.056303740118997331 0.014625766517649939 -0.040349097171326558 0.0454610612307349 -0.042916342841354038 -0.037314121308587224 0.0068777497648251137 -0.054532746235590929 0.0044892338251899316 -0.021566787209196348 0.024058728250632138 0.029210658434625746 -0.035417333160265914
leaf_weight=46.855536327289883 3985.7981749288738 35.075808349531144 65.575933426909614 1787.1327171626035 67.300565247423947 870.3359850961715 405.81649149325676 46.469138979678974 113.51139476470416 26.459715320146643 555.54514625272714 32.182177997194231 190.72316000331193 79.397354073589668 182.75834934459999 37.52518105506897 50.158947063609958 34.649219868471846 1087.2717647736426 13.060872817412017 81.571921237045899 68.85367259348277 44.454727499745786 536.09081300406251 30.99122239719145 3452.0020492926706 70.737765027093701 1054.6284466558136 171.02365978434682 120.34646842500661
leaf_count=1121 3127 1209 1671 2262 3743 150 3620 2019 7034 493 12541 789 1320 1644 624 13 597 200 3805 161 635 1589 3778 2845 433 26042 405 1677 68 915
internal_value=0.0112777 0.0074018 0.00481742 0.019683 0.00519868 0.0196457 0.00573874 0.00604741 -0.0230839 0.00629886 0.00647081 0.00146738 -0.0100792 -0.00414979 0.0155936 -0.0328458 -0.0163318 0.00830694 0.0129067 0.0366916 0.00868707 0.0076574 0.0214163 0.00829619 0.0133647 0.00544766 0.0144696 0.0211742 0.00533656 -0.000918403
internal_weight=15344.3 10488.2 8665.96 1822.21 8600.39 4856.13 8440.02 8372.72 160.367 8326.25 8299.79 2228.62 1109.17 880.921 325.376 228.248 129.556 6071.17 1119.45 195.819 6036.52 5586.25 450.271 5517.39 1983.82 3533.57 1952.83 1125.37 827.461 656.437
internal_count=86530 83253 79782 3471 78111 3277 69956 66213 8155 64194 63701 21494 16900 15567 3026 1333 2241 42207 4594 785 42007 34609 7398 33020 6343 26677 5910 2082 3828 3760
is_linear=0
shrinkage=0.03


Tree=87
num_leaves=31
num_cat=0
split_feature=56 32 71 57 62 55 61 71 56 56 65 7 65 56 14 0 55 55 56 11 65 65 27 56 58 56 55 65 55 56
split_gain=550.765 238.979 232.727 181.893 188.405 207.194 193.339 175.025 190.08 213.084 260.285 160.682 173.404 150.94 142.133 141.774 139.085 333.867 160.864 143.891 168.261 281.34 135.901 195.367 134.5 141.365 133.585 132.373 123.826 121.762
threshold=0.020591400204650768 1.0000000180025095e-35 1.0000000180025095e-35 7.5000000000000009 1.0000000180025095e-35 0.0046575976997566331 1.0000000180025095e-35 1.0000000180025095e-35 0.001919494434714227 0.0039470903806293018 751.50000000000011 1.0000000180025095e-35 272.50000000000006 0.0036472570579653518 1.0000000180025095e-35 9.0500000000000025 0.0040872057278096563 0.0057592837274565859 0.0048839834471266904 1.0000000180025095e-35 267.50000000000006 296.50000000000006 1.0000000180025095e-35 0.074008704164995345 2.5000000000000004 0.0030932164622422017 0.011945845925157792 217.50000000000003 0.06386747763884322 0.0057950219280482303
decision_type=2 2 2 2 2 2 2 2 2 2 2 2 2 2 2 2 2 2 2 2 2 2 2 2 2 2 2 2 2 2
left_child=1 3 22 4 6 15 7 8 -1 -10 16 12 -7 -5 24 27 -11 -18 -19 20 -20 -22 -2 -24 25 -14 -12 -6 29 -21
right_child=2 -3 -4 13 5 11 -8 -9 9 10 26 -13 14 -15 -16 -17 17 18 19 28 21 -23 23 -25 -26 -27 -28 -29 -30 -31
leaf_value=-0.025442939630001708 0.015346832648140898 0.020314569061983083 0.029701839879178692 -0.033128772647012389 0.0050071491544014836 -0.044290973581144227 -0.062582603583661842 0.019830110682406279 0.013932063881642701 0.0096084885825233179 0.028642753329130046 0.022937994121523773 0.029695939006666606 0.02331540470792675 0.023324290451722872 0.022572545641729329 -0.039504963697677802 -0.043746505984176162 -0.044768549222171661 -0.032681282980247806 0.022918829024855508 -0.044494760776236486 -0.075305478442368221 0.019673401429636906 0.020258018832989461 -0.047495019880679175 -0.015597939286121952 -0.04719344538757788 0.022402278685187779 0.0019408230984456188
leaf_weight=198.16846288676606 5391.7718390533701 908.08703766576946 1137.3538321945816 45.054811078472994 135.10550543275895 247.39472137042321 37.190221955068409 647.71043841540813 1489.964475181303 637.68968682363629 380.60031769704074 67.746447751298547 24.442854416382033 595.87461447389796 81.35731336439494 233.28419760533143 241.66787480271887 80.334645601920784 131.51680383621715 97.115606139181182 146.87993187352549 88.401078077615239 35.453559283167124 41.196982271969318 49.076169955544174 140.63202430610545 72.547648285748437 63.523372136405669 250.37282169610262 1338.9516338129761
leaf_count=8654 5774 1777 233 820 4080 6751 521 425 11447 11114 1194 388 318 1353 871 1811 6147 1015 4053 736 592 1602 204 26 55 3069 350 2997 166 7855
internal_value=0.0108688 0.00578537 0.0173546 0.00402902 0.00260395 -0.00913776 0.00470161 0.00514361 0.00329453 0.0044485 0.000368957 -0.0203722 -0.0258089 0.0193022 -0.0102388 0.00675612 -0.00282146 -0.00616122 -0.00236766 -0.000728173 -0.0177305 -0.00249129 0.0147816 -0.0246617 -0.0230388 -0.0359553 0.0215412 -0.0118399 0.00297811 -0.000421647
internal_weight=15036.5 8430.69 6605.78 7522.6 6881.67 1042.56 5839.11 5801.92 5154.21 4956.04 3466.08 610.65 542.903 640.929 295.508 431.913 3012.93 2375.24 2133.57 2053.24 366.798 235.281 5468.42 76.6505 214.151 165.075 453.148 198.629 1686.44 1436.07
internal_count=86398 80161 6237 78384 76211 20340 55871 55350 54925 46271 34824 11452 11064 2173 4313 8888 33280 22166 16019 15004 6247 2194 6004 230 3442 3387 1544 7077 8757 8591
is_linear=0
shrinkage=0.03


Tree=88
num_leaves=31
num_cat=0
split_feature=56 71 67 35 56 56 57 55 63 55 65 63 65 65 55 55 14 57 65 43 39 65 60 57 9 55 65 56 55 55
split_gain=399.854 265.309 164.338 167.415 135.756 131.506 123.299 207.855 116.121 171.35 201.591 110.262 97.1215 216.679 166.503 154.007 100.502 394.405 110.552 153.425 142.289 128.721 366.47 235.472 283.264 176.227 106.224 111.313 95.3657 100.901
threshold=0.048022201973341977 1.0000000180025095e-35 1.0000000180025095e-35 1.0000000180025095e-35 0.047574675621158906 0.0012507313961251478 2.5000000000000004 0.004654583246142454 1.0000000180025095e-35 0.0045156434605919558 194.50000000000003 1.0000000180025095e-35 456.50000000000006 536.50000000000011 0.01115846687889677 0.031781826281211616 1.0000000180025095e-35 1.5000000000000002 422.50000000000006 1.0000000180025095e-35 1.0000000180025095e-35 308.50000000000006 4.5000000000000009 3.5000000000000004 1.0000000180025095e-35 0.0078429521481543762 331.50000000000006 0.0414396605349414 0.0052393313713162363 0.0011415177090412735
decision_type=2 2 2 2 2 2 2 2 2 2 2 2 2 2 2 2 2 2 2 2 2 2 2 2 2 2 2 2 2 2
left_child=1 2 3 4 5 -1 7 11 9 10 -3 -4 16 -14 28 -16 18 -18 19 20 21 22 -7 24 -23 -26 27 -25 29 -15
right_child=-2 8 6 -5 -6 12 -8 -9 -10 -11 -12 -13 13 14 15 -17 17 -19 -20 -21 -22 23 -24 26 25 -27 -28 -29 -30 -31
leaf_value=-0.031613518541768582 0.021628763822262507 0.0058593390366492902 -0.040824096937661654 -0.047998874190889815 -0.11784050379303188 0.0090168153030922328 0.026077879372774466 0.014285717496257622 0.026887071216864306 0.016896435916485812 -0.079859111189304582 0.023212562736313374 -0.037528039325206576 0.026259356709871794 -0.046677010440613828 0.0067812799677301906 -0.041601056683509122 0.02529050482204364 0.02431553087285003 -0.054138665926849384 -0.051189083741593214 -0.043112192012627712 -0.078665185021551495 -0.055282438290458244 -0.03957622841708594 0.012966443254351296 0.020545672552486533 0.018797465960762198 0.018752169705421377 -0.03839549630916729
leaf_weight=80.239164270227775 3139.1994692664593 73.068340068683028 99.806556698633358 50.503215209580958 6.9283283725380889 5295.4165012062876 666.54366183199454 1115.938277042238 1008.3632706142962 801.3075220938772 36.202001351863146 31.118294660001993 135.41518563707359 33.363875031354837 95.89057179260999 96.671925219707191 88.340831100824289 712.76785522478167 302.64824631635565 37.235981830279343 37.732629171805456 216.60939124180004 42.259728089673445 36.698897919151932 73.253017973154783 252.88256037374958 337.27647531125695 34.653491593897343 420.53122870763764 58.448400409542955
leaf_count=6092 1700 154 1489 1240 44 37451 1133 3216 308 871 206 16 3010 430 872 198 5749 5659 1344 570 661 4727 247 348 1963 760 927 22 2670 2238
internal_value=0.0120745 0.00963017 0.00773076 0.00593095 0.00626106 0.00637759 0.0156678 0.0100864 0.0198746 0.0120881 -0.0230064 -0.0255432 0.00674827 -0.00291823 0.00377419 -0.019943 0.00783625 0.0178715 0.00662785 0.00578301 0.00614417 0.00649624 0.00830801 -0.00366672 -0.016604 0.00107998 0.0135152 -0.0195417 0.0127097 -0.0148706
internal_weight=15417.3 12278.1 10359.2 8445.77 8395.26 8388.34 1913.41 1246.86 1918.94 910.578 109.27 130.925 8308.1 840.321 704.906 192.562 7467.78 801.109 6666.67 6364.02 6326.78 6289.05 5337.68 951.374 542.745 326.136 408.629 71.3524 512.344 91.8123
internal_count=86315 84615 83076 77222 75982 75938 5854 4721 1539 1231 360 1505 69846 9418 6408 1070 60428 11408 49020 47676 47106 46445 37698 8747 7450 2723 1297 370 5338 2668
is_linear=0
shrinkage=0.03


Tree=89
num_leaves=31
num_cat=0
split_feature=71 56 27 54 56 56 65 60 56 31 57 56 55 55 55 65 57 66 15 58 65 57 55 55 65 65 20 56 55 65
split_gain=406.859 276.034 167.989 150.923 192.095 166.167 200.371 151.143 148.276 137.427 183.738 156.771 138.868 279.816 136.639 139.596 200.798 165.207 172.648 134.175 128.981 197.677 144.964 119.174 162.778 153.236 150.666 124.095 123.717 144.952
threshold=1.0000000180025095e-35 0.02161452528237261 1.0000000180025095e-35 1.0000000180025095e-35 0.015672130700583192 0.0035371064566473123 99.500000000000014 2.5000000000000004 0.011338004811851243 1.0000000180025095e-35 2.5000000000000004 0.0025456504647815609 0.0061930759426517485 0.0072480298081758826 0.0073991022256974679 373.50000000000006 4.5000000000000009 1.0000000180025095e-35 1.0000000180025095e-35 1.0000000180025095e-35 288.50000000000006 6.5000000000000009 0.0042056916755157572 0.0066168109075340131 102.50000000000001 251.50000000000003 1.0000000180025095e-35 0.0083061737185340812 0.0066746296630805562 199.50000000000003
decision_type=2 2 2 2 2 2 2 2 2 2 2 2 2 2 2 2 2 2 2 2 2 2 2 2 2 2 2 2 2 2
left_child=1 2 3 4 7 -5 -7 8 9 10 12 -12 -1 -14 15 16 17 18 -2 -3 -13 22 -22 24 -8 -26 27 -25 -28 -30
right_child=14 19 -4 5 -6 6 23 -9 -10 -11 11 20 13 -15 -16 -17 -18 -19 -20 -21 21 -23 -24 26 25 -27 28 -29 29 -31
leaf_value=0.0088214026384871424 -0.0081534296097488679 0.011038415306646652 -0.037914071838311358 -0.023627375717765371 -0.054784390856447228 -0.044623482640555254 0.053073148907011869 -0.029884005467919712 0.03268843953439339 0.02352150240723418 -0.045496558056957494 0.020727948958263982 -0.040895686131065694 -0.00022648948334794806 0.027473577095769898 0.025489673518653101 0.021561521164236083 0.0097033223417784236 -0.076471357978768847 0.022637292729119868 0.012358546069049015 0.026774852343336503 -0.025481841002711936 0.0055503886145822278 -0.041401729829965032 -0.0021916629147991462 0.080662418191012539 -0.037079752703008055 0.041051921608316139 0.0020588310817871275
leaf_weight=1196.4547607728164 72.236596239730716 4077.4696675566956 81.941896738484502 280.24707797559677 43.07598730828613 79.498978619114496 35.02556774020195 91.581635844428092 222.78277334896848 448.89936184178805 38.547364963684231 1158.4764109529788 170.8604989941814 1335.1023877179832 1487.1613119952381 401.13602821156383 228.77915039658546 109.86338162049651 61.181290950626135 1152.145488913171 155.79923274216708 207.7699047671631 216.88095333246747 532.92704284191132 123.97990830312483 318.24408628186211 31.706885680439882 68.449623300228268 154.01885891589336 192.4063639290398
leaf_count=22399 287 5052 2983 8661 296 1136 52 706 297 1483 1278 3816 5275 9261 444 244 129 156 351 807 1249 459 2733 3150 5085 5888 41 380 683 1730
internal_value=0.0105268 0.00835475 0.00453718 0.0050322 0.00759531 -0.00242684 0.00145346 0.00811815 0.0087994 0.0077132 0.00612426 0.0136127 0.00119562 -0.00486473 0.0219422 0.0125009 0.00143304 -0.0175064 -0.0398177 0.0135976 0.0149484 0.00339769 -0.0096719 0.00399688 -0.00828452 -0.013253 0.00998314 0.000644659 0.0247941 0.0194632
internal_weight=14774.7 12414.3 7184.68 7102.74 5286.23 1816.5 1536.26 5243.16 5151.57 4928.79 4479.89 1777.47 2702.42 1505.96 2360.36 873.196 472.06 243.281 133.418 5229.62 1738.93 580.45 372.68 1456.76 477.25 442.224 979.509 601.377 378.132 346.425
internal_count=86511 84900 79041 76058 49252 26806 18145 48956 48250 47953 46470 9535 36935 14536 1611 1167 923 794 638 5859 8257 4441 3982 17009 11025 10973 5984 3530 2454 2413
is_linear=0
shrinkage=0.03


Tree=90
num_leaves=31
num_cat=0
split_feature=71 62 59 58 29 30 24 65 55 14 55 55 58 35 34 53 48 6 59 60 65 60 60 55 22 65 65 59 55 60
split_gain=333.714 167.498 219.451 180.08 163.133 133.362 125.477 156.966 148.01 140.026 180.737 335.135 239.928 205.41 153.295 139.637 144.495 127.443 149.524 120.866 96.6173 174.197 212.538 152.661 118.951 100.635 105.683 93.9527 112.516 125.914
threshold=1.0000000180025095e-35 1.0000000180025095e-35 1.0000000180025095e-35 2.5000000000000004 1.0000000180025095e-35 1.0000000180025095e-35 1.0000000180025095e-35 176.50000000000003 0.022816273384930998 1.0000000180025095e-35 0.02035367420542971 0.016299180440167958 1.5000000000000002 1.0000000180025095e-35 1.0000000180025095e-35 1.0000000180025095e-35 1.0000000180025095e-35 1.0000000180025095e-35 1.0000000180025095e-35 2.5000000000000004 261.50000000000006 2.5000000000000004 3.5000000000000004 0.021765767382888639 1.0000000180025095e-35 580.50000000000011 738.50000000000011 1.5000000000000002 0.025300402343066578 1.0000000180025095e-35
decision_type=2 2 2 2 2 2 2 2 2 2 2 2 2 2 2 2 2 2 2 2 2 2 2 2 2 2 2 2 2 2
left_child=4 -2 3 5 6 -3 9 -8 -9 10 11 14 -13 17 15 16 19 18 -12 -1 21 23 -23 -19 -24 -22 -27 28 -25 -30
right_child=1 2 -4 -5 -6 -7 7 8 -10 -11 13 12 -14 -15 -16 -17 -18 20 -20 -21 25 22 24 27 -26 26 -28 -29 29 -31
leaf_value=0.0048607641168878363 0.025488434799770192 -0.055794204598323328 0.022421188882114779 0.017766712090700524 -0.042167556389009049 0.018111508554926693 -0.058114346907774735 -0.037471190601580696 0.012458155048784982 0.019594076277913645 -0.070467396553967054 -0.058715089116196113 0.022849728769915513 -0.070256703189696013 -0.042811862354460405 0.03379779195874006 0.026309618940317293 -0.064930616300222482 0.0005447313418994931 -0.046228762191803066 0.020042803878610058 -0.086722422788676826 -0.013813628762799639 0.029077266486458014 0.047757340324155087 -0.069551082311234705 0.0059360624533771507 0.031871022187519478 -0.019788414645987566 0.010775890952029837
leaf_weight=5269.2722251225496 1737.6955508198589 99.969050370156765 292.12261103652418 78.170167326927185 55.927436089841649 27.559243306517601 49.786149934399873 71.517439588031266 202.05814344831742 1070.607080183865 29.258352997945622 122.01806499739178 43.474838156253099 25.963452263269573 56.607891832769383 161.45719422772527 286.12996571150143 21.777581502683461 225.93066566274501 41.015720962081105 2039.0322014210979 30.938166558742523 163.62694764696062 279.84291411889717 33.090701788663864 21.003512100432999 68.59790500998497 218.82801368832588 128.93456327251624 1844.9656732736621
leaf_count=54061 679 616 205 54 2542 25 4324 6811 395 4033 267 982 22 199 1220 430 537 142 499 747 2274 185 329 271 2 182 127 58 880 3196
internal_value=0.0104168 0.0210949 0.00573856 -0.0179471 0.00851498 -0.0398063 0.00874499 -0.00967743 -0.000683182 0.00923474 0.00823496 0.00468939 -0.0372795 0.0123648 0.00589012 0.00637628 0.00557927 0.0127986 -0.00784035 0.00445753 0.0138858 0.0101352 -0.0149385 0.0124287 -0.00326736 0.0186749 -0.0123313 0.0131361 0.0113037 0.00877043
internal_weight=14797.2 2235.52 497.821 205.698 12561.7 127.528 12505.7 323.362 273.576 12182.4 11111.8 5979.98 165.493 5131.79 5814.48 5757.88 5596.42 5105.83 255.189 5310.29 4850.64 2722 227.656 2494.35 196.718 2128.63 89.6014 2472.57 2253.74 1973.9
internal_count=86294 1579 900 695 84715 641 82173 11530 7206 70643 66610 57999 1004 8611 56995 55775 55345 8412 766 54808 7646 5063 516 4547 331 2583 309 4405 4347 4076
is_linear=0
shrinkage=0.03


Tree=91
num_leaves=31
num_cat=0
split_feature=56 63 58 7 0 20 55 62 55 56 56 55 65 65 54 55 56 6 33 60 0 55 67 65 55 58 65 63 67 48
split_gain=522.762 276.682 230.015 184.263 180.241 307.37 232.469 200.003 170.718 147.12 141.635 215.702 200.33 150.991 133.076 173.916 131.973 167.055 128.394 120.297 119.597 116.826 151.552 296.441 114.319 163.357 113.161 114.767 112.453 106.269
threshold=0.0074326147304572326 1.0000000180025095e-35 1.5000000000000002 1.0000000180025095e-35 9.7000000000000011 1.0000000180025095e-35 0.031824896673176999 1.0000000180025095e-35 0.0029021728080734686 0.0025014244426696769 0.0069318971412261092 0.021765767382888639 192.50000000000003 194.50000000000003 1.0000000180025095e-35 0.01115846687889677 0.048022201973341977 1.0000000180025095e-35 1.0000000180025095e-35 5.5000000000000009 7.6500000000000012 0.0047066900193518816 1.0000000180025095e-35 552.50000000000011 0.057612852812660494 1.0000000180025095e-35 589.50000000000011 1.0000000180025095e-35 1.0000000180025095e-35 1.0000000180025095e-35
decision_type=2 2 2 2 2 2 2 2 2 2 2 2 2 2 2 2 2 2 2 2 2 2 2 2 2 2 2 2 2 2
left_child=2 16 3 4 5 6 10 9 -7 -6 12 -12 -1 -14 15 -15 17 -2 21 -16 -10 -19 23 -23 25 29 27 -9 -5 -11
right_child=1 -3 -4 28 7 8 -8 26 20 24 11 -13 13 14 19 -17 -18 18 -20 -21 -22 22 -24 -25 -26 -27 -28 -29 -30 -31
leaf_value=-0.025071924312156778 -0.030538274740043787 0.028435768277526842 0.015962962443537058 0.022767357432893046 -0.044503817070162731 -0.025266241945079117 -0.05226681943280017 -0.031493857211238062 0.015446392300313914 -0.0051571399538069083 -0.036495178370040897 0.014466543842535328 0.042319331016143776 0.0070429488369069823 -0.027348454363857262 -0.029467722571274294 0.018946402379454327 0.033661930581656258 0.041094006843123955 0.036395825944997205 -0.043176955350659775 0.0074817688879365921 0.02478728498492094 -0.053263499777588062 0.031097067059502943 0.020222786102729585 0.021388104734646248 0.014410920618756654 -0.047395285959231294 0.025585311016293168
leaf_weight=331.17897397489287 89.162476844154298 1350.4224265064113 1370.0771465980215 478.73587552079698 39.696546288731042 112.65086061769398 108.47869619983248 219.48157123778947 963.97552855854155 610.52269845176488 297.00065416295547 99.163245796691626 73.444513305206783 1034.7807329972857 241.78096161334543 131.44157037045807 2340.8969378899783 173.51668190117925 120.89645852707326 29.058489061426371 31.427659802604467 2724.7307731532492 440.61639731004834 73.282954083755612 270.53258099593222 697.07055680081248 68.71507985657081 62.384580872952938 20.566129313549027 120.26640930399299
leaf_count=9576 378 369 3394 3135 865 7721 888 3951 13721 3488 8810 159 177 12606 5358 1001 1549 344 49 14 439 5008 422 571 76 1574 182 72 304 134
internal_value=0.010485 0.0161751 0.00486948 0.00235186 0.000777936 -0.00342838 -0.00957688 0.00773293 0.00958811 0.011902 -0.00748509 -0.0237347 -0.00397865 0.000659581 -0.00149749 0.00290622 0.0133942 0.0098017 0.0108281 -0.0204006 0.013554 0.00974402 0.00845257 0.00587232 0.0132458 0.00984412 -0.0129111 -0.0213189 0.0197884 -6.9787e-05
internal_weight=14726 7313.53 7412.43 6042.35 5543.05 3454.38 2346.33 2088.67 1108.05 1738.09 2237.85 396.164 1841.69 1510.51 1437.06 1166.22 5963.1 3622.21 3533.04 270.839 995.403 3412.15 3238.63 2798.01 1698.39 1427.86 350.581 281.866 499.302 730.789
internal_count=86335 8690 77645 74251 70812 60470 38589 10342 21881 6137 37701 8969 28732 19156 18979 13607 8321 6772 6394 5372 14160 6345 6001 5579 5272 5196 4205 4023 3439 3622
is_linear=0
shrinkage=0.03


Tree=92
num_leaves=31
num_cat=0
split_feature=56 71 62 59 30 56 0 67 65 65 72 65 65 55 57 65 28 56 48 55 55 72 57 58 56 0 65 56 65 37
split_gain=511.964 184.67 162.752 331.995 168.582 158.526 196.814 184.087 214.117 314.832 234.727 213.489 267.707 193.289 168.653 160.742 154.613 142.334 191.339 224.954 221.404 205.848 186.551 251.071 216.483 185.722 270.614 179.498 162.711 160.144
threshold=0.048022201973341977 1.0000000180025095e-35 1.0000000180025095e-35 1.0000000180025095e-35 1.0000000180025095e-35 0.0070793993871210567 8.0500000000000025 1.0000000180025095e-35 267.50000000000006 211.50000000000003 1.0000000180025095e-35 286.50000000000006 366.50000000000006 0.0073991022256974679 4.5000000000000009 764.50000000000011 1.0000000180025095e-35 0.0039470903806293018 1.0000000180025095e-35 0.0022939534990536327 0.048763003506173415 1.0000000180025095e-35 3.5000000000000004 1.0000000180025095e-35 0.0057950219280482303 7.5500000000000007 201.50000000000003 0.006585252190963899 215.50000000000003 1.0000000180025095e-35
decision_type=2 2 2 2 2 2 2 2 2 2 2 2 2 2 2 2 2 2 2 2 2 2 2 2 2 2 2 2 2 2
left_child=1 5 -3 4 -4 16 7 8 9 -7 -11 -10 14 -9 -13 -14 17 -1 19 -19 21 22 24 -24 -21 26 -26 -25 -23 -27
right_child=-2 2 3 -5 -6 6 -8 13 11 10 -12 12 15 -15 -16 -17 -18 18 -20 20 -22 28 23 27 25 29 -28 -29 -30 -31
leaf_value=0.0085568414982319738 0.021126484778747633 0.022588827745460675 -0.052737799529435844 0.020507707086793864 0.021758515084102596 -0.0027536466196200473 0.014334697680283948 -0.030939415846205687 0.028242405403301266 -0.062754654089771433 0.024467404589872056 -0.05843131431616045 0.014695206489813942 0.030131265892837687 -0.00066804262760206145 -0.04394474793649622 -0.040836488198587532 0.016988441330002463 0.026639000225042387 -0.041697873429019122 0.015697052275340791 -0.059720377093680652 -0.041870700306822689 0.016977446982544921 0.027203124894961954 -0.031510440980093382 -0.035965398330677946 -0.058449542305364484 0.0261664858867122 0.026425795324713848
leaf_weight=1938.659266353352 3025.3436120357364 1160.5656287148595 113.62552410364151 272.00205066613853 35.282281063497066 752.58353659778368 3025.0215773642994 53.337128988932818 332.09982606384438 148.43276697257534 33.536334475735202 98.840111902682111 499.74180108367 334.75955436937511 83.613243975210935 44.963235926348716 74.678276741644368 371.83584919606801 191.28427838347852 365.08842378191184 294.38403261080384 21.42750928667374 102.46483696578071 347.78497094882187 182.09262157115154 395.80602124077268 90.581015960604418 29.936596871353686 174.71029574447311 47.388302777893841
leaf_count=25581 1698 588 673 205 25 5638 6744 565 682 2146 26 1523 2392 367 190 607 1932 6924 311 10113 370 213 2059 1105 3279 5178 4662 397 183 147
internal_value=0.0101356 0.00727165 0.0167974 0.000812962 -0.0350592 0.00576892 0.00925696 0.00280493 -0.00087818 -0.0113384 -0.046634 0.00835258 -0.0007576 0.0216802 -0.032108 0.00978305 0.0016928 0.00239911 -0.00216789 -0.00445164 -0.00834374 -0.0123777 -0.0160177 -0.000454911 -0.0229242 -0.0133049 0.00616407 0.0108609 0.0165282 -0.0252701
internal_weight=14641.9 11616.5 1581.48 420.91 148.908 10035.1 5406.93 2381.91 1993.81 934.553 181.969 1059.26 727.158 388.097 182.453 544.705 4628.12 4553.44 2614.78 2423.5 2051.66 1757.28 1561.14 480.186 1080.96 715.868 272.674 377.722 196.138 443.194
internal_count=86523 84825 1491 903 698 83334 20880 14136 13204 7810 2172 5394 4712 932 1713 2999 62454 60522 34941 34630 27706 27336 26940 3561 23379 13266 7941 1502 396 5325
is_linear=0
shrinkage=0.03


Tree=93
num_leaves=31
num_cat=0
split_feature=56 0 55 0 56 29 71 65 65 59 62 39 24 63 36 56 57 55 65 65 12 56 54 56 56 65 56 65 67 28
split_gain=445.497 277.153 182.086 177.556 137.881 127.466 121.638 127.278 492.965 125.966 217.732 125.265 121.481 116.855 131.543 122.719 113.761 142.407 207.824 184.872 207.17 176.081 173.399 155.961 143.044 131.031 119.929 115.946 108.839 107.55
threshold=0.047574675621158906 9.5000000000000018 0.077177660430596665 9.0500000000000025 0.0012507313961251478 1.0000000180025095e-35 1.0000000180025095e-35 201.50000000000003 229.50000000000003 1.0000000180025095e-35 1.0000000180025095e-35 1.0000000180025095e-35 1.0000000180025095e-35 1.0000000180025095e-35 1.0000000180025095e-35 0.0022730135126592869 2.5000000000000004 0.011945845925157792 448.50000000000006 341.50000000000006 1.0000000180025095e-35 0.0049775421792727509 1.0000000180025095e-35 0.026231540054596634 0.0016370956852815514 738.50000000000011 0.0093449173492394354 764.50000000000011 1.0000000180025095e-35 1.0000000180025095e-35
decision_type=2 2 2 2 2 2 2 2 2 2 2 2 2 2 2 2 2 2 2 2 2 2 2 2 2 2 2 2 2 2
left_child=1 2 3 4 -1 6 7 28 11 10 -8 -9 -2 14 15 -3 17 19 23 20 24 -22 29 -19 -10 -24 -23 -27 -6 -21
right_child=12 13 -4 -5 5 -7 9 8 16 -11 -12 -13 -14 -15 -16 -17 -18 18 -20 22 21 26 25 -25 -26 27 -28 -29 -30 -31
leaf_value=-0.033749470505017913 0.020769357721434262 -0.041595139112787449 -0.071794343271817329 -0.037790121934838772 0.0098660090573407157 -0.041095255417780939 0.015191145609710533 -0.044782627411075797 0.035396478819681124 0.026031774027560399 -0.034145379801459014 0.025788661617807331 -0.019984277699875881 0.022354527436902159 -0.049132127816392097 0.011911082905661695 0.0091664292837025686 -0.018626494416232278 -0.044833425095364067 0.021426229125847702 -0.035666305369396425 0.034665036925547128 -0.037242700240989503 0.014257815528881489 -0.032602410677502074 0.042809133601354812 -0.051907150269914909 -0.012586825557136411 -0.046310621291259832 -0.04210553048136019
leaf_weight=83.348900776356459 2917.9945125319064 38.233178628259338 27.713448276743293 89.876888721075375 2396.4952537007048 53.024925243749749 353.50812772475183 248.31840182957239 30.05920338712167 477.51744970493019 103.17096402496099 24.255405167583376 66.596469193696976 1013.2059069722891 32.113038844661787 2475.2090696033556 1656.9235633676872 291.55906773754396 142.20284471311606 687.68172324460465 52.497065793955699 154.45195761974901 95.716623867978342 232.36962934955955 282.01451445335988 52.819397675571963 14.987330268602816 91.509754118509591 30.473875400144607 23.944645415991545
leaf_count=5984 1662 964 145 1068 21271 2501 283 5222 87 241 519 62 133 568 461 9765 9308 1617 1386 5745 1917 2312 3147 274 7460 91 113 1042 534 375
internal_value=0.00955063 0.00681702 0.00361498 0.00389683 0.00439611 0.00482473 0.00515737 0.00370297 0.000467265 0.015275 0.003995 -0.0384314 0.0198536 0.013739 0.0103024 0.011081 0.00326042 -0.00128942 -0.0128045 0.0038787 -0.0102367 0.0118906 0.0118017 -0.00404247 -0.0259606 -0.0102156 0.0267479 0.00784122 0.00914185 0.0192324
internal_weight=14239.8 11255.2 7696.44 7668.73 7578.85 7495.5 7442.48 6508.28 4081.31 934.197 456.679 272.574 2984.59 3558.76 2545.56 2513.44 3808.74 2151.81 666.132 1485.68 534.01 221.936 951.672 523.929 312.074 240.046 169.439 144.329 2426.97 711.626
internal_count=86257 84462 72704 72559 71491 65507 63006 61963 40158 1043 802 5284 1795 11758 11190 10729 34874 25566 3277 22289 11889 4342 10400 1891 7547 4280 2425 1133 21805 6120
is_linear=0
shrinkage=0.03


Tree=94
num_leaves=31
num_cat=0
split_feature=56 57 62 56 56 63 55 58 13 4 0 72 54 24 55 53 0 0 56 60 55 55 56 0 0 55 18 21 57 54
split_gain=488.805 228.884 262.182 267.532 196.889 190.617 161.632 161.151 243.778 317.382 140.294 206.421 188.053 149.421 135.84 133.452 132.639 131.94 124.582 125.324 123.014 119.21 178.683 118.46 116.242 99.1461 97.4302 197.9 148.584 116.58
threshold=0.033474976598428303 3.5000000000000004 1.0000000180025095e-35 0.0048172015739119875 0.0045541502434662514 1.0000000180025095e-35 0.0042056916755157572 1.0000000180025095e-35 1.0000000180025095e-35 1.0000000180025095e-35 7.4500000000000011 1.0000000180025095e-35 1.0000000180025095e-35 1.0000000180025095e-35 0.0036999751382169113 1.0000000180025095e-35 6.6500000000000012 5.2500000000000009 0.002155962769067302 2.5000000000000004 0.0072480298081758826 0.030810663257538635 0.0016370956852815514 3.3500000000000001 6.9500000000000011 0.032909008647517501 1.0000000180025095e-35 1.0000000180025095e-35 1.5000000000000002 1.0000000180025095e-35
decision_type=2 2 2 2 2 2 2 2 2 2 2 2 2 2 2 2 2 2 2 2 2 2 2 2 2 2 2 2 2 2
left_child=1 2 10 4 -4 -2 14 8 -3 15 11 12 13 16 -5 20 17 -1 -12 26 -10 22 -18 -14 -11 -19 28 -28 29 -20
right_child=5 7 3 6 -6 -7 -8 -9 9 24 18 -13 23 -15 -16 -17 21 25 19 -21 -22 -23 -24 -25 -26 -27 27 -29 -30 -31
leaf_value=-0.035961224278707689 0.013876586889921761 0.028380748514488009 -0.014173111292129619 -0.039311782059046896 0.035962533116092349 0.029385678282142585 -0.038982166351485492 0.017651949933422752 -0.042944644509472302 -0.047494817459388244 -0.012460041983986677 0.039712737299236141 0.022783245529863248 -0.038948571633804274 0.034022069168267929 0.037007765255653496 0.027060617192590335 0.020163632344473287 -0.018628397464797289 -0.066563573274810217 -0.011686969889855122 0.020628993676121022 -0.043484093771352469 -0.035056427378268126 0.027085657745774885 -0.049050743644718273 -0.045028551597608053 0.0068054751599682679 0.030365592888785559 0.016503109103728864
leaf_weight=45.405751776183024 3358.3555120844394 255.20461938896915 161.28477275162004 36.356405270809773 123.71453626622679 906.45483500882983 348.23597480083117 1782.0705851349048 171.92779865366174 19.445374715665821 298.24012655991828 85.032781050773337 35.355914601997938 82.693068377557211 57.109113892773166 35.582586573902518 41.329152620630339 430.28914228262147 131.8452429685276 19.470999225974083 332.05616528587416 62.564447789220139 138.26101872080471 273.84637267299695 247.53617361036595 18.534322068560869 66.49586666515097 3755.5876367974561 395.57064744527452 235.18310915259644
leaf_count=2513 3041 822 5814 1412 610 195 9160 4049 3116 642 5069 166 484 7182 258 45 161 5263 1500 149 1313 100 2338 9539 610 137 1104 16329 1699 1438
internal_value=0.00871732 0.00499026 0.00201655 -0.0150069 0.00763978 0.017179 -0.0296035 0.012142 0.00288599 -0.00520611 0.00404149 -0.00508889 -0.00849754 -0.000962429 0.00538234 -0.0184342 0.0033503 0.0122557 0.00630178 0.00751955 -0.0224141 -0.0148009 -0.0271897 -0.0283906 0.0214967 0.0172027 0.00784862 0.00589213 0.0176338 0.00386672
internal_weight=13951 9686.23 6842.41 726.701 284.999 4264.81 441.701 2843.82 1061.75 806.548 6115.71 1213.31 1128.28 819.077 93.4655 539.567 736.384 494.229 4902.39 4604.15 503.984 242.155 179.59 309.202 266.982 448.823 4584.68 3822.08 762.599 367.028
internal_count=86258 83022 72425 17254 6424 3236 10830 10597 6548 5726 55171 27883 27717 17694 1670 4474 10512 7913 27288 22219 4429 2599 2499 10023 1252 5400 22070 17433 4637 2938
is_linear=0
shrinkage=0.03


Tree=95
num_leaves=31
num_cat=0
split_feature=56 58 55 0 55 3 55 56 60 55 14 23 49 56 32 4 54 56 67 72 0 45 56 56 63 56 55 63 58 56
split_gain=448.432 237.828 152.178 204.85 184.918 224.632 138.144 145.481 129.139 172.481 138.999 202.636 125.575 122.74 115.115 160.096 121.699 143.871 137.91 109.414 103.502 93.8688 93.8592 128.596 96.0003 168.955 87.2461 83.7591 81.9843 115.831
threshold=0.048022201973341977 1.5000000000000002 0.0033897661317019196 7.7500000000000009 0.0042056916755157572 1.0000000180025095e-35 0.0016370956852815514 0.0029614265517496591 1.0000000180025095e-35 0.005786946757218134 1.0000000180025095e-35 1.0000000180025095e-35 1.0000000180025095e-35 0.0031429205094269147 1.0000000180025095e-35 1.0000000180025095e-35 1.0000000180025095e-35 0.029978885211646739 1.0000000180025095e-35 1.0000000180025095e-35 6.0500000000000007 1.0000000180025095e-35 0.00078054427200581185 0.0014373729723480054 1.0000000180025095e-35 0.047574675621158906 0.0021628711448338938 1.0000000180025095e-35 1.0000000180025095e-35 0.0032947109962983868
decision_type=2 2 2 2 2 2 2 2 2 2 2 2 2 2 2 2 2 2 2 2 2 2 2 2 2 2 2 2 2 2
left_child=1 2 3 21 -4 8 13 26 9 12 11 14 -6 -5 15 16 17 18 -11 22 -3 -1 -10 -24 25 -25 -8 -18 -15 -30
right_child=-2 20 4 6 5 -7 7 -9 19 10 -12 -13 -14 28 -16 -17 27 -19 -20 -21 -22 -23 23 24 -26 -27 -28 -29 29 -31
leaf_value=-0.038549994236903848 0.020444579498515712 -0.045582826074387281 0.022621361242222006 -0.037879005880493685 -0.040964691871161842 -0.047098943781838383 -0.040487338932587685 -0.033130124056096631 -0.032303729742104749 -0.035232401093666675 0.021525450511281793 -0.036674931248667331 0.032123435230138442 0.027301217746219974 0.021730672403188676 -0.049670278604689699 0.020698112753301984 0.020378601918172701 0.0042860625625693403 0.026992738718455686 0.018362556795039356 0.025871182147247623 0.039116553796902091 0.005846174060289042 0.01914736613622272 -0.10771869366888438 0.021343291526284433 -0.065750604741597246 0.033032485120096322 -0.043643246887728311
leaf_weight=192.71044709259877 2930.0526403896511 22.164679252193309 606.58008857409004 36.114899262029212 144.81228452554205 71.524943038297351 24.425740431761369 156.73879382642917 53.34656279993942 191.95002501085401 255.13517834956292 139.40622924949275 23.984157855156809 263.68735066638328 205.92820979701355 61.108930077520199 242.71852837025654 111.40507321059704 134.80574261001311 254.47011151630431 1714.3219929340994 22.051264242269099 111.36202261317521 5724.9355114271166 513.24084467999637 10.817088797688482 106.51663918641862 9.5651717260479909 31.342272829264402 38.32032509194687
leaf_count=15880 1691 871 4613 2122 6537 1005 640 3018 2377 4497 4598 3695 53 2356 434 1788 2020 97 316 198 2651 182 448 22441 433 65 647 48 12 723
internal_value=0.00997107 0.00729531 0.00547051 -0.00648299 0.0066465 0.00547085 0.00184172 -0.0137195 0.0059357 -0.00195183 0.00162617 -0.00301778 -0.0304516 0.0139627 0.00191574 -0.00353527 0.00061391 -0.00893833 -0.0189654 0.00773465 0.0175206 -0.0318461 0.00696648 0.00730088 0.00672773 0.00561326 0.00959008 0.0171738 0.0196757 -0.00916639
internal_weight=14405.5 11475.5 9739 871.908 8867.1 8260.52 657.146 287.681 8188.99 1520.82 1352.02 1096.89 168.796 369.465 957.482 751.553 690.445 438.161 326.756 6668.17 1736.49 214.762 6413.7 6360.36 6248.99 5735.75 130.942 252.284 333.35 69.6626
internal_count=86456 84765 81243 25580 55663 51050 9518 4305 50045 24083 17493 12895 6590 5213 9200 8766 6978 4910 4813 25962 3522 16062 25764 23387 22939 22506 1287 2068 3091 735
is_linear=0
shrinkage=0.03


Tree=96
num_leaves=31
num_cat=0
split_feature=56 71 56 0 58 14 57 59 56 0 56 56 29 57 60 39 72 36 56 0 51 0 59 62 57 55 58 55 15 62
split_gain=438.066 226.841 160.434 143.083 95.4721 102.141 246.935 149.112 175.915 205.189 156.593 101.624 96.2154 90.0428 82.3374 82.2805 104.76 78.6657 136.576 75.4091 75.042 74.2199 72.0782 125.079 150.563 132.534 71.201 70.7765 116.135 100.756
threshold=0.048022201973341977 1.0000000180025095e-35 0.047574675621158906 7.1500000000000012 2.5000000000000004 1.0000000180025095e-35 3.5000000000000004 1.0000000180025095e-35 0.02161452528237261 8.1500000000000004 0.011975709061230659 0.011338004811851243 1.0000000180025095e-35 11.500000000000002 1.0000000180025095e-35 1.0000000180025095e-35 1.0000000180025095e-35 1.0000000180025095e-35 0.024051509200471031 7.1500000000000012 1.0000000180025095e-35 4.2500000000000009 1.0000000180025095e-35 1.0000000180025095e-35 4.5000000000000009 0.0037420077390576084 1.0000000180025095e-35 0.030810663257538635 1.0000000180025095e-35 1.0000000180025095e-35
decision_type=2 2 2 2 2 2 2 2 2 2 2 2 2 2 2 2 2 2 2 2 2 2 2 2 2 2 2 2 2 2
left_child=1 2 4 27 5 12 7 8 -7 -10 11 19 13 15 -2 17 -17 20 -19 -9 21 -1 23 -5 25 -25 -16 28 29 -3
right_child=14 3 -4 22 -6 6 -8 10 9 -11 -12 -13 -14 -15 26 16 -18 18 -20 -21 -22 -23 -24 24 -26 -27 -28 -29 -30 -31
leaf_value=-0.03915703181055237 -0.01097178050335927 0.0093910718804683102 -0.098792705265171518 0.020203297994407902 0.018548898252165606 -0.038517962165658455 0.0293052979017785 -0.032639675513731869 -0.051535258816023839 0.024871029411964 -0.05641217486255768 0.057757455181128625 -0.039737317664219833 -0.027748507429780064 0.017785135206833776 -0.051805337680011068 0.031482820379248565 -0.048106871711214048 0.025088093630848993 0.021205158753146866 -0.044588805345521898 0.0046247047548323202 0.026953046146337721 0.0073766708491940711 0.021831347980193705 -0.067475051507869616 0.029064357107181388 0.023272305926514952 -0.096408262803272401 -0.050440228653540919
leaf_weight=34.015243096742779 75.783436700701714 80.917750257998705 12.463693238794802 537.59173769131303 435.89372522954363 142.41707193164621 463.28580397076439 27.083316149306484 40.681159633211792 130.33970327675343 22.814469306729734 59.839995950460434 46.001237197488081 82.14516082481714 2025.0649602748454 48.797990832594223 17.925154050812125 64.368938104365952 34.573803469538689 141.56231064221356 27.217913810920436 7769.807407352142 704.58530505746603 36.015358194708824 71.925517827272415 50.438588667660952 675.28183283284307 46.095695465803146 14.627438012510536 35.720073519274592
leaf_count=1576 146 95 70 304 618 10191 1254 2613 258 68 142 4 2436 729 1386 916 7 1156 18 485 585 59864 286 64 36 298 150 24 94 306
internal_value=0.00908519 0.00643536 0.00470187 0.0169735 0.00484669 0.00419218 0.0130972 -0.00022743 -0.0140111 0.00650214 0.0169519 0.0244912 0.00306397 0.00331257 0.0197496 0.00363507 -0.0292955 0.0039158 -0.0225351 0.0124166 0.00425284 0.00442888 0.0201871 0.0133085 -0.0100748 -0.0365652 0.0206155 -0.00837326 -0.019578 -0.00920515
internal_weight=13955.3 11179.2 9601.23 1577.92 9588.77 9152.88 1028.02 564.738 313.438 171.021 251.3 228.486 8124.85 8078.85 2776.13 7996.71 66.7231 7929.98 98.9427 168.646 7831.04 7803.82 1400.56 695.971 158.379 86.4539 2700.35 177.361 131.265 116.638
internal_count=86179 84497 82990 1507 82920 82302 15015 13761 10517 326 3244 3102 67287 64851 1682 64122 923 63199 1174 3098 62025 61440 988 702 398 362 1536 519 495 401
is_linear=0
shrinkage=0.03


Tree=97
num_leaves=31
num_cat=0
split_feature=56 71 65 11 56 6 15 62 65 64 4 14 57 65 20 71 60 65 65 65 0 56 57 56 56 58 59 65 62 56
split_gain=432.105 194.948 123.753 207.421 147.839 265.798 119.498 139.287 107.132 104.135 112.005 96.8724 386.604 112.942 127.534 96.2047 92.4512 185.41 122.837 193.58 115.064 88.845 86.8022 85.2173 93.9611 116.697 78.3459 77.797 149.112 73.7816
threshold=0.047574675621158906 1.0000000180025095e-35 464.50000000000006 1.0000000180025095e-35 0.0064496039836892472 1.0000000180025095e-35 1.0000000180025095e-35 1.0000000180025095e-35 515.50000000000011 1.0000000180025095e-35 1.0000000180025095e-35 1.0000000180025095e-35 1.5000000000000002 404.50000000000006 1.0000000180025095e-35 1.0000000180025095e-35 3.5000000000000004 235.50000000000003 237.50000000000003 269.50000000000006 7.7500000000000009 0.0013997099996706566 4.5000000000000009 0.0014373729723480054 0.001933288950800299 1.5000000000000002 1.0000000180025095e-35 196.50000000000003 1.0000000180025095e-35 0.0064957980922481463
decision_type=2 2 2 2 2 2 2 2 2 2 2 2 2 2 2 2 2 2 2 2 2 2 2 2 2 2 2 2 2 2
left_child=1 2 9 -4 5 -5 7 -3 -6 11 26 13 -13 16 -15 -2 21 -18 -19 -20 -21 -1 27 -23 25 -25 -11 28 -8 -10
right_child=15 6 3 4 8 -7 22 -9 29 10 -12 12 -14 14 -16 -17 17 18 19 20 -22 23 -24 24 -26 -27 -28 -29 -30 -31
leaf_value=-0.031669394635463706 0.016844271656781033 0.0094754995013565848 -0.041807210310744081 0.028110482657449386 -0.029829699488135911 -0.031596096300354815 0.0090917352752357822 -0.053310091875250536 0.041151396382927266 0.016606318030225997 -0.071423406099231923 -0.041381918607196186 0.023692213477643942 0.02215660809392659 -0.040903773526855258 0.030285332885641544 -0.077314803285745498 0.03890091970080653 -0.087657343928395443 -0.070030001114277055 0.005223803365825657 0.049432250546045345 0.027292470716097739 -0.03643503541664031 0.0059746102857438513 0.030360921416834656 -0.063233986120078536 0.017226965082398425 -0.062099742337330816 0.0075900603582473953
leaf_weight=56.676603061903734 2360.1860146075487 111.53048755414784 115.30069715809077 89.818261783919297 63.357300814474002 257.05841549742036 116.46767530590296 43.360888920724392 63.706690195715055 47.666918032802641 30.273171960725449 91.48514378501568 740.59766182809835 524.86217808164656 29.63865402166266 603.65853440202773 33.138294391566887 49.990105328150094 26.236971942707896 19.339887843001634 180.2159686582163 38.937048249179497 658.73263366520405 95.021864759735763 6345.2335490466212 30.343501964118332 13.315863755997269 575.90709149464965 33.20060396194458 674.76651026378386
leaf_count=3981 1682 135 3603 597 732 5052 124 349 83 144 455 6395 6175 2230 958 110 234 12 176 144 279 150 224 3062 45664 67 138 473 206 2939
internal_value=0.00941077 0.00670464 0.00511701 -0.00362905 0.000236084 -0.0160997 0.0166145 -0.00833016 0.00731427 0.00644077 -0.0252635 0.00679398 0.0164964 0.00570529 0.0187184 0.0195912 0.00465317 -0.0113613 -0.00318562 -0.0126339 -0.00238221 0.00540822 0.0194096 0.00573586 0.00546532 -0.0201554 -0.00156609 0.0122252 -0.00700787 0.0105371
internal_weight=14120 11156.2 9616.98 1264.01 1148.71 346.877 1539.2 154.891 801.831 8352.97 91.256 8261.72 832.083 7429.63 554.501 2963.84 6875.13 308.921 275.783 225.793 199.556 6566.21 1384.31 6509.54 6470.6 125.365 60.9828 725.575 149.668 738.473
internal_count=86573 84781 83270 13006 9403 5649 1511 484 3754 70264 737 69527 12570 56957 3188 1792 53769 845 611 599 423 52924 1027 48943 48793 3129 282 803 330 3022
is_linear=0
shrinkage=0.03


Tree=98
num_leaves=31
num_cat=0
split_feature=56 63 28 60 58 65 63 24 25 56 21 65 55 55 3 36 58 23 54 56 60 65 55 55 6 8 56 23 18 54
split_gain=508.196 226.487 177.129 166.536 174.527 166.38 165.262 161.697 166.298 290.373 144.392 136.045 126.362 149.754 160.263 122.762 107.41 105.078 281.422 190.173 160.392 88.1757 88.9901 85.1096 85.0075 163.157 83.8135 83.2914 161.67 159.554
threshold=0.033474976598428303 1.0000000180025095e-35 1.0000000180025095e-35 1.0000000180025095e-35 1.0000000180025095e-35 51.500000000000007 1.0000000180025095e-35 1.0000000180025095e-35 1.0000000180025095e-35 0.012841886520352541 1.0000000180025095e-35 956.50000000000011 0.000661284296626267 0.00070332916830404132 1.0000000180025095e-35 1.0000000180025095e-35 4.5000000000000009 1.0000000180025095e-35 1.0000000180025095e-35 0.10483687077254721 5.5000000000000009 329.50000000000006 0.016299180440167958 0.057612852812660494 1.0000000180025095e-35 1.0000000180025095e-35 0.030758389275860835 1.0000000180025095e-35 1.0000000180025095e-35 1.0000000180025095e-35
decision_type=2 2 2 2 2 2 2 2 2 2 2 2 2 2 2 2 2 2 2 2 2 2 2 2 2 2 2 2 2 2
left_child=1 2 5 10 21 -1 17 8 12 11 16 23 -7 -14 15 26 -3 24 -19 20 -20 22 -5 -10 25 -2 27 -15 -29 -30
right_child=6 3 -4 4 -6 7 -8 -9 9 -11 -12 -13 13 14 -16 -17 -18 18 19 -21 -22 -23 -24 -25 -26 -27 -28 28 29 -31
leaf_value=-0.051202350636385598 0.013658796669666563 -0.062476878646131204 -0.028395320121899274 -0.080397876103464008 0.024092178995544274 -0.03544315627322206 0.028461700157199676 -0.027497135502986426 -0.037671520395486838 0.013826586453946512 0.0057255645752559425 0.029763101571655931 0.041354784677305682 0.0037206232864079145 -0.041737063646423544 -0.033460358312318729 0.026135795208838943 0.014039061964202168 -0.063272721132370771 0.015830850062112961 0.013831136851404279 0.0070432877180984683 -0.0039562289519479397 0.013302406172342667 0.017622168743382259 -0.064622018222619579 -0.029243919470592683 0.016632761032836913 0.0075874171039956306 -0.042706904106517285
leaf_weight=51.537619678420015 83.497042775154114 49.023893258185126 175.78433297591982 25.570783207658678 1038.1922696013935 69.57383562711766 804.90897307544947 158.49012031574966 324.67795462324284 247.29176077991724 656.52096185053233 33.173945885850117 98.979433594155125 4684.6578668202856 66.207449245324824 73.436461424455047 15.701428016647695 622.33454441279173 108.10153850913048 64.63797153532505 30.824457749724388 91.952741309301928 28.535495887044817 31.922427840530872 2356.7813302371651 32.47206798568368 61.5926219150424 1178.3577916994109 162.0808283094666 86.17547232855577
leaf_count=602 67 768 2524 195 608 4594 200 11059 5369 261 922 51 243 33728 1384 1145 12 584 483 44 30 168 74 35 1687 117 202 15792 1612 2008
internal_value=0.00746735 0.00362457 0.00127848 0.0128581 0.0197747 0.00199406 0.0162758 0.00237781 0.00304677 -0.0115673 0.00148958 -0.0276725 0.00448484 0.00492358 0.00434588 0.00484094 -0.0409101 0.0132946 0.00402366 -0.0265143 -0.0461886 -0.010869 -0.0408862 -0.033084 0.0163882 -0.00862539 0.00530194 0.00565484 0.0119993 -0.00997219
internal_weight=13513 9409.44 7503.94 1905.5 1184.25 7328.16 4103.56 7276.62 7118.13 637.066 721.246 389.774 6481.06 6411.49 6312.51 6246.3 64.7253 3298.65 825.899 203.564 138.926 146.059 54.1063 356.6 2472.75 115.969 6172.86 6111.27 1426.61 248.256
internal_count=86568 83356 80609 2747 1045 78085 3212 77483 66424 5716 1702 5455 60708 56114 55871 54487 780 3012 1141 557 513 437 269 5404 1871 184 53342 53140 19412 3620
is_linear=0
shrinkage=0.03


Tree=99
num_leaves=31
num_cat=0
split_feature=56 58 57 24 0 54 8 53 55 56 55 55 56 0 48 56 0 56 56 26 17 56 56 42 72 60 59 55 57 25
split_gain=355.422 254.954 182.11 203.423 143.476 256.388 127.444 136.638 145.542 127.776 123.964 436.762 217.246 149.496 154.901 147.591 122.369 190.914 327.802 121.165 124.297 119.021 129.982 117.109 125.198 170.169 112.202 105.844 102.909 98.5825
threshold=0.048022201973341977 1.0000000180025095e-35 4.5000000000000009 1.0000000180025095e-35 6.9500000000000011 1.0000000180025095e-35 1.0000000180025095e-35 1.0000000180025095e-35 0.048763003506173415 0.044512489803421006 0.0097125389833710302 0.021765767382888639 0.044512489803421006 9.9500000000000011 1.0000000180025095e-35 0.045669345270555904 9.5000000000000018 0.0074326147304572326 0.0059738020574179301 1.0000000180025095e-35 1.0000000180025095e-35 0.040675701023522033 0.0083061737185340812 1.0000000180025095e-35 1.0000000180025095e-35 1.5000000000000002 1.0000000180025095e-35 0.06386747763884322 20.500000000000004 1.0000000180025095e-35
decision_type=2 2 2 2 2 2 2 2 2 2 2 2 2 2 2 2 2 2 2 2 2 2 2 2 2 2 2 2 2 2
left_child=1 4 3 16 5 6 7 8 9 -1 19 12 13 14 28 -13 17 18 26 20 -6 22 -8 24 25 -20 -3 -7 -12 -17
right_child=-2 2 -4 -5 10 27 21 -9 -10 -11 11 15 -14 -15 -16 29 -18 -19 23 -21 -22 -23 -24 -25 -26 -27 -28 -29 -30 -31
leaf_value=-0.039723623216447623 0.01833957494472999 0.015183477879579688 0.020640247489664754 -0.045342587510143161 0.010254299225880628 -0.033351244112740479 -0.0099249157356862544 0.038434837761278581 0.022221538977773382 0.026435912329270755 -0.049705046015438993 0.00725451394325307 0.027934860748057327 0.027688862825071697 0.010476912814141577 -0.071998348046020413 0.01517232100259841 0.019610230378884055 -0.046440430359114993 -0.042956283421108181 -0.024299896150976309 -0.061333367164690469 0.024760050187435625 0.024104788648028015 0.0031717255295594282 0.012215109287500936 -0.027251351832901359 0.022389579371713056 0.019568787940602888 -0.0030995219432074107
leaf_weight=193.31981663906481 2643.9174307417125 519.93531757092569 1411.7570314041805 63.168860804871656 2959.9304658549954 325.70955308421981 135.81800834654132 40.577671176637523 57.936516016721725 29.670054897665977 324.98084827093408 1941.8373571529519 58.393662184476852 32.607354804873466 50.376903789117932 34.410042099654675 1355.5629126894055 423.16976301465183 270.53492903365986 39.705427442444488 95.828353742603213 18.254305757582188 337.33054695464671 41.756714288610965 89.622575287008658 52.807421626988798 61.922427490295377 33.14437996968627 20.004428740590811 39.783671148121357
leaf_count=8907 1716 5065 2557 4951 20165 10337 6270 152 65 18 2207 4414 29 10 88 132 4902 427 6210 1252 3645 92 616 81 189 132 1899 32 18 54
internal_value=0.00845971 0.00609643 0.0118172 0.00748424 0.00246969 -0.00707225 0.0022578 -0.0124048 -0.0198585 -0.030842 0.00446794 -0.000497493 -0.0259845 -0.0333894 -0.038484 0.00566103 0.00868522 0.00265486 -0.00427917 0.0084809 0.00916309 0.0118566 0.0148037 -0.0233363 -0.0281799 -0.0368528 0.0106285 -0.028155 -0.0456432 -0.0355864
internal_weight=13703.8 11059.9 4290.24 2878.48 6769.62 1171.76 812.907 321.504 280.926 222.99 5597.86 2502.39 486.363 427.97 395.362 2016.03 2815.31 1459.75 1036.58 3095.46 3055.76 491.403 473.149 454.722 412.965 323.342 581.858 358.854 344.985 74.1937
internal_count=86632 84916 26413 23856 58503 26489 16120 9142 8990 8925 32014 6952 2352 2323 2313 4600 18905 14003 13576 25062 23810 6978 6886 6612 6531 6342 6964 10369 2225 186
is_linear=0
shrinkage=0.03


Tree=100
num_leaves=31
num_cat=0
split_feature=71 56 63 55 55 6 65 62 57 58 55 57 37 55 55 65 20 65 60 65 8 65 55 20 15 0 55 55 19 16
split_gain=338.207 193.812 210.797 168.101 290.382 168.07 254.377 162.204 198.486 154.451 164.865 142.5 153.549 133.658 125.479 349.688 188.767 100.933 192.664 210.542 157.595 234.699 108.401 101.587 109.097 90.0038 89.3228 88.9912 87.6877 118.019
threshold=1.0000000180025095e-35 0.0074326147304572326 1.0000000180025095e-35 0.0045156434605919558 0.0050196496539913205 1.0000000180025095e-35 251.50000000000003 1.0000000180025095e-35 3.5000000000000004 2.5000000000000004 0.0052393313713162363 7.5000000000000009 1.0000000180025095e-35 0.0062472032940587771 0.0072480298081758826 401.50000000000006 1.0000000180025095e-35 331.50000000000006 4.5000000000000009 290.50000000000006 1.0000000180025095e-35 428.50000000000006 0.028894404390139527 1.0000000180025095e-35 1.0000000180025095e-35 9.8500000000000032 0.034771930691627664 0.0064496039836892472 1.0000000180025095e-35 1.0000000180025095e-35
decision_type=2 2 2 2 2 2 2 2 2 2 2 2 2 2 2 2 2 2 2 2 2 2 2 2 2 2 2 2 2 2
left_child=1 3 5 -1 -5 6 -3 -2 26 11 -11 12 13 -6 15 -15 27 18 -7 22 21 -19 -20 -22 -25 -23 -9 -17 29 -16
right_child=7 2 -4 4 9 17 -8 8 -10 10 -12 -13 -14 14 28 16 -18 20 19 -21 23 25 -24 24 -26 -27 -28 -29 -30 -31
leaf_value=0.010476271722858053 0.024268893351429576 -0.00097389454681017396 0.025788081612490351 -0.04334445682194156 0.011608065758167568 0.0082098568224332012 -0.085312750633093848 -0.036823701234159359 0.017297530317028461 0.025823036640311093 -0.085401808265442788 0.023867889986576032 -0.052016249370248083 -0.03782976060150308 -0.00023314882826011964 0.023724113710369709 0.051212327296063655 0.014483405922643067 -0.11518540556856832 0.0062925620068985432 0.026039487778013671 -0.056024426585409723 -0.034644178605111924 -0.020650817293078511 0.022383925848609345 0.028333039730610063 0.024153093444989941 -0.03942091972790622 -0.034904140118286658 0.027771991957184418
leaf_weight=1833.6965946155833 1611.8673221822828 147.95356715191156 719.24475146830082 136.14068643323844 826.2911147834966 3272.3223448467907 40.142699235118926 114.87393937353045 310.31956321746111 17.243737494572997 35.714414804475382 244.41097332647769 48.872110257972963 269.12946680333698 2258.0502935640397 33.04257529694587 77.904281634488143 204.37151774065569 24.890356346964836 75.586030270904303 882.13811242207885 75.827075369656086 39.063165046274662 95.951911927200854 116.01551899313927 12.730409577488897 25.844339773058891 48.279430118564051 60.248477937304415 143.07180277770385
leaf_count=33082 697 259 275 3890 9860 5274 287 660 249 10 370 708 564 7895 13914 209 753 240 153 104 689 514 107 457 120 3 12 1253 3407 667
internal_value=0.00862093 0.00665107 0.010614 0.00290104 -0.000409239 0.00842085 -0.0193291 0.0198212 0.00390792 0.00103999 -0.0493784 0.0017181 0.000274214 0.000975734 -0.00206745 -0.0170327 0.018136 0.00951233 0.0067349 -0.0276664 0.0163345 -0.0032004 -0.0672811 0.0215628 0.00289777 -0.0437168 -0.0255333 -0.0137874 0.000542827 0.00144642
internal_weight=13801.2 11738.3 5706.24 6032.1 4198.4 4986.99 188.096 2062.91 451.038 4062.26 52.9582 4009.3 3764.89 3716.02 2889.73 428.356 159.226 4798.9 3411.86 139.54 1387.03 292.929 63.9535 1094.11 211.967 88.5575 140.718 81.322 2461.37 2401.12
internal_count=86682 85064 8482 76582 43500 8207 546 1618 921 39610 380 39230 38522 37958 28098 10110 2215 7661 5638 364 2023 757 260 1266 577 517 672 1462 17988 14581
is_linear=0
shrinkage=0.03


Tree=101
num_leaves=31
num_cat=0
split_feature=56 63 63 65 24 55 55 55 56 56 57 65 55 56 55 55 55 55 55 56 47 62 71 65 50 57 56 32 55 65
split_gain=365.986 186.785 146.387 136.251 131.712 123.324 150.621 103.377 103.945 165.997 125.066 109.875 139.137 125.824 98.3918 279.817 165.068 181.492 201.65 128.468 117.958 132.807 141.577 122.364 116.571 115.18 114.609 103.015 97.3879 90.7124
threshold=0.032660197162707801 1.0000000180025095e-35 1.0000000180025095e-35 875.50000000000011 1.0000000180025095e-35 0.000661284296626267 0.00070332916830404132 0.0073991022256974679 0.005055418790465083 0.0059228531034993181 6.5000000000000009 239.50000000000003 0.0066746296630805562 0.0066168109075340131 0.0021089081406406199 0.002133105675743575 0.0031662387716335197 0.0046575976997566331 0.0051741267214716344 0.0016370956852815514 1.0000000180025095e-35 1.0000000180025095e-35 1.0000000180025095e-35 282.50000000000006 1.0000000180025095e-35 6.5000000000000009 0.0030578462405835565 1.0000000180025095e-35 0.002057627291215169 572.50000000000011
decision_type=2 2 2 2 2 2 2 2 2 2 2 2 2 2 2 2 2 2 2 2 2 2 2 2 2 2 2 2 2 2
left_child=1 3 28 4 5 -1 -7 8 -3 -10 11 -11 13 -13 19 -16 24 27 -19 -8 21 -20 23 -23 -17 -21 -25 -18 -2 -30
right_child=2 7 -4 -5 -6 6 14 -9 9 10 -12 12 -14 -15 15 16 17 18 20 25 -22 22 -24 26 -26 -27 -28 -29 29 -31
leaf_value=-0.034660357862843896 0.044482059632283112 0.018475755314717165 0.027933179770160264 0.018208580531900571 -0.026115975126829092 0.039669026558520011 0.021310362670426054 0.022619878126122688 -0.053953621075903374 0.0059524694263533018 0.026903944223981676 -0.080366139978021472 -0.084493008645460319 0.003929765626171605 0.060855212631130827 -0.039278357837241561 0.017781911608584746 -0.042921946714463886 0.0027706523935926227 -0.037645211689506894 0.024549239056207737 0.0016856784981128465 -0.058382275868793992 0.02574393696779672 0.025055884277798986 0.015161506339931519 -0.045050558887575635 -0.047342313411479195 0.013236195450703633 -0.014982738942948604
leaf_weight=78.343407803389709 86.119053885340691 503.78986861277372 740.52178167179227 494.38196137425257 146.51812170993071 98.137880266993307 66.570272228040267 704.20841871481389 45.860434559173882 340.4110863187816 165.74692610651255 18.178822805872187 27.714871906908229 93.790724562946707 73.821558006107807 132.85230059898458 836.07928636850556 90.444509442546405 4602.8624448237242 168.60435794782825 200.06147509650327 346.58194759412436 54.503038313239813 24.598053470661398 30.540275936946273 47.00937257357873 109.493413930526 21.51086856983602 3088.8305989103392 105.24646371230483
leaf_count=5416 10 648 199 2276 10909 272 1808 482 299 711 85 152 203 166 275 5291 7749 2419 26778 7947 381 4853 334 286 59 325 2743 181 2860 239
internal_value=0.0082986 0.00509313 0.0158872 0.00299477 0.00193725 0.0025296 0.00295659 0.0135072 0.00812495 0.000570332 0.00451943 -0.0032484 -0.0255538 -0.0103464 0.00242144 0.00317251 0.00250294 0.00327852 0.00125118 -0.0148912 0.00200752 0.0011252 -0.0130056 -0.00774982 -0.0271742 -0.0261151 -0.0319694 0.0160952 0.0131601 0.012302
internal_weight=13543.3 9522.62 4020.72 7622.91 7128.53 6982.01 6903.67 1899.7 1195.49 691.703 645.842 480.096 139.684 111.97 6805.53 6523.35 6449.53 6286.14 5428.54 282.184 5338.1 5138.04 535.176 480.673 163.393 215.614 134.091 857.59 3280.2 3194.08
internal_count=86356 83048 3308 80302 78026 67117 61701 2746 2264 1616 1317 1232 521 318 61429 51349 51074 45724 37794 10080 35375 34994 8216 7882 5350 8272 3029 7930 3109 3099
is_linear=0
shrinkage=0.03


Tree=102
num_leaves=31
num_cat=0
split_feature=56 58 55 39 26 60 65 65 30 0 55 56 56 56 35 0 0 11 10 60 55 55 55 55 65 30 60 56 47 33
split_gain=290.376 176.675 164.563 142.776 140.678 116.4 107.965 101.617 107.793 101.58 93.1147 100.707 229.274 161.955 115.228 212.207 164.481 122.862 118.63 100.212 91.4328 203.518 116.268 323.121 106.531 105.148 88.5363 81.1072 81.0201 79.4355
threshold=0.048022201973341977 1.5000000000000002 0.000661284296626267 1.0000000180025095e-35 1.0000000180025095e-35 1.0000000180025095e-35 751.50000000000011 615.50000000000011 1.0000000180025095e-35 6.0500000000000007 0.06386747763884322 0.0039470903806293018 0.0045541502434662514 0.0032947109962983868 1.0000000180025095e-35 6.9500000000000011 7.8500000000000005 1.0000000180025095e-35 1.0000000180025095e-35 1.5000000000000002 0.003521635503638119 0.00095627457833280299 0.0046575976997566331 0.0055825586881825175 265.50000000000006 1.0000000180025095e-35 1.5000000000000002 0.028844060225861869 1.0000000180025095e-35 1.0000000180025095e-35
decision_type=2 2 2 2 2 2 2 2 2 2 2 2 2 2 2 2 2 2 2 2 2 2 2 2 2 2 2 2 2 2
left_child=1 2 -1 6 9 -2 7 10 27 -3 11 13 -13 14 15 -4 17 18 -17 -18 21 24 -22 -24 -14 29 -15 -9 -23 -25
right_child=5 4 3 -5 -6 -7 -8 8 -10 -11 -12 12 20 26 -16 16 19 -19 -20 -21 22 28 23 25 -26 -27 -28 -29 -30 -31
leaf_value=-0.037136601216720272 -0.018265050707452213 -0.04594598206694421 -0.033896155333867105 -0.039828507047918744 -0.035254130141721102 0.019112558491247014 0.016528934559206645 -0.037810260858937399 0.027587822652201669 0.018502901329236765 0.019553995579718101 -0.034051638603805258 -0.043079360432455555 0.024141815607578665 0.052890736139491995 -0.037073896433689212 -0.022364263434108547 0.020162223488647726 0.037964200164005403 0.017952781100307746 0.019677660175507771 -0.036468621706349444 -0.035051469493935221 0.0049752023835421388 0.040540011073944927 -0.029229766171795034 -0.026552442119956228 0.0089886761381269466 0.02129976032330216 0.029777597970644762
leaf_weight=79.849434260686394 76.46506679803133 21.397907889913768 129.26455604634248 60.216051670489833 45.71916356345173 2591.7021303819492 821.94782877509715 127.44254799926421 41.688385990681127 1577.8196910616243 412.91972247138619 144.79999400966335 15.987014621146953 709.96079719334375 40.646217238623649 68.518556735245511 214.73885890445672 579.91572141210781 25.1660444624722 73.85859013046138 438.16526553605217 174.10391074093059 186.66692885191878 4971.5033966784831 72.597084171837196 78.446857882081531 31.624602383701131 44.557741992175579 24.300671705044806 118.05088554206304
leaf_count=5654 167 854 8189 903 285 1578 3612 2480 68 2407 349 4071 494 3513 287 1552 2822 3697 2 286 2997 7304 5008 25888 240 934 582 61 53 326
internal_value=0.00913216 0.00703453 0.0054898 0.00584792 0.0161225 0.0180349 0.00614016 0.00515969 -0.0152279 0.0176124 0.00567328 0.0049632 0.00312676 0.0110592 0.00391393 0.00204329 0.00690168 0.0150142 -0.0167287 -0.0120199 0.00401767 -0.0124833 0.00483718 0.00361935 0.0251366 0.00502264 0.0219471 -0.0257048 -0.0293218 0.00555622
internal_weight=14000 11331.9 9686.94 9607.09 1644.94 2668.17 9546.87 8724.92 213.689 1599.22 8511.24 8098.32 6224.62 1873.69 1132.11 1091.46 962.198 673.6 93.6846 288.597 6079.82 286.989 5792.83 5354.67 88.5841 5168 741.585 172 198.405 5089.55
internal_count=86663 84918 81372 75718 3546 1745 74815 71203 2609 3261 68594 68245 47315 20930 16835 16548 8359 5251 1554 3108 43244 8091 35153 32156 734 27148 4095 2541 7357 26214
is_linear=0
shrinkage=0.03


Tree=103
num_leaves=31
num_cat=0
split_feature=56 58 6 26 58 72 15 3 55 55 62 55 60 65 65 58 58 25 57 65 60 60 65 55 55 65 55 56 53 0
split_gain=284.57 193.04 156.912 141.583 115.408 131.26 128.982 150.055 149.59 206.04 139.402 218.202 257.926 175.759 152.471 212.389 112.613 124.958 110.918 171.155 328.65 153.91 204.717 104.813 129.705 97.5001 100.408 97.1228 96.776 93.9056
threshold=0.0074326147304572326 1.0000000180025095e-35 1.0000000180025095e-35 1.0000000180025095e-35 1.5000000000000002 1.0000000180025095e-35 1.0000000180025095e-35 1.0000000180025095e-35 0.0068988356286288468 0.0036392459991437072 1.0000000180025095e-35 0.0062472032940587771 1.5000000000000002 223.50000000000003 225.50000000000003 1.0000000180025095e-35 1.0000000180025095e-35 1.0000000180025095e-35 5.5000000000000009 321.50000000000006 1.0000000180025095e-35 5.5000000000000009 231.50000000000003 0.068361472679930133 0.003521635503638119 144.50000000000003 0.025074921457035035 0.051136231577932643 1.0000000180025095e-35 7.1500000000000012
decision_type=2 2 2 2 2 2 2 2 2 2 2 2 2 2 2 2 2 2 2 2 2 2 2 2 2 2 2 2 2 2
left_child=3 2 27 4 5 6 8 10 9 -1 16 13 -13 -12 -15 -16 28 25 -4 20 -20 22 -22 24 -5 26 -18 -2 -8 -6
right_child=1 -3 18 23 29 -7 7 -9 -10 -11 11 12 -14 14 15 -17 17 -19 19 -21 21 -23 -24 -25 -26 -27 -28 -29 -30 -31
leaf_value=-0.036110047991152937 -0.047785112541021343 0.022095251236485841 0.01283238477147383 0.0017488567207947954 -0.024858665643238461 0.023602621765044289 0.0029542748034984269 -0.042927825038870972 -0.027311700705431496 0.015023688913985462 -0.029900278234327071 -0.048004250389082397 0.020861985643292738 0.077408746524575259 0.026688829901816619 -0.032697593997592478 -0.049001420073982817 -0.048689498120887915 0.017231830258431828 0.021781280963581656 -0.067761606394480908 -0.10187005684207315 0.0028383135580912779 0.029010466742116103 -0.043831915039574211 0.019433222236462083 0.016992158752572577 -0.0018488567078732928 0.036798128050202876 0.015841995715615745
leaf_weight=93.947337524790782 60.046979407779872 1615.1897448603995 4150.2453711908311 97.112422533158679 52.648774046916515 277.3193163969554 2941.9963022445445 59.133263080730103 266.05680873460369 279.30222214118112 92.821264609985519 185.50609925226308 65.710935766808689 32.615282411919907 185.61895524081774 75.434784075128846 38.72008302831091 25.973284172127023 155.99283789563924 177.65034226328135 66.325071921572089 31.124744473025203 81.80003600474447 37.422965109348297 132.08642210502876 965.2411623763619 42.657898413017392 129.13653272017837 77.071887374739163 1090.8744588450063
leaf_count=11838 348 1141 5982 1236 1456 413 24948 1142 8380 11013 2963 3256 70 24 1275 924 596 385 176 141 353 179 138 11 2975 2995 43 167 279 1621
internal_value=0.00855847 0.0131127 0.0101188 0.00441759 0.0052534 0.00350852 0.00247771 0.0041679 -0.0101688 0.00209117 0.00476571 -0.00827158 -0.0299796 0.00587948 0.0172516 0.00946908 0.00679917 0.0151448 0.0112062 -0.00195193 -0.0145559 -0.0421614 -0.0290162 -0.0169911 -0.0245955 0.0167739 -0.0146216 -0.0166037 0.00383015 0.013948
internal_weight=13582.8 6467.51 4852.32 7115.27 6848.65 5705.13 5427.81 4788.5 639.306 373.25 4729.37 637.707 251.217 386.49 293.669 261.054 4091.66 1072.59 4663.14 512.893 335.243 179.25 148.125 266.622 229.199 1046.62 81.378 189.184 3019.07 1143.52
internal_count=86468 8625 7484 77843 73621 70544 70131 38900 31231 22851 37758 8512 3326 5186 2223 2199 29246 4019 6969 987 846 670 491 4222 4211 3634 639 515 25227 3077
is_linear=0
shrinkage=0.03


Tree=104
num_leaves=31
num_cat=0
split_feature=56 26 56 71 55 55 65 65 65 2 34 65 60 60 42 60 56 45 55 58 0 55 45 51 28 55 56 58 65 55
split_gain=244.222 209.227 177.406 163.846 176.333 156.579 202.957 202.262 191.939 180.183 149.533 135.86 122.509 156.806 131.564 118.102 103.769 96.3889 96.078 84.1004 78.6371 87.4116 145.595 76.0609 75.3965 115.798 118.662 83.8766 74.7859 141.655
threshold=0.048022201973341977 1.0000000180025095e-35 0.0068179619555235353 1.0000000180025095e-35 0.029049548550006982 0.048763003506173415 58.500000000000007 261.50000000000006 440.50000000000006 1.0000000180025095e-35 1.0000000180025095e-35 55.500000000000007 1.5000000000000002 2.5000000000000004 1.0000000180025095e-35 1.0000000180025095e-35 0.0062335325816534918 1.0000000180025095e-35 0.034771930691627664 1.0000000180025095e-35 7.4500000000000011 0.0059228531034993181 1.0000000180025095e-35 1.0000000180025095e-35 1.0000000180025095e-35 0.012889886427373445 0.023561139330300889 1.0000000180025095e-35 368.50000000000006 0.00058596688458753435
decision_type=2 2 2 2 2 2 2 2 2 2 2 2 2 2 2 2 2 2 2 2 2 2 2 2 2 2 2 2 2 2
left_child=1 3 -3 4 10 6 9 12 16 11 17 -6 14 -14 -8 -2 -9 23 28 -17 21 22 -5 24 -1 26 27 -26 29 -4
right_child=15 2 18 20 5 -7 7 8 -10 -11 -12 -13 13 -15 -16 19 -18 -19 -20 -21 -22 -23 -24 -25 25 -27 -28 -29 -30 -31
leaf_value=0.010035381970470297 -0.018372677172695452 -0.048021006389243635 0.034912337190694691 -0.068330671459004844 -0.055326501611204726 0.012210847162982135 -0.051488606277342322 -0.041842372234356599 -0.046688691423565194 0.026833392054672393 -0.030448115475845076 0.012154853736210624 0.010096525783725023 -0.081444468588306687 0.026429991326558263 0.015941593731773378 0.010261374748011294 -0.045509944282718921 0.03023429817127048 0.028933887007769717 0.02052025922506448 0.011527520230531153 0.033024087742276421 -0.041639403096693443 -0.039548722663222895 -0.053920078478749647 0.028909989252439493 0.013173678398010442 0.018099070053888743 -0.055674992685688554
leaf_weight=7541.6128264281724 77.510756149888039 106.8896661028848 20.283792495727539 34.088016977533698 50.813388085109182 484.74467079155147 224.7635365963215 37.055094913695939 75.25153359642718 225.73368493828457 85.862782809126657 55.127449049963616 90.897897681221366 19.62815025029704 20.742430182173848 1882.2740131681785 358.39475740306079 27.965435513178818 62.946889117360115 591.24253013730049 1256.8033774979413 182.58895684592426 19.280454874038696 25.281698252540082 65.508120245300233 38.735904826782644 84.231877978891134 45.234883561555762 39.325449028750882 58.270935664419085
leaf_count=68170 172 3025 1 282 430 665 2065 532 680 402 1312 203 136 113 11 1382 511 696 17 139 858 261 2 605 1843 256 79 269 283 996
internal_value=0.00952771 0.00763951 -0.0175763 0.00829758 0.00685253 -0.00208944 -0.00807887 -0.0160273 -0.00310475 0.011722 0.00870905 -0.0204266 -0.0330553 -0.00674461 -0.0448249 0.0179135 0.00528584 0.00914235 0.000585174 0.0190576 0.0175389 0.00163946 -0.0317803 0.00934409 0.0095152 -0.00724184 0.0022596 -0.0180882 -0.0153683 -0.0321394
internal_weight=13889.1 11338.1 287.717 11050.3 9557.59 1643.15 1158.41 826.733 470.701 331.675 7914.43 105.941 356.032 110.526 245.506 2551.03 395.45 7828.57 180.827 2473.52 1492.76 235.957 53.3685 7800.61 7775.32 233.711 194.975 110.743 117.88 78.5547
internal_count=86396 84703 4322 80381 78978 5748 5083 4048 1723 1035 73230 633 2325 249 2076 1693 1043 71918 1297 1521 1403 545 284 71222 70617 2447 2191 2112 1280 997
is_linear=0
shrinkage=0.03


Tree=105
num_leaves=31
num_cat=0
split_feature=63 55 59 65 20 67 57 55 65 6 42 62 65 65 65 7 65 17 55 32 46 55 47 0 0 57 65 65 31 2
split_gain=317.085 149.684 110.133 135.917 160.232 134.182 154.143 183.327 134.739 169.477 194.862 131.945 202.04 155.763 136.733 163.705 111.378 100.004 99.3235 95.8744 93.9601 92.5038 88.2569 84.3856 79.9923 78.9711 162.87 313.057 233.327 254.788
threshold=1.0000000180025095e-35 0.0087812165602526738 1.5000000000000002 80.500000000000014 1.0000000180025095e-35 1.0000000180025095e-35 2.5000000000000004 0.004654583246142454 608.50000000000011 1.0000000180025095e-35 1.0000000180025095e-35 1.0000000180025095e-35 555.50000000000011 186.50000000000003 164.50000000000003 1.0000000180025095e-35 174.50000000000003 1.0000000180025095e-35 0.029049548550006982 1.0000000180025095e-35 1.0000000180025095e-35 0.00086633713243444135 1.0000000180025095e-35 9.7000000000000011 6.0500000000000007 4.5000000000000009 153.50000000000003 302.50000000000006 1.0000000180025095e-35 1.0000000180025095e-35
decision_type=2 2 2 2 2 2 2 2 2 2 2 2 2 2 2 2 2 2 2 2 2 2 2 2 2 2 2 2 2 2
left_child=2 23 5 -4 16 8 7 22 11 -10 -11 25 13 14 15 19 -5 24 21 -13 -19 -15 -7 -2 -9 -1 -27 28 29 -28
right_child=1 -3 3 4 -6 6 -8 17 9 10 -12 12 -14 18 -16 -17 -18 20 -20 -21 -22 -23 -24 -25 -26 26 27 -29 -30 -31
leaf_value=0.0071537117650733372 0.0043502685621921661 0.025033271580295193 0.033831573469226169 -0.053918853258993905 -0.046480144465593821 -0.038021782541916301 0.028055797184897667 -0.047143706530352013 0.019760933980057658 -0.036513694385439763 0.032751613154437968 -0.039681184263194544 0.032862382258957941 0.014579195116684762 0.023048885895431265 0.044709687126254366 0.016639248185595094 -0.025700917593519477 0.0012961813993166941 0.0095023068575262257 0.027054612020077862 -0.044858811042587703 0.028507482743036591 0.019188895032755792 0.016104409269961137 0.021407379769317749 -0.079962759558595373 0.012992243922811817 -0.096254287471231575 -0.0085312980034495424
leaf_weight=6384.8652916360879 780.81429867784027 1311.7161486949772 281.25246356992284 20.233380238525569 43.904702591942623 103.62483403651277 455.29300802957732 17.393636917113326 99.582371622382198 232.96006610541372 42.516601938987151 129.64531577448361 98.050686146889348 26.083685941295698 143.2808382739895 33.981294417520985 401.51307528186589 109.48211926966906 75.67941883916501 48.606495989486575 40.996305549982935 208.00405821134336 20.895013272762299 617.9741647541523 972.66866542038042 202.64960287616123 51.835053511778824 320.26827827678062 38.376401151064783 303.03570897702593
leaf_count=49208 1866 653 399 857 1825 1527 856 315 559 3869 51 6500 342 461 1320 63 2100 925 166 152 34 6819 12 445 2028 343 513 979 243 1113
internal_value=0.00857238 0.017754 0.00628916 0.0174013 0.00742623 0.00547061 0.0131046 0.00770584 0.00391306 -0.0136412 -0.0257436 0.00473107 -0.00712996 -0.0130646 0.000495719 -0.0147669 0.0131347 0.0114844 -0.028579 -0.0262914 -0.0112445 -0.038202 -0.0267197 0.0109149 0.0149468 0.00597196 -0.00226263 -0.00900583 -0.026909 -0.0191605
internal_weight=13617.2 2710.5 10906.7 746.904 465.651 10159.8 1720.35 1265.06 8439.42 375.059 275.477 8064.36 763.332 665.281 355.514 212.233 421.746 1140.54 309.767 178.252 150.478 234.088 124.52 1398.79 990.062 7301.03 916.165 713.515 393.247 354.871
internal_count=86543 2964 83579 5181 4782 78398 5697 4841 72701 4479 3920 68222 15823 15481 8035 6715 2957 3302 7446 6652 959 7280 1539 2311 2343 52399 3191 2848 1869 1626
is_linear=0
shrinkage=0.03


Tree=106
num_leaves=31
num_cat=0
split_feature=56 71 14 56 57 56 56 39 56 11 0 56 55 55 56 64 55 0 0 0 55 65 15 33 0 57 65 65 32 58
split_gain=309.753 204.263 104.95 126.334 201.991 111.43 180.186 141.718 114.402 234.671 154.403 128.186 113.166 197.374 219.396 153.126 106.518 104.352 113.259 97.8468 96.2531 173.533 158.834 107.544 87.192 85.9741 137.358 85.4306 93.3652 81.6326
threshold=0.048022201973341977 1.0000000180025095e-35 1.0000000180025095e-35 0.011338004811851243 1.5000000000000002 0.0039470903806293018 0.0046398999284602256 1.0000000180025095e-35 0.003311830430759112 1.0000000180025095e-35 7.9500000000000011 0.0028543105875636922 0.057612852812660494 0.032909008647517501 0.034661218704314191 1.0000000180025095e-35 0.00070332916830404132 4.3500000000000005 4.4500000000000011 6.0500000000000007 0.01115846687889677 55.500000000000007 1.0000000180025095e-35 1.0000000180025095e-35 7.7500000000000009 2.5000000000000004 437.50000000000006 164.50000000000003 1.0000000180025095e-35 1.0000000180025095e-35
decision_type=2 2 2 2 2 2 2 2 2 2 2 2 2 2 2 2 2 2 2 2 2 2 2 2 2 2 2 2 2 2
left_child=1 2 5 4 -4 8 16 12 9 -1 20 -12 13 15 -15 17 -7 -8 -19 -5 22 -22 -11 -24 -3 26 -16 28 -21 -20
right_child=-2 24 3 19 -6 6 7 -9 -10 10 11 -13 -14 14 25 -17 -18 18 29 27 21 -23 23 -25 -26 -27 -28 -29 -30 -31
leaf_value=-0.036246788759322253 0.017729672029259156 0.0035894659201599986 -0.035588641140755703 -0.022505696179165546 0.012315926588646713 0.022696591267212862 -0.037758572722705476 -0.056852891313024782 0.019695504152429016 -0.032071157585632802 -0.035832324947836766 0.006914825759286293 0.018199892583532901 -0.054909615424686996 -0.095814115204509553 -0.057631545722833667 -0.035354287748489303 0.046910369685255505 0.00037612512292268337 -0.078446625343595228 0.038438860973806742 -0.038074648187631885 0.024450158486460649 -0.035106597360117182 0.020416828995068553 0.015688408804895339 0.016044906410916479 0.029116766030843216 0.031091571712162605 0.007920822740644845
leaf_weight=115.25906050822232 2557.637496586889 365.75012484006584 100.31112878717249 38.88992663891986 362.28631220333045 33.264476854237728 54.212555863254238 35.09846838132944 673.06138909433503 51.478647520591039 112.25504890386946 142.06644155271351 398.99471356905997 113.61187285836786 17.582185141742229 36.392616000259295 173.72850911307614 53.046204395475797 3371.3541494964156 13.398813355714083 40.365604934399016 74.296740484540351 679.93645070551429 27.575753586948849 1149.1162841580808 100.73764703422785 20.5794308334589 503.41530102025717 12.837162971496582 2090.4500943662715
leaf_count=4748 1701 725 7282 227 7182 407 2252 563 3895 4674 2354 717 353 751 100 515 4279 228 23496 93 178 1528 4419 458 785 72 17 414 1 12103
internal_value=0.00833033 0.00613574 0.00449474 0.0135239 0.00187379 0.00338691 0.00151175 0.00241952 0.00974235 0.00434241 0.00851834 -0.0120198 0.00276104 0.00170655 -0.0241859 0.00287704 -0.025961 0.00328273 0.00369295 0.0229832 0.0145039 -0.0110395 0.0183723 0.0220826 0.0163591 0.00115731 -0.0366225 0.0263594 -0.0256763 0.0032647
internal_weight=13519 10961.4 9446.49 1031.14 462.597 8415.35 6499.05 6292.06 1916.3 1243.23 1127.97 254.321 6256.96 5857.97 252.511 5605.46 206.993 5569.06 5514.85 568.541 873.653 114.662 758.991 707.512 1514.87 138.899 38.1616 529.651 26.236 5461.8
internal_count=86517 84816 83306 15199 14464 68107 45136 40450 22971 19076 14328 3071 39887 39534 940 38594 4686 38079 35827 735 11257 1706 9551 4877 1510 189 117 508 94 35599
is_linear=0
shrinkage=0.03


Tree=107
num_leaves=31
num_cat=0
split_feature=71 56 55 60 63 48 56 55 31 55 35 56 65 65 59 55 56 2 72 58 61 0 65 55 55 66 56 64 70 33
split_gain=369.115 291.439 213.658 164.987 156.483 122.528 172.104 131.249 133.587 146.862 127.631 134.382 122.35 184.245 222.659 192.988 170.631 164.649 148.219 157.784 121.996 121.489 174.027 179.264 119.579 118.674 116.335 135.428 185.766 124.225
threshold=1.0000000180025095e-35 0.0070793993871210567 0.0040872057278096563 1.0000000180025095e-35 1.0000000180025095e-35 1.0000000180025095e-35 0.0068988356286288468 0.048763003506173415 1.0000000180025095e-35 0.0055112087782088837 1.0000000180025095e-35 0.001933288950800299 71.500000000000014 265.50000000000006 1.0000000180025095e-35 0.0066746296630805562 0.002195863684994514 1.0000000180025095e-35 1.0000000180025095e-35 1.0000000180025095e-35 1.0000000180025095e-35 8.9500000000000011 140.50000000000003 0.051588093059875891 0.0073991022256974679 1.0000000180025095e-35 0.071706371629366064 1.0000000180025095e-35 1.0000000180025095e-35 1.0000000180025095e-35
decision_type=2 2 2 2 2 2 2 2 2 2 2 2 2 2 2 2 2 2 2 2 2 2 2 2 2 2 2 2 2 2
left_child=1 2 -1 4 20 6 7 8 9 -5 11 -11 17 14 -14 25 -17 -13 19 -18 -4 26 23 -23 -2 -15 27 29 -29 -3
right_child=24 21 3 5 -6 -7 -8 -9 -10 10 -12 12 13 15 -16 16 18 -19 -20 -21 -22 22 -24 -25 -26 -27 -28 28 -30 -31
leaf_value=0.0085639683484581251 0.0097456937172923086 0.0035181552633668767 -0.017254344323549206 -0.036179114073151213 -0.051256138229142954 0.026820865094683805 -0.048353380951880832 0.016726485757992928 0.015807179348186373 -0.034786493362445624 0.044491643059641359 -0.042345837967621383 -0.045816763233624047 0.029068375571205677 0.0021509268720098862 0.01628091361228487 -0.04209349867584742 0.031304915886971915 0.028850536441534132 0.0056281547222660098 0.037034533881223165 -0.050062068889277847 0.017840640988647689 0.025470660482904004 0.025087921104153383 -0.043328380006833131 0.014857349183999261 -0.089583985381667022 0.030275043038328103 0.034208122975832207
leaf_weight=1311.5664306834224 761.54336982965469 3894.8881222583004 416.72827490029158 154.08433302614139 116.84546320803929 120.82192699983716 75.313070181873627 277.07224127463996 233.65335976006463 140.57807306683389 43.621282985666767 32.24032136797905 204.9982018560404 222.31542513065506 150.73617728124373 155.18135890644044 222.5240317848511 154.30491378251463 45.300608273595572 86.179903416661546 39.964173233369365 69.91256537893787 1640.1785451024771 46.230230212211609 1150.46332674101 21.540881507098675 1096.6712057106197 30.441688057035208 17.836415933445096 121.45541085489094
leaf_count=27134 1148 17570 15596 3142 775 125 928 317 568 4391 209 196 2597 1437 560 900 2617 184 21 170 195 739 2949 16 453 241 814 195 6 197
internal_value=0.00681087 0.00472037 -0.0014871 -0.00601239 -0.0204179 -0.00247507 -0.00408109 -0.00250435 -0.00536533 -0.00840144 -0.00548606 -0.00703424 -0.00399785 -0.00778239 -0.0255422 0.000630048 -0.00987811 0.0184181 -0.0213587 -0.028796 -0.0124331 0.00851182 0.015326 -0.0200358 0.0189855 0.0225224 0.00619054 0.00384908 -0.0455861 0.00445451
internal_weight=13055.2 11143.2 4225.57 2914 573.538 2340.47 2219.64 2144.33 1867.26 1633.61 1479.52 1435.9 1295.32 1108.78 355.734 753.042 509.186 186.545 354.005 308.704 456.692 6917.61 1756.32 116.143 1912.01 243.856 5161.29 4064.62 48.2781 4016.34
internal_count=86390 84789 62303 35169 16566 18603 18478 17550 17233 16665 13523 13314 8923 8543 3157 5386 3708 380 2808 2787 15791 22486 3704 755 1601 1678 18782 17968 201 17767
is_linear=0
shrinkage=0.03


Tree=108
num_leaves=31
num_cat=0
split_feature=56 58 65 59 65 65 57 56 0 55 8 6 55 65 56 0 60 55 65 50 65 65 23 65 56 26 55 57 56 66
split_gain=287.325 167.981 192.133 154.642 189.614 129.523 167.591 203.235 126.925 110.346 129.856 112.958 210.437 150.595 136.715 202.165 194.404 162.581 139.234 138.328 138.111 119.055 199.812 125.437 107.816 210.635 119.588 107.749 168.135 116.014
threshold=0.047574675621158906 1.0000000180025095e-35 331.50000000000006 1.0000000180025095e-35 302.50000000000006 144.50000000000003 3.5000000000000004 0.006585252190963899 6.0500000000000007 0.00095627457833280299 1.0000000180025095e-35 1.0000000180025095e-35 0.0078429521481543762 317.50000000000006 0.023561139330300889 5.6500000000000012 5.5000000000000009 0.06386747763884322 138.50000000000003 1.0000000180025095e-35 150.50000000000003 261.50000000000006 1.0000000180025095e-35 239.50000000000003 0.0070793993871210567 1.0000000180025095e-35 0.0022939534990536327 3.5000000000000004 0.0048839834471266904 1.0000000180025095e-35
decision_type=2 2 2 2 2 2 2 2 2 2 2 2 2 2 2 2 2 2 2 2 2 2 2 2 2 2 2 2 2 2
left_child=1 2 3 9 27 6 -3 -8 -7 10 -1 12 -11 14 15 -13 18 19 -16 -17 -20 22 23 -22 25 26 -10 29 -29 -5
right_child=-2 5 -4 4 -6 8 7 -9 24 11 -12 13 -14 -15 16 17 -18 -19 20 -21 21 -23 -24 -25 -26 -27 -28 28 -30 -31
leaf_value=-0.03647253059459904 0.016959487022659328 -0.021072108429296656 0.009556486721537626 0.011352964978302208 -0.045902899266914585 -0.021574577187275866 0.023979382906925688 -0.082902153180842514 0.025023723074573935 0.038343744447862545 0.033347243810238784 0.012621764646409076 -0.057304116703084586 -0.054769603748468586 -0.067994800041144624 -0.025467686844715523 -0.087924705472281942 0.011325159252975146 0.030140514759363517 0.028080337784260785 0.0031970418121868936 0.01681319166193565 -0.045515181471763561 -0.053711130777964751 0.018682192020250104 -0.048590662462627027 0.0058033183780596808 -0.053052050299243099 0.029918108679517611 -0.011031932897472915
leaf_weight=28.852480339293834 2603.4323409739882 247.17709582435782 2497.5308223004686 690.01731358614052 56.778137369954493 94.527224235644098 194.13252395601012 16.467028135899454 374.15183300653007 109.21834583790042 122.86921606777469 225.77478165610228 24.558815653435886 58.747410870972089 23.737527463585138 913.88323843909893 20.828708924353123 142.61340383812785 155.48678234964609 44.782940275967121 589.989522151649 269.61147403344512 100.60969867184758 36.044448085129261 1781.6627065782668 55.936795982881449 1308.6844011406065 22.719179478357546 315.66326835961081 297.4204166031559
leaf_count=2131 1812 6591 19566 5679 1196 4879 506 196 1837 510 1730 5876 329 921 167 15333 107 161 62 114 812 254 705 123 4022 1296 6857 768 719 1201
internal_value=0.0080131 0.00585921 0.0029545 -0.00092634 0.00731164 0.0106699 -0.00435618 0.0152699 0.0125733 -0.00489939 0.0199179 -0.00629262 0.0204898 -0.00768759 -0.00657019 -0.0131965 0.000785148 -0.0184961 0.00243043 -0.0229396 0.00393962 -0.000175705 -0.00649365 -0.000159929 0.0134961 0.00817441 0.010089 0.00962343 0.0242075 0.0046062
internal_weight=13423.9 10820.5 6747.74 4250.21 1382.6 4072.74 457.777 210.6 3614.96 2867.61 151.722 2715.89 133.777 2582.11 2523.36 1327.05 1196.31 1101.28 1175.48 958.666 1151.74 996.255 726.644 626.034 3520.44 1738.77 1682.84 1325.82 338.382 987.438
internal_count=86460 84648 58464 38898 9563 26184 7293 702 18891 29335 3861 25474 839 24635 23714 21484 2230 15608 2123 15447 1956 1894 1640 935 14012 9990 8694 8367 1487 6880
is_linear=0
shrinkage=0.03


Tree=109
num_leaves=31
num_cat=0
split_feature=63 60 26 28 56 58 56 56 67 57 56 11 72 0 56 47 2 54 0 0 56 11 55 56 55 56 58 62 56 0
split_gain=213.631 200.371 175.195 168.082 142.428 133.484 109.62 119.331 106.515 120.88 167.563 160.205 165.245 132.756 113.904 115.467 113.33 111.84 141.913 136.751 245.8 175.259 165.795 154.118 136.445 110.918 94.7692 121.169 165.509 88.8603
threshold=1.0000000180025095e-35 1.0000000180025095e-35 1.0000000180025095e-35 1.0000000180025095e-35 0.068359195701562556 1.0000000180025095e-35 0.033474976598428303 0.0068988356286288468 1.0000000180025095e-35 2.5000000000000004 0.0066168109075340131 1.0000000180025095e-35 1.0000000180025095e-35 8.7500000000000018 0.0039470903806293018 1.0000000180025095e-35 1.0000000180025095e-35 1.0000000180025095e-35 7.5500000000000007 7.8500000000000005 0.0036472570579653518 1.0000000180025095e-35 0.013203819495353141 0.0037686893296689705 0.007222384741534674 0.001933288950800299 2.5000000000000004 1.0000000180025095e-35 0.004918669514921461 5.6500000000000012
decision_type=2 2 2 2 2 2 2 2 2 2 2 2 2 2 2 2 2 2 2 2 2 2 2 2 2 2 2 2 2 2
left_child=3 2 26 4 8 6 7 -3 14 10 11 13 -13 -10 17 -16 -12 19 -19 21 22 -1 -21 -22 -20 -26 27 -2 -29 -5
right_child=1 5 -4 29 -6 -7 -8 -9 9 -11 16 12 -14 -15 15 -17 -18 18 24 20 23 -23 -24 -25 25 -27 -28 28 -30 -31
leaf_value=-0.013945394588270198 0.0049540307473604885 -0.0017069838533592557 -0.062253028912382588 0.013354984775103716 0.015066628743675339 0.024881281983195197 0.022121444344580177 -0.06794599110040625 -0.033546582022000893 0.024224333711660367 -0.046912735782693074 -0.040955594091385251 0.036341158386421227 0.039417847355516455 0.00011240114762411012 0.021635976568036237 0.015194451104273733 -0.036847013510587293 -0.040205107384898603 -0.042636418010388658 0.044784017925625613 0.023884024593021053 0.0077030330049814039 -0.045186116196503 -0.033998952827211271 0.023369762224569188 0.019416419739160223 0.0066097929341185453 -0.074670419259739523 -0.028770755670237107
leaf_weight=124.89943821285851 365.86036331544165 109.62661851622397 34.72712769638747 58.229677417722996 1346.1670887358487 1385.1266633844934 123.26373492181301 30.534138118382543 31.639866704237647 479.03093298955355 26.39461350813508 163.20168734679464 28.538009461015463 71.383809074992314 5406.2167921832879 233.03267264482565 798.84714909340255 92.325413744198158 47.500241665286012 131.08399797871243 109.97120687086135 901.08129903179361 105.7756107338937 19.430112195666879 34.665546451171394 204.87725625466555 281.57963132858276 44.995981033425778 43.895395325613208 191.03062463965034
leaf_count=5445 902 323 180 577 1007 711 56 145 783 988 255 1871 7 62 49489 487 1634 5989 1579 2928 125 6281 211 288 996 373 275 92 336 2066
internal_value=0.00721735 0.0152597 0.00263149 0.00538123 0.0059678 0.0211609 0.00157866 -0.0165163 0.00460683 0.0116268 0.00622192 -0.0131635 -0.0293221 0.0169025 0.00309078 0.00100551 0.0131536 0.00972413 -0.00470599 0.0136567 -0.00207622 0.0192697 -0.0202182 0.0310317 0.00572398 0.0149608 0.00577188 -0.0027008 -0.0339113 -0.0189157
internal_weight=13024.9 2419.61 771.058 10605.3 10356.1 1648.55 263.424 140.161 9009.9 1599.04 1120.01 294.763 191.74 103.024 7410.86 5639.25 825.242 1771.61 379.368 1392.24 366.261 1025.98 236.86 129.401 287.043 239.543 736.331 454.752 88.8914 249.26
internal_count=86461 3020 1785 83441 80798 1235 524 468 79791 5600 4612 2723 1878 845 74191 49976 1889 24215 8937 15278 3552 11726 3139 413 2948 1369 1605 1330 428 2643
is_linear=0
shrinkage=0.03


Tree=110
num_leaves=31
num_cat=0
split_feature=63 60 20 56 32 65 57 56 57 65 48 72 37 57 65 0 65 56 32 59 56 0 56 65 66 65 0 23 51 65
split_gain=237.431 239.826 185.758 138.087 111.159 138.387 105.344 174.308 103.239 97.8218 167.915 97.4316 103.37 132.266 123.629 92.8222 92.3352 90.9272 90.5125 139.866 114.328 150.86 88.8064 87.6068 140.416 84.763 82.2533 228.401 79.9929 76.3442
threshold=1.0000000180025095e-35 1.0000000180025095e-35 1.0000000180025095e-35 0.062958234266293586 1.0000000180025095e-35 170.50000000000003 3.5000000000000004 0.0016476714740374251 4.5000000000000009 190.50000000000003 1.0000000180025095e-35 1.0000000180025095e-35 1.0000000180025095e-35 3.5000000000000004 286.50000000000006 6.7500000000000009 142.50000000000003 0.006175010396599955 1.0000000180025095e-35 1.0000000180025095e-35 0.19223587426221075 5.4500000000000011 0.0012507313961251478 239.50000000000003 1.0000000180025095e-35 440.50000000000006 5.2500000000000009 1.0000000180025095e-35 1.0000000180025095e-35 358.50000000000006
decision_type=2 2 2 2 2 2 2 2 2 2 2 2 2 2 2 2 2 2 2 2 2 2 2 2 2 2 2 2 2 2
left_child=3 2 8 4 11 16 7 -7 9 10 -2 12 22 14 -14 18 -6 -9 19 20 21 -5 -1 -11 -25 -16 27 -24 -28 -19
right_child=1 -3 -4 15 5 6 -8 17 -10 23 -12 -13 13 -15 25 -17 -18 29 -20 -21 -22 -23 26 24 -26 -27 28 -29 -30 -31
leaf_value=-0.032981289459098277 -0.054239936853684265 0.02149143669562437 -0.06435009526678187 -0.030262465040294995 -0.0047154280476283802 0.037045195687288195 0.027057752337037343 -0.047713491704999687 0.018871935766687924 0.019455267261375139 0.03456910735936948 0.0237923539450609 -0.050792931034431367 0.039575239288275464 0.025368834491756163 0.016868750732202675 0.039739358367338912 0.0022266446138496246 0.043841151689210614 0.0075718100102622659 0.017888317034821768 -0.13687237985407688 0.023171986258396837 -0.041389614719777118 0.015512253813504268 -0.049752564924675335 0.0023199672807369572 -0.041823017641389175 -0.049598442187013835 -0.052170726254144935
leaf_weight=66.292753703834023 72.544473098823801 1672.7553422015626 36.545735963154584 37.684320025146008 51.486084149219096 67.674534288235009 128.25404065381736 63.222567806020379 261.44060695171356 148.98448348697275 25.136847972869873 187.58983133838046 33.268173406773712 145.75828262022696 92.342485959408805 1196.8373536020517 223.73435746319592 152.30420238943771 30.579113006591797 135.3611825555563 19.741267666220665 17.066671259701252 77.809766765392851 76.267221345566213 78.073757317615673 14.8587676549796 7571.9531604353688 126.67322504363256 25.804853052133694 26.381888860836625
leaf_count=6229 536 1212 320 93 213 66 86 607 235 195 4 287 595 122 245 798 163 419 1 133 11 109 986 375 68 193 64529 6803 513 245
internal_value=0.00675709 0.0153278 0.000568163 0.00481849 0.00344654 0.0148072 0.00430666 -0.00517543 0.00424115 -0.00532076 -0.0312675 0.00247383 0.00198056 0.0196582 -0.00114233 0.013454 0.0314361 -0.0170906 -0.00354351 -0.0106234 -0.0433486 -0.0653533 0.0013351 0.00311029 -0.0126911 0.014593 0.00163086 -0.0170987 0.00213713 -0.00605044
internal_weight=12864.4 2371.75 698.993 10492.7 9055.41 713.058 437.837 309.583 662.447 401.007 97.6813 8342.35 8154.76 286.228 140.469 1437.27 275.22 241.909 240.433 209.853 74.4923 54.751 7868.53 303.325 154.341 107.201 7802.24 204.483 7597.76 178.686
internal_count=86391 2945 1733 83446 82301 1799 1423 1337 1413 1178 540 80502 80215 1155 1033 1145 376 1271 347 346 213 202 79060 638 443 438 72831 7789 65042 664
is_linear=0
shrinkage=0.03


Tree=111
num_leaves=31
num_cat=0
split_feature=71 56 0 56 56 5 59 62 58 38 56 55 55 16 54 0 0 55 39 61 72 48 56 65 55 56 56 65 65 56
split_gain=204.574 134.104 151.077 128.893 103.095 93.0091 89.2776 168.255 105.839 84.3371 73.213 91.5489 130.283 114.02 102.517 168.002 162.736 95.802 90.6368 86.1918 85.7508 81.9613 79.6526 86.7991 74.994 72.7985 109.578 77.8795 221.708 358.536
threshold=1.0000000180025095e-35 0.0093449173492394354 7.4500000000000011 0.0064496039836892472 0.0012507313961251478 1.0000000180025095e-35 1.0000000180025095e-35 1.0000000180025095e-35 2.5000000000000004 1.0000000180025095e-35 0.08814850758398339 0.0046575976997566331 0.0051741267214716344 1.0000000180025095e-35 1.0000000180025095e-35 9.7000000000000011 5.5500000000000007 0.000661284296626267 1.0000000180025095e-35 1.0000000180025095e-35 1.0000000180025095e-35 1.0000000180025095e-35 0.012841886520352541 678.50000000000011 0.01115846687889677 0.0014373729723480054 0.001919494434714227 261.50000000000006 199.50000000000003 0.062958234266293586
decision_type=2 2 2 2 2 2 2 2 2 2 2 2 2 2 2 2 2 2 2 2 2 2 2 2 2 2 2 2 2 2
left_child=4 2 3 -2 -1 9 7 -4 -9 10 11 13 19 14 17 16 -16 -6 21 -13 -20 25 23 -19 -23 -14 -27 28 29 -28
right_child=1 -3 6 -5 5 -7 -8 8 -10 -11 -12 12 18 -15 15 -17 -18 22 20 -21 -22 24 -24 -25 -26 26 27 -29 -30 -31
leaf_value=-0.031375938080436115 -0.069651490717690889 0.026698754563874938 0.014031992073138624 -0.00083325408381178039 -0.018203588863336392 -0.044149296231348036 0.023501637927558414 -0.060007458845725913 0.0079648487196014861 -0.046161610591664078 0.015267648566456444 -0.035902655808778057 0.035901121912489078 -0.033571131165348253 0.026163179418642563 0.017557022992536728 -0.040277128470266481 0.016322009497354663 -0.05513611302572189 0.028129107728896305 0.028056811018263711 0.030943851208846997 0.039972694609846315 -0.039989860846254652 -0.0066796141395391636 -0.036547847939849255 0.00764833192601956 0.0078477690605908926 -0.0095002088213712293 -0.083447709026392064
leaf_weight=64.255246379267192 35.011011042632163 763.97133937012404 314.27965399622917 76.666073136031628 70.385022327885963 31.620499456883408 438.7200372684747 51.342754777520895 33.665658377110958 26.224023605696857 834.56878831610084 108.71146209322615 66.276513160206378 48.069104704714846 43.935761771223042 191.52905895048752 127.60421585140284 1454.6634944336838 40.346062838798389 22.083081872668117 14.559528842568396 197.3636695612222 128.40035601332784 24.136496332939714 62.357353527098894 56.956607779720798 2751.1836776866694 3914.927308542945 1106.6391393154627 38.446784757077694
leaf_count=6354 295 246 248 213 2185 836 245 314 35 916 596 2995 182 6723 1781 977 5945 12642 471 44 3 262 83 476 134 1397 14622 18389 6770 168
internal_value=0.00768336 0.017347 0.00980383 -0.0228346 0.00623254 0.00644798 0.0141754 0.00389508 -0.0333089 0.00659309 0.00671955 0.00603669 0.00463505 0.0116551 0.0127364 -0.00171371 -0.0232071 0.0158629 0.00510727 -0.0249603 -0.0329683 0.00536639 0.0173651 0.0153765 0.0219197 0.00482185 0.00455553 0.00485988 0.00185645 0.00636339
internal_weight=13138.9 1713.66 949.685 111.677 11425.2 11361 838.008 399.288 85.0084 11329.4 11303.1 10468.6 8379.85 2088.72 2040.65 363.069 171.54 1677.59 8249.06 130.795 54.9056 8194.15 1607.2 1478.8 259.721 7934.43 7868.15 7811.2 3896.27 2789.63
internal_count=86547 1596 1350 508 84951 78597 842 597 349 77761 76845 76249 45437 30812 24089 8703 7726 15386 42398 3039 474 41924 13201 13118 396 41528 41346 39949 21560 14790
is_linear=0
shrinkage=0.03


Tree=112
num_leaves=31
num_cat=0
split_feature=56 58 0 57 26 65 56 56 65 65 55 56 56 0 65 71 63 65 63 30 54 0 55 65 56 15 65 0 27 20
split_gain=227.572 198.48 133.366 152.335 111.062 105.139 115.848 271.955 272.811 106.784 105.396 167.786 103.648 103.524 176.721 94.7754 131.276 110.835 94.6502 87.5052 99.6576 241.006 244.608 238.915 207.326 248.089 192.737 141.647 179.33 138.846
threshold=0.048022201973341977 1.0000000180025095e-35 9.5000000000000018 4.5000000000000009 1.0000000180025095e-35 144.50000000000003 0.0054756753681658452 0.0093449173492394354 148.50000000000003 55.500000000000007 0.0062472032940587771 0.0067497694644379725 0.0062335325816534918 7.9500000000000011 166.50000000000003 1.0000000180025095e-35 1.0000000180025095e-35 416.50000000000006 1.0000000180025095e-35 1.0000000180025095e-35 1.0000000180025095e-35 8.5500000000000025 0.029049548550006982 416.50000000000006 0.0057950219280482303 1.0000000180025095e-35 395.50000000000006 6.4500000000000011 1.0000000180025095e-35 1.0000000180025095e-35
decision_type=2 2 2 2 2 2 2 2 2 2 2 2 2 2 2 2 2 2 2 2 2 2 2 2 2 2 2 2 2 2
left_child=1 4 3 5 15 9 13 8 -8 -3 11 -10 -12 -7 -15 16 19 -18 -2 20 27 22 23 24 -22 -26 -24 -1 -29 -27
right_child=18 2 -4 -5 -6 6 7 -9 10 -11 12 -13 -14 14 -16 -17 17 -19 -20 -21 21 -23 26 -25 25 29 -28 28 -30 -31
leaf_value=0.017482658725427629 0.012384825388228226 0.024365350751210928 0.016497907297510668 0.015656748099774829 -0.034689285776346876 0.022695559771143112 0.038254166454152722 0.015190801972737113 -0.05172796659403632 -0.038096599642970019 0.0014511764146504251 0.0071673524984010141 -0.052858177236223172 0.031757499230353398 -0.044292657055277906 0.013935521414891112 -0.048214913019999958 0.002957209448678509 0.027668302394774039 -0.0295992429808432 -0.034872559067858314 0.0095866113567053147 -0.052246493057047323 -0.038044940025589905 -0.029835177470638515 0.0038474189084799211 0.0054170948811562824 0.0033199634465503215 -0.048337132179382292 0.038193265485433198
leaf_weight=670.138497523556 1834.6954328138381 30.649261144630145 1744.7672219245578 829.07328745431732 73.256273907434661 338.39790230491781 62.982731410127599 359.87796928687021 64.154496115457732 113.35608994591166 38.56425625574775 130.60141291341279 173.48047489835881 48.329363818280399 61.244631022331305 565.22150233667344 87.273642281186767 66.819013685104437 455.68703015893698 77.692745834181551 103.04481382085942 732.94776916439878 200.47326338919811 151.00860799170914 104.14709477894939 204.72780041885562 70.158217611606233 3169.983650577662 60.661360516271088 219.06748678872827
leaf_count=12252 1565 114 5161 2240 1539 3968 159 452 2085 5009 102 1183 4825 104 898 558 584 179 131 1252 5878 3569 2247 4674 2571 1296 404 18480 1473 1468
internal_value=0.00686621 0.00500474 0.0102745 0.00544496 0.00179235 -0.00051718 0.00222869 -0.00440944 -0.0194246 -0.0247262 -0.0284266 -0.0123985 -0.0430206 0.0145052 -0.0107657 0.00220984 0.0010878 -0.0261492 0.0154363 0.00182035 0.00225476 -0.00361399 -0.012806 -0.00428091 0.00384695 0.0114559 -0.0373329 0.00494141 0.00233535 0.0216495
internal_weight=12842.5 10552.1 3995.48 2250.71 6556.62 1421.64 1277.63 829.661 469.783 144.005 406.801 194.756 212.045 447.972 109.574 6483.37 5918.14 154.093 2290.38 5764.05 5686.36 1785.58 1052.63 781.996 630.987 527.942 270.631 3900.78 3230.65 423.795
internal_count=86420 84724 26300 21139 58424 18899 13776 8806 8354 5123 8195 3268 4927 4970 1002 56885 56327 763 1696 55564 54312 22107 18538 15887 11213 5335 2651 32205 19953 2764
is_linear=0
shrinkage=0.03


Tree=113
num_leaves=31
num_cat=0
split_feature=63 60 27 57 58 62 65 60 65 54 0 65 60 62 54 23 65 32 57 58 0 58 53 65 54 65 16 60 0 65
split_gain=294.259 177.129 134.639 136.606 129.148 121.54 113.696 145.663 303.852 118.287 104.147 98.5755 104.871 93.6565 117.547 117.323 130.756 93.2234 102.41 91.5403 91.1831 89.8143 84.2672 84.063 108.318 164.143 98.0166 95.1591 94.2852 159.943
threshold=1.0000000180025095e-35 1.0000000180025095e-35 1.0000000180025095e-35 6.5000000000000009 2.5000000000000004 1.0000000180025095e-35 331.50000000000006 4.5000000000000009 257.50000000000006 1.0000000180025095e-35 8.0500000000000025 65.500000000000014 1.0000000180025095e-35 1.0000000180025095e-35 1.0000000180025095e-35 1.0000000180025095e-35 166.50000000000003 1.0000000180025095e-35 3.5000000000000004 1.5000000000000002 6.7500000000000009 1.0000000180025095e-35 1.0000000180025095e-35 448.50000000000006 1.0000000180025095e-35 395.50000000000006 1.0000000180025095e-35 1.5000000000000002 9.0500000000000025 875.50000000000011
decision_type=2 2 2 2 2 2 2 2 2 2 2 2 2 2 2 2 2 2 2 2 2 2 2 2 2 2 2 2 2 2
left_child=2 4 6 -4 5 -2 7 11 10 -10 -9 12 -1 22 15 17 -17 18 -15 -7 -5 -3 -13 24 26 27 -8 -26 29 -25
right_child=1 21 3 20 -6 19 23 8 9 -11 -12 13 -14 14 -16 16 -18 -19 -20 -21 -22 -23 -24 28 25 -27 -28 -29 -30 -31
leaf_value=-0.042633497429070785 0.0020558543705757851 0.0060756229684848411 -0.042424014355537172 0.031811052120598968 0.019041512742477573 -0.017100175604216686 0.019299853769275833 -0.072357765370411845 -0.040382957905093893 0.018762721315902977 -0.20434264136249633 0.0026603399534899448 0.015108946030919314 -0.037255779585062238 -0.038678606998819989 -0.05139493989389847 0.024027043880319392 0.0085913547504385748 -0.00085998786680750988 -0.081722961932851848 -0.056567945543749144 0.024568768161187381 0.025551130108766851 -0.0092608019460390153 -0.043937435139508318 0.017901777340865208 -0.028256776252648479 0.0075263008951510319 0.014671584287738931 0.014558904347219128
leaf_weight=28.418684436619515 373.11974213446956 285.74338699970394 107.28651485216687 49.032653747475706 313.09571257606149 71.458646692335606 1298.3554173695156 20.170556646713525 51.141215392621234 72.149391605518758 7.5788749642670146 5054.9440821389435 786.19592423940776 165.64462091322639 97.625637254415778 22.438473729824182 178.31129313597921 129.20883627794683 119.54000236099819 26.670109773753211 12.335677757626398 1388.6473200432956 148.02480260125594 691.309714016621 90.337117610732093 171.0881056143553 39.362247591314372 49.65737425989937 552.27180351363495 399.46735488303239
leaf_count=949 983 509 2898 107 301 288 5193 138 192 68 71 39378 1362 5464 3604 2021 1828 392 809 194 145 727 358 9797 1989 1222 1575 235 1620 2100
internal_value=0.00658309 0.0159097 0.00436441 -0.0221434 0.00413787 -0.0057834 0.004806 0.00261178 -0.0264274 -0.00589855 -0.114259 0.00326729 0.0130447 0.00191893 -0.00827224 -0.00339169 0.0153839 -0.0125025 -0.0220562 -0.035311 0.0134238 0.0214183 0.00331637 0.00939068 0.0141749 -0.00176611 0.0178804 -0.0257589 0.00458405 -0.000532139
internal_weight=12800.6 2458.73 10341.9 168.655 784.344 471.248 10173.2 6881.39 151.04 123.291 27.7494 6730.35 814.615 5915.74 712.769 615.143 200.75 414.393 285.185 98.1288 61.3683 1674.39 5202.97 3291.85 1648.8 311.083 1337.72 139.994 1643.05 1090.78
internal_count=86517 3002 83515 3150 1766 1465 80365 56634 469 260 209 56165 2311 53854 14118 10514 3849 6665 6273 482 252 1236 39736 23731 10214 3446 6768 2224 13517 11897
is_linear=0
shrinkage=0.03


Tree=114
num_leaves=31
num_cat=0
split_feature=71 15 56 55 55 56 55 57 41 65 34 55 29 56 56 58 59 60 60 57 0 0 67 5 20 59 58 26 65 39
split_gain=193.364 123.761 122.437 98.3013 134.929 152.877 112.152 117.283 117.059 145.766 106.198 138.652 104.485 91.5307 85.0371 102.301 83.1695 102.625 81.5214 252.778 81.2589 88.4867 160.966 79.4025 72.7579 102.614 102.526 106.211 101.277 100.46
threshold=1.0000000180025095e-35 1.0000000180025095e-35 0.17581565966311982 0.06386747763884322 0.031781826281211616 0.033474976598428303 0.048763003506173415 1.5000000000000002 1.0000000180025095e-35 751.50000000000011 1.0000000180025095e-35 0.029049548550006982 1.0000000180025095e-35 0.0093449173492394354 0.001506055158456856 4.5000000000000009 1.0000000180025095e-35 1.0000000180025095e-35 1.0000000180025095e-35 8.5000000000000018 6.7500000000000009 5.4500000000000011 1.0000000180025095e-35 1.0000000180025095e-35 1.0000000180025095e-35 1.5000000000000002 1.0000000180025095e-35 1.0000000180025095e-35 144.50000000000003 1.0000000180025095e-35
decision_type=2 2 2 2 2 2 2 2 2 2 2 2 2 2 2 2 2 2 2 2 2 2 2 2 2 2 2 2 2 2
left_child=2 13 3 4 10 6 8 -8 9 -6 12 -12 23 14 -2 -16 17 -3 19 -7 21 -20 -23 24 26 -26 27 29 -28 -1
right_child=1 16 -4 -5 5 18 7 -9 -10 -11 11 -13 -14 -15 15 -17 -18 -19 20 -21 -22 22 -24 -25 25 -27 28 -29 -30 -31
leaf_value=0.0036605409356646507 0.024396537114751451 -0.0096056608710194669 0.020993867274271813 0.01690250490221348 -0.049553174025004164 -0.098249150372842861 -0.048163910448095648 0.018599818509020653 0.026933413255703476 0.012478340508506682 -0.048671535062933945 0.026325132574604698 -0.039496601744999471 0.018815402902790851 -0.061097388426101844 0.030341403295484702 0.0261231522438784 0.018358960675242564 -9.3163346489639771e-05 0.029323372763596391 0.012975805807713153 -0.11820425794922776 0.023525798517910191 -0.041363035596087797 0.013270402368528823 -0.037193162045221141 -0.007780297062658161 -0.04190552151833029 0.012232372217107938 -0.048591810583157195
leaf_weight=4717.5632083067612 20.90875094756484 153.09650887176394 486.56031750887632 653.52450147271156 190.28160962887341 25.417159602046013 30.138731929007918 97.901280725374818 26.777898871805519 41.059114361181855 67.769519650493748 31.985598583705723 43.501070968923159 64.449659371748567 55.946564497426152 12.999014779925345 841.94679552689195 508.02075290493667 88.513091906905174 28.951625466346741 445.48813873156905 16.469577983021736 11.798418022692205 29.987607681949157 1732.1811327849573 36.101725348678883 251.63365571771283 46.257617928669788 2321.3437038658303 32.35310524905799
leaf_count=32689 16 435 254 546 2047 151 189 103 22 80 1355 23 2539 38 446 2 344 305 111 6 355 99 4 886 22531 1864 4829 1288 12429 636
internal_value=0.00766855 0.0172439 0.00628158 0.005627 0.00491095 -0.00554067 -0.0203169 0.00263316 -0.0316675 -0.0385373 0.00603711 -0.0246019 0.00637156 -0.00829713 -0.0277371 -0.0436702 0.0198697 0.0118784 0.00373056 -0.0310135 0.00713925 -0.0150468 -0.0602667 0.0065935 0.0067554 0.0122197 0.00544272 0.0028499 0.0102729 0.00329448
internal_weight=13110.9 1657.37 11453.6 10967 10313.5 1002.8 386.159 128.04 258.119 231.341 9310.68 99.7551 9210.92 154.304 89.8543 68.9456 1503.06 661.117 616.638 54.3688 562.269 116.781 28.268 9167.42 9137.43 1768.28 7369.15 4796.17 2572.98 4749.92
internal_count=86622 1586 85036 84782 84236 3167 2441 292 2149 2127 81069 1378 79691 502 464 448 1084 740 726 157 569 214 103 77152 76266 24395 51871 34613 17258 33325
is_linear=0
shrinkage=0.03


Tree=115
num_leaves=31
num_cat=0
split_feature=71 56 9 56 65 14 55 66 55 43 65 60 65 55 55 56 65 4 15 56 56 65 30 65 0 65 55 60 0 17
split_gain=251.171 141.256 114.049 164.059 223.838 150.063 148.332 148.076 130.959 121.773 109.041 105.5 104.357 104.186 107.247 229.346 114.871 118.769 108.26 139.235 98.4879 94.4546 96.056 134.605 91.4577 140.618 197.553 143.021 115.984 89.3683
threshold=1.0000000180025095e-35 0.048022201973341977 1.0000000180025095e-35 0.002195863684994514 118.50000000000001 1.0000000180025095e-35 0.0055922520620867834 1.0000000180025095e-35 0.0090829550563634089 1.0000000180025095e-35 51.500000000000007 1.0000000180025095e-35 361.50000000000006 0.051588093059875891 0.031781826281211616 0.033474976598428303 71.500000000000014 1.0000000180025095e-35 1.0000000180025095e-35 0.0072401483730347776 0.0093449173492394354 148.50000000000003 1.0000000180025095e-35 440.50000000000006 4.4500000000000011 138.50000000000003 0.00027236291111624674 1.5000000000000002 6.3500000000000005 1.0000000180025095e-35
decision_type=2 2 2 2 2 2 2 2 2 2 2 2 2 2 2 2 2 2 2 2 2 2 2 2 2 2 2 2 2 2
left_child=1 2 5 8 -5 9 -7 21 12 10 -1 -3 -4 14 16 -16 17 -12 19 -18 -2 -6 -23 -24 -20 26 -26 -28 -27 -21
right_child=20 11 3 4 7 6 -8 -9 -10 -11 13 -13 -14 -15 15 -17 18 -19 24 29 -22 22 23 -25 25 28 27 -29 -30 -31
leaf_value=-0.050032260153364629 0.011330432755225033 -0.02705075867882873 0.025276148166700006 -0.052344947905278091 0.012867234071358319 -0.029254008117241215 0.020794382996552951 0.0093724677052005566 -0.034557723189769123 -0.055105274366804957 0.029267564860395664 0.013720074540906266 -0.035654419032605071 0.019185419392727256 -0.043007177121426689 0.010670626179374669 -0.034174565423807438 -0.048452525677032204 0.049639833816841172 -0.042535382386495353 0.026053315777293001 -0.016099560921757509 -0.05588157441539137 0.038906642990173546 0.048546407755298941 -0.040784045180971333 -0.041516947041438941 0.011144219171111363 0.0061466442500762207 0.0037084383620060849
leaf_weight=32.484141084016301 1007.1552542792633 58.070927619934082 328.86315420779283 90.462618896272033 139.99471293820534 56.433236083103111 762.65590662043542 505.5771493432112 42.483630625647493 30.571662767557427 240.76203029998578 1819.4344523735344 26.534081546997186 393.02971601765603 134.47282522398746 151.36771469190717 145.9967310198117 18.201154688897077 39.489500643336214 40.412000948330387 690.9014043379575 916.36094348086044 16.279098037164658 61.16600545682013 35.117544525652193 46.932687612832524 166.48717425088398 63.709667438874021 4335.579920157732 408.82506888505304
leaf_count=333 1388 153 3048 1762 1223 4150 5362 1807 1388 551 653 1429 1169 345 1025 155 11455 220 418 658 241 14991 399 135 55 1632 4475 169 22702 2916
internal_value=0.00658984 0.00494616 0.00341959 -0.00267216 -0.00666817 0.00524462 0.0173147 -0.0041173 0.0146742 0.0036687 0.00396483 0.0124453 0.0206398 0.00425481 0.00324468 -0.0146438 0.00416988 0.0236397 0.00321113 -0.00883079 0.0173327 -0.0101355 -0.0133855 0.0185236 0.00474187 0.0043498 -0.0168186 -0.0269572 0.00563487 -0.000536749
internal_weight=12805.8 11107.8 9230.25 2127.72 1729.84 7102.53 819.089 1639.38 397.881 6283.44 6252.87 1877.51 355.397 6220.38 5827.35 285.841 5541.51 258.963 5282.55 595.234 1698.06 1133.8 993.806 77.4451 4687.32 4647.83 265.314 230.197 4382.51 449.237
internal_count=86407 84778 83196 25922 20317 57274 9512 18555 5605 47762 47211 1582 4217 46878 46533 1180 45353 873 44480 15029 1629 16748 15525 534 29451 29033 4699 4644 24334 3574
is_linear=0
shrinkage=0.03


Tree=116
num_leaves=31
num_cat=0
split_feature=71 56 65 56 62 57 65 60 47 9 55 55 37 57 65 58 65 56 19 64 9 65 65 55 55 53 55 65 72 60
split_gain=228.596 112.364 105.209 143.952 104.522 155.704 131.139 104.04 95.8402 152.091 91.3467 101.164 89.1838 102.283 117.593 94.8557 142.011 140.305 132.749 127.836 120.026 183.876 160.054 148.204 267.045 187.315 166.412 150.191 161.286 183.805
threshold=1.0000000180025095e-35 0.048022201973341977 751.50000000000011 0.047574675621158906 1.0000000180025095e-35 4.5000000000000009 502.50000000000006 1.0000000180025095e-35 1.0000000180025095e-35 1.0000000180025095e-35 0.077177660430596665 0.027897052336334126 1.0000000180025095e-35 3.5000000000000004 286.50000000000006 1.0000000180025095e-35 601.50000000000011 0.0025456504647815609 1.0000000180025095e-35 1.0000000180025095e-35 1.0000000180025095e-35 196.50000000000003 71.500000000000014 0.021765767382888639 0.0069990775907807388 1.0000000180025095e-35 0.0066168109075340131 321.50000000000006 1.0000000180025095e-35 2.5000000000000004
decision_type=2 2 2 2 2 2 2 2 2 2 2 2 2 2 2 2 2 2 2 2 2 2 2 2 2 2 2 2 2 2
left_child=1 2 3 8 -2 6 -6 10 12 -10 11 -3 15 14 -14 16 18 -17 19 20 21 -1 -22 24 25 26 -23 28 29 -25
right_child=4 7 -4 -5 5 -7 -8 -9 9 -11 -12 -13 13 -15 -16 17 -18 -19 -20 -21 22 23 -24 27 -26 -27 -28 -29 -30 -31
leaf_value=0.0068901062225384174 0.021228479670964043 0.0068538931480926751 0.014353031480133834 -0.096439644931110055 -0.033884741220059869 0.0202168320329052 0.019423292059973618 0.012986526728583785 0.025541888085955054 -0.060527756308240366 0.011699807072874388 -0.10475557458013381 -0.049389312897024272 0.037376163865668256 0.016213469549842298 -0.044607416940221731 -0.032347751052095274 0.0071052933719552578 -0.02680955905122602 -0.036402560263781462 -0.047092671460795259 -0.01747647564875663 0.010288948756614931 -0.0015975835230202014 -0.035318171995344039 0.044147824416429851 0.019453041212294346 0.016544759072794069 0.032540623297438911 -0.041899083302432541
leaf_weight=1350.2193427643506 1262.6121698273346 11.517172433435919 764.184790431289 12.151801705360411 125.56828086823225 233.91300803422928 61.027154006063938 1827.687701959163 272.33892083656974 18.877726802485995 27.519546687602997 18.46541652828455 31.373115317721386 136.46302969835233 101.2999828819884 47.072072024777299 123.4157793239865 2708.4337504561408 158.81696420532535 79.988423820817843 44.112000232329592 476.67461710365023 1471.3066646837397 299.65265625331085 376.71994253812591 65.063378490740433 141.7046222127392 357.2439920331235 72.754204027354717 153.35684557398781
leaf_count=9539 704 13 3718 68 697 160 53 1503 442 219 23 111 582 123 409 2841 2606 21458 8993 1441 719 10224 12683 879 4111 67 1018 503 20 559
internal_value=0.00661413 0.00505732 0.00369783 0.0027382 0.0169167 0.00395066 -0.0164394 0.0117319 0.00289155 0.0197745 -0.0276853 -0.0630457 0.00228931 0.0192406 0.000446999 0.0017114 -0.000684413 0.00620603 9.60197e-05 0.000975376 0.00160455 -0.00161076 0.00858869 -0.00751812 -0.0150739 -0.00387976 -0.00899615 0.00156033 -0.00863332 -0.015303
internal_weight=12831.5 11148.4 9263.22 8499.04 1683.12 420.508 186.595 1885.19 8486.89 291.217 57.5021 29.9826 8195.67 269.136 132.673 7926.54 5171.03 2755.51 5047.61 4888.8 4808.81 3293.39 1515.42 1943.17 1060.16 683.443 618.379 883.008 525.764 453.01
internal_count=86486 84872 83222 79504 1614 910 750 1650 79436 661 147 124 78775 1114 991 77661 53362 24299 50756 41763 40322 26920 13402 17381 15420 11309 11242 1961 1458 1438
is_linear=0
shrinkage=0.03


Tree=117
num_leaves=31
num_cat=0
split_feature=56 56 51 72 39 63 26 55 55 55 55 54 55 56 36 48 56 56 55 9 55 35 56 37 55 55 56 58 57 0
split_gain=191.434 149.462 111.261 103.412 106.527 82.6541 75.5246 124.067 144.758 124.316 78.304 139.907 173.029 139.452 120.448 118.648 125.874 187.155 149.625 217.041 107.017 109.545 94.1767 183.98 112.77 147.414 125.617 116.955 104.567 98.1363
threshold=0.048022201973341977 0.0013997099996706566 1.0000000180025095e-35 1.0000000180025095e-35 1.0000000180025095e-35 1.0000000180025095e-35 1.0000000180025095e-35 0.034771930691627664 0.0042056916755157572 0.0034659485706130546 0.0040872057278096563 1.0000000180025095e-35 0.000661284296626267 0.0070793993871210567 1.0000000180025095e-35 1.0000000180025095e-35 0.0039470903806293018 0.0045541502434662514 0.025074921457035035 1.0000000180025095e-35 0.0055761826431144886 1.0000000180025095e-35 0.0064957980922481463 1.0000000180025095e-35 0.005786946757218134 0.0097125389833710302 0.0045737869771021837 1.5000000000000002 10.500000000000002 7.0500000000000007
decision_type=2 2 2 2 2 2 2 2 2 2 2 2 2 2 2 2 2 2 2 2 2 2 2 2 2 2 2 2 2 2
left_child=1 -1 3 4 6 -2 10 8 9 -8 11 12 -3 15 -15 16 20 -18 22 -20 -12 -22 24 28 26 27 -19 -26 -24 -28
right_child=5 2 -4 -5 -6 -7 7 -9 -10 -11 13 -13 -14 14 -16 -17 17 18 19 -21 21 -23 23 -25 25 -27 29 -29 -30 -31
leaf_value=-0.035259565918535352 0.012193190389151096 -0.038278190094946034 -0.050899509760651621 0.01706682771668433 -0.03214850759594591 0.027008733943957176 -0.043990911902124133 0.024687451497441337 -0.048465214905138193 0.027237059979626579 0.024036713934205867 -0.0070805405669577453 0.017710254219232845 0.0079802789907707956 -0.062212861660704874 0.022660327263292656 -0.047778568433068248 0.03703340965989619 0.014386648678047056 -0.044383996911679775 -0.0014196806784194372 0.049198157859571823 -0.039196783137608597 0.033559392977511551 0.016570240419691976 -0.024184017144009657 0.0053367457633648439 -0.069762619745988783 0.021662827093521433 -0.039768063066538697
leaf_weight=80.142125985206803 1847.5460262866691 50.69799916743068 30.263689235667698 682.68198424461298 68.026914117159322 415.50143471732736 32.274520608247258 65.685875151306391 96.912305768113583 64.410836988128722 228.78750018193386 296.59633339388529 1323.3784762704163 4669.1556204755907 21.117714279447682 183.71881573740393 95.477757593092974 28.663218458998017 499.4243402169086 62.781616075662896 814.21789804927539 39.38603404443711 258.70288140838966 41.722437898046337 343.04109961766517 129.58495695027523 57.369045608880697 13.751762834959662 27.530776818282902 174.72390161815565
leaf_count=6907 1601 2314 604 902 876 133 1119 37 2555 402 889 8987 13846 16376 265 287 2322 55 1010 445 6405 81 6683 131 3542 1074 2985 213 40 3099
internal_value=0.00701272 0.00530312 0.00561905 0.00578889 0.00499242 0.0149241 0.0052584 -0.0106853 -0.0227522 0.00325353 0.00570116 0.0115866 0.0156182 0.00442105 0.00765104 -0.000631546 -0.00215909 -0.00717121 -0.0047755 0.00775657 0.00586391 0.000970706 -0.0113301 -0.0247076 -0.00543287 0.00310571 -0.0213106 0.0130571 -0.0332881 -0.0286439
internal_weight=12743.3 10480.2 10400.1 10369.8 9687.14 2263.05 9619.11 259.284 193.598 96.6854 9359.83 1670.67 1374.08 7689.16 4690.27 2998.88 2815.17 1732.77 1637.3 562.206 1082.39 853.604 1075.09 327.956 747.134 486.378 260.756 356.793 286.234 232.093
internal_count=86185 84451 77544 76940 76038 1734 75162 4113 4076 1521 71049 25147 16160 45902 16641 29261 28974 21599 19277 1455 7375 6486 17822 6854 10968 4829 6139 3755 6723 6084
is_linear=0
shrinkage=0.03


Tree=118
num_leaves=31
num_cat=0
split_feature=71 62 59 65 5 51 38 59 65 24 57 0 26 65 54 0 60 27 0 65 65 57 65 65 60 65 72 60 17 65
split_gain=187.13 110.025 236.375 94.6521 83.2922 82.7112 73.1991 66.0023 110.758 102.299 132.736 83.1945 68.3645 129.633 76.514 157.728 175.428 120.377 103.972 125.045 118.236 245.142 177.134 174.102 185.831 124.939 111.17 107.23 100.338 98.8144
threshold=1.0000000180025095e-35 1.0000000180025095e-35 1.0000000180025095e-35 352.50000000000006 1.0000000180025095e-35 1.0000000180025095e-35 1.0000000180025095e-35 1.5000000000000002 407.50000000000006 1.0000000180025095e-35 2.5000000000000004 8.1500000000000004 1.0000000180025095e-35 308.50000000000006 1.0000000180025095e-35 6.6500000000000012 1.0000000180025095e-35 1.0000000180025095e-35 8.3500000000000032 58.500000000000007 292.50000000000006 4.5000000000000009 395.50000000000006 272.50000000000006 1.5000000000000002 428.50000000000006 1.0000000180025095e-35 1.0000000180025095e-35 1.0000000180025095e-35 51.500000000000007
decision_type=2 2 2 2 2 2 2 2 2 2 2 2 2 2 2 2 2 2 2 2 2 2 2 2 2 2 2 2 2 2
left_child=4 -2 3 -3 5 6 7 9 -9 12 11 -11 14 -14 15 16 -1 29 19 -16 21 23 -22 24 -21 -24 27 -27 -20 -17
right_child=1 2 -4 -5 -6 -7 -8 8 -10 10 -12 -13 13 -15 18 17 -18 -19 28 20 22 -23 25 -25 -26 26 -28 -29 -30 -31
leaf_value=-0.038267547721312849 0.021155927397460181 -0.046634116093228192 0.020573894199036762 0.0012282847696648191 -0.043642451126661132 -0.045487446100485329 -0.045176181797012466 0.019557626420101761 -0.016232710451345261 -0.047388066684798023 0.0091358964244975787 0.008070304413540003 -0.026638901361146158 0.014994179195037302 -0.034957732032642651 -0.055410288619401289 0.02125135544876787 -0.02650986448974257 0.0060560161014161611 0.0069386972946200035 -0.04218588468769538 -0.051794222982313641 0.022678364267131608 0.031430576786579505 -0.0405583341346889 0.018345155437517177 0.035771604102674964 -0.029308596914213465 0.034415323891451244 0.0068926222331324345
leaf_weight=45.722417806275189 1196.0756344143301 87.395949672907591 257.96110232360661 64.10304968059063 29.821819047385361 27.29428658564575 24.228316617547534 603.71715271275025 88.541926406440325 100.29964061480132 122.26668887905544 31.699784033349715 156.86875823594164 116.47981636424083 99.275819100497756 22.013663780177012 1014.335551919532 99.281865518860286 1110.4148821975687 724.72972673707409 130.39588458571234 62.965997822233476 125.58433883188991 234.12806855677627 81.573204977845307 52.53192899224814 36.158002160023898 209.24728614269407 124.02517040586099 5784.9302385349292
leaf_count=3629 677 604 208 119 883 627 1085 3431 1559 8781 1805 182 2934 1128 787 157 6111 1458 4795 8543 3330 867 591 940 1564 1020 16 4032 147 24328
internal_value=0.006985 0.0165641 0.00313194 -0.0265071 0.00561762 0.00575232 0.00588122 0.00599593 0.0149631 0.00540251 -0.01336 -0.0341091 0.00587008 -0.00890814 0.00627662 0.00799966 0.0186505 0.00608519 0.00226225 -0.00242651 -0.000457933 0.00521889 -0.0117551 0.0087157 0.00208916 -0.00230866 -0.0128816 -0.0197124 0.00893085 0.00664694
internal_weight=12864.1 1605.54 409.46 151.499 11258.5 11228.7 11201.4 11177.2 692.259 10484.9 254.266 131.999 10230.7 273.349 9957.31 6966.28 1060.06 5906.23 2991.03 1756.59 1657.31 1103.4 553.917 1040.43 806.303 423.522 297.937 261.779 1234.44 5806.94
internal_count=86338 1608 931 723 84730 83847 83220 82135 4990 77145 10768 8963 66377 4062 62315 35683 9740 25943 26632 21690 20903 11914 8989 11047 10107 5659 5068 5052 4942 24485
is_linear=0
shrinkage=0.03


Tree=119
num_leaves=31
num_cat=0
split_feature=56 63 6 57 33 31 12 36 36 33 57 56 0 62 32 54 9 17 44 72 66 56 0 56 4 59 53 56 56 66
split_gain=205.956 221.196 155.001 121.486 122.865 110.355 177.682 218.807 130.871 92.19 117.785 104.423 89.519 88.4176 95.9754 86.9213 80.7536 136.797 159.423 120.825 98.6573 183.92 163.452 111.1 84.065 72.2705 71.8638 70.7358 70.3517 69.3907
threshold=0.0074326147304572326 1.0000000180025095e-35 1.0000000180025095e-35 4.5000000000000009 1.0000000180025095e-35 1.0000000180025095e-35 1.0000000180025095e-35 1.0000000180025095e-35 1.0000000180025095e-35 1.0000000180025095e-35 4.5000000000000009 0.02231702036974894 9.7000000000000011 1.0000000180025095e-35 1.0000000180025095e-35 1.0000000180025095e-35 1.0000000180025095e-35 1.0000000180025095e-35 1.0000000180025095e-35 1.0000000180025095e-35 1.0000000180025095e-35 0.0021661074635644776 7.0500000000000007 0.006175010396599955 1.0000000180025095e-35 1.5000000000000002 1.0000000180025095e-35 0.0013997099996706566 0.0029614265517496591 1.0000000180025095e-35
decision_type=2 2 2 2 2 2 2 2 2 2 2 2 2 2 2 2 2 2 2 2 2 2 2 2 2 2 2 2 2 2
left_child=3 2 -2 4 5 6 7 16 15 10 13 -12 -7 25 -15 -8 17 26 -19 20 21 27 23 -23 -25 -4 -1 -18 -22 -13
right_child=1 -3 9 -5 -6 12 8 -9 -10 -11 11 29 -14 14 -16 -17 19 18 -20 -21 28 22 -24 24 -26 -27 -28 -29 -30 -31
leaf_value=0.0054628816952598473 -0.019744632373504906 0.023897582876263545 0.0094406444758046246 0.010680942695904985 -0.041269893428071809 0.021230001277642317 -0.029736678900749377 -0.05343287000372219 0.04079536128538281 0.034867195904268157 -0.05307827632887837 -0.0079003100538880874 -0.04832560275968624 -0.035346636846021406 0.023094319591311054 -0.0054569953984138636 -0.033057782769564462 -0.038594323531121244 0.026533837189776345 0.023829669382798093 -0.044276088543617573 -0.035019544261480018 -0.035199533572223746 -0.035936641905396249 0.026426714268533387 0.028255680137685861 0.036317468078453548 0.015576752008880116 0.01008883260958166 0.011883982519003994
leaf_weight=2917.6037294723501 184.72926651965827 828.72144480096176 3561.9408114254475 1137.7203211020387 63.469571674009785 302.90381658202386 323.16508078799234 63.653691050596535 33.166603380581364 112.94263442791998 35.333483738824725 450.33615463972092 16.688796960981563 76.606622858438641 36.689423661679029 225.58783422017586 30.177172784111463 125.96947480275412 45.309030178701505 121.36109424335882 22.072742811345961 56.470828319317661 348.58043724065647 22.891587561112829 105.43590446060989 193.06656901538372 68.599315043888055 197.71897933923174 301.2046498239506 245.80304180458188
leaf_count=21669 539 377 5805 5802 1459 1093 18234 1135 63 58 284 987 146 341 17 4742 1943 6507 425 136 454 3229 5391 1349 935 65 150 1725 1199 203
internal_value=0.00541953 0.00957193 0.00714343 0.00177723 -0.00010309 0.000394908 -0.000697084 0.00135271 -0.0162668 0.00820135 0.00753916 -0.00349666 0.0174585 0.00962634 -0.0163848 -0.0197836 0.00216399 0.00468583 -0.0213117 -0.00443744 -0.00761956 -0.0135106 -0.0231362 -0.000314504 0.0151102 0.0104153 0.0061836 0.00902046 0.00625181 -0.000907556
internal_weight=12255.9 5726.17 4897.45 6529.75 5392.03 5328.56 5008.97 4427.05 581.92 4712.72 4599.78 731.473 319.593 3868.3 113.296 548.753 4363.39 3157.48 171.279 1205.91 1084.55 761.275 533.379 184.798 128.327 3755.01 2986.2 227.896 323.277 696.139
internal_count=86462 8676 8299 77786 71984 70525 69286 46247 23039 7760 7702 1474 1239 6228 358 22976 45112 28751 6932 16361 16225 14572 10904 5513 2284 5870 21819 3668 1653 1190
is_linear=0
shrinkage=0.03


Tree=120
num_leaves=31
num_cat=0
split_feature=71 55 65 65 11 59 65 62 58 7 51 25 32 65 60 55 59 65 55 55 72 65 26 65 65 58 52 64 59 65
split_gain=179.438 113.601 103.406 141.85 125.768 97.4997 89.1938 97.4999 126.594 83.8878 81.0682 80.323 72.0118 92.983 74.6576 137.511 106.84 136.158 114.351 99.0852 97.4836 93.4573 100.29 98.9247 136.028 102.686 123.799 81.0395 82.266 199.732
threshold=1.0000000180025095e-35 0.030522028566488325 476.50000000000006 536.50000000000011 1.0000000180025095e-35 1.5000000000000002 373.50000000000006 1.0000000180025095e-35 1.5000000000000002 1.0000000180025095e-35 1.0000000180025095e-35 1.0000000180025095e-35 1.0000000180025095e-35 176.50000000000003 1.0000000180025095e-35 0.00095627457833280299 1.5000000000000002 51.500000000000007 0.051588093059875891 0.0073991022256974679 1.0000000180025095e-35 138.50000000000003 1.0000000180025095e-35 298.50000000000006 437.50000000000006 2.5000000000000004 1.0000000180025095e-35 1.0000000180025095e-35 1.0000000180025095e-35 302.50000000000006
decision_type=2 2 2 2 2 2 2 2 2 2 2 2 2 2 2 2 2 2 2 2 2 2 2 2 2 2 2 2 2 2
left_child=2 6 10 -4 9 -6 7 -2 11 -5 12 -9 14 -14 15 -1 17 18 -16 -19 27 -17 23 -23 25 26 -25 28 29 -21
right_child=1 -3 3 4 5 -7 -8 8 -10 -11 -12 -13 13 -15 16 21 -18 19 -20 20 -22 22 -24 24 -26 -27 -28 -29 -30 -31
leaf_value=0.026320757522050771 0.010749928199052754 0.026481479319071907 -0.029800609484681478 -0.044456340901180134 0.005570273338425108 -0.053420112515231578 0.020132800494889178 -0.060328888978479871 0.0043239384502209216 0.0082628750906844368 -0.046472924576090743 0.01976193582158009 0.027073781235722075 0.005750178792199058 -0.050211960293539554 -0.021521775846193476 0.021049990749095134 0.011575889303289807 0.024742585625805256 -0.0055509845117055227 0.025190396579888832 0.0065943467114123449 -0.031474790520185959 -0.042377205504372739 0.01709253375501096 0.012870841669213354 0.032023191814499571 -0.0347780119181752 0.0093950113474245197 0.012037975210911937
leaf_weight=166.91703070802032 374.88545463327318 584.56770446524024 151.91993531113258 84.059069332754007 1054.5109162931039 24.838799438322894 425.31658727210015 60.801876889541745 112.92171962559223 39.503211315051885 25.183961872186046 13.2713475972414 334.57465013116598 409.13682773755863 66.796675085206516 196.78826320479857 459.56157279608306 2328.285306094971 24.400953978300095 1755.4591336994781 183.37142045469955 1111.773487381899 83.124343648494687 172.0615224459907 103.68555914057652 53.61664183542598 22.04105220339261 49.79053614474833 1343.2818576828577 867.27470165491104
leaf_count=1661 354 217 2655 2389 6482 754 310 522 196 280 590 13 448 1094 458 9037 1268 23521 11 5857 130 14645 2095 4971 898 92 39 245 3285 1982
internal_value=0.00652285 0.0160078 0.00517989 -0.00258489 0.000874176 0.00416455 0.00978537 0.001931 -0.0157122 -0.0276708 0.00625823 -0.0459073 0.00639945 0.0153665 0.00565586 0.000392178 0.00707597 0.00610266 -0.0301062 0.00661308 0.0038593 -0.00210439 0.000379051 0.00220895 -0.0116449 -0.0236936 -0.0338079 0.00287924 0.00336065 0.000267631
internal_weight=12683.7 1571.76 11112 1354.83 1202.91 1079.35 987.197 561.88 186.995 123.562 9757.13 74.0732 9731.94 743.711 8988.23 1910.01 7078.22 6618.66 91.1976 6527.46 4199.18 1743.09 1546.3 1463.18 351.405 247.719 194.103 4015.81 3966.02 2622.73
internal_count=86499 1612 84887 12560 9905 7236 1395 1085 731 2669 72327 535 71737 1542 70195 33438 36757 35489 469 35020 11499 31777 22740 20645 6000 5102 5010 11369 11124 7839
is_linear=0
shrinkage=0.03


Tree=121
num_leaves=31
num_cat=0
split_feature=58 60 65 63 65 57 59 65 65 65 55 31 55 57 65 18 65 67 27 11 57 6 25 59 65 65 65 65 44 13
split_gain=165.975 137.231 163.567 154.12 107.331 110.945 107.27 128.53 105.9 98.459 155.75 93.5376 91.7559 110.829 109.626 90.3054 173.785 119.731 93.9753 89.9958 172.577 106.408 102.095 106.162 211.801 128.719 79.1119 208.791 91.3878 88.6835
threshold=1.0000000180025095e-35 1.0000000180025095e-35 138.50000000000003 1.0000000180025095e-35 182.50000000000003 2.5000000000000004 1.5000000000000002 407.50000000000006 55.500000000000007 196.50000000000003 0.003866179080688759 1.0000000180025095e-35 0.0045490574989296342 4.5000000000000009 148.50000000000003 1.0000000180025095e-35 595.50000000000011 1.0000000180025095e-35 1.0000000180025095e-35 1.0000000180025095e-35 4.5000000000000009 1.0000000180025095e-35 1.0000000180025095e-35 1.0000000180025095e-35 323.50000000000006 413.50000000000006 118.50000000000001 55.500000000000007 1.0000000180025095e-35 1.0000000180025095e-35
decision_type=2 2 2 2 2 2 2 2 2 2 2 2 2 2 2 2 2 2 2 2 2 2 2 2 2 2 2 2 2 2
left_child=6 2 8 4 5 11 15 -8 -2 -6 -11 -3 -4 14 -14 19 18 -18 -17 22 21 -21 23 24 -1 -26 27 -23 -28 -29
right_child=1 3 12 -5 9 -7 7 -9 -10 10 -12 -13 13 -15 -16 16 17 -19 -20 20 -22 26 -24 -25 25 -27 28 29 -30 -31
leaf_value=-0.047069922179331737 0.026490180449743737 -0.058463702232160387 0.016436698135044118 0.0231943548721412 0.033060608105018138 0.0025308432849681763 0.022858372784930865 -0.028468700461964359 -0.036785265291892494 -0.04852625138624881 0.011584824472649099 0.027409276008441452 0.02602535095512705 0.017364997450167275 -0.0078805132805247046 0.0024142320398842908 -0.037688763884860574 0.0020517785013273891 -0.041617398232802701 -0.047525725741904869 -0.05193940904084323 0.022729812552591513 0.033192217776636543 0.0082541399427720746 0.021925562206232388 -0.04773481999702648 0.016269819200244229 0.021965122091985513 -0.045981491695174653 -0.06903910979318198
leaf_weight=131.43952304701088 28.66548185236752 54.362557232700055 655.48517647775589 1227.6195705188438 178.41994236945175 221.79127281735418 424.90792894910555 48.101948522729799 123.50353409373201 40.085750386351719 700.50966690474888 13.739929577335714 96.913693766458891 312.66962832282297 694.8293005853775 5086.8354256989842 171.90601847227663 112.54270516615361 43.003566441650037 25.180864477588329 37.20535289295367 82.036051309376489 61.651260077022016 212.73020725266542 105.11110226833262 29.817078422318446 1534.5488517939812 11.557529444631653 20.584824229939841 46.820242236368358
leaf_count=5339 143 752 5609 711 187 671 1713 1058 5682 880 1631 12 527 688 9000 25418 2092 335 561 832 1238 196 108 2726 917 1291 14446 22 442 1204
internal_value=0.00625388 0.0109898 0.00497004 0.0157098 0.00809649 -0.00779955 0.00373702 0.0175897 -0.0247704 0.0131138 0.00827018 -0.0409926 0.00755414 0.00227211 -0.00370265 0.00288532 0.000769719 -0.0220132 0.00203707 0.00786587 0.0111566 0.0125502 -0.00283291 -0.00752818 -0.0201162 0.00629375 0.0134699 -0.00804904 0.0154168 -0.0509558
internal_weight=12534.6 4348.6 1912.07 2436.53 1208.91 289.894 8185.98 473.01 152.169 919.015 740.595 68.1025 1759.9 1104.41 791.743 7712.97 5414.29 284.449 5129.84 2298.68 1757.93 1720.73 540.749 479.098 266.368 134.928 1695.55 140.414 1555.13 58.3778
internal_count=86431 26493 21649 4844 4133 1435 59938 2771 5825 2698 2511 764 15824 10215 9527 57167 28406 2427 25979 28761 18380 17142 10381 10273 7547 2208 16310 1422 14888 1226
is_linear=0
shrinkage=0.03


Tree=122
num_leaves=31
num_cat=0
split_feature=56 63 65 0 55 65 55 56 65 58 56 65 65 31 55 57 55 0 59 20 65 14 59 0 65 55 0 65 57 18
split_gain=212.3 126.345 143.049 218.162 132.949 147.31 243.968 189.52 249.705 100.392 142.963 159.071 349.006 103.471 96.6295 151.214 93.1146 224.07 82.8427 102.906 189.756 82.2628 109.31 159.984 131.443 104.304 80.8889 79.2497 75.8705 109.31
threshold=0.032660197162707801 1.0000000180025095e-35 567.50000000000011 7.5500000000000007 0.015259018883957556 290.50000000000006 0.030522028566488325 0.05207135636207947 219.50000000000003 1.5000000000000002 0.028844060225861869 444.50000000000006 158.50000000000003 1.0000000180025095e-35 0.029395112010871392 1.5000000000000002 0.028894404390139527 9.7000000000000011 1.5000000000000002 1.0000000180025095e-35 166.50000000000003 1.0000000180025095e-35 1.0000000180025095e-35 9.5000000000000018 1271.5000000000002 0.0055922520620867834 7.1500000000000012 51.500000000000007 6.5000000000000009 1.0000000180025095e-35
decision_type=2 2 2 2 2 2 2 2 2 2 2 2 2 2 2 2 2 2 2 2 2 2 2 2 2 2 2 2 2 2
left_child=9 2 4 -4 -2 6 7 14 26 10 21 12 13 -12 -6 -16 17 -10 19 -8 27 -1 23 24 -23 -24 -9 -21 29 -11
right_child=1 -3 3 -5 5 -7 18 8 16 28 11 -13 -14 -15 15 -17 -18 -19 -20 20 -22 22 25 -25 -26 -27 -28 -29 -30 -31
leaf_value=0.0018250740287148591 0.027087142590807099 0.025442066408487358 -0.090937799083341792 0.0061545320379508776 -0.0009403481250781022 0.018490367734039701 0.010830471784234246 -0.087828594343287533 -0.16345529364714492 -0.023599111928452338 -0.042886120695976089 0.019731671025616661 -0.075238375717600559 0.021333604284114911 0.010883080191961414 -0.094899372202601084 0.0065184850708320963 0.020940891148349839 0.028200251917109245 -0.0093089623374538206 0.0025386842283700753 -0.024775851301456812 -0.040454581135728737 0.020295321009252604 0.038618480607087918 0.027070930546462722 -0.21707720008804382 -0.11416254843465534 0.024121265563673486 0.010511630102950134
leaf_weight=6580.0575582612073 392.66002313792706 545.71151197701693 30.631022281944752 60.649282403290272 347.97660442441702 832.75095417350531 787.69751932471991 13.912456430494787 10.65271757543087 93.233413670328446 30.2764204852283 69.80889162234962 92.348615653812885 80.247950613498688 22.297800116240978 25.274093568325043 35.952881865203381 11.670858308672905 197.05881018191576 9.5236826837062853 96.858369573950768 199.49172445232398 20.930793817678932 214.78373723325785 33.583455461543053 370.13036041456508 7.7300333678722373 20.701783642172813 313.15678040881176 825.9762330846861
leaf_count=64266 276 210 182 71 565 549 707 70 79 1601 135 78 599 58 41 142 35 5 61 16 118 10231 2046 391 45 1760 73 121 292 1575
internal_value=0.00588713 0.0122064 0.00971131 -0.0270592 0.0109138 0.00827954 0.00291436 -0.015051 -0.056888 0.00344322 0.00216881 -0.0191252 -0.0325272 0.00351481 -0.00647589 -0.046114 -0.0235925 -0.0702876 0.0106037 0.00678645 -0.0181683 0.00295394 0.0117955 0.00166557 -0.0155155 0.0233628 -0.141541 -0.0824806 0.0113891 0.00702997
internal_weight=12373.7 3449.71 2904 91.2803 2812.72 2420.06 1587.31 475.467 79.9189 8924.03 7691.66 272.682 202.873 110.524 395.548 47.5719 58.2765 22.3236 1111.84 914.781 127.084 7418.98 838.92 447.859 233.075 391.061 21.6425 30.2255 1232.37 919.21
internal_count=86398 3321 3111 253 2858 2582 2033 1010 262 83077 79609 870 792 193 748 183 119 84 1023 962 255 78739 14473 10667 10276 3806 143 137 3468 3176
is_linear=0
shrinkage=0.03


Tree=123
num_leaves=31
num_cat=0
split_feature=71 55 55 55 57 55 0 58 59 65 20 69 15 65 57 65 2 0 65 66 0 59 55 0 6 35 0 65 21 55
split_gain=181.212 111.478 108.63 102.742 184 150.552 113.978 92.8443 83.6972 111.782 108.645 104.937 90.4991 203.361 208.633 185.29 105.248 98.8945 92.5218 338.868 108.358 147.808 153.766 151.572 122.2 98.7311 97.9832 87.242 173.119 85.8391
threshold=1.0000000180025095e-35 0.057612852812660494 0.0073991022256974679 0.038618714460970337 1.5000000000000002 0.048763003506173415 6.9500000000000011 1.5000000000000002 1.5000000000000002 80.500000000000014 1.0000000180025095e-35 1.0000000180025095e-35 1.0000000180025095e-35 751.50000000000011 2.5000000000000004 62.500000000000007 1.0000000180025095e-35 5.4500000000000011 142.50000000000003 1.0000000180025095e-35 4.4500000000000011 1.0000000180025095e-35 0.00027236291111624674 6.3500000000000005 1.0000000180025095e-35 1.0000000180025095e-35 7.5500000000000007 71.500000000000014 1.0000000180025095e-35 0.0035378959508221264
decision_type=2 2 2 2 2 2 2 2 2 2 2 2 2 2 2 2 2 2 2 2 2 2 2 2 2 2 2 2 2 2
left_child=1 3 7 8 -5 6 -6 -2 11 -10 -11 12 13 14 15 17 29 -1 19 20 -14 22 -22 -23 -24 -26 -21 -16 -29 -17
right_child=2 -3 -4 4 5 -7 -8 -9 9 10 -12 -13 18 -15 27 16 -18 -19 -20 26 21 23 24 -25 25 -27 -28 28 -30 -31
leaf_value=0.026659394103902067 -0.0041604218488747345 0.015087224028488709 0.022579876510732514 -0.07098739862619162 -0.010543571065985156 0.014470798015498224 -0.10444292253973871 0.018777842962747444 0.032784877100585794 0.010695012728422694 -0.041798903326738961 -0.046536796675290322 0.056135898487582866 0.019852642393144569 0.037646433871842508 0.028474738580564755 -0.039646883239713805 -0.052978523931729429 0.0062861328750171306 -0.00059242111516199451 0.047243813776442732 -0.081548175965669031 0.032820341360029842 0.016067479613842466 -0.030646851104679261 0.031063535376825241 -0.048242624432353956 0.007807887700691375 -0.04912265281937854 -0.025845405929517732
leaf_weight=85.521088925423101 346.57306144572794 861.38578860647976 885.54505234956741 43.398594565922394 30.306311879307032 127.73677186667919 18.147757776081562 291.67689554858953 207.6101021055365 412.23369055672083 37.833836460427847 36.491975768120028 34.86124659422785 259.79091063150554 62.45633563955198 40.746618370409124 324.90175985058886 15.793459984124636 6709.5677854656242 50.961292986758053 34.612559040542692 13.761760261666494 36.126947384444065 494.17473624530248 258.30668750969926 24.840652771410532 162.60975611174945 338.19920777092921 55.010593298327876 69.302761875791475
leaf_count=127 883 809 448 342 78 120 117 264 382 2998 1856 509 27 1641 115 1561 19598 351 36741 193 76 191 150 1305 5204 82 1317 4031 2602 2186
internal_value=0.00609983 0.00473798 0.0157843 0.00384377 -0.0164049 -0.0026356 -0.047113 0.00633522 0.00430071 0.0146287 0.00619936 0.00355342 0.00376003 -0.0037271 -0.00991651 -0.0225817 -0.0310798 0.0138485 0.00495882 -0.00306092 0.00503772 0.0029081 -0.0119566 0.0132677 -0.018502 -0.0251427 -0.0369283 0.00500573 -0.00026118 -0.00565766
internal_weight=12370.5 10846.7 1523.8 9985.31 219.589 176.191 48.4541 638.25 9765.72 657.678 450.068 9108.04 9071.55 1251.72 991.932 536.266 434.951 101.315 7819.82 1110.26 896.685 861.823 353.887 507.936 319.274 283.147 213.571 455.666 393.21 110.049
internal_count=86304 84709 1595 83900 657 315 195 1147 83243 5236 4854 78007 77498 32212 30571 23823 23345 478 45286 8545 7035 7008 5512 1496 5436 5286 1510 6748 6633 3747
is_linear=0
shrinkage=0.03


Tree=124
num_leaves=31
num_cat=0
split_feature=58 0 71 59 65 57 65 60 60 65 43 60 63 7 36 72 63 40 65 57 9 65 0 23 24 44 24 60 52 57
split_gain=234.519 181.012 143.256 159.135 159.133 141.507 284.586 367.844 158.751 152.149 266.146 126.945 115.18 107.144 94.2097 93.1129 119.591 89.4692 86.3379 136.376 85.2281 95.057 72.7847 74.1352 72.7407 72.504 71.199 191.377 72.5804 70.9649
threshold=1.0000000180025095e-35 6.0500000000000007 1.0000000180025095e-35 1.5000000000000002 407.50000000000006 4.5000000000000009 269.50000000000006 1.5000000000000002 3.5000000000000004 162.50000000000003 1.0000000180025095e-35 1.0000000180025095e-35 1.0000000180025095e-35 1.0000000180025095e-35 1.0000000180025095e-35 1.0000000180025095e-35 1.0000000180025095e-35 1.0000000180025095e-35 158.50000000000003 2.5000000000000004 1.0000000180025095e-35 601.50000000000011 9.7000000000000011 1.0000000180025095e-35 1.0000000180025095e-35 1.0000000180025095e-35 1.0000000180025095e-35 2.5000000000000004 1.0000000180025095e-35 2.5000000000000004
decision_type=2 2 2 2 2 2 2 2 2 2 2 2 2 2 2 2 2 2 2 2 2 2 2 2 2 2 2 2 2 2
left_child=2 -2 3 5 -5 15 7 9 24 -7 -11 13 18 14 20 16 17 25 19 -13 21 -3 23 -21 -8 26 28 -28 -1 -18
right_child=1 11 -4 4 -6 6 8 -9 -10 10 -12 12 -14 -15 -16 -17 29 -19 -20 22 -22 -23 -24 -25 -26 -27 27 -29 -30 -31
leaf_value=0.0012233065851848192 -0.025983664058285016 0.011512189631427073 0.015152258988258848 0.022839678853804439 -0.048793725967681285 0.011821763068882784 -0.042548030243732333 -0.088155324563576956 0.014764452990835539 -0.078896803443331151 0.028434822812016716 -0.058516667818238645 0.023187018893076158 -0.059388956538372291 -0.032484471471275089 0.025194321069715742 -0.01353436747916382 0.021159242789897011 0.012937939223759104 -0.068583091201768781 -0.0071086796064087883 -0.059146275038157267 0.024903796980874186 0.0082184111484688207 0.025526489987502832 -0.048298662334669742 -0.046196006949503279 0.033879762219064496 -0.050895617755609267 -0.069158167660283015
leaf_weight=5417.3485577251704 116.99128106638091 1477.5781311243773 674.06297013070434 414.87581315264106 28.991643293760717 100.82023075013421 76.581343540194212 85.405409300874453 277.54454977123532 58.567043786519207 31.294574522878975 39.369691251864424 1139.3484389497899 21.393455291516148 52.797909177141264 138.43681618385017 57.545660515548661 189.19263310311362 1035.2498399728211 18.279755767202005 287.83888214785838 16.359936058695894 68.77350315451622 26.920036391820759 16.566100247204304 26.564685408142395 86.933186385809677 37.829256865894422 23.155120222363621 31.768186170083936
leaf_count=44478 6593 12180 629 1691 1043 356 1445 690 360 733 22 431 613 303 727 155 213 631 2427 171 2695 235 47 78 59 543 5981 45 423 277
internal_value=0.00505638 0.0106764 0.00194595 0.000690107 0.0180617 -0.000470967 -0.0137929 -0.0367926 0.00338997 -0.0134476 -0.0416167 0.0117075 0.0163726 0.00585046 0.00664317 0.000965048 0.000389469 0.000924464 0.00982643 -0.0111277 0.00782018 0.0106994 0.00560842 -0.0236539 -0.0302986 0.000236184 0.000476491 -0.0218399 0.000992173 -0.033866
internal_weight=12074.4 4300.9 7773.48 7099.42 443.867 6655.55 646.779 276.087 370.692 190.682 89.8616 4183.91 2327.94 1855.97 1834.57 6008.77 5870.34 5781.02 1188.59 153.343 1781.78 1493.94 113.973 45.1998 93.1474 5591.83 5565.27 124.762 5440.5 89.3138
internal_count=86274 26500 59774 59145 2734 56411 3665 1801 1864 1111 755 19907 3767 16140 15837 52746 52591 52101 3154 727 15110 12415 296 249 1504 51470 50927 6026 44901 490
is_linear=0
shrinkage=0.03


Tree=125
num_leaves=31
num_cat=0
split_feature=71 55 55 60 0 16 57 55 55 34 55 57 65 55 57 38 5 62 65 24 60 60 28 55 26 55 22 60 11 17
split_gain=240.735 136.015 113.781 149.04 128.963 121.183 119.312 107.259 120.01 94.3318 94.8976 90.8719 102.162 77.0044 106.876 71.0743 63.6866 63.6825 60.6535 123.759 115.942 101.378 94.041 115.877 89.489 114.761 75.0193 116.891 86.6462 106.346
threshold=1.0000000180025095e-35 0.06386747763884322 0.031824896673176999 1.0000000180025095e-35 6.7500000000000009 1.0000000180025095e-35 14.500000000000002 0.0073991022256974679 0.0072480298081758826 1.0000000180025095e-35 0.028776686551824315 4.5000000000000009 341.50000000000006 0.043885048695051658 8.5000000000000018 1.0000000180025095e-35 1.0000000180025095e-35 1.0000000180025095e-35 263.50000000000006 1.0000000180025095e-35 1.5000000000000002 5.5000000000000009 1.0000000180025095e-35 0.030649897275830201 1.0000000180025095e-35 0.003521635503638119 1.0000000180025095e-35 2.5000000000000004 1.0000000180025095e-35 1.0000000180025095e-35
decision_type=2 2 2 2 2 2 2 2 2 2 2 2 2 2 2 2 2 2 2 2 2 2 2 2 2 2 2 2 2 2
left_child=1 2 9 6 5 -5 -4 8 11 15 -11 12 17 14 -7 16 18 -2 19 21 22 24 -20 -24 26 -26 27 28 29 -1
right_child=7 -3 3 4 -6 13 -8 -9 -10 10 -12 -13 -14 -15 -16 -17 -18 -19 20 -21 -22 -23 23 -25 25 -27 -28 -29 -30 -31
leaf_value=-0.0012886321874477 -0.0039629745121406504 0.016734800549145751 -0.074171557576219294 -0.075214965569360304 0.0015663365946764138 -0.073266790033531412 0.03050929737331939 0.022950840682967207 -0.048884805576015655 -0.046478096079598914 0.013384614505723142 0.021666105646217199 0.015547141611352866 0.010288428052202566 0.028824980628762813 -0.046808070539658318 -0.041157402273562703 -0.042795669821589888 0.0050362789672702604 -0.044460903929635996 0.015814667148388802 -0.080727015228965388 -0.046470959004707275 0.028523190595100795 0.0097872006679133369 -0.047215604078035697 0.026071206418529544 -0.019524310566206925 0.0065391999367861286 -0.046452631206662508
leaf_weight=1070.7156301643699 110.74910474568605 670.56984850391746 47.608451381558552 38.204881180427037 610.65421063930262 29.570956405252218 11.677604675292967 905.66614030115306 31.742161678150296 64.779364204616286 36.797405394725502 311.07083493843675 170.23458178527653 56.263771452009678 12.575363948941229 23.659506544121541 26.785014553868677 57.053235317114741 3337.2230011468637 50.211955630511511 1001.641338897578 12.154069249285383 65.718016159255058 24.905480289133266 56.545653923763894 70.754755428526551 126.59037471047486 201.46932244021446 2936.5524216921476 48.076430660352344
leaf_count=5772 175 550 453 397 1262 249 1 447 173 1317 50 188 173 97 2 1059 848 451 30761 6958 3328 93 1129 29 738 1925 671 770 23950 2438
internal_value=0.00529416 0.00366662 0.0027853 -0.00801021 -0.0043435 -0.0305793 -0.0533885 0.0161916 0.00718001 0.00373719 -0.024873 0.00999262 -0.000781855 -0.0126685 -0.0428432 0.00406092 0.00419938 -0.0173415 0.00433888 0.00191477 0.00684058 0.00243933 0.00421444 -0.0257744 0.00268127 -0.0220166 0.00340339 0.00272332 0.00383312 -0.00326916
internal_weight=12218.2 10631.7 9961.13 806.555 747.269 136.615 59.2861 1586.52 680.85 9154.58 101.577 649.108 338.037 98.4101 42.1463 9053 9029.34 167.802 9002.56 4573.07 4429.49 4522.86 3427.85 90.6235 4510.7 127.3 4383.4 4256.81 4055.34 1118.79
internal_count=86454 84847 84297 2461 2007 745 454 1607 1160 81836 1367 987 799 348 251 80469 79410 626 78562 43315 35247 36357 31919 1158 36264 2663 33601 32930 32160 8210
is_linear=0
shrinkage=0.03


Tree=126
num_leaves=31
num_cat=0
split_feature=63 59 55 26 0 65 11 65 2 60 55 55 55 20 0 60 0 55 41 65 20 65 20 65 15 9 55 65 31 57
split_gain=172.528 148.578 130.186 105.574 103.68 100.604 163.471 134.064 96.5229 126.975 86.2864 86.2722 172.102 114.127 119.801 104.829 98.9215 84.7007 83.9623 101.499 104.539 82.0366 145.653 80.273 79.8094 146.372 234.261 109.126 84.3012 80.0208
threshold=1.0000000180025095e-35 1.5000000000000002 0.0087812165602526738 1.0000000180025095e-35 9.7000000000000011 444.50000000000006 1.0000000180025095e-35 468.50000000000006 1.0000000180025095e-35 1.5000000000000002 0.01115846687889677 0.031781826281211616 0.051588093059875891 1.0000000180025095e-35 7.5500000000000007 3.5000000000000004 5.1500000000000012 0.0029021728080734686 1.0000000180025095e-35 407.50000000000006 1.0000000180025095e-35 80.500000000000014 1.0000000180025095e-35 337.50000000000006 1.0000000180025095e-35 1.0000000180025095e-35 0.030810663257538635 172.50000000000003 1.0000000180025095e-35 1.5000000000000002
decision_type=2 2 2 2 2 2 2 2 2 2 2 2 2 2 2 2 2 2 2 2 2 2 2 2 2 2 2 2 2 2
left_child=1 3 4 5 -2 11 -7 -8 9 -9 -5 13 18 16 15 17 -1 -15 19 20 -13 -3 -23 -17 25 26 28 -27 -19 -26
right_child=2 21 -4 10 -6 6 7 8 -10 -11 -12 12 -14 14 -16 23 -18 24 -20 -21 -22 22 -24 -25 29 27 -28 -29 -30 -31
leaf_value=-0.044639649280751127 -0.0022085624604953709 0.032742667472170049 0.02123879406767951 -0.040573255058708783 0.015989735233023234 -0.036738431150562613 -0.054714147100497754 -0.037489649644280192 0.0042916099825636902 0.022059687005649895 0.001734559334249637 -0.018716025331945104 0.0072733380304235741 -0.010724591421481513 -0.043918015476133831 -0.052119248871588406 0.0034762428632665304 -0.042467013782469802 0.024979181648425171 0.018330935843238194 -0.061520415123557493 0.01439902273494376 -0.04696271311608656 0.023975916439479394 0.012749582982862689 -0.04150293268009031 0.037501437455931812 0.036313976256682048 0.020516259632311056 0.032334118360995798
leaf_weight=37.739843578834552 628.01232977875043 196.48438864719355 896.90608767257072 92.92052257998148 509.72670101374388 132.94285633071559 40.192897534812801 115.01693366421387 893.7014890795399 43.857698513776995 80.486131484387442 373.05767208285397 582.85750403953716 96.172664134326624 31.533418570877984 35.426271363859996 5313.7390178192582 115.01432258673594 39.990633852779865 54.984341266565025 58.967721367022023 480.41058962180978 36.559638898179401 18.248761950060725 330.31026040369761 17.387733502080664 62.359121843939647 146.22760379355168 22.274086749646813 440.43411158432718
leaf_count=3191 1853 392 642 3775 439 3597 713 2141 5767 103 189 1609 741 6524 484 233 37150 4288 25 73 627 2936 1799 25 3302 501 42 954 119 1993
internal_value=0.00474381 0.00310629 0.0126975 0.00208002 0.00595147 0.00252763 -0.00545757 -0.00162193 0.000455423 -0.0210158 -0.0210389 0.00378674 -0.00395493 0.00507592 0.0129897 0.0144206 0.00312864 0.0162164 -0.0163635 -0.0198026 -0.024687 0.0162839 0.00997729 -0.0262826 0.0185087 0.00689076 -0.0103327 0.0278423 -0.032174 0.0239684
internal_weight=11923.9 9889.3 2034.65 9175.84 1137.74 9002.44 1225.71 1092.77 1052.58 158.875 173.407 7776.73 1109.86 6666.87 1315.39 1283.85 5351.48 1230.18 527 487.01 432.025 713.455 516.97 53.675 1134.01 363.263 199.648 163.615 137.288 770.744
internal_count=86227 83293 2934 78166 2292 74202 12321 8724 8011 2244 3964 61881 3075 58806 18465 17981 40341 17723 2334 2309 2236 5127 4735 258 11199 5904 4449 1455 4407 5295
is_linear=0
shrinkage=0.03


Tree=127
num_leaves=31
num_cat=0
split_feature=56 71 55 55 3 32 7 60 55 17 44 55 55 56 56 55 48 56 57 55 55 55 55 58 26 56 0 55 68 56
split_gain=291.552 166.1 133.757 136.578 160.287 121.588 112.312 103.421 179.408 136.139 170.253 117.414 238.462 111.731 170.804 168.947 132.352 111.195 109.992 95.5392 91.9897 114.808 99.4712 94.1568 93.0901 83.8308 83.0388 81.4743 81.0942 80.7961
threshold=0.0074326147304572326 1.0000000180025095e-35 0.000661284296626267 0.00070332916830404132 1.0000000180025095e-35 1.0000000180025095e-35 1.0000000180025095e-35 1.0000000180025095e-35 0.0021628711448338938 1.0000000180025095e-35 1.0000000180025095e-35 0.0062472032940587771 0.0069782869163078536 0.0043756935958853332 0.0055721364692771459 0.002349486814060124 1.0000000180025095e-35 0.006175010396599955 4.5000000000000009 0.06386747763884322 0.021765767382888639 0.0068988356286288468 0.0031429205094269147 2.5000000000000004 1.0000000180025095e-35 0.051136231577932643 9.8500000000000032 0.020063811075892984 1.0000000180025095e-35 0.0016476714740374251
decision_type=2 2 2 2 2 2 2 2 2 2 2 2 2 2 2 2 2 2 2 2 2 2 2 2 2 2 2 2 2 2
left_child=2 6 -1 -4 5 7 -2 13 -9 11 -11 -10 -13 26 15 -15 17 -16 19 28 21 22 -19 24 -23 27 -5 -8 -14 -7
right_child=1 -3 3 4 -6 29 25 8 9 10 -12 12 18 14 16 -17 -18 20 -20 -21 -22 23 -24 -25 -26 -27 -28 -29 -30 -31
leaf_value=-0.038324078969708693 0.0088502196041412347 0.024554633380610733 0.034743462825716762 -0.03502821183045142 -0.045096827260041703 0.038692080378156912 -0.0033719638406962704 -0.032624661721439512 0.011172911782459714 -0.040949903666700781 0.028238204312158878 -0.044655777287054318 -0.0029774059982154615 0.041990737401548017 -0.046156466886888875 -0.0019633584838570782 0.023025231903162666 -0.047314232600507794 0.018805913511845223 0.015997660734327571 0.014785941352486487 -0.044712854293597976 0.00014344770388928656 0.0092456186488852014 -0.00066465447892583658 0.00050976952521334382 0.025586854775650713 -0.06626661781784203 -0.068257102928669836 0.0085993802698923864
leaf_weight=78.585893335082801 4873.8119691626634 603.66620453540236 103.98642526601907 176.38469405949581 68.406984552944778 92.576455133035779 33.084017133805901 129.43092014171998 1398.9370186675515 123.79781250836095 42.255074758315459 101.56614668207476 1420.3382972847903 124.8808755359496 84.206329695560271 209.77625607533264 97.982042064424604 42.971561475598719 304.79921721643768 258.91390230506659 114.22619216877501 203.2352246150258 413.86790121957893 50.435784271918237 54.796650905511342 138.36034466326237 22.249133399804123 41.485841885209084 16.339092545211315 574.07494388800114
leaf_count=5735 7894 255 287 8519 1571 49 162 7634 9377 5099 260 1550 8783 436 3459 4617 228 1366 378 219 282 7380 8006 135 742 166 72 226 92 1425
internal_value=0.0047635 0.00968675 0.000322149 0.000815675 0.00023423 0.000753463 0.00791783 -0.000741914 0.00195144 0.00318042 -0.0232801 0.00444178 -4.12469e-05 -0.00714972 -0.00414522 0.0145148 -0.010035 -0.0134166 0.00224515 -0.000741135 -0.0102332 -0.0139819 -0.00441414 -0.0280917 -0.0353973 -0.0133655 -0.0281445 -0.0387763 -0.00376678 0.01283
internal_weight=11999.4 5690.41 6309.02 6230.43 6126.45 6058.04 5086.74 5391.39 3796.38 3666.95 166.053 3500.89 2101.96 1595.01 1396.38 334.657 1061.72 963.74 2000.39 1695.59 879.533 765.307 456.839 308.468 258.032 212.93 198.634 74.5699 1436.68 666.651
internal_count=86404 8703 77701 71966 71679 70108 8448 68634 33392 25758 5359 20399 11022 35242 26651 5053 21598 21370 9472 9094 17911 17629 9372 8257 8122 554 8591 388 8875 1474
is_linear=0
shrinkage=0.03


Tree=128
num_leaves=31
num_cat=0
split_feature=71 55 56 55 57 65 67 4 56 65 65 54 55 60 8 55 65 56 65 67 68 65 56 56 55 65 55 65 65 60
split_gain=197.677 137.88 112.679 136.735 155.586 172.249 190.335 164.651 164.033 160.978 254.075 174.749 146.137 151.937 127.864 139.275 177.87 131.126 123.328 174.789 122.07 128.688 128.88 121.898 118.686 117.344 115.888 253.275 113.236 395.09
threshold=1.0000000180025095e-35 0.057612852812660494 0.011338004811851243 0.0045156434605919558 7.5000000000000009 65.500000000000014 1.0000000180025095e-35 1.0000000180025095e-35 0.0037686893296689705 282.50000000000006 259.50000000000006 1.0000000180025095e-35 0.002057627291215169 1.0000000180025095e-35 1.0000000180025095e-35 0.0055761826431144886 288.50000000000006 0.0032947109962983868 350.50000000000006 1.0000000180025095e-35 1.0000000180025095e-35 203.50000000000003 0.006065409998572845 0.006175010396599955 0.003866179080688759 265.50000000000006 0.021765767382888639 194.50000000000003 321.50000000000006 4.5000000000000009
decision_type=2 2 2 2 2 2 2 2 2 2 2 2 2 2 2 2 2 2 2 2 2 2 2 2 2 2 2 2 2 2
left_child=1 2 3 12 5 7 8 -5 14 10 11 20 13 25 15 -7 -17 -16 -14 -20 21 22 -10 -12 -21 -1 27 -24 29 -4
right_child=-2 -3 28 4 -6 6 -8 -9 9 -11 23 -13 18 -15 17 16 -18 -19 19 24 -22 -23 26 -25 -26 -27 -28 -29 -30 -31
leaf_value=-0.021899232414754 0.015344598163990102 0.015038609061428256 0.0046961992522292625 0.026509700860520041 0.019038849505704922 0.040750396373772771 0.0057490165379118991 -0.039167679602440442 -0.043939824956303081 -0.029587924613068875 -0.046893244809723095 -0.043288082735476401 0.016566013908654056 -0.029378530119687843 -0.038411854172537452 -0.038044431706486512 0.010118164471680085 0.0043819232291891557 -0.039972560512161727 -0.053234960010956844 0.029828915585144024 -0.039249755444502231 -0.03786354072331323 0.020716802043646967 0.034288856778755414 0.019355718354567498 0.016689863627513263 0.02532872617267647 0.013370809004918922 -0.063547633519673311
leaf_weight=90.426583189808298 1444.2217023000121 858.42687473073602 2785.4827854707837 245.76284403214231 259.59977041292586 96.935223458975088 816.13787800783757 39.004579662054311 73.130715826031519 545.56723222997971 25.46244053367991 189.2757078804425 1009.5881963506399 174.62534706032602 129.4875635614444 83.358773422020022 378.3708036862663 126.95654224394821 89.224405649292748 16.086685447022319 59.732815839815885 147.10999386728508 154.36953089875169 262.42167267360492 76.158396225422621 192.34073418687331 185.85760456579737 89.370142686791951 1348.1130002611317 77.503240572288632
leaf_count=3419 1573 796 4655 862 914 392 3494 615 2529 10959 435 4532 11960 12192 2977 2083 3156 542 3332 222 96 3006 5769 1022 91 1845 299 420 1945 326
internal_value=0.00493446 0.00351825 0.00250433 -0.000300941 -0.00335743 -0.00495584 -0.00685386 0.0174083 -0.0108922 -0.0161117 -0.00989665 -0.0177485 0.00694258 -0.00745984 0.000206443 0.00825504 0.00135966 -0.0172914 0.0124751 -0.0102507 -0.0108845 -0.014667 -0.00740984 0.0145953 0.0186183 0.00613206 -0.0011037 -0.0146845 0.00620496 0.00282724
internal_weight=12070.1 10625.9 9767.46 5556.36 3907.91 3648.31 3363.54 284.767 2547.41 1732.3 1186.73 898.847 1648.45 457.393 815.109 558.665 461.73 256.444 1191.06 181.469 709.571 649.838 502.728 287.884 92.2451 282.767 429.597 243.74 4211.1 2862.99
internal_count=86458 84885 84089 77163 44102 43188 41711 1477 38217 29067 18108 16651 33061 17456 9150 5631 5239 3519 15605 3645 12119 12023 9017 1457 313 5264 6488 6189 6926 4981
is_linear=0
shrinkage=0.03


Tree=129
num_leaves=31
num_cat=0
split_feature=27 56 19 63 58 55 65 57 59 65 55 56 72 55 56 65 48 65 60 65 56 33 55 56 32 0 57 55 65 55
split_gain=174.954 159.145 131.524 120.872 110.807 242.588 144.905 202.655 139.392 149.712 184.412 196.799 120.931 132.096 204.978 236.838 136.123 136.043 114.557 162.453 113.066 106.648 117.448 169.233 227.973 160.077 131.624 116.25 101.613 95.3694
threshold=1.0000000180025095e-35 0.033474976598428303 1.0000000180025095e-35 1.0000000180025095e-35 1.0000000180025095e-35 0.0097125389833710302 144.50000000000003 3.5000000000000004 1.5000000000000002 192.50000000000003 0.030649897275830201 0.0068179619555235353 1.0000000180025095e-35 0.021765767382888639 0.0012507313961251478 1271.5000000000002 1.0000000180025095e-35 493.50000000000006 2.5000000000000004 422.50000000000006 0.0063783844441154579 1.0000000180025095e-35 0.0066168109075340131 0.0072401483730347776 1.0000000180025095e-35 7.1500000000000012 6.5000000000000009 0.0066746296630805562 780.50000000000011 0.0062472032940587771
decision_type=2 2 2 2 2 2 2 2 2 2 2 2 2 2 2 2 2 2 2 2 2 2 2 2 2 2 2 2 2 2
left_child=1 4 -2 -3 5 21 7 -6 9 10 -7 -12 13 14 -11 16 -16 18 -15 -20 -9 22 23 26 -25 28 29 -27 -24 -1
right_child=2 3 -4 -5 6 8 -8 20 -10 12 11 -13 -14 17 15 -17 -18 -19 19 -21 -22 -23 25 24 -26 27 -28 -29 -30 -31
leaf_value=0.0077308809353942732 -0.036877833746429556 0.0089995577073301077 0.035714124333012666 0.02542563304429523 -0.034028253221934805 -0.050444306593788797 0.0097361452338696232 0.020937818834529501 0.021718246700914243 0.049331738255933219 -0.046519249729043782 0.0043340835866482949 0.03274007175306079 0.0075151708991636739 -0.042182653667213313 0.024824933664863186 0.011988635104200864 -0.048206617022027616 -0.058250428862197834 0.034854932156474443 -0.068120528496632166 -0.038402507501066933 -0.035209740957414026 -0.040644636552705046 0.028193277639455835 0.051605997814205579 -0.04816659496599144 0.013120445588615753 0.020791992152800143 -0.039027268701235067
leaf_weight=1303.5169587905111 139.00453868010663 2688.3501047967002 25.927697202714626 473.96010420843959 168.48640380249708 157.73443561745808 3155.9671546536847 144.62465584816528 136.58190152398311 35.152573744999245 96.861590264423285 227.71113971294835 73.252804736141115 696.93889054196188 311.66988291841699 70.672277164645493 47.735514968633652 47.401348252838943 55.170497166458517 23.321150105446577 13.095628715935161 47.281584545329679 97.155418766080402 169.33216732577421 57.259526673704386 73.500496195279993 40.119045409199316 1420.7696731757605 40.707145513151772 39.496378696378088
leaf_count=25454 3174 2913 27 191 6423 1511 18532 443 149 21 1479 457 50 2229 3273 94 79 547 319 4 187 1189 4790 4224 72 152 1275 5572 248 1521
internal_value=0.00527588 0.00570153 -0.0253198 0.0114687 0.00361652 0.000871941 0.00776827 -0.011242 -0.00742174 -0.00959114 -0.023936 -0.0109382 -0.00449498 -0.00663632 -0.0193944 -0.0251131 -0.0349744 0.000591894 0.00363315 -0.0304968 0.0131606 0.00586584 0.00652312 0.000771998 -0.0232019 0.0121913 0.00471345 0.0150467 -0.0186433 0.00632777
internal_weight=12078.8 11913.8 164.932 3162.31 8751.52 5269.34 3482.17 326.207 1980.2 1843.62 482.307 324.573 1361.31 1288.06 465.23 430.078 359.405 822.832 775.431 78.4916 157.72 3289.14 3241.86 1609.72 226.592 1632.13 1383.13 1494.27 137.863 1343.01
internal_count=86599 83398 3201 3104 80294 54709 25585 7053 10212 10063 3447 1936 6616 6566 3467 3446 3352 3099 2552 323 630 44497 43308 32546 4296 10762 28250 5724 5038 26975
is_linear=0
shrinkage=0.03


Tree=130
num_leaves=31
num_cat=0
split_feature=71 15 54 55 54 0 17 21 65 65 55 60 56 55 65 57 55 55 0 65 32 57 66 56 66 56 57 56 65 56
split_gain=157.125 118.593 127.642 99.6943 90.9541 215.584 136.798 134.601 151.307 136.421 211.325 189.466 178.155 189.741 183.318 141.25 127.006 126.989 179.205 126.261 121.143 118.814 143.52 116.29 109.81 108.422 107.701 105.489 95.3001 156.897
threshold=1.0000000180025095e-35 1.0000000180025095e-35 1.0000000180025095e-35 0.057612852812660494 1.0000000180025095e-35 6.9500000000000011 1.0000000180025095e-35 1.0000000180025095e-35 601.50000000000011 333.50000000000006 0.0045156434605919558 5.5000000000000009 0.0070793993871210567 0.0060062908598989394 71.500000000000014 5.5000000000000009 0.0047272201521743754 0.003866179080688759 9.8500000000000032 912.50000000000011 1.0000000180025095e-35 1.5000000000000002 1.0000000180025095e-35 0.0072401483730347776 1.0000000180025095e-35 0.0059738020574179301 1.5000000000000002 0.0062335325816534918 83.500000000000014 0.074008704164995345
decision_type=2 2 2 2 2 2 2 2 2 2 2 2 2 2 2 2 2 2 2 2 2 2 2 2 2 2 2 2 2 2
left_child=3 2 -2 4 7 6 -6 -1 9 10 15 12 13 16 -15 -9 -12 18 -7 -10 -16 22 -19 -14 -21 -18 -8 -23 29 -24
right_child=1 -3 -4 -5 5 17 26 8 19 -11 11 -13 23 14 20 -17 25 21 -20 24 -22 27 28 -25 -26 -27 -28 -29 -30 -31
leaf_value=0.012794167471743582 0.00027018338854613479 0.017325911882654584 -0.080257359775696313 0.014318734576975663 -0.035621424741555809 -0.042486865728766907 0.014716920797862671 0.015611410809769091 -0.040645137034195561 0.01208222582366429 -0.046410974639817373 -0.07660728106805742 0.037017471942191509 0.020959203062012412 -0.042485050010429751 -0.049203003478896751 0.014809265260976945 0.0010320551057949542 0.030916953781071781 -0.049480870930498029 -0.0059177258705383571 -0.010538347313082669 -0.047065575886389537 0.001187273315831242 0.015069360818521303 -0.051768834970227363 -0.027624160016233835 0.012912950818503247 -0.019119254351662469 -0.23240592200763269
leaf_weight=1595.4766178232385 116.49631722085178 1336.2591219367459 19.890831736847758 801.50191473960876 240.03697028453462 115.42142458652961 128.96884827679605 904.35638612834737 127.04963727353606 1382.22421052563 40.102406271733344 30.101655090227723 84.157476385589689 64.740475670085289 313.30780834163306 30.353882932220586 285.5185860710335 624.09861620882293 39.481013322249055 29.422089628700633 110.5838353051804 200.93077451409772 26.195143640507016 1912.9531166710658 106.64591264468618 22.871005578781478 91.596062614698894 1196.5718556629727 110.86924468900543 4.0871094688773146
leaf_count=23053 367 1136 133 783 8011 5129 1962 9191 1447 6814 619 161 36 310 4682 654 1976 4328 86 413 303 1944 281 4944 182 469 3197 3121 699 45
internal_value=0.00542589 0.0146062 -0.0119727 0.00415159 0.00332022 -0.00127582 -0.0199982 0.00513395 0.00288719 0.00401554 0.00107819 -0.0029644 -0.00215551 -0.0137642 -0.0258068 0.0134563 0.00314672 0.00245202 -0.0236996 -0.0192632 -0.0329818 0.00433516 -0.00516274 0.00271491 0.00085245 0.00972029 -0.00291178 0.00953603 -0.0323675 -0.0787101
internal_weight=12092.3 1472.65 136.387 10619.6 9818.12 2778.26 460.602 7039.87 5444.39 5181.27 3799.05 2864.34 2834.23 837.124 488.632 934.71 348.492 2317.66 154.902 263.118 423.892 2162.75 765.25 1997.11 136.068 308.39 220.565 1397.5 141.151 30.2823
internal_count=86476 1636 500 84840 84057 28803 13170 55254 32201 30159 23345 13500 13339 8359 5295 9845 3064 15633 5215 2042 4985 10418 5353 4980 595 2445 5159 5065 1025 326
is_linear=0
shrinkage=0.03


Tree=131
num_leaves=31
num_cat=0
split_feature=63 55 55 0 62 57 55 55 60 65 0 59 21 6 65 65 46 39 38 58 55 28 54 72 48 55 65 65 67 55
split_gain=117.86 148.632 110.037 97.0738 84.7397 162.997 163.85 113.622 98.8128 103.431 96.5451 86.0919 82.9865 81.6062 80.746 84.9272 72.1233 61.402 61.7694 58.6847 83.5549 97.2469 79.178 81.5162 57.5559 91.4293 64.4555 216.006 144.15 99.0211
threshold=1.0000000180025095e-35 0.012045600339021982 0.000661284296626267 9.7000000000000011 1.0000000180025095e-35 6.5000000000000009 0.0022939534990536327 0.021765767382888639 1.0000000180025095e-35 198.50000000000003 9.9500000000000011 1.5000000000000002 1.0000000180025095e-35 1.0000000180025095e-35 223.50000000000003 225.50000000000003 1.0000000180025095e-35 1.0000000180025095e-35 1.0000000180025095e-35 1.5000000000000002 0.0059628976246150316 1.0000000180025095e-35 1.0000000180025095e-35 1.0000000180025095e-35 1.0000000180025095e-35 0.01115846687889677 875.50000000000011 552.50000000000011 1.0000000180025095e-35 0.0073991022256974679
decision_type=2 2 2 2 2 2 2 2 2 2 2 2 2 2 2 2 2 2 2 2 2 2 2 2 2 2 2 2 2 2
left_child=2 3 -1 19 17 6 14 10 9 -9 11 16 -13 -7 -6 -16 -8 18 24 20 21 -2 -21 -24 26 -26 27 -4 -29 -30
right_child=1 -3 4 -5 5 13 7 8 -10 -11 -12 12 -14 -15 15 -17 -18 -19 -20 22 -22 -23 23 -25 25 -27 -28 28 29 -31
leaf_value=-0.034826879262050338 -0.05047391435470782 0.020621943173794698 0.0046287721709699697 0.013877638314480032 -0.033552777509704756 -0.066485753709921699 -0.039636189912082967 -0.0017944751209976347 0.01021032721884851 -0.074236087872425194 0.027071697362666701 0.017545083927344246 -0.038852745451643626 0.020906096952935958 0.069093631451854307 0.012549160801511753 0.016812819987700307 -0.024859662507693506 -0.04890989610235584 0.0090560064456380179 -0.0012810719476835967 0.022833964744288792 -0.087642096635930353 -0.0010450122875138019 0.028510790170956975 -0.013313644996477341 0.015891292483589989 -0.041068886118740204 -0.04110621626884408 0.008305841570901076
leaf_weight=67.878500002785586 81.471441025089007 832.19665005453862 7522.5675804493076 476.10303436219692 20.721149944118224 9.0777143068844435 313.6901986883604 45.171654514153488 198.33003929280676 28.262923524715006 28.966883263550699 60.690752255963162 36.92470708215842 229.61425821410376 33.490942089934833 79.881993833289016 21.24521505413577 63.837152354011778 18.487676970136818 306.74465449899435 157.3589131423505 19.668524037115276 15.210753420833496 24.735568767413497 195.60148653201759 61.17352294921875 398.63423411617987 153.22679392559803 46.045040815835819 161.92072418215685
leaf_count=5766 682 606 49455 456 1744 150 13020 130 317 240 43 1129 1312 1000 10 1275 85 796 486 600 443 17 121 41 287 141 1525 3430 544 586
internal_value=0.00429082 0.011099 0.00295988 0.00375756 0.00322711 -0.00458729 -0.0106286 -0.0162049 -0.000806534 -0.030298 -0.0252509 -0.0288091 -0.00396601 0.017319 0.0197588 0.0297107 -0.0360162 0.00423005 0.00444992 -0.00421367 -0.0150042 -0.0361339 0.00385198 -0.0353545 0.00457116 0.0185336 0.00413611 0.00353978 -0.0190909 -0.00277868
internal_weight=11708.9 1913.49 9795.44 1081.29 9727.56 1106.07 867.376 733.282 271.765 73.4346 461.518 432.551 97.6155 238.692 134.094 113.373 334.935 8621.49 8557.66 605.19 258.499 101.14 346.691 39.9463 8539.17 256.775 8282.39 7883.76 361.193 207.966
internal_count=86437 2966 83471 2360 77705 20455 19305 16276 687 370 15589 15546 2441 1150 3029 1285 13105 57250 56454 1904 1142 699 762 162 55968 428 55540 54015 4560 1130
is_linear=0
shrinkage=0.03


Tree=132
num_leaves=31
num_cat=0
split_feature=71 56 55 55 56 0 55 65 35 72 30 0 59 65 65 56 65 65 65 56 57 57 66 56 59 55 56 55 45 55
split_gain=150.689 104.021 96.9682 102.658 127.041 169.145 184.96 104.869 122.443 137.383 130.248 116.523 93.6032 118.943 93.1922 91.8097 89.156 87.9874 157.312 93.851 86.101 100.208 134.938 118.971 81.9911 78.2529 124.415 81.2159 105.518 84.1233
threshold=1.0000000180025095e-35 0.0093449173492394354 0.06386747763884322 0.0046575976997566331 0.0063291234767716645 8.9500000000000011 0.022816273384930998 198.50000000000003 1.0000000180025095e-35 1.0000000180025095e-35 1.0000000180025095e-35 7.4500000000000011 1.0000000180025095e-35 350.50000000000006 404.50000000000006 0.0058227935986299309 912.50000000000011 350.50000000000006 348.50000000000006 0.0059228531034993181 4.5000000000000009 1.5000000000000002 1.0000000180025095e-35 0.0035371064566473123 2.5000000000000004 0.0055922520620867834 0.05207135636207947 0.0064496039836892472 1.0000000180025095e-35 0.0066168109075340131
decision_type=2 2 2 2 2 2 2 2 2 2 2 2 2 2 2 2 2 2 2 2 2 2 2 2 2 2 2 2 2 2
left_child=2 14 3 -1 5 7 -7 11 9 10 16 24 13 -8 20 -13 17 18 19 -9 21 -2 23 -23 -5 26 -6 -27 29 -29
right_child=1 -3 -4 4 25 6 12 8 -10 -11 -12 15 -14 -15 -16 -17 -18 -19 -20 -21 -22 22 -24 -25 -26 27 -28 28 -30 -31
leaf_value=0.0090718615826686656 0.0075694121584887371 0.024299300051460419 0.015221397122543938 -0.035380689628062199 -0.04586021993143196 -0.044717503806139751 -0.060481895226413881 -0.027750173693945661 0.042132123902390406 0.02469380357259952 0.025662798295202356 0.021426343626119497 0.021893862839527666 0.01668778143070257 0.020387735063988322 -0.042863870184762044 0.011499143550243309 -0.038689183420425488 0.042281724159295445 0.010949738461062597 0.014977870603324065 -0.0028851324150671303 0.0022660869485117861 -0.076401455803252874 0.033404083823739966 0.016024377009523555 0.024901776589418712 -0.029092414311302616 -0.067781885029290584 0.0035080557530137468
leaf_weight=1973.8110004055779 154.60275617241859 551.54940160363913 615.82909551635385 69.462354485440301 67.320751977560576 186.8490663911216 38.069584475597367 289.0216208731872 42.040233127889223 91.602943818084896 66.591370492707938 351.81906698626699 80.368570269085467 32.654796266928315 316.2773694684729 20.278199758380651 80.204676911816932 192.77230426171445 39.33336833876092 69.433359314571135 204.89043835178018 30.125758063513786 80.467519758269191 57.321457233279943 19.1721261870116 454.35741993010743 32.471309915184975 71.175831980071962 17.973044601618312 5534.5739998778154
leaf_count=34820 347 245 538 3323 1668 2344 217 5677 207 110 251 2050 94 41 233 495 514 5321 76 775 165 65 126 427 11 2996 14 1652 192 21444
internal_value=0.00492154 0.0141779 0.00368292 0.00295794 0.00141921 -0.00592076 -0.0248421 -0.0011042 -0.00722476 -0.00977561 -0.0140854 0.0104571 -0.000130883 -0.0251153 0.00754027 0.0178172 -0.0180638 -0.0220915 -0.0139712 -0.0202443 -0.000188135 -0.00983938 -0.025818 -0.0513939 -0.0202955 0.0034036 -0.0228164 0.00383777 0.00285051 0.00308901
internal_weight=11832.4 1395.23 10437.2 9821.36 7847.55 1669.67 337.942 1331.73 871 828.96 737.357 460.732 151.093 70.7244 843.685 372.097 670.765 590.561 397.788 358.455 527.408 322.517 167.915 87.4472 88.6345 6177.87 99.7921 6078.08 5623.72 5605.75
internal_count=86438 1608 84830 84292 49472 21506 2696 18810 12931 12724 12614 5879 352 258 1363 2545 12363 11849 6528 6452 1130 965 618 492 3334 27966 1682 26284 23288 23096
is_linear=0
shrinkage=0.03


Tree=133
num_leaves=31
num_cat=0
split_feature=56 0 0 56 56 57 56 25 26 56 54 59 65 7 20 23 60 65 65 55 65 61 25 54 65 55 56 56 56 55
split_gain=168.298 138.59 122.444 158.944 114.653 134.044 146.603 121.125 98.3512 91.7857 159.361 113.055 175.472 107.863 153.936 139.109 119.904 115.53 112.937 112.293 118.517 135.252 112.049 98.3664 106.317 96.7995 94.6063 92.377 121.348 99.3964
threshold=0.018723845800721603 9.0500000000000025 9.5000000000000018 0.010117439650664703 0.0074326147304572326 7.5000000000000009 0.0036472570579653518 1.0000000180025095e-35 1.0000000180025095e-35 0.0062989368783132943 1.0000000180025095e-35 1.0000000180025095e-35 1027.5000000000002 1.0000000180025095e-35 1.0000000180025095e-35 1.0000000180025095e-35 1.0000000180025095e-35 317.50000000000006 55.500000000000007 0.0072480298081758826 259.50000000000006 1.0000000180025095e-35 1.0000000180025095e-35 1.0000000180025095e-35 983.50000000000011 0.0066168109075340131 0.0070793993871210567 0.006175010396599955 0.0059738020574179301 0.0061728017220330986
decision_type=2 2 2 2 2 2 2 2 2 2 2 2 2 2 2 2 2 2 2 2 2 2 2 2 2 2 2 2 2 2
left_child=2 -2 3 4 5 8 -7 -6 9 10 27 12 -12 14 17 -16 18 19 -17 22 21 -21 -11 24 -18 -25 -15 28 29 -1
right_child=1 -3 -4 -5 7 6 -8 -9 -10 13 11 -13 -14 26 15 16 23 -19 -20 20 -22 -23 -24 25 -26 -27 -28 -29 -30 -31
leaf_value=0.010275784852073266 0.0067394064688341936 0.019594907256000504 0.0072946983331937942 -0.025764036199980685 0.022923665342233869 -0.053285147131518606 0.021063964913273805 -0.053947484371796799 -0.045861744551421918 -0.04126511276138646 -0.040418082386397443 -0.00089991662919386168 0.033232921308695103 -0.04925361622701583 -0.038804354603261891 0.03675225926799202 -0.048342351897242425 -0.040984726375671826 -0.03449464520751952 -0.031924455314268851 0.019719134277555523 0.033475233288174026 0.016617866570940998 -0.043455568845140305 0.029544129342748297 0.038619636953145735 0.022371804257152881 0.028455479471062264 -0.049571875109344653 -0.0050731220866884206
leaf_weight=1036.4931393521547 3936.9364621145651 933.46843759715557 2484.2987577738822 220.72911461233161 285.19028309779242 24.671199351694668 348.64347006380558 18.781675199046731 46.194905628071865 162.85584452145849 191.89901879234822 281.84994802097208 33.508169748820364 17.822361864382401 61.573474379256368 25.760740555822849 32.090948031516746 186.00368634893675 79.421215905924328 133.89587103889789 130.62423418392427 35.193647054198664 36.292449751170352 13.187681417213751 29.216037401929498 167.87294345814735 142.19434556097258 143.25663681136211 37.000710020365659 598.14292234528693
leaf_count=17764 5804 626 11338 1404 602 749 1061 99 2003 6960 8850 5631 98 525 2675 12 697 4414 1956 2856 596 65 184 795 24 391 618 732 1166 5798
internal_value=0.00492434 0.00920683 0.0019458 -0.000994802 0.000282463 -0.00107054 0.0160212 0.0180127 -0.00283593 -0.00226748 0.0012648 -0.0135843 -0.029371 -0.0088043 -0.0121699 0.00238851 0.00977682 -0.0208575 -0.0168634 -0.013286 -0.00166062 -0.0181956 -0.0306863 0.0213598 -0.0113468 0.0324358 0.014138 0.00542028 0.00343037 0.00465967
internal_weight=11875.1 4870.4 7004.67 4520.37 4299.64 3995.67 373.315 303.972 3622.35 3576.16 2322.15 507.257 225.407 1254.01 1093.99 409.123 347.55 684.866 105.182 498.862 299.714 169.09 199.148 242.368 61.307 181.061 160.017 1814.89 1671.64 1634.64
internal_count=86493 6430 80063 68725 67321 66620 1810 701 64810 62807 40039 14579 8948 22768 21625 6550 3875 15075 1968 10661 3517 2921 7144 1907 721 1186 1143 25460 24728 23562
is_linear=0
shrinkage=0.03


Tree=134
num_leaves=31
num_cat=0
split_feature=59 55 65 55 63 20 65 55 65 0 60 65 26 55 66 60 11 65 0 65 0 34 55 69 55 66 28 55 65 55
split_gain=98.1562 109.04 115.746 160.42 177.43 151.326 140.777 131.137 156.481 123.724 121.858 177.156 126.885 133.142 107.626 103.031 112.186 231.759 113.268 94.8096 81.4054 79.2301 83.9134 78.5676 78.154 134.845 80.663 76.5847 129.467 108.07
threshold=1.5000000000000002 0.057612852812660494 331.50000000000006 0.031781826281211616 1.0000000180025095e-35 1.0000000180025095e-35 55.500000000000007 0.036496636214826468 144.50000000000003 5.2500000000000009 4.5000000000000009 251.50000000000003 1.0000000180025095e-35 0.003521635503638119 1.0000000180025095e-35 1.5000000000000002 1.0000000180025095e-35 434.50000000000006 7.7500000000000009 80.500000000000014 8.9500000000000011 1.0000000180025095e-35 0.029049548550006982 1.0000000180025095e-35 0.0036999751382169113 1.0000000180025095e-35 1.0000000180025095e-35 0.0040872057278096563 314.50000000000006 0.0055825586881825175
decision_type=2 2 2 2 2 2 2 2 2 2 2 2 2 2 2 2 2 2 2 2 2 2 2 2 2 2 2 2 2 2
left_child=1 2 3 10 5 6 -5 14 -9 -4 12 -12 21 -14 -8 16 17 18 -11 -2 -3 23 -23 27 25 -18 -26 -1 29 -29
right_child=19 20 9 4 -6 -7 7 8 -10 15 11 -13 13 -15 -16 -17 24 -19 -20 -21 -22 22 -24 -25 26 -27 -28 28 -30 -31
leaf_value=0.011972984874334732 0.031412452769024157 0.0060898084037237059 -0.045061741268589792 -0.080871872019884106 0.018187926970099973 -0.067163202956275425 0.0095901909360701296 0.0024711879021228665 -0.088321682547563632 -0.048001893373605095 -0.091580652791278513 -0.008204925644538048 0.0062261527871213624 -0.048455715672890469 -0.033753748710670939 0.020433646303019207 -0.033771526877694392 -0.048912210042934702 0.015265198748028215 0.0090987137243401933 0.024464899880238162 -0.055621207136233301 0.023699502328603069 -0.046248379612017568 0.01134168527081577 0.011666565645030609 -0.027021456130853619 -0.012277408765244866 -0.030005134951371269 0.0052311961478790402
leaf_weight=1103.1612007869699 234.15327801016974 456.27738709934056 37.633576602558605 26.691876790719107 119.52000854001381 59.229877940437291 206.56004402285907 30.980141727020964 36.944505665800534 28.420876439136919 27.079420062480494 126.58297504857183 75.315563909854973 84.15620400744956 67.600251982745249 580.08833467040677 100.86906175647164 95.99462580026011 189.19545502407709 637.16567128707538 414.30567495897412 37.881378556136042 16.68722178041935 26.207891015685163 2152.1036607115529 138.1242052053567 49.561942848144099 341.6571307037957 102.39900056371698 4292.7388211750949
leaf_count=19624 415 593 2663 243 100 645 612 53 266 1544 180 291 855 2174 356 1339 3210 3103 962 4922 210 913 14 374 9260 680 484 5690 1468 23101
internal_value=0.00543576 0.00466868 0.00379412 0.00153497 -0.0140193 -0.0230346 -0.0157846 -0.0104851 -0.0474764 0.00833567 0.00290316 -0.0233951 0.00357152 -0.0227526 -0.00118104 0.00895167 0.00652687 -0.0103401 0.00682069 0.0151243 0.0148524 0.00428427 -0.0313747 0.00462127 0.00869753 -0.00757176 0.0104662 0.00485743 0.0031981 0.00393806
internal_weight=11895.3 11024 10153.4 6781.39 547.527 428.007 368.777 342.085 67.9246 3371.99 6233.87 153.662 6080.2 159.472 274.16 3334.36 2754.27 313.611 217.616 871.319 870.583 5920.73 54.5686 5866.16 2440.66 238.993 2201.67 5839.96 4736.79 4634.4
internal_count=86344 81007 80204 56959 2275 2175 1530 1287 319 23245 54684 471 54213 3029 968 20582 19243 5609 2506 5337 803 51184 927 50257 13634 3890 9744 49883 30259 28791
is_linear=0
shrinkage=0.03


Tree=135
num_leaves=31
num_cat=0
split_feature=56 71 32 64 8 56 2 65 0 65 56 55 55 0 65 55 59 65 55 66 55 50 71 57 16 56 55 56 0 56
split_gain=150.771 113.388 92.7799 125.29 108.343 197.711 134.033 157.219 114.839 102.173 97.3642 248.606 177.168 87.5762 104.628 143.526 102.622 85.7936 117.931 177.786 323.086 83.859 88.1937 82.3281 164.797 126.499 105.776 95.9899 130.378 154.966
threshold=0.032660197162707801 1.0000000180025095e-35 1.0000000180025095e-35 1.0000000180025095e-35 1.0000000180025095e-35 0.0025014244426696769 1.0000000180025095e-35 912.50000000000011 7.5500000000000007 132.50000000000003 0.0042793000449186415 0.010957361226626923 0.029395112010871392 7.7500000000000009 498.50000000000006 0.016299180440167958 1.0000000180025095e-35 261.50000000000006 0.030522028566488325 1.0000000180025095e-35 0.026100508894705211 1.0000000180025095e-35 1.0000000180025095e-35 1.5000000000000002 1.0000000180025095e-35 0.068359195701562556 0.068361472679930133 0.049807384346336886 7.1500000000000012 0.079010979990600375
decision_type=2 2 2 2 2 2 2 2 2 2 2 2 2 2 2 2 2 2 2 2 2 2 2 2 2 2 2 2 2 2
left_child=2 13 3 4 6 9 -1 8 -8 -6 -10 -12 -13 14 15 -2 -16 18 19 20 -15 22 -7 24 26 -26 27 -17 -29 -30
right_child=1 -3 -4 -5 5 21 7 -9 10 -11 11 12 -14 17 16 23 -18 -19 -20 -21 -22 -23 -24 -25 25 -27 -28 28 29 -31
leaf_value=0.0027942086399000005 0.026831741593672572 0.025562360859329541 0.012417784026125651 -0.044422476013582318 0.0057456211576044367 0.0029212010282382598 -0.032431861247189546 0.020984662992258138 0.0092114572942353957 -0.038491577705573987 -0.050021690984959684 0.013409082670668196 -0.062842284573042528 -0.010350951796115272 -0.083789091718405595 0.0072741768565886327 -0.0057919223257064788 0.019024932294156673 0.013263170972994155 0.004300552984700631 -0.14724848048519912 0.025311426492060269 0.014725877031026987 0.0056746039949573928 -0.037100399362290641 -0.16287222819789401 0.026835464854952324 -0.015075201598028949 -0.024642961908385417 -0.15977830047465155
leaf_weight=1141.1141122245463 197.43723788112402 376.07776304613799 766.98484246619046 52.141919088258874 68.985012487362837 4552.3419126644148 285.51883808680577 109.70089289761381 178.00217167148367 144.81908211164409 133.28560744243441 182.80820708512329 31.234223247505724 54.654640514403582 23.559161182492971 93.471459314227104 40.188686653971672 857.33525656908751 579.73914590477943 200.1157539319247 20.761790253221989 177.56261771684512 650.2270358549431 545.46867950260639 27.101983521133661 9.2717305794358236 67.809728760272264 96.069172509014606 17.637393359094862 13.092905871570109
leaf_count=12853 149 153 1870 1641 1516 38354 14849 447 1406 6123 2758 308 179 106 131 154 89 535 474 237 136 336 752 725 100 70 27 178 39 95
internal_value=0.00457417 0.0100995 0.00247398 0.001483 0.00180142 0.00396789 -0.00407595 -0.012586 -0.0171481 -0.0242579 -0.00879542 -0.0180237 0.00204158 0.00804633 0.00156599 0.00380885 -0.0354661 0.0123229 0.00559038 -0.0105433 -0.0494719 0.00509387 0.00439912 -0.00144123 -0.0133849 -0.07266 -0.00567529 -0.0157597 -0.0326633 -0.0854395
internal_weight=11694.5 3219.79 8474.73 7707.74 7655.6 5593.94 2061.66 920.55 810.849 213.804 525.33 347.328 214.042 2843.71 1131.11 1067.36 63.7478 1712.61 855.271 275.532 75.4164 5380.13 5202.57 869.923 324.454 36.3737 288.081 220.271 126.799 30.7303
internal_count=86790 3398 83392 81522 79881 47081 32800 19947 19500 7639 4651 3245 487 3245 1757 1537 220 1488 953 479 242 39442 39106 1388 663 170 493 466 312 134
is_linear=0
shrinkage=0.03


Tree=136
num_leaves=31
num_cat=0
split_feature=56 58 56 37 13 55 71 65 62 64 65 56 65 23 18 55 55 55 55 60 31 55 55 56 56 32 9 55 0 66
split_gain=118.158 96.5732 137.055 109.828 98.3751 139.78 96.3187 95.7634 99.9678 88.6897 82.6531 135.878 144.984 113.483 237.307 172.851 124.685 111.811 275.928 113.742 92.1374 84.3409 218.95 80.5406 108.256 91.9802 80.4258 78.2385 72.993 71.4695
threshold=0.032660197162707801 1.0000000180025095e-35 0.030758389275860835 1.0000000180025095e-35 1.0000000180025095e-35 0.0056425094143049059 1.0000000180025095e-35 138.50000000000003 1.0000000180025095e-35 1.0000000180025095e-35 153.50000000000003 0.028844060225861869 158.50000000000003 1.0000000180025095e-35 1.0000000180025095e-35 0.030522028566488325 0.0029021728080734686 0.011945845925157792 0.023512261309360332 1.5000000000000002 1.0000000180025095e-35 0.06386747763884322 0.029049548550006982 0.00082499269559835147 0.001933288950800299 1.0000000180025095e-35 1.0000000180025095e-35 0.002057627291215169 6.0500000000000007 1.0000000180025095e-35
decision_type=2 2 2 2 2 2 2 2 2 2 2 2 2 2 2 2 2 2 2 2 2 2 2 2 2 2 2 2 2 2
left_child=1 2 4 7 5 -1 27 8 -3 10 -6 13 -13 17 15 16 -15 19 -19 23 -21 22 -20 -12 -25 29 -7 -2 -9 -26
right_child=6 3 -4 -5 9 26 -8 28 -10 -11 11 12 -14 14 -16 -17 -18 18 21 20 -22 -23 -24 24 25 -27 -28 -29 -30 -31
leaf_value=-0.031095140167695216 0.038563587318315815 0.0028430507189511961 -0.063478621606236671 -0.062993272549373619 0.0080768303039825823 0.021419635330928038 0.025221082669467456 -0.019033799371727993 -0.035338415129211667 -0.041222362262061066 0.046463936007496723 0.012337462468639974 -0.068296784077826619 -0.033104282372456439 -0.032860225183425844 -0.032476506511688229 0.02451441047897749 -0.043282196887600356 0.0049951749089050118 -0.014290202828119897 -0.080749450416888524 0.016252851239865862 -0.04045342148992459 -0.030557144455569119 -0.00044075696445651573 -0.042014457684543316 -0.014346098281196557 0.0076624968018633548 0.010262669762580364 0.012659383601935182
leaf_weight=58.492821276158793 74.852962180972099 211.0966407560627 28.49294425919652 18.776646804995835 965.58045963218319 491.05054932509665 347.48596022929996 77.66898256749846 86.137857569468906 45.792585954157403 35.81696564660524 31.156271629035473 54.05961311981082 35.139945335366065 102.14713863001089 58.94112501014024 554.9570625773631 203.02433197165374 298.19335019547725 174.86379675028729 20.149295145878568 153.51797769777477 139.15278997650603 88.245602247392526 996.36245681537548 38.229124374454841 63.237163997022435 2750.0181770436466 2979.9527035626525 599.76645161700435
leaf_count=4636 12 1815 161 248 8232 3173 149 4966 4761 1553 713 41 386 3568 2600 501 6354 1578 583 1984 157 128 1340 2169 12524 451 1379 3159 14333 2770
internal_value=0.00538552 0.0035612 0.00101052 0.00751876 0.00137547 0.0126561 0.0103342 0.00793206 -0.00830324 -0.000131288 0.000291297 -0.00180807 -0.0390145 -0.000890911 0.00943445 0.0161312 0.021033 -0.00371652 -0.0132024 0.000143364 -0.0215339 -0.00281108 -0.00952475 0.0025583 0.00161897 0.00337391 0.0173207 0.00849467 0.00951251 0.00448664
internal_weight=11782.4 8610 5236.37 3373.63 5207.88 612.781 3172.36 3354.86 297.234 4595.1 4549.3 3583.72 85.2159 3498.51 751.185 649.038 590.097 2747.32 793.888 1953.43 195.013 590.864 437.346 1758.42 1722.6 1634.36 554.288 2824.87 3057.62 1596.13
internal_count=86424 83104 56981 26123 56820 9188 3320 25875 6576 47632 46079 37847 427 37420 13023 10423 9922 24397 3629 20768 2141 2051 1923 18627 17914 15745 4552 3171 19299 15294
is_linear=0
shrinkage=0.03


Tree=137
num_leaves=31
num_cat=0
split_feature=56 60 55 58 64 55 14 65 65 66 56 65 65 63 56 56 56 56 11 65 8 55 56 56 65 17 55 55 55 55
split_gain=144.868 168.566 202.9 119.64 94.6348 122.517 82.636 113.194 116.941 134.656 90.1718 82.4102 89.6706 95.7633 94.0315 82.243 218.669 119.673 193.226 111.518 111.026 161.066 183.733 150.955 138.858 140.893 117.572 137.294 103.302 161.348
threshold=0.048022201973341977 1.0000000180025095e-35 0.029395112010871392 1.5000000000000002 1.0000000180025095e-35 0.036496636214826468 1.0000000180025095e-35 891.50000000000011 164.50000000000003 1.0000000180025095e-35 0.043552575160501622 875.50000000000011 209.50000000000003 1.0000000180025095e-35 0.006175010396599955 0.0039470903806293018 0.0048839834471266904 0.0034497823525313528 1.0000000180025095e-35 456.50000000000006 1.0000000180025095e-35 0.021765767382888639 0.0072401483730347776 0.0064957980922481463 580.50000000000011 1.0000000180025095e-35 0.051588093059875891 0.038618714460970337 0.0046575976997566331 0.0062067466550570329
decision_type=2 2 2 2 2 2 2 2 2 2 2 2 2 2 2 2 2 2 2 2 2 2 2 2 2 2 2 2 2 2
left_child=3 2 -2 4 6 -6 15 8 9 -8 11 12 -10 14 -14 17 19 18 -1 -17 21 23 -23 24 25 -18 27 28 -22 -30
right_child=1 -3 -4 -5 5 -7 7 -9 10 -11 -12 -13 13 -15 -16 16 20 -19 -20 -21 26 22 -24 -25 -26 -27 -28 -29 29 -31
leaf_value=-0.037441179231281749 0.013635781357186088 0.013114480425395704 -0.10838624263104217 0.011267721486661204 -0.051668506701326493 0.014607064341817614 -0.051843355487807705 -0.044697865546103673 0.027908990188470529 0.025245332022882056 -0.089665289946072965 0.049608517244308072 -0.038938925575510638 0.028269030066857038 0.0044620902048240511 -0.041397516073203626 -0.033826467504030504 0.018008538192898903 0.0048482808479774981 0.0033909181135288063 0.013430894513072448 -0.040733822692852667 0.0092542300438840496 -0.032760292215151574 0.029806466396716906 0.031317388549526544 0.020330578810422825 -0.063896729216144393 -0.02249191298880315 0.0014993647849889822
leaf_weight=106.05906517850235 25.93873269110918 1874.4521800447255 21.935118101537228 1261.2654393344419 65.585806044226047 39.712669166736305 50.562034169386607 31.724048380332533 260.2166536617442 32.947210194601212 6.2810328043997279 61.72778874845244 51.66474393568933 127.67327605059836 304.91488932978245 175.97616539505543 120.35105278162519 543.42417688050773 1059.2423537593568 69.552633850951679 558.0942705362686 74.846210253774188 518.21545813977718 325.59552684391383 82.802041976246983 38.772833660419565 305.42624489031732 28.098417576635256 274.54156033383333 2988.6612689880712
leaf_count=4037 22 1554 136 3535 1734 45 4198 542 1735 123 35 57 3957 168 3941 5277 3367 2950 14580 799 6054 465 809 6586 469 813 227 196 4808 13433
internal_value=0.00417375 0.0116866 -0.0433467 0.00266263 0.00135422 -0.0267708 0.00171872 0.0101455 0.012135 -0.0214904 0.0156133 0.0165435 0.0137391 0.00608297 -0.00191758 0.000642101 -0.0011269 0.00639648 0.000970534 -0.0287477 0.00015413 -0.00804539 0.00288763 -0.0194554 -0.00148792 -0.0178568 0.00244592 0.00102197 0.00151591 -0.000525355
internal_weight=11486.3 1922.33 47.8739 9563.93 8302.67 105.298 8197.37 927.712 895.988 83.5092 812.478 806.197 744.47 484.253 356.58 7269.66 5560.93 1708.73 1165.3 245.529 5315.4 1160.58 593.062 567.521 241.926 159.124 4154.82 3849.4 3821.3 3263.2
internal_count=86652 1712 158 84940 81405 1779 79626 14756 14214 4321 9893 9858 9801 8066 7898 64870 43303 21567 18617 6076 37227 12509 1274 11235 4649 4180 24718 24491 24295 18241
is_linear=0
shrinkage=0.03


Tree=138
num_leaves=31
num_cat=0
split_feature=71 39 55 65 57 62 29 51 5 45 55 55 55 55 67 0 55 26 58 65 55 62 54 57 48 0 58 0 55 65
split_gain=111.747 102.676 102.019 97.3257 126.997 117.997 76.1093 70.0063 66.8629 62.2321 54.4166 53.0818 173.433 149.606 65.4851 161.669 134.893 115.194 96.5293 170.039 151.593 122.437 105.719 311.078 97.8018 90.9079 90.1443 82.7763 122.592 78.2314
threshold=1.0000000180025095e-35 1.0000000180025095e-35 0.030522028566488325 329.50000000000006 4.5000000000000009 1.0000000180025095e-35 1.0000000180025095e-35 1.0000000180025095e-35 1.0000000180025095e-35 1.0000000180025095e-35 0.086183747651422601 0.0015954949508172561 0.0021089081406406199 0.002133105675743575 1.0000000180025095e-35 9.7000000000000011 0.051588093059875891 1.0000000180025095e-35 1.0000000180025095e-35 243.50000000000003 0.034771930691627664 1.0000000180025095e-35 1.0000000180025095e-35 3.5000000000000004 1.0000000180025095e-35 9.5000000000000018 4.5000000000000009 9.9500000000000011 0.02035367420542971 140.50000000000003
decision_type=2 2 2 2 2 2 2 2 2 2 2 2 2 2 2 2 2 2 2 2 2 2 2 2 2 2 2 2 2 2
left_child=1 6 3 4 5 -2 7 8 9 11 -11 -1 -13 -14 15 17 18 25 19 20 -17 22 23 -20 27 -15 -23 28 -21 -16
right_child=2 -3 -4 -5 -6 -7 -8 -9 -10 10 -12 12 13 14 29 16 -18 -19 21 24 -22 26 -24 -25 -26 -27 -28 -29 -30 -31
leaf_value=0.01360046888665959 -0.0035248954021336568 -0.032903320129503109 0.024736031852027097 0.01716411627981437 0.015043124750675287 -0.048860196776704869 -0.032265853884620103 -0.045257696501783538 -0.04311489550738095 -0.047128791880082309 0.022197940411702498 -0.039519933689156142 0.046349142611588623 0.0046492028428039289 -0.063190559621618667 -0.056713150047678455 0.015758245150464329 -0.047474710220050217 -0.054761637125993551 -0.040632688123655593 0.014559817806699718 -0.0318790511577711 0.030271672716077218 0.021462664157703232 0.024504928458717736 0.027151442729919314 0.030539947624950034 0.024552614192620257 0.0059684247908909256 0.010489544318231509
leaf_weight=567.62737930228468 171.942323544994 66.961170434602536 447.95467522367835 438.14986536465585 198.37700174190104 72.976002527866513 50.559337031125324 24.618389439565362 25.588939592213137 36.580241624149494 13.296446718275545 80.115114394546254 75.405246656155214 6432.3515956347692 12.099285421892999 148.47723151213722 194.55621954612434 36.564736162486952 72.140665760263801 135.08008358476218 32.304846190847456 144.52156471123453 123.11474901158363 140.26470061019063 66.601789282634854 164.80119048641063 23.4848278388381 37.518195517361164 80.708189737983048 1519.8143060587463
leaf_count=12651 264 1039 215 377 160 601 2566 621 867 738 6 4222 277 47434 134 2186 155 1704 879 1793 33 2311 258 90 76 156 7 40 124 4494
internal_value=0.0049094 0.0038526 0.0130924 0.00715374 -0.0027568 -0.0171768 0.00409618 0.00427979 0.00440423 0.00452842 -0.0285742 0.00469491 0.00416254 0.00453741 0.00419582 0.00308555 -0.00704939 0.00491782 -0.0114794 -0.0207932 -0.043967 -0.00219522 0.00827224 -0.00456121 -0.00760133 0.00521535 -0.0230247 -0.0161062 -0.023256 0.00986676
internal_weight=11634.6 10305.2 1329.4 881.445 443.295 244.918 10238.2 10187.6 10163 10137.4 49.8767 10087.6 9519.92 9439.81 9364.4 7832.49 1198.77 6633.72 1004.22 500.69 180.782 503.527 335.52 212.405 319.908 6597.15 168.006 253.306 215.788 1531.91
internal_count=86478 84861 1617 1402 1025 865 83822 81256 80635 79768 744 79024 66373 62151 61874 57246 7952 49294 7797 4252 2219 3545 1227 969 2033 47590 2318 1957 1917 4628
is_linear=0
shrinkage=0.03


Tree=139
num_leaves=31
num_cat=0
split_feature=71 63 56 24 56 57 56 63 55 55 56 26 55 56 41 56 56 0 56 0 55 55 55 56 56 57 9 56 34 57
split_gain=132.61 106.951 96.4262 102.209 293.289 115.231 100.589 107.201 94.4216 145.511 150.208 114.826 123.17 144.421 103.021 101.133 89.4567 76.175 72.9145 69.6302 68.1519 144.063 187.928 125.975 190.016 140.434 211.024 122.112 100.711 99.083
threshold=1.0000000180025095e-35 1.0000000180025095e-35 0.17581565966311982 1.0000000180025095e-35 0.040675701023522033 18.500000000000004 0.034661218704314191 1.0000000180025095e-35 0.057612852812660494 0.031781826281211616 0.034661218704314191 1.0000000180025095e-35 0.0042056916755157572 0.0072401483730347776 1.0000000180025095e-35 0.0034748957205514566 0.020591400204650768 9.0500000000000025 0.0062335325816534918 6.7500000000000009 0.0097125389833710302 0.02035367420542971 0.016609917414209353 0.018723845800721603 0.0012507313961251478 1.5000000000000002 1.0000000180025095e-35 0.0030578462405835565 1.0000000180025095e-35 7.5000000000000009
decision_type=2 2 2 2 2 2 2 2 2 2 2 2 2 2 2 2 2 2 2 2 2 2 2 2 2 2 2 2 2 2
left_child=2 16 3 5 6 8 7 -5 9 11 14 20 13 -13 15 -11 -2 18 -10 -12 28 22 23 24 -22 26 -25 -23 -1 -26
right_child=1 -3 -4 4 -6 -7 -8 -9 17 10 19 12 -14 -15 -16 -17 -18 -19 -20 -21 21 27 -24 25 29 -27 -28 -29 -30 -31
leaf_value=0.0060335439886885804 -0.003553686617345145 0.0217327051037862 0.017605330045334669 -0.038348919103663275 -0.11354987242599975 -0.069566335072708027 0.028803133334080418 0.016676449828835097 -0.040705420884069164 -0.0067794428784158974 -0.030437418925414489 -0.04326679153932355 -0.046669089892457036 0.036858268920496644 0.02526794619934037 -0.050822038523616463 0.019500854997605049 0.023231291616582068 0.0076415462845803575 0.0054784971448070298 0.047201218764823402 -0.038243420189934131 -0.048492825705540969 0.00171325542428998 -0.032427738521518146 0.023433338739160491 -0.092397041325503415 0.0049445488485209453 -0.041738591191251395 0.02023558445043068
leaf_weight=4894.3010118019301 433.80761744827032 630.3367688562721 374.69104454666376 89.561744496721076 24.622664242982864 18.883178472518921 54.266952082514763 48.448211451352108 29.862168287858367 68.599518772796728 56.489868648350239 32.909186962497188 85.036796023574425 49.265403280733153 26.05037228576839 149.88568000169471 231.54655378591269 349.39501473680139 310.42454860545695 312.49683345854282 34.649042016360909 59.551534474012442 103.93731759686489 119.11055861180648 265.23321152559947 201.95217516832054 25.142594809643924 2198.9088171866024 39.055307674920186 35.887011421844363
leaf_count=54949 1123 349 241 10827 149 224 20 504 130 964 144 1446 2565 74 24 1169 134 193 368 359 24 1582 841 275 2445 126 171 3883 1139 44
internal_value=0.00385719 0.0128869 0.00269286 0.00211411 -0.0182006 0.00258142 -0.00546606 -0.0190513 0.00273296 0.00189058 -0.0121867 0.00295233 -0.0215782 0.00463548 -0.0303689 -0.0370875 0.00448663 0.0134123 0.00329198 -8.74402e-05 0.00346913 -6.07321e-05 -0.0111154 -0.00535613 -0.0184228 0.00733321 -0.0152129 0.00378934 0.00564697 -0.0261052
internal_weight=11354.3 1295.69 10058.6 9683.93 216.9 9467.03 192.277 138.01 9448.14 8758.46 613.522 8144.94 167.211 82.1746 244.536 218.485 665.354 689.682 340.287 368.987 7977.73 3044.37 785.912 681.975 335.769 346.205 144.253 2258.46 4933.36 301.12
internal_count=86486 1606 84880 84639 11500 73139 11351 11331 72915 72224 2660 69564 4085 1520 2157 2133 1257 691 498 503 65479 9391 3926 3085 2513 572 446 5465 56088 2489
is_linear=0
shrinkage=0.03


Tree=140
num_leaves=31
num_cat=0
split_feature=56 51 55 55 56 58 9 27 3 57 65 65 72 56 65 14 56 65 65 65 65 55 31 65 4 55 65 55 50 55
split_gain=83.8685 95.5926 82.4689 140.998 200.267 116.008 82.6348 220.729 148.754 137.173 172.535 248.495 195.781 127.733 103.441 97.124 97.5366 171.372 89.9195 79.3217 110.655 90.8946 79.3071 77.3761 183.191 89.508 75.7138 110.494 133.958 106.101
threshold=0.048022201973341977 1.0000000180025095e-35 0.0046575976997566331 0.0055825586881825175 0.0022383092388490035 2.5000000000000004 1.0000000180025095e-35 1.0000000180025095e-35 1.0000000180025095e-35 2.5000000000000004 361.50000000000006 339.50000000000006 1.0000000180025095e-35 0.0063291234767716645 229.50000000000003 1.0000000180025095e-35 0.0030578462405835565 422.50000000000006 162.50000000000003 751.50000000000011 601.50000000000011 0.0097125389833710302 1.0000000180025095e-35 65.500000000000014 1.0000000180025095e-35 0.057612852812660494 401.50000000000006 0.032909008647517501 1.0000000180025095e-35 0.0063291234767716645
decision_type=2 2 2 2 2 2 2 2 2 2 2 2 2 2 2 2 2 2 2 2 2 2 2 2 2 2 2 2 2 2
left_child=1 2 -1 4 -4 -6 7 8 15 10 11 12 13 -8 18 16 17 -5 -11 20 23 -21 -15 24 -18 26 27 -25 -29 -28
right_child=-2 -3 3 6 5 -7 9 -9 -10 14 -12 -13 -14 22 -16 -17 19 -19 -20 21 -22 -23 -24 25 -26 -27 29 28 -30 -31
leaf_value=0.0091620763269377146 0.010873735410825001 -0.049884940883805885 0.029159385051392893 -0.038658594915352416 -0.037314997060443736 0.016303407151726582 -0.039014354337110653 -0.052724222626761262 -0.046358456756027386 0.0020196745772712368 -0.037777502208482888 0.028908183203603287 0.032307977396669352 -0.012713493964108398 0.014476539905870505 0.016598859075918428 0.029421388158943781 0.013171219167847978 -0.059001121990345726 0.029927095628859979 -0.034316009267787689 -0.0019039241978132538 0.036582950511670639 0.0018927620140181773 -0.028933021004136458 0.019709176660258503 -0.047718996491351334 -0.046300634014351867 0.032720745846467524 0.015984159202669414
leaf_weight=2242.0238251469564 1874.6456016153097 28.602333212067606 67.560355752357282 121.42662169289542 218.23975056238123 42.930359760066494 184.41691425041063 57.707995004137047 47.886184539122041 60.390946813102346 162.08760239911499 163.83631893998245 76.220836075604893 335.89073079804075 480.95492810985888 706.19588953864877 270.67684648319846 107.39187369350111 32.898199713672511 237.59229760989547 64.09762121969834 121.86124726023991 31.211607225239277 2955.4457262029755 58.074700302793644 297.35137717612088 23.719268528278917 85.046314711216837 24.110582806169987 507.31203354924219
leaf_count=34944 1723 646 461 2743 6022 61 3668 1138 721 290 2832 437 65 3276 1599 5558 355 1017 319 450 643 353 18 14004 274 224 433 467 6 1766
internal_value=0.00506061 0.00394912 0.00411157 0.00260928 -0.0165758 -0.0284728 0.00348571 0.00514998 0.00575265 -0.00270694 -0.00967844 -0.00388431 -0.0124753 -0.0187117 0.00886754 0.00620805 0.00469946 -0.0143817 -0.0198967 0.00564226 0.00450428 0.0191605 -0.00843424 0.00510167 0.0190565 0.00391864 0.00260767 0.000793804 -0.0287078 0.0130544
internal_weight=11687.8 9813.16 9784.56 7542.54 328.73 261.17 7213.8 5685.9 5628.19 1527.91 953.664 791.576 627.74 551.519 574.244 5580.3 4874.11 228.818 93.2891 4645.29 4285.83 359.454 367.102 4221.74 328.752 3892.99 3595.63 3064.6 109.157 531.031
internal_count=86513 84790 84144 49200 6544 6083 42656 30152 29014 12504 10296 7464 7027 6962 2208 28293 22735 3760 609 18975 18172 803 3294 17529 629 16900 16676 14477 473 2199
is_linear=0
shrinkage=0.03


Tree=141
num_leaves=31
num_cat=0
split_feature=56 60 72 39 60 55 29 0 55 55 59 63 55 52 56 37 60 0 64 36 66 55 0 56 55 55 17 0 56 55
split_gain=144.088 111.444 109.47 116.936 88.8985 229.676 87.8883 85.3404 76.6934 193.759 136.179 114.068 112.119 103.732 88.4958 132.393 108.758 104.083 97.4837 97.6594 92.3375 201.04 134.915 138.782 91.0115 90.6783 89.7341 89.6259 84.7564 73.571
threshold=0.048022201973341977 1.0000000180025095e-35 1.0000000180025095e-35 1.0000000180025095e-35 1.0000000180025095e-35 0.005786946757218134 1.0000000180025095e-35 7.7500000000000009 0.001581171826617579 0.0034299781365728171 2.5000000000000004 1.0000000180025095e-35 0.0040872057278096563 1.0000000180025095e-35 0.0070793993871210567 1.0000000180025095e-35 3.5000000000000004 4.3500000000000005 1.0000000180025095e-35 1.0000000180025095e-35 1.0000000180025095e-35 0.0062067466550570329 7.7500000000000009 0.0083061737185340812 0.0046575976997566331 0.036496636214826468 1.0000000180025095e-35 4.5500000000000007 0.0069633442171564012 0.077177660430596665
decision_type=2 2 2 2 2 2 2 2 2 2 2 2 2 2 2 2 2 2 2 2 2 2 2 2 2 2 2 2 2 2
left_child=2 29 3 6 5 -4 8 -3 -1 10 11 -10 -11 14 26 16 17 -16 19 20 21 -19 23 -22 -24 -20 28 -23 -14 -2
right_child=1 7 4 -5 -6 -7 -8 -9 9 12 -12 -13 13 -15 15 -17 -18 18 25 -21 22 27 24 -25 -26 -27 -28 -29 -30 -31
leaf_value=0.012156016712315644 -0.061130445967572528 0.0043103142031012216 0.016993580238983688 -0.043627533184704789 0.021790626397746385 -0.053787529726413374 -0.04107692140286863 0.017588695979272703 -0.035925734975776696 0.015812092008215334 0.023675269790581936 0.00068007867241775069 -0.0010131385869385316 -0.05912556898895862 -0.041773363837322636 -0.062844573029261205 -0.014353079792099925 -0.03760372158960669 -0.073960504416236375 -0.058893776611747634 0.014652954299593028 0.045485136807920705 0.04914901633486396 -0.068229583990214698 0.01435288872840141 0.0097967088177104006 -0.027716377312079543 0.0048057228277083438 -0.045084744020179625 0.006989689716963501
leaf_weight=590.60303597504389 30.215182319283485 709.73861753195524 152.42535080562811 50.948857462964952 433.91807238245383 55.438052636105567 42.382121243310394 1130.2737320307642 263.27367012607283 498.38435910636326 58.381069662165828 107.84004684328102 2626.5510772955895 24.641602975316346 40.228753680596128 25.487412767484784 259.37657215353101 99.768619638984092 25.195923630148172 19.35906810965389 36.87018662301125 48.698024042183533 71.700450208038092 34.326851300895214 1022.9384393997025 20.550453096628189 123.64473863321473 2591.9084395685059 38.870687598449877 25.942398957908154
leaf_count=12742 133 831 246 994 359 366 2556 729 12244 3826 259 251 26102 325 718 251 721 1613 170 267 160 39 32 194 1522 21 6580 11136 860 25
internal_value=0.00365704 0.0111963 0.0021293 0.00124861 0.0140774 -0.00205118 0.00151729 0.012472 0.00173124 0.00096385 -0.0186166 -0.0253154 0.00207145 0.00110621 0.001324 0.00402494 0.00443862 0.00565691 0.00614777 0.00665905 0.00699892 0.0039878 0.0140673 -0.0256995 0.0166749 -0.0369299 -0.00283661 0.00557287 -0.00167252 -0.0300901
internal_weight=11259.9 1896.17 9363.71 8721.93 641.781 207.863 8670.98 1840.01 8628.6 8038 429.495 371.114 7608.5 7110.12 7085.48 4296.41 4270.92 4011.55 3971.32 3925.57 3906.21 2740.38 1165.84 71.197 1094.64 45.7464 2789.07 2640.61 2665.42 56.1576
internal_count=86272 1718 84554 83583 971 612 82589 1560 80033 67291 12754 12495 54537 50711 50386 16844 16593 15872 15154 14963 14696 12788 1908 354 1554 191 33542 11175 26962 158
is_linear=0
shrinkage=0.03


Tree=142
num_leaves=31
num_cat=0
split_feature=58 55 29 56 72 60 40 63 55 55 0 14 27 66 55 55 53 0 26 56 59 56 0 0 0 55 2 55 56 56
split_gain=100.14 138.295 88.5141 74.2432 72.996 117.623 80.6407 67.8733 65.3143 155.674 299.505 198.504 111.562 91.2162 90.575 111.262 80.7583 78.4155 96.5111 72.6639 165.904 69.8448 205.193 69.7401 64.0121 76.7361 119.927 82.3396 74.9535 122.817
threshold=1.5000000000000002 0.000661284296626267 1.0000000180025095e-35 0.034661218704314191 1.0000000180025095e-35 3.5000000000000004 1.0000000180025095e-35 1.0000000180025095e-35 0.011945845925157792 0.021765767382888639 5.3500000000000005 1.0000000180025095e-35 1.0000000180025095e-35 1.0000000180025095e-35 0.010957361226626923 0.0097125389833710302 1.0000000180025095e-35 7.2500000000000009 1.0000000180025095e-35 0.0030578462405835565 1.5000000000000002 0.027940916386617273 8.7500000000000018 5.2500000000000009 7.8500000000000005 0.003521635503638119 1.0000000180025095e-35 0.0022228184774181607 0.0028543105875636922 0.0037686893296689705
decision_type=2 2 2 2 2 2 2 2 2 2 2 2 2 2 2 2 2 2 2 2 2 2 2 2 2 2 2 2 2 2
left_child=1 -1 3 4 5 8 -7 -5 12 10 -10 -12 13 14 15 16 23 -16 -19 20 -11 -21 -23 -3 25 26 27 -25 -26 -30
right_child=-2 2 -4 7 -6 6 -8 -9 9 19 11 -13 -14 -15 17 -17 -18 18 -20 21 -22 22 -24 24 28 -27 -28 -29 29 -31
leaf_value=-0.037703582324540068 0.012563762204384191 -0.034815210760390937 -0.040806251455629682 0.0070525068708331686 0.017247217871565669 -0.053512440864532836 0.010141464142785066 0.022727818134923795 0.03527627760506994 -0.040878639562869648 -0.040828975021335458 0.011956500615060608 -0.038096137229293031 0.011850089076672706 0.04609701920816716 -0.046854230685764137 0.027498334280260776 -0.044785040066915839 0.037487894424066123 0.0058159729218891423 0.033669750372217859 -0.06734834687675964 0.013816173963036275 0.020739765180882892 -0.038401366922134715 0.0092831397517651598 -0.037758361743976183 -0.041720569126637012 0.021685611965153305 -0.0042400932845730122
leaf_weight=70.196405305934604 1384.1582976865757 46.453168917971198 38.085703773307614 2478.0424047894776 302.75412851455621 55.500847761577461 25.814790138043463 275.68851294741035 78.751334624190349 91.258083142689429 282.6396755707683 82.346899912517983 53.352976391557604 1309.3296983752225 76.859659880283289 41.209951248136349 108.44577651226427 23.758106629131362 25.643155712634325 1518.1300166604342 37.038240920752287 45.300084570422769 70.377527836710215 97.310309029999189 49.099670948111452 1225.9410199400445 84.245879522379255 22.574063667212613 185.97921978286467 1364.1434989789268
leaf_count=5715 3600 5797 2431 2888 493 572 33 142 511 2505 2333 491 2516 6570 251 542 351 174 6 3805 6 259 58 2048 1544 20994 8071 965 857 9997
internal_value=0.00499586 0.00396434 0.00425776 0.00443243 0.00284916 0.00222419 -0.0334269 0.00862951 0.00264788 -0.00161242 -0.0174729 -0.0289196 0.00464119 0.00513846 0.0025138 0.00153385 0.00217461 0.0273383 -0.00218243 0.00238925 -0.0192631 0.00410027 -0.0182732 0.00127309 0.00183779 0.00644729 -0.0105462 0.00873073 -0.0022856 -0.00111763
internal_weight=11550.4 10166.3 10096.1 10058 7304.26 7001.5 81.3156 2753.73 6920.19 2205.84 443.738 364.987 4714.35 4660.99 3351.66 3225.4 3184.19 126.261 49.4013 1762.1 128.296 1633.81 115.678 3075.75 3029.29 1430.07 204.13 119.884 1599.22 1550.12
internal_count=86525 82925 77210 74779 71749 71256 605 3030 70651 9968 3335 2824 60683 58167 51597 51166 50624 431 180 6633 2511 4122 317 50273 44476 32078 11084 3013 12398 10854
is_linear=0
shrinkage=0.03


Tree=143
num_leaves=31
num_cat=0
split_feature=71 55 58 32 65 65 58 8 55 65 65 4 55 13 17 55 55 30 65 60 65 65 65 65 41 41 65 0 0 58
split_gain=105.147 117.946 126.458 79.6739 98.5258 78.5921 72.5474 65.2101 133.333 63.6455 89.6769 237.99 81.6329 71.9013 69.5406 120.101 101.983 92.455 150.645 117.847 75.6838 104.821 89.2194 83.341 101.046 74.1771 85.1803 73.8563 147.899 81.7857
threshold=1.0000000180025095e-35 0.0073991022256974679 1.5000000000000002 1.0000000180025095e-35 198.50000000000003 142.50000000000003 1.5000000000000002 1.0000000180025095e-35 0.0064759262593956863 74.500000000000014 94.500000000000014 1.0000000180025095e-35 0.030522028566488325 1.0000000180025095e-35 1.0000000180025095e-35 0.015677023898642627 0.012045600339021982 1.0000000180025095e-35 327.50000000000006 1.5000000000000002 697.50000000000011 764.50000000000011 201.50000000000003 199.50000000000003 1.0000000180025095e-35 1.0000000180025095e-35 1549.5000000000002 4.4500000000000011 5.4500000000000011 1.0000000180025095e-35
decision_type=2 2 2 2 2 2 2 2 2 2 2 2 2 2 2 2 2 2 2 2 2 2 2 2 2 2 2 2 2 2
left_child=3 2 7 9 5 6 -5 8 -2 13 11 12 -11 -1 25 16 20 18 -17 -20 22 -22 23 24 -16 27 -27 -12 29 -29
right_child=1 -3 -4 4 -6 -7 -8 -9 -10 10 14 -13 -14 -15 15 17 -18 -19 19 -21 21 -23 -24 -25 -26 26 -28 28 -30 -31
leaf_value=-0.036733252621014109 -0.090373839771387188 0.019489353977173222 0.016277477310335291 -0.056498730936605401 0.0012786039096836293 0.028637508073711633 0.019662218258040265 -0.0056287850731350708 -0.0014951788168212907 -0.042147153113072169 0.019980192388302075 0.0092299510242013841 -0.11781961078982119 0.010282483317030728 -0.036528015510147699 -0.057433704913030986 0.019172763021720714 0.016404957286393608 -0.05823770372666881 0.022362796366491165 0.033604555164439949 -0.027600446717419236 -0.037509219747241973 0.038887739129936191 0.032638561171120226 -0.05634447155585362 0.030876958031115467 -0.045349037454825838 0.001748180605464256 0.00075163919918398909
leaf_weight=29.382460312743206 26.160979677923024 663.30548189766705 239.77247258275747 19.165785203687847 419.53448522812687 293.19084454793483 24.652209866791964 215.62636817200109 34.547442385926843 38.669216854672413 190.70609056708054 82.742914834350813 19.82490497326944 828.03315079418826 62.904634997394169 110.35036446544109 163.16142076661345 36.736983077134937 22.538444707344752 52.293286674655974 68.163424161204603 38.689254278840963 116.84156049485318 33.284288437454961 26.166622804477811 38.3221650486812 12.825171642005442 93.473779312655097 6863.3263070447429 54.62916473048972
leaf_count=616 230 437 254 194 1329 329 22 560 97 2145 2637 409 219 2854 5384 985 532 47 316 37 260 797 8358 133 62 637 3 5359 48089 3222
internal_value=0.00267473 0.0111308 0.000371361 0.00164971 0.0109929 0.0230465 -0.0141676 -0.0134391 -0.0406394 0.000861696 4.09839e-05 -0.0235704 -0.0693434 0.0086304 0.000461547 -0.00835039 -0.000310349 -0.0267148 -0.0353111 -0.00236099 -0.00952535 0.011393 -0.0188784 -0.000927332 -0.0160721 0.00135082 -0.034301 0.00160873 0.00110626 -0.0284534
internal_weight=10919 1179.41 516.107 9739.61 756.543 337.009 43.818 276.335 60.7084 8983.07 8125.65 141.237 58.4941 857.416 7984.41 731.13 509.211 221.919 185.182 74.8317 346.05 106.853 239.197 122.356 89.0713 7253.28 51.1473 7202.14 7011.43 148.103
internal_count=86553 1578 1141 84975 1874 545 216 887 327 83101 79631 2773 2364 3470 76858 16911 15526 1385 1338 353 14994 1057 13937 5579 5446 59947 640 59307 56670 8581
is_linear=0
shrinkage=0.03


Tree=144
num_leaves=31
num_cat=0
split_feature=58 24 0 57 0 59 59 17 0 0 62 58 41 36 0 57 50 30 51 0 0 30 0 57 15 58 57 0 71 37
split_gain=137.362 97.9457 70.3955 68.2378 67.4673 65.7383 82.0622 68.771 65.3897 88.0271 59.5659 82.7777 102.354 72.8406 56.6133 55.1215 54.4481 50.0233 49.6236 49.2164 63.1331 62.4442 67.3514 157.725 109.157 65.8807 46.8714 51.3723 45.6628 44.9678
threshold=1.0000000180025095e-35 1.0000000180025095e-35 5.3500000000000005 8.5000000000000018 8.1500000000000004 1.5000000000000002 3.5000000000000004 1.0000000180025095e-35 4.1500000000000012 4.4500000000000011 1.0000000180025095e-35 2.5000000000000004 1.0000000180025095e-35 1.0000000180025095e-35 5.1500000000000012 4.5000000000000009 1.0000000180025095e-35 1.0000000180025095e-35 1.0000000180025095e-35 9.5000000000000018 8.9500000000000011 1.0000000180025095e-35 7.2500000000000009 1.5000000000000002 1.0000000180025095e-35 1.5000000000000002 10.500000000000002 7.7500000000000009 1.0000000180025095e-35 1.0000000180025095e-35
decision_type=2 2 2 2 2 2 2 2 2 2 2 2 2 2 2 2 2 2 2 2 2 2 2 2 2 2 2 2 2 2
left_child=5 2 17 4 -3 8 7 -7 -1 -10 19 12 13 15 -11 -12 18 -2 26 20 21 22 25 -24 -25 -4 28 -28 29 -16
right_child=1 3 10 -5 -6 6 -8 -9 9 14 11 -13 -14 -15 16 -17 -18 -19 -20 -21 -22 -23 23 24 -26 -27 27 -29 -30 -31
leaf_value=-0.042722881907238573 -0.049423936364558274 -0.053591936122980473 0.022262902179015449 0.025222045883192566 0.005522642675356096 0.018644031586917693 -0.062149043318530169 -0.047212547930401326 0.020665280959590818 -0.033561754360668349 -0.0061141487106168273 0.018617415872250024 0.047373072413949377 -0.056853872177712879 -0.00016448690968248454 0.010894676919608406 0.020352557190709854 0.020508084601687623 -0.048550090016727658 0.017095055211383176 -0.0461428438230789 0.026455653984294031 -0.041812113878059602 -0.058563217389971542 0.0081033031214221545 -0.024804907506842219 -0.068914402228408819 -0.0088278232467909855 0.010423312788271711 0.015785894359309226
leaf_weight=29.537522288184846 29.602728313999251 50.966082794780959 320.73210675176233 21.909568736329675 25.843553091166541 367.21311035047984 11.480335153522899 13.910938747460021 203.48731571793905 42.163114333932754 573.78311708776164 272.97725789382821 37.779142915853299 20.602511185395997 5917.6165881185152 243.40035891276784 126.13307616452221 12.504986069281584 17.487796168163186 1143.2216668168548 17.630757038481534 170.85402213502675 64.902430327842012 21.713685491820797 835.74297676351853 28.373495140578598 16.188227168866433 51.726671137614176 425.10795152187347 162.46888712764485
leaf_count=1479 1687 5026 2169 24 125 1723 244 794 2762 2293 9120 321 70 474 48172 955 311 121 423 2024 136 310 1372 422 1855 335 282 159 507 809
internal_value=0.00415727 0.00871692 0.00948624 -0.0206469 -0.0338867 0.00175292 0.0136821 0.016123 0.00108122 0.00127316 0.00992192 0.00422603 -0.000276928 -0.00247958 0.000686359 -0.0010409 0.00090631 -0.0286618 0.00053111 0.0124324 0.0087721 0.00947488 0.00717408 0.00291834 0.00634883 0.0183776 0.000669056 -0.0239423 0.000929641 0.000264257
internal_weight=11277.1 3892.54 3793.82 98.7192 76.8096 7384.52 392.604 381.124 6991.92 6962.38 3751.71 1148.54 875.565 837.786 6758.89 817.183 6716.73 42.1077 6590.6 2603.17 1459.95 1442.32 1271.46 922.359 857.457 349.106 6573.11 67.9149 6505.19 6080.09
internal_count=86504 26546 21371 5175 5151 59958 2761 2517 57197 55718 19563 10940 10619 10549 52956 10075 50663 1808 50352 8623 6599 6463 6153 3649 2277 2504 49929 441 49488 48981
is_linear=0
shrinkage=0.03


Tree=145
num_leaves=31
num_cat=0
split_feature=51 56 56 67 55 55 26 33 65 27 3 0 55 62 72 9 55 33 17 56 56 65 65 0 56 54 56 56 67 56
split_gain=95.9605 92.1793 119.44 234.119 193.066 123.115 111.345 104.287 96.6814 90.1167 90.6931 88.1156 87.6193 149.769 114.053 144.915 182.987 87.1862 86.556 121.248 75.1732 90.0193 141.011 301.534 202.306 147.85 148.748 164.178 128.265 135.52
threshold=1.0000000180025095e-35 0.0070793993871210567 0.0064957980922481463 1.0000000180025095e-35 0.025074921457035035 0.0066746296630805562 1.0000000180025095e-35 1.0000000180025095e-35 265.50000000000006 1.0000000180025095e-35 1.0000000180025095e-35 8.9500000000000011 0.01115846687889677 1.0000000180025095e-35 1.0000000180025095e-35 1.0000000180025095e-35 0.027897052336334126 1.0000000180025095e-35 1.0000000180025095e-35 0.006175010396599955 0.079010979990600375 255.50000000000003 170.50000000000003 7.8500000000000005 0.062958234266293586 1.0000000180025095e-35 0.0414396605349414 0.037227276579386147 1.0000000180025095e-35 0.023561139330300889
decision_type=2 2 2 2 2 2 2 2 2 2 2 2 2 2 2 2 2 2 2 2 2 2 2 2 2 2 2 2 2 2
left_child=1 2 6 4 -4 8 7 9 -5 10 12 17 18 14 15 16 -14 20 -1 -20 21 22 24 28 -3 26 27 -25 29 -24
right_child=-2 11 3 5 -6 -7 -8 -9 -10 -11 -12 -13 13 -15 -16 -17 -18 -19 19 -21 -22 -23 23 25 -26 -27 -28 -29 -30 -31
leaf_value=0.010124201442302382 -0.049753915891898676 0.007465619133997627 -0.038301019040436375 -0.046860426574066971 0.0038902579912833222 -0.020902103306933879 -0.028463091856918643 -0.039974617023904757 0.030070722052854385 -0.036211491039993826 -0.042286680086217006 0.013401811582777708 -0.027057748579438802 -0.050484895514345367 0.030387377969874042 -0.028886665297404954 0.01278215804927705 0.031138930696327744 -0.037629421365250992 0.026950105459062752 0.013024728864278528 0.0077775237674039144 -0.03337052002032035 -0.064065291164839125 -0.11096245790622852 -0.0090351857905131994 -0.1639736160372941 0.02681965923224907 0.030071898407877256 0.0014930300549933985
leaf_weight=2699.2746693508234 27.486590526328655 1135.8857232969312 272.88597809601924 15.057322365930302 151.39854952692986 73.581934553920291 91.088096487219445 45.024201353371609 188.06895279907621 45.152976988785667 33.739612683886662 1745.7357591143809 132.6298761209473 52.295277120370883 105.56991759315133 151.45070851658238 463.3670572291303 116.71308759716339 77.691829335613875 38.340171901189024 872.85639240592718 2085.2229577085236 123.56044659472536 107.25809826725163 12.134679913520811 87.713237790390849 10.335503973066805 20.847812458872795 106.89462761534378 515.80141451396048
leaf_count=29161 668 4848 9650 195 459 462 2683 1079 356 2579 1104 3826 1272 410 68 2246 1685 204 8877 698 709 8150 2825 690 77 283 75 7 162 1115
internal_value=0.0052491 0.00538397 0.00210813 -0.00929237 -0.023272 0.0121497 0.00414057 0.00492025 0.0241663 0.00546263 0.00597335 0.00757164 0.00642223 -0.00169492 0.00135182 -0.0027843 0.00388593 0.00561034 0.00903212 -0.0162426 0.00501764 0.00335312 -0.000999444 -0.00940029 0.00611834 -0.0396642 -0.058866 -0.0491816 -0.000187955 -0.00528615
internal_weight=11605.1 11577.6 4636.62 700.993 424.285 276.708 3935.62 3844.54 203.126 3799.51 3754.36 6940.96 3720.62 905.313 853.018 747.448 595.997 5195.22 2815.31 116.032 5078.51 4205.65 2120.43 972.411 1148.02 226.155 138.441 128.106 746.256 639.362
internal_count=86623 85955 62984 11122 10109 1013 51862 49179 551 48100 45521 22971 44417 5681 5271 5203 2957 19145 38736 9575 18941 18232 10082 5157 4925 1055 772 697 4102 3940
is_linear=0
shrinkage=0.03


Tree=146
num_leaves=31
num_cat=0
split_feature=71 24 59 56 56 0 56 65 0 0 65 56 11 56 52 39 25 25 56 0 56 56 65 56 56 56 0 0 58 33
split_gain=158.019 146.826 99.5858 97.7481 92.111 113.227 174.309 120.377 121.762 108.433 96.945 145.405 121.16 93.0683 90.7806 87.2979 86.8726 83.0692 82.7645 143.845 105.991 96.4442 81.5824 78.6302 105.425 71.8785 107.468 97.2833 70.2255 68.2659
threshold=1.0000000180025095e-35 1.0000000180025095e-35 2.5000000000000004 0.023561139330300889 0.0070793993871210567 7.6500000000000012 0.0066404463067947124 245.50000000000003 9.0500000000000025 7.8500000000000005 190.50000000000003 0.0059738020574179301 1.0000000180025095e-35 0.0033897661317019196 1.0000000180025095e-35 1.0000000180025095e-35 1.0000000180025095e-35 1.0000000180025095e-35 0.0038418136046520644 9.7000000000000011 0.0047573640872667607 0.005055418790465083 380.50000000000006 0.19223587426221075 0.068359195701562556 0.0022020675352604339 7.8500000000000005 8.7500000000000018 6.5000000000000009 1.0000000180025095e-35
decision_type=2 2 2 2 2 2 2 2 2 2 2 2 2 2 2 2 2 2 2 2 2 2 2 2 2 2 2 2 2 2
left_child=1 4 23 22 5 6 -1 10 9 -9 11 12 -7 -12 15 29 -10 25 -15 20 -20 -21 -2 24 -3 26 -14 -27 -11 -6
right_child=3 2 -4 -5 14 7 -8 8 16 28 13 -13 17 18 -16 -17 -18 -19 19 21 -22 -23 -24 -25 -26 27 -28 -29 -30 -31
leaf_value=0.0091397472004338884 -0.00035748069802236064 -0.032372592630752102 0.025505481689788379 0.024689674705670839 0.0046223333868168235 -0.039197046766285035 -0.040101340627326364 -0.010321831130135432 0.00043523361489565467 -0.038630668768161305 -0.030616277808699927 -0.032273391477424862 0.04226006598545072 0.035387110712950566 -0.074379341597693882 -0.045886887665100566 -0.048105790774119479 -0.04255740745611071 0.011403306887350842 -0.053390989318531673 -0.049414208915902487 0.023308868448758527 0.018462647341877948 0.022785039973572112 -0.12593294466782828 -0.048772420821651376 -0.042343598801495561 0.0080864700192593876 0.031151696831528065 0.027948138559578565
leaf_weight=1106.8600755766965 522.53489329665899 138.86349510401487 30.652159875142388 424.06275677960366 5581.8200766497175 57.109316929912893 67.731642205559183 393.55273163324455 625.3823553135735 253.11154703208013 43.2636228275951 145.48251975129824 96.557063771411777 129.34750792384148 12.056773590738883 29.398362511070445 34.040669647278264 27.803167262522038 45.843643510597758 14.713777516968547 57.055807078722864 258.25714233599138 342.57378469780087 19.717744756489992 10.963665612041948 28.883851877762936 14.861496874858856 288.14361877384363 12.958412170410154 114.30142406816594
leaf_count=26971 1138 11342 113 195 18509 1327 3415 4165 3434 4111 884 2488 492 162 176 240 383 628 226 199 1132 651 279 8 68 475 693 2180 1 219
internal_value=0.00304583 0.00172586 -0.0236336 0.0129059 0.00226619 -0.00142364 0.00626861 -0.00500108 -0.0112627 -0.0203659 0.00184357 -0.00590932 0.00161031 0.0111502 0.00464611 0.00482548 -0.00213959 0.00679277 0.0147803 0.00761378 -0.0224699 0.0189948 0.0071078 -0.0326149 -0.0400085 0.0100869 0.030699 0.00276908 -0.0351281 0.00509522
internal_weight=10927.9 9638.73 200.197 1289.17 9438.54 3700.96 1174.59 2526.37 1319.05 659.623 1207.32 658.841 513.359 548.482 5737.58 5725.52 659.423 456.249 505.218 375.87 102.899 272.971 865.109 169.545 149.827 428.446 111.419 317.027 266.07 5696.12
internal_count=86304 84692 11531 1612 73161 54017 30386 23631 12094 8277 11537 8283 5795 3254 19144 18968 3817 4468 2370 2208 1358 850 1417 11418 11410 3840 1185 2655 4112 18728
is_linear=0
shrinkage=0.03


Tree=147
num_leaves=31
num_cat=0
split_feature=36 67 56 60 55 65 65 0 0 55 56 55 55 55 56 63 65 0 56 58 56 0 0 12 65 65 65 65 55 55
split_gain=107.51 103.392 103.791 105.26 132.803 126.062 173.748 124.462 97.2207 94.7954 93.9393 119.943 105.978 102.305 97.214 91.0885 200.001 132.97 82.4692 80.2001 116.349 100.383 110.672 105.625 101.864 141.695 115.896 109.389 158.568 179.859
threshold=1.0000000180025095e-35 1.0000000180025095e-35 0.023561139330300889 1.0000000180025095e-35 0.0010735629434673237 493.50000000000006 282.50000000000006 8.4500000000000011 9.0500000000000025 0.000661284296626267 0.0066168109075340131 0.0056011532385552764 0.0092217361296526232 0.002057627291215169 0.0048523279988582765 1.0000000180025095e-35 545.50000000000011 4.2500000000000009 0.025256962971620851 1.0000000180025095e-35 0.015672130700583192 5.5500000000000007 6.9500000000000011 1.0000000180025095e-35 170.50000000000003 192.50000000000003 196.50000000000003 422.50000000000006 0.0046575976997566331 0.048763003506173415
decision_type=2 2 2 2 2 2 2 2 2 2 2 2 2 2 2 2 2 2 2 2 2 2 2 2 2 2 2 2 2 2
left_child=1 2 3 4 9 6 -6 -7 15 -1 11 13 -13 -3 -14 16 -4 -18 -2 20 21 23 -23 -5 -24 -26 -27 28 -28 -30
right_child=18 10 8 19 5 7 -8 -9 -10 -11 -12 12 14 -15 -16 -17 17 -19 -20 -21 -22 22 24 -25 25 26 27 -29 29 -31
leaf_value=-0.037646065893013315 -0.040618353379931076 -0.042126726782142701 0.0034539124943412723 0.019972106916922038 -0.0089333491530225011 0.024824124623262295 -0.039386381794966452 -0.031325222203485679 0.017408862841098379 0.024851666196880229 0.014433960580225466 -0.050681892762329005 -0.054856706921580047 0.015829330266954395 0.00851747399814572 0.019105547506082416 0.027071360569324073 -0.078768839836723836 0.011632453904012791 0.0089875118913943473 -0.030581112510859272 -0.026781498629787015 0.010451656175498661 -0.03478588292087767 -0.048764948214524012 0.032615400211245767 0.0085050887235067884 0.0084680817848208339 -0.023679233326914555 0.014842246373956815
leaf_weight=24.444879395712633 85.782668672851287 29.205484378675465 2790.0806997017935 344.72716723923804 778.56221485076821 143.75263905039174 214.57889475123375 46.155095976078883 577.51047370582819 156.69970274169464 1296.9582148973132 63.094004298676737 26.078204071847722 299.32750024722191 110.52803322905675 322.98380823992193 13.58082998357713 42.672407856211066 39.044869907200336 1088.7964795982698 110.70977761549875 146.66532784653828 613.17975001441664 33.995444940781454 59.918973706575343 80.910061728907749 316.42865972052095 443.48168678267393 611.29433015175164 132.01631544809788
leaf_count=1263 1282 707 4377 6614 22385 2206 7544 846 437 1100 2495 976 370 1214 324 209 12 236 39 3942 646 6161 3899 3363 1199 252 4176 3529 4621 131
internal_value=0.00326163 0.00357908 0.00227057 -0.000412744 -0.00760153 -0.0112654 -0.0155461 0.011085 0.00609845 0.0162574 0.0100933 -0.000571325 -0.0188534 0.010565 -0.00389142 0.00403264 0.00231615 -0.05319 -0.0243122 0.00205128 -0.000561123 0.000643815 -0.00161979 0.0149782 2.62512e-05 -0.00386609 -0.00213812 -0.00402915 -0.00926207 -0.0168268
internal_weight=11043.2 10918.3 9093.15 5346.32 1364.19 1183.05 993.141 189.908 3746.83 181.145 1825.19 528.233 199.7 328.533 136.606 3169.32 2846.33 56.2532 124.828 3982.12 2893.33 2782.62 2403.9 378.723 2257.23 1644.05 1584.13 1503.22 1059.74 743.311
internal_count=86555 85234 79148 73877 35344 32981 29929 3052 5271 2363 6086 3591 1670 1921 694 4834 4625 248 1321 38533 34591 33945 23968 9977 17807 13908 12709 12457 8928 4752
is_linear=0
shrinkage=0.03


Tree=148
num_leaves=31
num_cat=0
split_feature=71 56 5 65 62 58 59 38 43 56 65 56 51 68 12 56 56 28 48 33 44 26 65 26 39 56 65 60 10 6
split_gain=99.8139 74.073 71.8537 70.9766 91.6469 105.512 75.5323 68.2236 65.0092 143.575 64.17 58.0115 55.7881 49.223 47.0143 45.4065 153.489 112.457 101.901 90.4483 84.7358 70.3777 97.9872 70.2621 69.9324 72.7833 65.3005 177.555 146.362 82.1364
threshold=1.0000000180025095e-35 0.0093449173492394354 1.0000000180025095e-35 460.50000000000006 1.0000000180025095e-35 2.5000000000000004 17.500000000000004 1.0000000180025095e-35 1.0000000180025095e-35 0.037227276579386147 99.500000000000014 0.036580011770314246 1.0000000180025095e-35 1.0000000180025095e-35 1.0000000180025095e-35 0.0070793993871210567 0.0068988356286288468 1.0000000180025095e-35 1.0000000180025095e-35 1.0000000180025095e-35 1.0000000180025095e-35 1.0000000180025095e-35 116.50000000000001 1.0000000180025095e-35 1.0000000180025095e-35 0.17581565966311982 270.50000000000006 4.5000000000000009 1.0000000180025095e-35 1.0000000180025095e-35
decision_type=2 2 2 2 2 2 2 2 2 2 2 2 2 2 2 2 2 2 2 2 2 2 2 2 2 2 2 2 2 2
left_child=2 3 7 4 -2 6 13 8 12 10 -10 -12 15 14 -6 16 17 19 23 21 24 -1 -23 -18 26 -26 27 -17 29 -28
right_child=1 -3 -4 -5 5 -7 -8 -9 9 -11 11 -13 -14 -15 -16 20 18 -19 -20 -21 -22 22 -24 -25 25 -27 28 -29 -30 -31
leaf_value=0.0045883527989993055 0.009369595056166068 0.022141005396831975 -0.044659721146002009 0.020410357473104993 -0.064614605866871289 0.013300199309271165 0.031318367151705655 -0.047014103492760487 0.024019151945139903 -0.18512756925271195 -0.05090685117646989 0.029394789492134359 -0.043350520607321689 0.022149348906858799 -0.018225602838838239 0.0041996550615337157 -0.045685729030267595 -0.040091307327412402 0.02767588342759375 -0.038031601661279668 -0.052957361299200298 0.017382122450496505 -0.04307899762847088 0.0079931096981135496 -0.068461249932362092 0.02686467916000505 -0.016574095569151893 -0.053939858644510612 -0.033377550744059237 0.012155411460017793
leaf_weight=3534.4440338881104 378.76431752927601 446.947061881423 26.957195162423886 242.51721742004156 60.79754801094532 66.501246342435479 13.295510292053221 23.004016409482574 25.89921761318692 3.6718074306845656 36.870172167517012 9.5854120254516584 21.500301486521494 8.944695405662058 30.332128028385341 3402.6207384976733 119.33439956975053 53.439569747279165 26.032678888179362 45.949030583200511 21.169445296516642 37.754660773498472 63.720948625094024 26.51039747876348 21.349928800365888 9.9834335371851939 92.360203242511488 46.944459698162973 67.751367530203424 2292.8891060079914
leaf_count=49392 405 249 895 178 419 64 1 1101 60 34 734 1 617 4 282 12714 3935 1785 41 1215 253 499 2479 243 232 2 547 196 672 7195
internal_value=0.00437078 0.0123675 0.00337255 0.0068942 0.00100052 -0.0165771 -0.0340657 0.00350671 0.00362811 -0.0238292 -0.0132316 -0.0340675 0.0038417 -0.0429763 -0.0495396 0.00394897 0.00143539 0.00271372 -0.0262007 0.00334572 0.00559763 0.00387894 -0.0206339 -0.0359405 0.00581542 -0.038197 0.00605549 0.00339304 0.00979668 0.0110365
internal_weight=11257.8 1248.1 10009.7 801.153 558.635 179.871 113.37 9982.79 9959.78 76.0266 72.3548 46.4556 9883.75 100.074 91.1297 9862.25 3907.19 3735.31 171.877 3681.87 5955.07 3635.92 101.476 145.845 5933.9 31.3334 5902.57 3449.57 2453 2385.25
internal_count=86444 1602 84842 1353 1175 770 706 83947 82846 829 795 735 82017 705 701 81400 59589 55370 4219 53585 21811 52370 2978 4178 21558 234 21324 12910 8414 7742
is_linear=0
shrinkage=0.03


Tree=149
num_leaves=31
num_cat=0
split_feature=56 58 56 48 55 55 55 67 19 0 55 0 57 26 55 0 62 58 59 55 54 66 55 55 57 55 12 60 66 57
split_gain=83.5109 111.615 86.0064 157.739 83.6268 75.7955 97.9045 72.6013 74.6748 99.0884 83.8672 78.2854 63.4603 57.5302 64.5861 137.094 116.072 109.64 84.3111 98.4699 78.7717 120.902 92.4793 86.5897 72.6102 68.7736 67.9852 65.0484 70.3057 60.8015
threshold=0.0070793993871210567 1.5000000000000002 0.0068988356286288468 1.0000000180025095e-35 0.0015803333099937355 0.0015954949508172561 0.0031662387716335197 1.0000000180025095e-35 1.0000000180025095e-35 9.7000000000000011 0.012045600339021982 8.5500000000000025 15.500000000000002 1.0000000180025095e-35 0.0097125389833710302 7.6500000000000012 1.0000000180025095e-35 1.0000000180025095e-35 1.5000000000000002 0.06386747763884322 1.0000000180025095e-35 1.0000000180025095e-35 0.033760440240409986 0.051588093059875891 2.5000000000000004 0.0087812165602526738 1.0000000180025095e-35 1.0000000180025095e-35 1.0000000180025095e-35 13.500000000000002
decision_type=2 2 2 2 2 2 2 2 2 2 2 2 2 2 2 2 2 2 2 2 2 2 2 2 2 2 2 2 2 2
left_child=2 4 13 12 -2 -6 -7 -8 9 10 11 -9 -4 14 25 20 17 18 19 24 21 23 -22 26 -17 29 -16 -27 -29 -1
right_child=1 -3 3 -5 5 6 7 8 -10 -11 -12 -13 -14 -15 15 16 -18 -19 -20 -21 22 -23 -24 -25 -26 27 -28 28 -30 -31
leaf_value=0.0033203694274445235 -0.043291099811419674 0.017457767233168085 -0.034579278882975448 0.031972490903176956 0.034979761306472262 -0.04682329252689315 0.0029483047196503086 -0.05557491695217761 0.030014972444691271 0.017069011429301926 0.0069910511061082514 -0.0027390170665834556 0.027435572725037785 -0.019250374268155505 0.027506412935262212 -0.040910605529929089 -0.05993078466194348 0.010161697210962687 0.025870453681630649 0.0066439888061503374 -0.039397812763479777 -0.043630588481055964 0.013803057251764214 -0.051286503749331414 -0.007918202077274757 0.045286335025510556 -0.035130743536841473 -0.044631613463323123 0.01939695374126417 -0.042268902211037726
leaf_weight=2773.4047511659737 32.236530660302378 628.94574101176113 175.51595390019065 45.953714471310377 71.235147101629991 32.849476464558393 4882.9829751145735 47.259330244734883 172.74396557942964 410.61568100005388 158.51649308763444 53.137951068580151 15.482721297070382 120.32561747782165 280.0660878221388 200.38552587106824 44.597566086333245 167.93890717066824 34.148461751639843 79.302759923040867 58.95740083331475 27.851750726345927 56.954467712785117 13.467653299681841 86.336957438848913 67.188499006209895 15.676596794684881 18.237603390822187 77.357625822536647 25.585184418916469
leaf_count=47903 1278 1068 4392 42 86 1253 17970 377 316 338 257 108 9 3064 1056 2329 296 210 16 94 1556 241 339 93 290 61 704 277 80 362
internal_value=0.00329672 0.00545721 9.81359e-05 -0.017442 0.00416679 0.00443662 0.00405275 0.00435278 0.0124819 0.00792026 -0.00659875 -0.0279129 -0.0294355 0.00110412 0.00171686 -0.00461365 -0.0138559 -0.01014 -0.018664 -0.0228781 0.00789077 0.0152175 -0.0133626 0.0206417 -0.0310381 0.00399545 0.024079 0.0228918 0.00684603 0.0028887
internal_weight=10875.3 6490.52 4384.74 236.952 5861.58 5829.34 5758.11 5725.26 842.273 669.529 258.914 100.397 190.999 4147.78 4027.46 1065.68 612.71 568.113 400.174 366.025 452.974 337.062 115.912 309.21 286.722 2961.77 295.743 162.784 95.5952 2798.99
internal_count=86465 23051 63414 4443 21983 20705 20619 19366 1396 1080 742 485 4401 58971 55907 7224 3235 2939 2729 2713 3989 2094 1895 1853 2619 48683 1760 418 357 48265
is_linear=0
shrinkage=0.03


Tree=150
num_leaves=31
num_cat=0
split_feature=71 63 5 56 48 56 65 65 0 65 65 60 0 0 55 30 60 55 0 56 65 55 55 55 65 0 60 22 65 56
split_gain=114.725 68.269 64.5813 56.6478 77.2207 122.627 66.303 80.8036 140.236 119.402 130.321 175.645 106.906 100.946 124.728 87.7736 82.701 63.7213 63.1224 82.9864 62.4109 327.005 99.8903 118.435 61.6157 105.675 75.3969 131.158 107.395 205.166
threshold=1.0000000180025095e-35 1.0000000180025095e-35 1.0000000180025095e-35 0.068359195701562556 1.0000000180025095e-35 0.0051989228559195817 751.50000000000011 448.50000000000006 9.7000000000000011 401.50000000000006 350.50000000000006 5.5000000000000009 8.9500000000000011 9.8500000000000032 0.01115846687889677 1.0000000180025095e-35 2.5000000000000004 0.10679836295196168 7.7500000000000009 0.012841886520352541 319.50000000000006 0.030185961961733933 0.028894404390139527 0.0057076279521864415 339.50000000000006 7.7500000000000009 2.5000000000000004 1.0000000180025095e-35 270.50000000000006 0.031760312482723076
decision_type=2 2 2 2 2 2 2 2 2 2 2 2 2 2 2 2 2 2 2 2 2 2 2 2 2 2 2 2 2 2
left_child=2 -2 3 4 6 -6 7 9 15 10 11 17 -11 14 -12 18 -14 24 -9 -20 21 22 23 -5 26 -26 -1 28 29 -28
right_child=1 -3 -4 20 5 -7 -8 8 -10 12 13 -13 16 -15 -16 -17 -18 -19 19 -21 -22 -23 -24 -25 25 -27 27 -29 -30 -31
leaf_value=0.0018441843458432666 0.0057056426379707061 0.020079459100320496 -0.044190719352272478 -0.014722519121759203 -0.053646458902968278 0.022218916229788992 0.010347908274333446 -0.043080509521681444 0.0066579788370672386 0.020795352252258346 -0.040019373772970379 -0.062190778832465293 -0.05518572039770131 0.026811445345617167 -0.0036796869641086247 0.014936955620870083 0.025736152664242496 -0.086380534633230574 -0.034466184896687714 0.0026559429965452575 0.020076302183908365 0.0093025908178589294 -0.013359594419979715 -0.13905681060997582 -0.046159351623469853 0.022572102857298777 -0.011238262980309518 0.043339975962231138 -3.9395843810702922e-05 -0.087175017247745762
leaf_weight=5568.346656773283 682.03233872167766 527.89773531258106 25.941109191189753 10.319624722003939 19.716946218628436 265.79428054951131 626.07441516994732 129.58112284712843 277.28386873903219 413.7822331621137 173.32906176094548 38.123216104751918 30.558070872910321 41.524905143305659 166.3343608250143 52.168906482635066 17.018965512514114 6.4039543643593779 111.00565319668385 104.7539769411087 311.19066116213799 745.38638399541378 19.153843387961388 21.470486596226692 21.194041778624523 222.56570619391277 88.741870653320802 31.193612235132605 119.30242128006648 49.416871279478073
leaf_count=57364 1277 337 918 21 216 447 3705 5866 1148 2905 4368 254 512 34 579 249 12 35 2580 165 186 701 35 138 792 566 582 13 320 260
internal_value=0.00328127 0.0119884 0.00219493 0.00232376 0.0014985 0.0168108 0.000969093 0.000201547 -0.00970421 0.00115937 0.00011565 0.00117258 0.0158918 -0.0168821 -0.0222867 -0.0211058 -0.0263049 0.00157824 -0.026578 -0.0165138 0.00870564 0.0042426 -0.0685465 -0.100376 0.00168471 0.016432 0.00106825 -0.0138548 -0.0209253 -0.0388307
internal_weight=10917.6 1209.93 9707.68 9681.74 8574.22 285.511 8288.7 7662.63 674.794 6987.84 6526.48 6145.29 461.359 381.188 339.663 397.51 47.577 6107.17 345.341 215.76 1107.52 796.33 50.944 31.7901 6100.76 243.76 5857 288.655 257.461 138.159
internal_count=86585 1614 84971 84053 82972 663 82309 78604 10008 68596 65167 60186 3429 4981 4947 8860 524 59932 8611 2745 1081 895 194 159 59897 1358 58539 1175 1162 842
is_linear=0
shrinkage=0.03


Tree=151
num_leaves=31
num_cat=0
split_feature=71 44 63 55 65 5 51 0 59 62 38 4 65 9 57 65 55 65 65 65 65 0 55 11 65 65 65 0 65 20
split_gain=84.8651 89.8965 63.4364 92.4126 144.757 60.2341 55.9769 55.4022 52.7614 133.177 52.2407 47.3182 110.594 81.7147 124.721 84.4848 112.41 106.78 95.3963 108.822 104.682 80.5411 92.802 79.5141 195.157 115.298 117.779 79.9729 100.987 78.6552
threshold=1.0000000180025095e-35 1.0000000180025095e-35 1.0000000180025095e-35 0.0042368965548965987 194.50000000000003 1.0000000180025095e-35 1.0000000180025095e-35 6.0500000000000007 1.0000000180025095e-35 1.0000000180025095e-35 1.0000000180025095e-35 1.0000000180025095e-35 440.50000000000006 1.0000000180025095e-35 3.5000000000000004 370.50000000000006 0.021765767382888639 608.50000000000011 110.50000000000001 198.50000000000003 77.500000000000014 8.9500000000000011 0.057612852812660494 1.0000000180025095e-35 341.50000000000006 304.50000000000006 55.500000000000007 6.4500000000000011 350.50000000000006 1.0000000180025095e-35
decision_type=2 2 2 2 2 2 2 2 2 2 2 2 2 2 2 2 2 2 2 2 2 2 2 2 2 2 2 2 2 2
left_child=1 5 3 4 -2 6 10 -5 9 -9 11 13 23 -1 15 16 -15 -17 20 -20 -18 22 -21 24 25 26 -13 -25 -29 -28
right_child=2 -3 -4 7 -6 -7 -8 8 -10 -11 -12 12 -14 14 -16 17 18 -19 19 21 -22 -23 -24 27 -26 -27 29 28 -30 -31
leaf_value=0.00367358944929524 0.0042065076704148798 -0.047226070315103695 0.01960120191630357 -0.026979235700347458 -0.080520020465975228 -0.044162504335012225 -0.044006819092650924 0.011954042707733196 0.021577326689916954 -0.043408589788669523 -0.043381090687291048 -0.058852357364017858 -0.016646563621021133 -0.03574851281052404 0.011307935721537109 0.012003261359242538 -0.02598599038176282 -0.043618097754016406 0.017995767918174872 -0.059783789117857609 -0.14750375222282916 0.029463556929280679 -0.0011823096535811103 0.023085053350655783 0.024902299247884823 -0.05881258258177513 0.0019820762104709603 0.011038932078011248 -0.020216012613561991 -0.042534314380827602
leaf_weight=6008.8869450288912 53.230770528782159 30.813687936635688 510.07307540997863 34.017868747003376 26.465071798302233 23.02323675371008 21.367201797023881 241.26300365291536 265.57280361838639 45.637033691629767 20.340638920053607 32.188899838947691 166.28061806320329 204.19847481115721 291.05681553954491 197.29461660725065 56.03076956566656 35.838540606811875 144.61472085682908 51.122355802450329 6.322421755117829 22.632778316736221 45.6746866106987 460.59612637752434 235.1154912711354 35.282753115112428 568.88464426717837 1067.1147706625343 101.00332366139628 37.110755978676025
leaf_count=46609 137 810 334 184 177 883 625 224 178 334 1067 249 3080 9509 1293 2158 336 1083 182 422 73 8 76 4211 1021 604 2656 5237 827 1336
internal_value=0.00403463 0.00312552 0.0116483 0.00553875 -0.0245783 0.00328811 0.00340398 0.00966611 0.0119672 0.00302735 0.00351196 0.00361405 0.00698863 0.00232164 -0.00537629 -0.0117411 -0.018345 0.00330306 -0.0073812 0.000548959 -0.0404413 -0.020551 -0.0324269 0.0085435 0.00143058 -0.00678845 -0.00382473 0.0125082 0.00832144 -0.00080966
internal_weight=11039.1 9862.8 1176.26 666.187 79.6958 9831.98 9808.96 586.491 552.473 286.9 9787.59 9767.25 2703.58 7063.67 1054.79 763.729 530.596 233.133 326.398 264.045 62.3532 119.43 96.797 2537.3 908.583 673.467 638.184 1628.71 1168.12 605.995
internal_count=85923 84355 1568 1234 314 83545 82662 920 736 558 82037 80970 19221 61749 15140 13847 10606 3241 1097 688 409 506 498 16141 5866 4845 4241 10275 6064 3992
is_linear=0
shrinkage=0.03


Tree=152
num_leaves=31
num_cat=0
split_feature=32 56 60 63 56 55 55 72 56 65 55 65 57 65 65 57 30 58 56 56 57 59 65 65 57 55 60 65 60 55
split_gain=109.65 140.275 115.886 163.744 153.333 172.329 168.051 152.056 136.684 120.945 120.628 119.88 190.287 178.087 123.046 120.179 114.434 106.145 105.234 87.8675 127.912 85.7028 106.899 100.725 133.47 212.893 146.378 113.776 104.896 156.866
threshold=1.0000000180025095e-35 0.001919494434714227 1.0000000180025095e-35 1.0000000180025095e-35 0.0038125144263475201 0.0047920786754938865 0.0059228531034993181 1.0000000180025095e-35 0.036580011770314246 164.50000000000003 0.0012543399090443094 751.50000000000011 4.5000000000000009 211.50000000000003 196.50000000000003 1.5000000000000002 1.0000000180025095e-35 1.0000000180025095e-35 0.19223587426221075 0.0055721364692771459 2.5000000000000004 1.5000000000000002 335.50000000000006 265.50000000000006 5.5000000000000009 0.0081438441149685719 1.5000000000000002 259.50000000000006 1.5000000000000002 0.0097125389833710302
decision_type=2 2 2 2 2 2 2 2 2 2 2 2 2 2 2 2 2 2 2 2 2 2 2 2 2 2 2 2 2 2
left_child=1 -1 4 10 -3 9 -7 8 11 -6 -4 12 13 14 -8 -13 18 -5 -10 -11 -21 23 -23 24 27 26 -26 -12 29 -25
right_child=-2 2 3 17 5 6 7 -9 16 19 21 15 -14 -15 -16 -17 -18 -19 -20 20 -22 22 -24 28 25 -27 -28 -29 -30 -31
leaf_value=-0.023907304598518107 0.01351474836680993 -0.037583898538802785 -0.038007165109876402 -0.0047305017208940847 -0.039369677141334276 -0.044949996440683038 -0.010497916015860042 -0.060037016620012394 -0.067246696874305525 0.024740487076113805 0.0011202787285171296 0.042617257538033908 0.016016113225643454 -0.029505803620729191 0.024828558978506911 -0.046610830251323357 0.020519915957472462 0.020621204582091622 0.023022918228121671 -0.032038027959542602 0.017008926039186856 0.02242735922075274 -0.023851623020346203 0.0095109476789284123 0.014847387962169225 -0.061780934795653324 -0.070737692461173216 -0.051312066607937405 0.014975160915182867 -0.0068519065642683044
leaf_weight=176.08233870952972 894.22027740930207 109.91414190668729 62.83489863097202 181.12477362761274 37.579496717342408 97.517731799685862 259.86353283311473 41.541488552233204 67.155941352248192 351.28903361927951 3024.9305012677214 95.669790865969844 333.72267643240048 287.50113996543223 133.48987996479264 14.961007869918829 25.113006711006165 819.32087124651298 13.49268753826618 71.696899719216162 139.04301136248978 360.16714214161038 50.471086379955523 1298.49858644919 104.60268624889432 81.530874363845214 20.6773805442499 36.711478797311429 913.56142611760879 886.44436944404151
leaf_count=10827 1964 4800 4496 425 2788 5369 6929 320 343 2941 13645 73 1059 7108 755 277 14 620 5 2025 732 789 543 10015 298 440 209 533 2697 3437
internal_value=0.00345176 0.00255926 0.00303139 0.00470112 -0.00326352 -0.00133019 -0.00719984 -0.00427387 -0.00234482 0.0120709 0.00304193 0.000732556 -0.00251171 -0.0116033 0.00152317 0.0302412 -0.0347855 0.0160313 -0.0520474 0.0155742 0.00024991 0.00342805 0.0166951 0.0025699 -0.001104 -0.0243698 0.00027333 0.000475025 0.00644441 0.00287234
internal_weight=10990.7 10096.5 9920.43 7840.88 2079.55 1969.64 1370.03 1272.51 1230.97 599.608 6840.43 1125.21 1014.58 680.855 393.353 110.631 105.762 1000.45 80.6486 562.029 210.74 6777.6 410.638 6366.96 3268.45 206.811 125.28 3061.64 3098.5 2184.94
internal_count=86476 84512 73685 38147 35538 30738 22252 16883 16563 8486 37102 16201 15851 14792 7684 350 362 1045 348 5698 2757 32606 1332 31274 15125 947 507 14178 16149 13452
is_linear=0
shrinkage=0.03


Tree=153
num_leaves=31
num_cat=0
split_feature=56 14 43 9 56 60 63 47 55 59 56 62 72 57 60 58 55 55 56 56 58 55 66 56 56 57 55 60 26 7
split_gain=109.462 104.778 94.6753 79.0463 85.8969 77.2316 75.7693 71.8167 100.749 64.8599 108.581 88.1602 63.5531 77.1094 119.613 123.972 65.0772 130.072 124.063 131.715 152.7 137.905 136.769 123.366 110.043 92.9226 95.2495 116.853 97.7708 91.8309
threshold=0.068359195701562556 1.0000000180025095e-35 1.0000000180025095e-35 1.0000000180025095e-35 0.054446249970382408 4.5000000000000009 1.0000000180025095e-35 1.0000000180025095e-35 0.048763003506173415 1.0000000180025095e-35 0.0064496039836892472 1.0000000180025095e-35 1.0000000180025095e-35 8.5000000000000018 7.5000000000000009 1.0000000180025095e-35 0.0092217361296526232 0.021765767382888639 0.0012507313961251478 0.044512489803421006 1.0000000180025095e-35 0.01115846687889677 1.0000000180025095e-35 0.0028543105875636922 0.0064496039836892472 2.5000000000000004 0.0070793993871210567 1.5000000000000002 1.0000000180025095e-35 1.0000000180025095e-35
decision_type=2 2 2 2 2 2 2 2 2 2 2 2 2 2 2 2 2 2 2 2 2 2 2 2 2 2 2 2 2 2
left_child=1 2 12 4 9 -4 7 8 -5 10 -3 -12 13 16 15 -15 25 18 -18 20 21 22 -20 -19 -24 26 27 28 -1 -27
right_child=-2 3 5 6 -6 -7 -8 -9 -10 -11 11 -13 -14 14 -16 -17 17 23 19 -21 -22 -23 24 -25 -26 29 -28 -29 -30 -31
leaf_value=0.0049935295004158841 0.011234512778643175 -0.031060718165946109 -0.059136068509841093 -0.04575633892187346 -0.090097535128488115 0.019803237218344032 0.018423352086940525 0.031458644083161395 0.017268767585068508 0.02494543479935532 0.015679019432082084 -0.053305845434126829 0.011014770055515094 -0.055768448203479606 0.026260058042686843 -0.0073306182699631253 0.042113007616728544 -0.039318086949626574 -0.045639393473816701 0.0056177801272488488 0.0023070561926350343 -0.047490218319871789 -0.044522592981975917 0.0020372485187837332 0.034737617253417945 -0.0052324352288345474 0.013772755794727771 -0.035494468914716353 -0.038446173969643158 0.021258954169361563
leaf_weight=1761.421994044169 1279.1063222866505 54.983410619097413 40.389910013778717 82.954489209048916 6.0382765829563132 14.701678209006785 72.529815495421644 20.287699108477682 30.741352609358728 365.44669358950341 451.4786583353125 16.349756645795424 534.21565893362276 77.370205069775693 47.470730200002436 121.86280088318745 33.662447322858498 65.705824000906432 55.543723361450247 185.792525568977 145.86252003640402 239.92896507773548 20.131655782926828 2423.8285497949691 61.622142144478858 1335.24406419562 1015.3922318879922 69.607538151845802 46.906968169292668 128.16306329597137
leaf_count=29968 1157 3562 770 5549 34 9 200 10 42 2300 3282 734 733 1079 34 541 19 2163 625 236 353 2654 142 5205 41 12017 7117 2660 2533 897
internal_value=0.00299775 0.00189065 0.000752772 0.0105905 0.0144508 -0.0380929 -0.00611512 -0.0194367 -0.0287135 0.015262 0.00845856 0.0131596 0.00101298 0.000329756 -0.0161419 -0.0263256 0.000867286 -0.00235773 -0.0133684 -0.0160586 -0.0237537 -0.0338101 -0.00973346 0.000930416 0.0149178 0.00325978 0.00637495 0.00236979 0.0038461 -0.00289943
internal_weight=10804.7 9525.64 8424.83 1100.81 894.297 55.0916 206.513 133.984 113.696 888.259 522.812 467.828 8369.73 7835.52 246.704 199.233 7588.81 3232.08 742.544 708.882 523.089 377.226 137.298 2489.53 81.7538 4356.74 2893.33 1877.94 1808.33 1463.41
internal_count=86666 85509 69796 15713 9912 779 5801 5601 5591 9878 7578 4016 69017 68284 1654 1620 66630 11438 4070 4051 3815 3462 808 7368 183 55192 42278 35161 32501 12914
is_linear=0
shrinkage=0.03


Tree=154
num_leaves=31
num_cat=0
split_feature=56 34 29 65 65 60 65 54 57 59 58 57 56 9 17 65 56 65 56 55 60 39 55 55 65 57 62 14 58 55
split_gain=104.275 97.572 98.104 90.7152 147.828 138.654 118.044 132.728 104.833 98.9711 177.342 152.204 202.578 103.584 175.612 109.647 108.449 97.2942 86.3381 81.8783 81.6997 80.8025 77.8594 89.9603 82.9747 75.8152 232.422 81.0979 135.983 82.1684
threshold=0.068359195701562556 1.0000000180025095e-35 1.0000000180025095e-35 192.50000000000003 199.50000000000003 1.5000000000000002 221.50000000000003 1.0000000180025095e-35 143.00000000000003 1.0000000180025095e-35 1.0000000180025095e-35 3.5000000000000004 0.0068179619555235353 1.0000000180025095e-35 1.0000000180025095e-35 186.50000000000003 0.049807384346336886 217.50000000000003 0.0068179619555235353 0.029049548550006982 1.0000000180025095e-35 1.0000000180025095e-35 0.000661284296626267 0.0046575976997566331 225.50000000000003 7.5000000000000009 1.0000000180025095e-35 1.0000000180025095e-35 2.5000000000000004 0.0062472032940587771
decision_type=2 2 2 2 2 2 2 2 2 2 2 2 2 2 2 2 2 2 2 2 2 2 2 2 2 2 2 2 2 2
left_child=1 2 3 9 5 -5 7 17 -7 10 13 12 -12 15 16 18 -15 -6 -1 -3 -11 22 -8 24 -24 26 -25 28 -28 -29
right_child=-2 19 -4 4 6 8 21 -9 -10 20 11 -13 -14 14 -16 -17 -18 -19 -20 -21 -22 -23 23 25 -26 -27 27 29 -30 -31
leaf_value=-0.029184042636303576 0.011305292715969877 -0.049863005177385004 -0.042603699453667529 0.026035592809559735 0.00063949670224708864 -0.077302134949305365 -0.040191859556399027 -0.043409489634076336 0.030779386990625997 -0.022873191483782546 -0.036382818413156971 0.019454676522809591 0.0063013675249619094 -0.04765325659869734 0.010075106904898759 -0.06341554457527368 -0.1473407167311695 -0.056680211697195317 -0.0028789305420313855 0.011301416898586242 0.0085234902687508045 -0.041931839860661076 0.041435202547270011 0.0039075279294573384 0.0099632069652801237 0.015342036486001758 -0.041138674534560389 0.026522892279755086 0.01124168488280526 -0.046069845010838308
leaf_weight=139.92222306100302 1276.6737135984004 57.410861125361407 42.263544394343626 409.03832121740561 382.02850994101027 20.56503975475789 33.431276460978552 90.064686992525822 12.211656570434569 80.818187449171091 145.44999311157153 329.09072095708689 315.25832398740749 100.63243617245462 48.400856516964268 33.01173700162326 10.286935288459061 27.648558113665786 554.18539157393388 29.240528034046292 847.98078704252839 32.507278442266397 79.307695045572473 3699.7629021321918 1270.2611362702155 405.75578211140237 205.84078690697788 50.13863169788965 56.397504612803459 18.356682841753354
leaf_count=4747 1150 1343 2529 1576 2862 271 2364 1949 1 3668 5531 562 2475 3171 771 533 74 575 3204 58 3562 589 349 20828 15167 845 4432 395 82 736
internal_value=0.00325732 0.00217781 0.00247008 0.00267728 0.00450226 0.0212622 0.00333326 -0.0106481 -0.037315 -0.00208173 -0.00643314 0.00390289 -0.00722405 -0.0156364 -0.0374776 -0.0108058 -0.0581324 -0.00335753 -0.00821602 -0.0293296 0.00576989 0.00452889 0.00479559 0.00506243 0.011842 0.00299779 0.00175158 -0.022305 -0.0298737 0.00668513
internal_weight=10803.9 9527.27 9440.62 9398.35 6793.32 441.815 6351.5 499.742 32.7767 2605.04 1676.24 789.799 460.708 886.44 159.32 727.119 110.919 409.677 694.108 86.6514 928.799 5851.76 5819.25 5785.82 1349.57 4436.25 4030.5 330.734 262.238 68.4953
internal_count=86399 85249 83848 81319 53021 1848 51173 5386 272 28298 21068 8568 8006 12500 4016 8484 3245 3437 7951 1401 7230 45787 45198 42834 15516 27318 26473 5645 4514 1131
is_linear=0
shrinkage=0.03


Tree=155
num_leaves=31
num_cat=0
split_feature=56 0 25 56 65 65 65 63 65 0 56 16 56 59 56 62 56 63 56 18 55 28 60 55 36 0 55 56 55 60
split_gain=84.5092 73.2592 110.536 182.162 91.3891 252.679 185.105 142.81 88.3993 92.2561 76.6158 74.1799 140.442 100.805 96.2425 80.2482 94.3115 77.7237 79.0788 76.412 162.326 119.928 94.6891 84.12 73.0991 70.4943 69.7675 68.0049 65.43 119.689
threshold=0.17581565966311982 8.9500000000000011 1.0000000180025095e-35 0.015067197089334036 448.50000000000006 659.50000000000011 401.50000000000006 1.0000000180025095e-35 373.50000000000006 3.4500000000000006 0.011338004811851243 1.0000000180025095e-35 0.003521635503638119 1.0000000180025095e-35 0.0016060015895067055 1.0000000180025095e-35 0.062958234266293586 1.0000000180025095e-35 0.051136231577932643 1.0000000180025095e-35 0.086183747651422601 1.0000000180025095e-35 1.0000000180025095e-35 0.0072480298081758826 1.0000000180025095e-35 7.4500000000000011 0.0052393313713162363 0.049807384346336886 0.00095627457833280299 1.0000000180025095e-35
decision_type=2 2 2 2 2 2 2 2 2 2 2 2 2 2 2 2 2 2 2 2 2 2 2 2 2 2 2 2 2 2
left_child=1 4 10 -4 6 7 8 -6 11 -10 -3 14 -13 17 -1 16 -15 18 27 21 28 22 23 -16 -11 -25 -7 -14 29 -21
right_child=-2 2 3 -5 5 26 -8 -9 9 24 -12 12 13 15 19 -17 -18 -19 -20 20 -22 -23 -24 25 -26 -27 -28 -29 -30 -31
leaf_value=-0.03638185763401755 0.017241979750386893 0.0054370103759725031 -0.04646956587088244 0.014199988424471413 -0.041071153073764292 -0.030452295587816258 0.020261044634642459 0.0021678893848864887 0.032996383482979473 -0.039352081469497105 0.016603284034420986 0.021528978409905745 -0.043491469759606341 -0.056090263794425631 -0.031541089491853004 0.021100698145987314 0.013662203024584622 0.0037769126768913298 -0.098637311818218235 0.033605179039968069 -0.11344538576793203 -0.047585895557521338 0.014008477177885057 -0.04140509325256371 0.02328389818058936 0.013195350252135087 0.0070206546890411847 0.022038725285216085 0.00047664974469804617 -0.038574195405759543
leaf_weight=54.973455324987299 388.7241466678679 2205.951856673084 87.989143269776832 88.456951022148132 233.89535331410298 47.561640446452657 494.7319574917783 97.053809015866136 23.472143243416212 115.75615595071577 737.90963933197781 94.963570215884829 107.70879723162216 36.610763330187183 79.689729697653092 72.468437746661948 31.942293994128704 37.591619845130481 20.132331669330597 117.98166655952809 10.135872892104087 31.915438534284476 1153.9549747229321 23.795492290053517 18.902044549584389 149.67771891830489 565.4894165151054 15.779589772224424 3621.7322308158618 24.14990079269046
leaf_count=4220 260 11188 1229 77 7321 1538 3011 222 59 2125 631 3147 8554 981 5549 937 24 441 109 309 66 694 8949 755 31 797 3378 8 18206 1407
internal_value=0.00352578 0.00301162 0.00685692 -0.0161457 0.00136322 -0.00734025 0.00266048 -0.0284226 0.0011671 -0.0208867 0.00824064 0.00178408 -0.0103781 -0.0198187 0.00274904 -0.000769588 -0.02386 -0.0345574 -0.0445478 0.00316859 0.00092496 0.00904798 0.0103654 -0.00623008 -0.030453 0.00551137 0.00406858 -0.0350081 0.001263 0.0211572
internal_weight=10791.1 10402.4 3120.31 176.446 7282.07 944 6338.07 330.949 5843.33 158.13 2943.86 5685.2 417.197 322.234 5268.01 141.021 68.5531 181.212 143.621 5213.03 3774 1439.03 1407.12 253.163 134.658 173.473 613.051 123.488 3763.86 142.132
internal_count=86223 85963 13125 1306 72838 12459 60379 7543 57368 2215 11819 55153 14201 11054 40952 1942 1005 9112 8671 36732 19988 16744 16050 7101 2156 1552 4916 8562 19922 1716
is_linear=0
shrinkage=0.03


Tree=156
num_leaves=31
num_cat=0
split_feature=55 57 59 55 65 20 30 55 62 6 55 57 15 49 71 4 57 55 0 57 65 57 24 60 65 22 65 57 0 33
split_gain=92.2001 198.829 84.7356 89.9753 85.0241 93.6891 78.7409 90.4305 75.772 115.095 140.47 96.6215 117.731 89.9399 81.9617 81.3941 80.637 106.255 115.663 77.8299 64.4931 110.857 109.609 96.5771 132.622 96.759 92.1589 100.062 85.6705 80.4834
threshold=0.0014982713309168155 3.5000000000000004 1.5000000000000002 0.001581171826617579 80.500000000000014 1.0000000180025095e-35 1.0000000180025095e-35 0.002057627291215169 1.0000000180025095e-35 1.0000000180025095e-35 0.030810663257538635 7.5000000000000009 1.0000000180025095e-35 1.0000000180025095e-35 1.0000000180025095e-35 1.0000000180025095e-35 2.5000000000000004 0.061506534462757854 9.9500000000000011 5.5000000000000009 269.50000000000006 11.500000000000002 1.0000000180025095e-35 1.5000000000000002 140.50000000000003 1.0000000180025095e-35 245.50000000000003 2.5000000000000004 4.3500000000000005 1.0000000180025095e-35
decision_type=2 2 2 2 2 2 2 2 2 2 2 2 2 2 2 2 2 2 2 2 2 2 2 2 2 2 2 2 2 2
left_child=1 -1 3 -2 -4 -6 7 -5 9 10 15 12 -10 16 20 -9 17 18 -14 -18 21 22 23 26 -25 -26 28 -28 -11 -22
right_child=2 -3 4 6 5 -7 -8 8 11 14 -12 -13 13 -15 -16 -17 19 -19 -20 -21 29 -23 -24 24 25 -27 27 -29 -30 -31
leaf_value=-0.036714430945036819 0.02979989088108476 0.011879439135249621 0.031231741265650585 -0.029055321727278153 0.011024028175756167 -0.034409278193103902 0.014440461396158715 -0.020163215992744149 -0.045751255492953606 -0.052170523356817274 -0.057436374803101223 0.019305794110065683 -0.039550664083049011 0.031663570551518597 0.014501930159961077 0.014122090774458401 0.0014456342613490835 0.02358411010179794 0.031329868784232329 -0.055649448837748604 0.0063832587658059284 -0.070228995129990604 -0.039313190591876185 0.017666096162022502 -0.016001220236821292 0.036142591640915073 -0.0074983814822215831 -0.072343795864282773 0.0058204250643373295 -0.043189939475477369
leaf_weight=156.27639652242942 108.19579314635484 145.52706933344598 178.14322179334704 83.715692052064696 525.57949496185756 43.3165627483977 464.98070051608374 142.50406349406694 73.178910157512291 22.130272627226077 56.093989850953221 117.31959163432475 179.67546573941945 51.793759137392044 586.56472330819815 109.22960751183564 424.77175696019549 36.542883122339845 22.654597391374409 21.630569785891566 3268.381545244134 18.987834468454821 59.943943014281103 149.73162489017705 647.41136156028369 32.765515399107244 228.52501934181782 22.674236312159337 2726.7414636277244 28.757827452849597
leaf_count=10893 811 1314 292 4068 2762 1622 1909 1527 6359 833 456 332 5242 68 515 539 2309 25 17 205 20112 167 4001 340 2793 59 1839 230 14124 496
internal_value=0.00299914 -0.013321 0.00347253 0.00272082 0.0132013 0.00751036 0.00241181 0.00179646 0.00208573 0.0030159 -0.0149472 -0.00603196 -0.00972 -0.00608555 0.00372731 -0.00528948 -0.00898064 -0.0230094 -0.0314992 -0.00143913 0.00284838 0.00024153 0.000603478 0.00123832 -0.00781333 -0.01344 0.00374405 -0.0136152 0.00533476 0.00593791
internal_weight=10733.7 301.803 10431.9 9684.9 747.039 568.896 9576.71 9111.73 9028.01 8100.44 307.828 927.568 810.248 737.069 7792.62 251.734 685.275 238.873 202.33 446.402 7206.05 3908.91 3889.92 3829.98 829.909 680.177 3000.07 251.199 2748.87 3297.14
internal_count=86259 12207 74052 69376 4676 4384 68565 66656 62588 48031 2522 14557 14225 7866 45509 2066 7798 5284 5259 2514 44994 24386 24219 20218 3192 2852 17026 2069 14957 20608
is_linear=0
shrinkage=0.03


Tree=157
num_leaves=31
num_cat=0
split_feature=59 55 0 56 55 71 56 56 6 65 60 56 56 55 55 25 56 56 8 25 56 17 65 6 65 65 18 65 59 55
split_gain=90.1193 109.183 85.5869 137.498 82.801 111.58 72.4125 70.599 85.7911 84.7812 255.386 133.015 72.1493 85.7955 231.452 144.444 157.527 103.598 142.465 281.569 150.788 124.743 103.441 183.916 96.7102 144.638 89.2359 88.3718 87.6727 172.288
threshold=1.5000000000000002 0.057612852812660494 8.9500000000000011 0.0068179619555235353 0.031781826281211616 1.0000000180025095e-35 0.0072401483730347776 0.011338004811851243 1.0000000180025095e-35 323.50000000000006 5.5000000000000009 0.020591400204650768 0.010386119285181602 0.02035367420542971 0.01115846687889677 1.0000000180025095e-35 0.0030578462405835565 0.0059738020574179301 1.0000000180025095e-35 1.0000000180025095e-35 0.0062335325816534918 1.0000000180025095e-35 144.50000000000003 1.0000000180025095e-35 245.50000000000003 263.50000000000006 1.0000000180025095e-35 1271.5000000000002 1.0000000180025095e-35 0.028894404390139527
decision_type=2 2 2 2 2 2 2 2 2 2 2 2 2 2 2 2 2 2 2 2 2 2 2 2 2 2 2 2 2 2
left_child=1 4 3 -3 7 6 -6 12 -9 10 11 -10 13 14 17 16 -15 21 19 27 -20 24 23 -22 -1 -26 -18 -19 29 -28
right_child=-2 2 -4 -5 5 -7 -8 8 9 -11 -12 -13 -14 15 -16 -17 26 18 20 -21 22 -23 -24 -25 25 -27 28 -29 -30 -31
leaf_value=0.014078884892572431 0.013311166554407877 -0.047744541094847534 0.023053527051260014 0.0094005097644895494 -0.034191755593491371 0.017716056653981099 -0.0078865730627042229 -0.020490828204774044 -0.038011488212837931 0.014448432072556139 -0.080013271044394305 0.0062381358789195184 -0.044079838622881201 -0.039333251092269372 -0.032448898241144358 -0.036715743997011233 0.02976304614198606 -0.041782867192405156 -0.051402402625517964 0.033281189854529165 0.0368924476973716 -0.034866371067114092 0.0034163259763804283 -0.047492319953607837 -0.04946373827844254 0.0030266650081921258 0.0065952557414500563 0.02225490321307972 0.020556606274111482 -0.059096825298649999
leaf_weight=846.8357653151761 789.90706289863738 41.020917193032801 405.53480980638415 385.41574448719621 113.03421482467093 131.71642884425819 547.47787609742954 104.88673951895908 61.879819235764444 959.30438538501039 31.233900537714362 2225.5768407776486 31.442702605272643 49.344293660426047 199.72729658533353 57.036994483729359 261.77801388432272 238.78420441260096 50.214544030983234 63.849989141221158 30.579220827785321 67.678994200716261 1314.5930497697263 88.41525774760521 48.122629857505672 1235.865758809101 234.98839358706027 20.488463230663911 271.19752314768266 41.388285063905641
leaf_count=12649 5350 202 226 414 1768 103 1157 330 443 1508 171 3499 313 1555 2331 334 714 10469 1551 162 80 8327 12650 3664 1302 14167 453 102 321 267
internal_value=0.00355657 0.0027969 0.0132037 0.00380462 0.00186734 -0.00740446 -0.0124331 0.00272871 0.00609524 0.00695191 0.00384551 0.00502502 0.00051758 0.000799964 -0.00101269 0.00911589 0.0121993 0.000562561 -0.0047579 -0.0227764 -0.000821361 0.00493556 0.000984946 -0.0256804 0.00621551 0.00102241 0.0153858 -0.0366564 0.00847077 -0.00341993
internal_weight=10949.3 10159.4 831.971 426.437 9327.44 792.229 660.512 8535.21 3382.88 3277.99 2318.69 2287.46 5152.33 5120.89 4205.16 915.734 858.697 4005.43 1806.92 323.123 1483.8 2198.5 1433.59 118.994 2130.82 1283.99 809.352 259.273 547.574 276.377
internal_count=86582 81232 842 616 80390 3028 2925 77362 5951 5621 4113 3942 71411 71098 67454 3644 3310 65123 28678 10733 17945 36445 16394 3744 28118 15469 1755 10571 1041 720
is_linear=0
shrinkage=0.03


Tree=158
num_leaves=31
num_cat=0
split_feature=71 17 24 57 5 56 56 57 56 56 21 56 13 56 57 54 20 11 60 56 64 57 56 57 58 48 56 56 56 11
split_gain=93.3912 85.5457 80.196 206.677 64.648 61.4237 59.618 61.1699 58.6204 57.1216 61.4734 55.8662 60.9511 119.008 65.8208 88.6094 83.6832 79.5708 56.3826 50.2328 47.9892 47.3357 64.2853 55.4654 44.6641 44.5539 85.0518 55.9889 95.4448 85.7571
threshold=1.0000000180025095e-35 1.0000000180025095e-35 1.0000000180025095e-35 2.5000000000000004 1.0000000180025095e-35 0.015672130700583192 0.023561139330300889 4.5000000000000009 0.048022201973341977 0.0066168109075340131 1.0000000180025095e-35 0.048022201973341977 1.0000000180025095e-35 0.047574675621158906 1.5000000000000002 1.0000000180025095e-35 1.0000000180025095e-35 1.0000000180025095e-35 1.5000000000000002 0.0072401483730347776 1.0000000180025095e-35 11.500000000000002 0.02231702036974894 10.500000000000002 1.5000000000000002 1.0000000180025095e-35 0.0051989228559195817 0.0039470903806293018 0.0047237969248847241 1.0000000180025095e-35
decision_type=2 2 2 2 2 2 2 2 2 2 2 2 2 2 2 2 2 2 2 2 2 2 2 2 2 2 2 2 2 2
left_child=2 6 4 8 11 -3 7 9 -4 -2 -11 12 14 20 15 -1 -16 -17 -13 -12 21 23 -23 25 -5 27 -27 29 -29 -14
right_child=1 5 3 24 -6 -7 -8 -9 -10 10 19 18 13 -15 16 17 -18 -19 -20 -21 -22 22 -24 -25 -26 26 -28 28 -30 -31
leaf_value=-0.043891678069495288 0.0085530405919887181 -0.065648034426880941 -0.040173775726856077 0.012971224164825025 -0.046043846491901394 0.010305591464772354 0.023300489820229205 0.019027851154099648 -0.10684493963632608 -0.061439974413342195 -0.050901929101691418 0.0050579469153052142 -0.012711679235436072 -0.091759731598975797 0.019312144438235635 -0.037109455409749241 -0.048426917585439919 0.019697213640833416 0.018497010540252577 0.0021588656046033 -0.018718633562624269 -0.049572660569130303 0.0025090235410453071 0.029719434158308498 -0.051457343313511074 -0.051356166921716739 0.020941868684534966 -0.020894862281753846 0.00072696646612376145 0.0090719188180559754
leaf_weight=39.268175199220423 330.58990218583494 20.782394268084317 65.263870687180315 118.82672949659172 23.117832302785246 16.684362605214119 352.9889808180742 298.36506121326238 14.410567604005335 20.062686046585441 17.933678841218352 1102.771259425208 184.00472548013204 11.329864371567963 448.44265412763343 27.535535927279852 16.102329432644183 99.148072001727996 376.6215026602149 105.24873824417591 102.9173137396574 36.841014641337097 48.675214039161801 63.772756386548281 9.5524437680724059 14.900782953016458 191.96407928387634 189.61159294261597 5097.8596390869352 1351.0903929878405
leaf_count=688 597 154 9306 1839 889 15 189 206 83 174 81 1250 4706 63 1389 1034 438 423 237 187 1659 655 82 148 360 170 401 4862 37808 16423
internal_value=0.00357686 0.0116051 0.00260689 -0.0157726 0.0030142 -0.0324364 0.0130991 0.00841167 -0.0534074 0.00170086 -0.0140627 0.0031397 0.0021399 0.00136549 0.0110812 -0.00511368 0.0168652 0.00715597 0.00848943 -0.00591375 0.00152297 0.00181573 -0.0202418 0.00208447 0.00781655 0.00182957 0.0155121 0.00141249 -5.22085e-05 0.00645424
internal_weight=10796.7 1162.66 9634.03 208.054 9425.97 37.4668 1125.19 772.2 79.6744 473.835 143.245 9402.86 7923.46 7292.97 630.497 165.952 464.545 126.684 1479.39 123.182 7281.64 7178.72 85.5162 7093.2 128.379 7029.43 206.865 6822.57 5287.47 1535.1
internal_count=86516 1603 84913 11588 73325 169 1434 1245 9389 1039 442 72436 70949 66977 3972 2145 1827 1457 1487 268 66914 65255 737 64518 2199 64370 571 63799 42670 21129
is_linear=0
shrinkage=0.03


Tree=159
num_leaves=31
num_cat=0
split_feature=58 44 57 60 65 65 32 56 56 55 66 65 65 65 65 57 0 32 65 65 56 56 55 55 29 0 67 65 55 65
split_gain=78.8176 83.4237 74.8915 71.2439 106.268 142.84 129.879 169.046 114.746 113.696 99.4577 139.687 191.366 131.886 119.14 198.884 96.0612 92.2288 101.558 78.9202 69.7753 61.2925 60.934 134.892 104.343 102.841 180.621 87.9032 59.0216 137.938
threshold=1.5000000000000002 1.0000000180025095e-35 6.5000000000000009 1.0000000180025095e-35 94.500000000000014 170.50000000000003 1.0000000180025095e-35 0.023561139330300889 0.048022201973341977 0.021765767382888639 1.0000000180025095e-35 227.50000000000003 290.50000000000006 515.50000000000011 288.50000000000006 2.5000000000000004 8.5500000000000025 1.0000000180025095e-35 476.50000000000006 1868.5000000000002 0.0054371352928383214 0.0072401483730347776 0.015259018883957556 0.0047920786754938865 1.0000000180025095e-35 7.5500000000000007 1.0000000180025095e-35 162.50000000000003 0.002133105675743575 404.50000000000006
decision_type=2 2 2 2 2 2 2 2 2 2 2 2 2 2 2 2 2 2 2 2 2 2 2 2 2 2 2 2 2 2
left_child=1 3 22 4 -1 6 7 9 10 -6 11 -7 14 -14 15 -13 -15 18 28 -19 -17 -18 23 -2 25 27 -27 -25 -12 -30
right_child=2 -3 -4 -5 5 8 -8 -9 -10 -11 17 12 13 16 -16 20 21 19 -20 -21 -22 -23 -24 24 -26 26 -28 -29 29 -31
leaf_value=-0.044829557185491239 0.012933074625111562 -0.046813825827351205 0.022657285499523304 0.0035923872226398161 -0.03723373233350899 -0.041181120805133281 0.030837255548282441 0.018759830098203152 -0.10443002634930601 0.019479075282865289 0.032373307308826468 -0.03284299349166396 -0.040560198995844211 -0.045922848342011283 0.059150417231367151 -0.042418570010237848 -0.02268397411859303 -0.040415518005763214 -0.051989558478515836 0.032677963511947378 0.02640838502817501 0.029984260819810853 0.018044256077026602 0.024039690722816479 0.033762888081842801 -0.067743338460196229 -0.00049857538166683509 -0.032826259514097379 -0.012273738748545015 0.033539345965227868
leaf_weight=52.1286225465592 359.85995824410929 30.21456026728265 321.52599683677545 7572.5699490083498 119.8511378094845 132.68124909634935 190.58406089432538 199.2147973915562 9.9050827957689744 42.467756636207923 111.46484455509926 93.5178228651057 179.3765693003952 30.372205385647248 36.90937617077725 13.521934616292127 27.300568982900586 61.814708393998444 21.058780859049875 16.051843643188477 164.22681075334549 66.755129522178322 258.73878317838535 61.127806792734191 33.996452425373718 79.689726869342849 64.862882409244776 39.358860252366867 146.88838475997909 97.623560950276442
leaf_count=3269 1205 801 319 45806 9867 5319 257 225 61 104 355 3539 7338 1891 129 367 454 535 443 1 497 155 235 261 66 655 87 736 1414 124
internal_value=0.00308059 0.00215074 0.0102549 0.00231333 -0.003026 -0.00176422 0.0108673 0.000284024 -0.00753467 -0.0223675 -0.00664826 -0.0133933 -0.00731135 -0.0241702 0.00933281 0.00236212 -0.000407269 0.00439829 0.0105457 -0.0251243 0.0209645 0.014619 0.00579221 0.00080995 -0.0148151 -0.0216645 -0.0377804 0.00166232 0.0143804 0.00607965
internal_weight=10635.7 9416.5 1219.16 9386.29 1813.72 1761.59 552.118 361.534 1209.47 162.319 1199.56 744.662 611.98 303.804 308.176 271.267 124.428 454.902 377.036 77.8666 177.749 94.0557 897.634 638.896 279.036 245.039 144.553 100.487 355.977 244.512
internal_count=86515 82951 3564 82150 36344 33075 10453 10196 22622 9971 22561 19689 14370 9838 4532 4403 2500 2872 2336 536 864 609 3245 3010 1805 1739 742 997 1893 1538
is_linear=0
shrinkage=0.03


Tree=160
num_leaves=31
num_cat=0
split_feature=49 30 29 5 43 55 56 59 6 8 55 65 67 56 56 65 55 65 60 17 42 56 66 55 60 21 55 65 65 56
split_gain=152.52 81.6821 70.8312 64.9376 58.6276 69.9516 63.4717 59.2672 80.6507 167.367 91.4964 74.2953 67.7605 114.484 116.972 77.3131 81.2982 69.4656 153.055 120.341 112.788 82.1254 64.9043 66.6584 63.0027 145.696 110.441 112.053 191.11 106.815
threshold=1.0000000180025095e-35 1.0000000180025095e-35 1.0000000180025095e-35 1.0000000180025095e-35 1.0000000180025095e-35 0.030810663257538635 0.023561139330300889 1.5000000000000002 1.0000000180025095e-35 1.0000000180025095e-35 0.032909008647517501 62.500000000000007 1.0000000180025095e-35 0.0066168109075340131 0.0059738020574179301 269.50000000000006 0.0097125389833710302 615.50000000000011 1.0000000180025095e-35 1.0000000180025095e-35 1.0000000180025095e-35 0.048022201973341977 1.0000000180025095e-35 0.030810663257538635 1.0000000180025095e-35 1.0000000180025095e-35 0.0022939534990536327 156.50000000000003 138.50000000000003 0.0055721364692771459
decision_type=2 2 2 2 2 2 2 2 2 2 2 2 2 2 2 2 2 2 2 2 2 2 2 2 2 2 2 2 2 2
left_child=1 2 3 4 7 6 -6 8 9 10 11 -1 17 14 15 -14 -17 24 19 -19 21 -20 -11 -24 25 -10 29 28 -28 -27
right_child=-2 -3 -4 -5 5 -7 -8 -9 12 22 -12 -13 13 -15 -16 16 -18 18 20 -21 -22 -23 23 -25 -26 26 27 -29 -30 -31
leaf_value=-0.076801879934896872 -0.048921587735960857 0.014992900563371072 -0.033040736234843444 -0.046015926734010247 -0.04636874154692841 -0.11947909038000637 0.0079020180254784685 0.011704918898063668 -0.028508940408723461 -0.052640245346806974 -0.07729280940093515 0.016388947450189616 -0.029353383066973746 0.01434135336683146 -0.043629023035897066 0.014577991188095428 -0.037228505302554588 -0.027938447411430561 -0.032345054585230411 0.043010372527975987 0.028801286856454337 -0.15983529858586654 -0.0035130309409679601 -0.067895281625948711 0.0041444868095844717 0.02344705974961428 -0.025795550839946006 -0.011758671146365208 0.023796560170093493 -0.039972228200895965
leaf_weight=7.0557621820480554 49.22971692669671 526.17370944621507 48.175804168306058 23.217632497020531 31.31120346217358 5.1177347833290687 47.923707854002714 714.18879432803078 174.5976752043498 77.802055297477636 9.7889194263261725 182.74811400205363 56.636035275936592 1061.3353063212708 57.893663360155188 244.73459066753276 29.700503387488425 31.644604504777817 167.59111068872153 62.743462349812035 27.299003669526428 3.7575009278953067 77.829179224732798 16.814749541663332 5705.0356550677971 249.16616076644277 96.953828467856511 615.06050820049131 243.96844313596375 25.518968319345731
leaf_count=102 642 2314 2560 879 744 46 59 4996 12088 1714 100 1304 680 2044 701 1230 373 669 2677 207 39 32 247 132 33935 2567 3308 8478 1091 731
internal_value=0.00323383 0.00348014 0.00287868 0.00305418 0.00317241 -0.0215878 -0.0138547 0.00338469 0.00273939 -0.0109259 0.00777114 0.0125403 0.00331479 0.00924235 -0.00467197 0.00225124 0.00885647 0.0021525 -0.0121375 0.0191805 -0.0270399 -0.036052 -0.0324863 -0.0155417 0.00274306 -0.00294531 0.000701666 -0.00411859 0.00965902 0.0174316
internal_weight=10671 10621.8 10095.6 10047.4 10024.2 84.3526 79.2349 9939.86 9225.68 372.039 199.593 189.804 8853.64 1450.3 388.965 331.071 274.435 7403.34 293.036 94.3881 198.648 171.349 172.446 94.6439 7110.3 1405.27 1230.67 955.983 340.922 274.685
internal_count=86689 86047 83733 81173 80294 849 803 79445 74449 3599 1506 1406 70850 5028 2984 2283 1603 65822 3624 876 2748 2709 2093 379 62198 28263 16175 12877 4399 3298
is_linear=0
shrinkage=0.03


Tree=161
num_leaves=31
num_cat=0
split_feature=55 55 0 57 6 38 65 65 66 30 51 34 55 0 0 54 62 0 65 55 21 55 65 27 9 57 0 17 65 57
split_gain=75.7455 77.4318 109.99 84.4693 115.983 61.1753 59.1243 68.682 181.869 68.3844 52.54 52.8732 129.304 49.7673 55.8331 163.636 98.6308 80.4102 83.1453 97.4784 80.5233 71.3645 85.7522 70.7406 122.411 70.5018 63.6762 65.6279 130.394 137.434
threshold=0.06386747763884322 0.031781826281211616 5.1500000000000012 1.5000000000000002 1.0000000180025095e-35 1.0000000180025095e-35 468.50000000000006 86.500000000000014 1.0000000180025095e-35 1.0000000180025095e-35 1.0000000180025095e-35 1.0000000180025095e-35 0.028776686551824315 4.1500000000000012 6.6500000000000012 1.0000000180025095e-35 1.0000000180025095e-35 6.1500000000000012 196.50000000000003 0.015259018883957556 1.0000000180025095e-35 0.028776686551824315 290.50000000000006 1.0000000180025095e-35 1.0000000180025095e-35 61.500000000000007 6.7500000000000009 1.0000000180025095e-35 751.50000000000011 4.5000000000000009
decision_type=2 2 2 2 2 2 2 2 2 2 2 2 2 2 2 2 2 2 2 2 2 2 2 2 2 2 2 2 2 2
left_child=1 5 -3 4 -4 10 7 8 -6 -9 11 13 -13 -1 15 16 -15 18 19 -17 21 -20 -23 26 -25 -18 -16 -28 29 -29
right_child=-2 2 3 -5 6 -7 -8 9 -10 -11 -12 12 -14 14 23 17 25 -19 20 -21 -22 22 -24 24 -26 -27 27 28 -30 -31
leaf_value=-0.036908291841169644 0.013780656031504477 -0.066947556723042687 -0.095694999659496779 0.0030596779307957706 0.010846547502767449 -0.048007586599322631 0.0172126803738097 -0.039652258209337626 -0.09335912816041908 0.015795553402138229 -0.04416643744419451 -0.04799548747269404 0.018957209591524443 0.018417131546179574 -0.032438441018619424 0.031211424533514928 -0.039215778105025988 -0.029115913452968049 -0.044260055601845177 -0.019101175436516706 0.02431789618786704 -0.055276270147250776 0.023320889133070639 -0.049501455891620541 0.019918833885191153 0.03131408012329244 0.0043643056416318758 -0.041185426282573802 0.017504933385505538 0.0090488637390612279
leaf_weight=25.512691933545284 595.65461300965399 24.209142969513778 14.415528118959626 637.30767273416859 123.94568276376231 19.579156355161103 53.618845733959461 125.74837053165538 16.141992586868582 23.211328104138374 19.526860145269893 55.647672767459881 47.15218751237262 974.4316982095188 43.033907970122527 116.35958308924455 45.868403416694491 101.23317107884213 72.599280955444556 48.39438497487572 38.38102848631388 16.701301283203065 41.462162584066391 57.50260281417286 36.804334051790647 16.677974730730057 6906.0178808339697 135.27916657665628 105.80992427078309 76.064238247694448
leaf_count=1654 564 259 172 1356 327 1063 150 878 179 23 612 1342 52 15246 1047 2138 5806 2880 4503 393 1099 155 71 1407 175 2 36996 4666 437 684
internal_value=0.00339579 0.00277705 -0.00505914 -0.00348667 -0.0151463 0.00366439 -0.0114891 -0.0168544 -0.00173745 -0.0309645 0.00378237 0.00389178 -0.0173989 0.00414079 0.00426353 0.00959539 0.0160699 -0.00583585 0.00128821 0.0164067 -0.0134478 -0.024633 0.000199337 0.00319599 -0.0224847 -0.0202122 0.00353234 0.00375111 -0.00957297 -0.0231482
internal_weight=10614.3 10018.6 1018.6 994.389 357.082 9000.04 342.666 289.047 140.088 148.96 8980.46 8960.93 102.8 8858.13 8832.62 1472.11 1036.98 435.131 333.898 164.754 169.144 130.763 58.1635 7360.51 94.3069 62.5464 7266.21 7223.17 317.153 211.343
internal_count=86336 85772 3344 3085 1729 82428 1557 1407 506 901 81365 80753 1394 79359 77705 32293 21054 11239 8359 2531 5828 4729 226 45412 1582 5808 43830 42783 5787 5350
is_linear=0
shrinkage=0.03


Tree=162
num_leaves=31
num_cat=0
split_feature=56 60 43 55 56 51 60 58 4 55 60 8 55 59 25 57 35 14 54 55 55 55 72 55 63 56 56 56 71 34
split_gain=87.5208 100.908 92.8076 90.055 81.5452 69.6109 65.7842 60.4263 65.7505 90.8735 90.2117 128.068 146.894 55.0803 99.3251 97.2595 68.214 61.3082 76.1842 59.2361 124.972 119.12 102.702 166.53 178.069 104.388 119.766 121.536 80.341 79.6841
threshold=0.048022201973341977 1.0000000180025095e-35 1.0000000180025095e-35 0.029395112010871392 0.0012507313961251478 1.0000000180025095e-35 4.5000000000000009 1.0000000180025095e-35 1.0000000180025095e-35 0.057612852812660494 1.5000000000000002 1.0000000180025095e-35 0.030810663257538635 1.0000000180025095e-35 1.0000000180025095e-35 7.5000000000000009 1.0000000180025095e-35 1.0000000180025095e-35 1.0000000180025095e-35 0.013997073386456787 0.013203819495353141 0.061506534462757854 1.0000000180025095e-35 0.021765767382888639 1.0000000180025095e-35 0.0047920786754938865 0.0048172015739119875 0.0062335325816534918 1.0000000180025095e-35 1.0000000180025095e-35
decision_type=2 2 2 2 2 2 2 2 2 2 2 2 2 2 2 2 2 2 2 2 2 2 2 2 2 2 2 2 2 2
left_child=2 3 4 -2 -1 13 -4 8 9 10 11 12 -3 19 16 -16 17 -15 -19 20 29 22 23 24 28 -25 -27 -28 -21 -6
right_child=1 7 6 -5 5 -7 -8 -9 -10 -11 -12 -13 -14 14 15 -17 -18 18 -20 21 -22 -23 -24 25 -26 26 27 -29 -30 -31
leaf_value=-0.035588738572228072 0.010748881318816468 -0.13390943373242603 -0.056427928581971182 -0.063074461174973007 0.0028458323397835567 -0.047559537806102024 0.018802090813538314 0.023655993382181988 0.016727466583063566 0.017616978912341926 0.011357754710349478 -0.0050621805014467725 -0.023307134934484185 0.0062695556932999283 -0.037271392436978704 0.016450726943116681 -0.050690128979141644 0.025443712734250976 -0.0077969306321580912 -0.043813842363240173 0.03245973276309818 0.013206009482110452 0.020320484166312238 -0.040150922079549414 0.012306810026406568 0.05109470943804377 -0.050302932440659427 -0.0018984435272157696 -0.15329631254736689 -0.043968693184721248
leaf_weight=49.144525939322193 27.354654729366302 14.311053786426781 39.058727877592901 30.946801699697971 4103.9969248896668 23.659570199466543 13.597531415522097 281.93794966302812 535.46896386519074 275.90974792093039 234.68845817446709 314.50145818898454 38.716327544301748 2043.3237007782882 86.261053978523705 45.769638440920971 16.74171076779021 323.79932121068123 76.213571153464727 157.48192892957013 127.99764765892178 340.93570725526661 120.20083319023252 68.036111508670729 58.684619949199259 35.770796616212465 47.678769692312926 1142.5876664053649 5.4813828170299521 31.98877176042879
leaf_count=6215 28 98 810 140 50336 607 9 148 375 183 203 466 79 14469 1074 100 382 2772 756 1796 178 380 94 667 84 18 444 2663 46 893
internal_value=0.00352592 0.00965265 0.00232552 -0.0288399 0.00256224 0.00277793 -0.0370128 0.0109924 0.0084518 0.00339213 -0.00314348 -0.0124091 -0.0550826 0.00291813 0.00659317 -0.0186645 0.00795576 0.00837817 0.0191068 0.00139091 0.00338076 -0.00290065 -0.00626339 -0.00838357 -0.0323504 -0.00425674 -0.00223378 -0.00387799 -0.0484088 0.00247322
internal_weight=10712.2 1753.84 8958.41 58.3015 8905.75 8856.61 52.6563 1695.53 1413.6 878.127 602.217 367.529 53.0274 8832.95 2592.11 132.031 2460.08 2443.34 400.013 6240.84 4263.98 1976.86 1635.92 1515.72 221.648 1294.07 1226.04 1190.27 162.963 4135.99
internal_count=86513 1720 84793 168 83974 77759 819 1552 1404 1029 846 643 177 77152 19553 1174 18379 17997 3528 57599 51407 6192 5812 5718 1926 3792 3125 3107 1842 51229
is_linear=0
shrinkage=0.03


Tree=163
num_leaves=31
num_cat=0
split_feature=56 55 71 55 55 65 57 0 56 58 55 57 55 49 55 55 59 65 47 57 60 55 55 56 3 56 34 0 55 56
split_gain=76.9194 73.6021 72.9303 70.4115 67.8782 66.2538 112.053 155.017 205.433 60.5152 144.386 113.935 110.218 100.972 90.1477 84.0634 70.0381 112.453 143.477 79.1303 58.6968 58.6803 111.825 113.942 235.284 94.0482 215.375 76.5984 82.4797 138.529
threshold=0.0012507313961251478 0.000661284296626267 1.0000000180025095e-35 0.030522028566488325 0.00095627457833280299 339.50000000000006 4.5000000000000009 9.7000000000000011 0.0019941073967910724 1.0000000180025095e-35 0.0033897661317019196 3.5000000000000004 0.0035825669712940523 1.0000000180025095e-35 0.0040436066657152303 0.0015954949508172561 1.5000000000000002 184.50000000000003 1.0000000180025095e-35 2.5000000000000004 1.0000000180025095e-35 0.057612852812660494 0.036496636214826468 0.051136231577932643 1.0000000180025095e-35 0.006585252190963899 1.0000000180025095e-35 5.5500000000000007 0.021143348457428057 0.0088004231848067046
decision_type=2 2 2 2 2 2 2 2 2 2 2 2 2 2 2 2 2 2 2 2 2 2 2 2 2 2 2 2 2 2
left_child=-1 -2 4 5 20 6 7 8 -4 10 11 -6 -12 -11 -14 -13 21 -18 19 -19 -3 22 27 -24 -25 26 -23 28 -16 -30
right_child=1 2 3 -5 9 -7 -8 -9 -10 13 12 15 14 -15 16 -17 17 18 -20 -21 -22 25 23 24 -26 -27 -28 -29 29 -31
leaf_value=-0.035046499200362506 -0.026008356733077161 0.02782390361909149 0.026031436967021974 0.022639243882081623 -0.036250988976550581 0.014872375803488278 0.014062049563108053 0.0066113567838810786 -0.070500707522279729 0.0060871622334986121 0.024631302747219547 0.025394794716547108 -0.040529618707325549 -0.066562188390932781 0.018746620823789164 -0.040148501368474289 0.028565405728559562 0.0031754912269624171 0.042829357006013119 -0.057135638210256544 -0.036445121975332735 -0.066946683671403218 -0.01515383106602888 -0.16682548204108347 0.026230462388845337 0.014569783496661829 0.032270302651486872 -0.0016234954614918096 0.025062703471612675 -0.017539399130273609
leaf_weight=47.340920441187336 77.760906167866779 139.154933426762 26.504083059728146 306.8874045573175 166.54221965183388 362.18118475517258 185.97201422601938 110.69028832390904 73.041401778813452 2747.5639804013626 175.01751622537267 59.98016876069596 46.705839241418289 16.332578652305529 369.41291508299764 23.782466913049575 194.2304898139555 34.355575767636765 32.692479314282537 44.214058919169474 13.215501572791252 41.35080630518496 110.91568965528859 12.872417148202658 9.2166556268930435 465.80257027223706 35.956317067146301 4295.5007978102076 105.43157873640303 192.76829186221585
leaf_count=6368 4118 557 11 174 11478 358 161 180 646 23399 829 249 1331 192 6883 933 299 192 11 1087 703 230 514 97 2 416 5 23717 505 683
internal_value=0.00271144 0.0028854 0.00310395 0.010537 0.0022545 0.00561636 -0.00286089 -0.0178264 -0.0447957 0.00192362 0.000324836 -0.0219652 0.00123304 0.00563394 0.000545547 0.00653118 0.000875024 0.0148415 -0.00915746 -0.0310553 0.0220484 0.000115925 -0.000883776 -0.0279261 -0.0886257 0.00948073 -0.0209771 -0.000153597 0.00929219 -0.00244357
internal_weight=10523.4 10476.1 10398.3 1065.28 9333.02 758.389 396.208 210.236 99.5455 9180.65 6416.75 250.305 6166.44 2763.9 5991.43 83.7626 5944.72 305.493 111.262 78.5696 152.37 5639.23 5096.12 133.005 22.0891 543.11 77.3071 4963.11 667.613 298.2
internal_count=86328 79960 75842 1530 74312 1356 998 837 657 73052 49461 12660 36801 23591 35972 1182 34641 1589 1290 1279 1260 33052 32401 613 99 651 235 31788 8071 1188
is_linear=0
shrinkage=0.03


Tree=164
num_leaves=31
num_cat=0
split_feature=26 65 58 58 5 29 65 65 32 60 59 65 0 0 0 57 59 62 14 0 0 71 71 65 0 65 57 65 65 62
split_gain=78.3298 101.734 89.3985 88.3666 63.9265 58.9659 58.6115 110.973 121.85 105.131 192.653 81.4142 135.847 90.542 199.86 78.6067 71.7832 154.503 86.276 75.0231 70.6029 82.9459 63.6306 57.6976 110.201 108.867 100.589 98.8137 211.618 169.186
threshold=1.0000000180025095e-35 515.50000000000011 1.0000000180025095e-35 2.5000000000000004 1.0000000180025095e-35 1.0000000180025095e-35 201.50000000000003 192.50000000000003 1.0000000180025095e-35 1.5000000000000002 1.0000000180025095e-35 221.50000000000003 7.7500000000000009 7.8500000000000005 9.5000000000000018 1.5000000000000002 1.5000000000000002 1.0000000180025095e-35 1.0000000180025095e-35 4.3500000000000005 5.4500000000000011 1.0000000180025095e-35 1.0000000180025095e-35 476.50000000000006 9.7000000000000011 576.50000000000011 1.5000000000000002 284.50000000000006 290.50000000000006 1.0000000180025095e-35
decision_type=2 2 2 2 2 2 2 2 2 2 2 2 2 2 2 2 2 2 2 2 2 2 2 2 2 2 2 2 2 2
left_child=3 2 -2 4 5 6 7 8 16 -9 -11 12 -8 -14 -15 -16 18 -18 19 -1 -20 -22 23 26 25 -25 27 29 -29 -13
right_child=1 -3 -4 -5 -6 -7 11 9 -10 10 -12 22 13 14 15 -17 17 -19 20 -21 21 -23 -24 24 -26 -27 -28 28 -30 -31
leaf_value=-0.049193486138709407 -0.0032347184964586283 0.026298879705438725 -0.043974661523680902 0.016175795520694741 -0.046911177932431415 -0.031407299246489218 -0.04626552605150816 0.022939523009281766 0.021041863131947773 -0.082139845390820337 0.026147813654533843 -0.024906207254399793 0.015452329229432179 -0.060150843656550775 -0.055706877345690867 0.0094437515021612538 0.027450902562250454 -0.053502003042526537 0.0048531407465569896 0.0021672608768344825 -0.060244639223564947 0.0043310932008698904 0.011557977109422631 -0.036022082667604413 0.0088962048079135273 -0.0062175528810886763 0.0060265069674927318 0.030133585154203557 -0.0059925287226306372 0.036377827124828011
leaf_weight=24.862538503613905 97.456270780123305 44.589593577024061 95.794048412455595 453.61072756617796 22.374754659889732 44.247476853677654 80.359369989222614 486.93031836624141 327.24760173307732 24.374400275642984 34.614180363249034 323.65529539601994 140.61514384101611 62.877988442545757 17.748144132085145 149.26391052827239 189.29756023298251 22.947034777273075 50.277458594893687 2493.6367509840784 56.244208689953666 25.862188858911395 570.91381489718333 135.71160822198726 334.92410425614798 574.25483730112319 2632.2074318131636 180.24925178365083 747.97078536998015 45.431816823911504
leaf_count=948 1396 183 2665 669 889 2552 3040 1969 534 251 91 5797 463 597 276 298 282 1476 2175 18288 2894 85 693 3798 1136 7052 15706 687 8698 620
internal_value=0.00284989 -0.014135 -0.0235519 0.00324524 0.00264508 0.00276328 0.00292184 0.00587062 0.00372892 0.0183572 -0.0192206 0.00108375 -0.0111616 -0.00344377 -0.0150187 0.00222993 0.00174344 0.0184887 0.000396248 0.00164091 -0.0231172 -0.040097 0.00208119 0.000991436 -0.00527098 -0.0119574 0.00265758 -0.00417727 0.00104761 -0.0172847
internal_weight=10490.6 237.84 193.25 10252.7 9799.1 9776.73 9732.48 3736.29 3190.38 545.919 58.9886 5996.18 450.865 370.505 229.89 167.012 2863.13 212.245 2650.88 2518.5 132.384 82.1064 5545.32 4974.41 1044.89 709.966 3929.51 1297.31 928.22 369.087
internal_count=86208 4244 4061 81964 81295 80406 77854 28993 26682 2311 342 48861 4674 1634 1171 574 26148 1758 24390 19236 5154 2979 44187 43494 11986 10850 31508 15802 9385 6417
is_linear=0
shrinkage=0.03


Tree=165
num_leaves=31
num_cat=0
split_feature=29 56 14 56 65 57 0 65 54 56 60 65 57 67 57 65 0 23 65 65 65 56 65 65 72 60 27 56 56 0
split_gain=95.3486 64.3227 85.7746 81.3483 104.416 120.801 62.8222 87.1265 95.5142 62.3486 86.8533 73.044 64.8336 62.1228 96.3727 111.58 93.4808 101.561 88.3535 95.3978 111.039 78.5039 77.8869 128.291 112.786 131.659 112.672 103.156 122.096 230.047
threshold=1.0000000180025095e-35 0.048022201973341977 1.0000000180025095e-35 0.045669345270555904 333.50000000000006 3.5000000000000004 6.3500000000000005 174.50000000000003 1.0000000180025095e-35 0.010117439650664703 1.5000000000000002 160.50000000000003 3.5000000000000004 1.0000000180025095e-35 2.5000000000000004 356.50000000000006 8.7500000000000018 1.0000000180025095e-35 298.50000000000006 296.50000000000006 235.50000000000003 0.0068179619555235353 198.50000000000003 261.50000000000006 1.0000000180025095e-35 1.0000000180025095e-35 1.0000000180025095e-35 0.044512489803421006 0.024051509200471031 4.5500000000000007
decision_type=2 2 2 2 2 2 2 2 2 2 2 2 2 2 2 2 2 2 2 2 2 2 2 2 2 2 2 2 2 2
left_child=1 2 3 13 5 -5 7 -3 -9 10 12 -11 -4 22 15 18 17 -17 19 20 21 -15 -1 24 25 -24 -25 28 -27 -30
right_child=-2 6 9 4 -6 -7 -8 8 -10 11 -12 -13 -14 14 -16 16 -18 -19 -20 -21 -22 -23 23 26 -26 27 -28 -29 29 -31
leaf_value=0.0043499264250306266 -0.042976763539198867 0.0094900873191194595 -0.017643019549833473 -0.015984671115668547 0.011229460594314067 -0.087711142093914035 0.010982376556161697 -0.012337720515475045 -0.086292143376072106 -0.033261961655809712 0.021856207555114669 0.02031737662673767 0.010330812827108288 -0.033947161746224551 0.017644829543100225 -0.043349813083580949 0.018268006611261788 0.009428869465335497 -0.055998468568213187 0.03523613660279884 -0.048090070650906244 0.009899130381730287 -0.042133851095573938 0.001528836321412197 0.016341919293311236 -0.0061990911903664399 -0.0466617454565421 0.0372213482280584 0.029679220001673348 -0.057046029981658211
leaf_weight=2543.9881126008258 39.520142996669165 140.62942474707961 185.2986913677305 65.702943047508597 58.129481997340918 30.577960785478354 1409.0893910145387 79.448035147041082 18.740838710218668 23.15861532650888 141.28647667707992 482.9849971239455 123.47534010760137 49.602664417790947 509.41863022028701 52.309320177999325 349.82207834674045 84.634426919743419 36.466161121090408 40.357530723325908 62.80109316855669 133.28755120746791 139.45990294733201 2807.2939177159715 112.02008295198902 527.00116634712322 43.355140402491088 37.888908937573433 35.316413875669241 115.85024787671864
leaf_count=23387 2574 146 12537 157 63 173 1288 147 99 134 1074 671 1078 664 907 679 515 509 355 21 575 310 4312 25820 120 5883 1756 5 68 501
internal_value=0.00295642 0.0031344 0.00211433 0.00107852 -0.0204103 -0.0394318 0.00857185 -0.00563739 -0.0271807 0.0105919 0.00245843 0.0178051 -0.00645935 0.00151312 0.00743662 0.000997004 0.0100567 -0.0108995 -0.0126654 -0.00696539 -0.0140122 -0.0021126 0.000284365 -0.00242487 -0.0118579 -0.0155651 0.000779806 -0.010339 -0.013047 -0.0367229
internal_weight=10478.9 10439.4 8791.49 7835.28 154.41 96.2809 1647.91 238.818 98.1889 956.204 450.061 506.144 308.774 7680.87 1318.7 809.281 486.766 136.944 322.515 286.049 245.691 182.89 6362.17 3818.19 967.537 855.517 2850.65 716.057 678.168 151.167
internal_count=86528 83954 82274 66780 393 330 1680 392 246 15494 14689 805 13615 66387 4535 3628 1703 1188 1925 1570 1549 974 61852 38465 10889 10769 27576 6457 6452 569
is_linear=0
shrinkage=0.03


Tree=166
num_leaves=31
num_cat=0
split_feature=63 56 0 57 57 65 58 30 0 21 54 65 0 72 56 18 56 56 13 56 32 59 65 18 65 68 48 56 65 0
split_gain=98.5741 85.6641 90.8976 102.059 162.491 95.0689 77.4707 67.0518 61.0292 58.9906 126.036 119.58 130.625 127.219 104.65 101.641 115.6 94.0094 80.5443 116.925 76.3693 82.6816 92.1544 126.575 119.823 91.9409 80.1443 81.7207 100.958 142.04
threshold=1.0000000180025095e-35 0.030758389275860835 9.7000000000000011 4.5000000000000009 3.5000000000000004 124.50000000000001 1.0000000180025095e-35 1.0000000180025095e-35 3.8500000000000001 1.0000000180025095e-35 1.0000000180025095e-35 407.50000000000006 7.4500000000000011 1.0000000180025095e-35 0.024051509200471031 1.0000000180025095e-35 0.026935654732692067 0.0057950219280482303 1.0000000180025095e-35 0.039092439184851828 1.0000000180025095e-35 1.5000000000000002 339.50000000000006 1.0000000180025095e-35 1271.5000000000002 1.0000000180025095e-35 1.0000000180025095e-35 0.012841886520352541 572.50000000000011 9.7000000000000011
decision_type=2 2 2 2 2 2 2 2 2 2 2 2 2 2 2 2 2 2 2 2 2 2 2 2 2 2 2 2 2 2
left_child=8 2 3 4 6 -6 7 -2 -1 10 -10 12 14 -13 -12 16 17 -14 -16 -20 21 22 -11 24 -24 26 27 -25 -29 -30
right_child=1 -3 -4 -5 5 -7 -8 -9 9 20 11 13 15 -15 18 -17 -18 -19 19 -21 -22 -23 23 25 -26 -27 -28 28 29 -31
leaf_value=-0.042351682088192205 -0.061312011774204103 0.022106465532283952 0.014568824791398226 0.010881311699823303 0.0041179728875678006 -0.086138160113621576 0.0015101513561407763 0.01826033329038251 0.010811189776182017 -0.0044620168654575312 -0.036982516306317589 -0.045634499488530975 -0.035335724649258271 0.034347068863325295 0.028438148760937584 -0.026299733093306205 -0.056944811162632454 0.034624220805975152 -0.053187327895627669 0.0014047606711686136 0.010023789453238879 0.012385729585912457 -0.045552544949923078 -7.1514677346809887e-05 0.019972581419321636 -0.0578049635249272 0.036073772611427184 0.019208121946266921 -0.07650983929467578 0.017142555725460227
leaf_weight=27.449240274916519 33.742831548559479 372.0951367104426 594.53467863798141 340.92883282830007 14.46881945710629 36.488587993662804 303.47696902090684 12.602172719663939 1519.8280604736356 3754.0481046884379 98.567336128995521 98.911575963022187 18.028601218451513 21.032371690962464 62.974446076899767 42.072882974287495 14.102397631853817 210.45111963001546 43.537053825333714 170.18782467767596 638.41969717876054 391.91520699340617 82.072437063412508 885.78145970137848 35.319736300734803 18.846366034587845 80.88598024379462 483.48720478499308 24.131482519209385 34.01874452829361
leaf_count=1614 341 222 549 528 45 324 967 13 21945 30895 6441 3060 755 6 38 752 53 766 408 284 1769 2902 2784 8241 132 166 38 373 147 27
internal_value=0.00280405 0.00939383 0.00583993 -0.00116712 -0.0114179 -0.0609249 -0.00405324 -0.039746 0.00151743 0.00166023 0.00578267 -0.00401836 0.00100597 -0.0314416 -0.0106075 0.0162998 0.0237659 0.028974 -0.00111277 -0.00991189 0.000184916 -0.000901391 -0.0018681 0.00405224 -0.0258358 0.00636514 0.00720472 0.00554472 0.0147126 -0.0223582
internal_weight=10464.4 1708.34 1336.24 741.708 400.779 50.9574 349.822 46.345 8756.07 8728.62 2299.69 779.866 659.922 119.944 375.267 284.655 242.582 228.48 276.699 213.725 6428.93 5790.51 5398.59 1644.54 117.392 1527.15 1508.3 1427.42 541.637 58.1502
internal_count=86585 2989 2767 2218 1690 369 1321 354 83596 81982 34508 12563 9497 3066 7171 2326 1574 1521 730 692 47474 45705 42803 11908 2916 8992 8826 8788 547 174
is_linear=0
shrinkage=0.03


Tree=167
num_leaves=31
num_cat=0
split_feature=58 65 59 65 66 55 65 59 55 65 55 56 43 0 15 56 50 56 56 18 57 56 65 55 2 57 57 63 55 55
split_gain=76.6106 118.594 128.491 205.76 184.782 158.999 143.717 138.014 180.68 142.963 115.348 157.477 188.417 150.011 116.642 99.472 162.214 108.368 96.4008 96.185 91.2262 88.669 87.4954 121.296 107.659 186.408 140.668 84.3785 83.3415 143.2
threshold=1.0000000180025095e-35 323.50000000000006 1.0000000180025095e-35 288.50000000000006 1.0000000180025095e-35 0.00095627457833280299 118.50000000000001 1.5000000000000002 0.031781826281211616 62.500000000000007 0.057612852812660494 0.069730256856936554 1.0000000180025095e-35 6.4500000000000011 1.0000000180025095e-35 0.0063783844441154579 1.0000000180025095e-35 0.0064957980922481463 0.011975709061230659 1.0000000180025095e-35 4.5000000000000009 0.0070793993871210567 425.50000000000006 0.0042814658813455381 1.0000000180025095e-35 2.5000000000000004 4.5000000000000009 1.0000000180025095e-35 0.021765767382888639 0.0063844283733814023
decision_type=2 2 2 2 2 2 2 2 2 2 2 2 2 2 2 2 2 2 2 2 2 2 2 2 2 2 2 2 2 2
left_child=1 2 5 4 -4 -1 -7 8 9 -6 11 13 -13 20 -15 16 -16 -17 28 -19 -8 -21 -3 -24 26 -26 27 -25 29 -2
right_child=18 22 3 -5 7 6 10 -9 -10 -11 -12 12 -14 14 15 17 -18 19 -20 21 -22 -23 23 24 25 -27 -28 -29 -30 -31
leaf_value=0.023518157910842153 0.0062201229892966054 0.01195276899432937 0.012560324083593231 -0.043244623673676569 -0.067826244223663693 -0.038388046374438586 0.011520534724572318 0.026002872944063518 -0.07395325222545962 -0.0014335071966584709 0.011330121171414353 -0.11108319835712903 0.030527244336903996 -0.049061672045620543 -0.032295572347703826 0.030234546771548163 0.035760615038180822 -0.043844965075749191 0.014817073197337152 -0.04102001474998835 -0.047298324812262087 -0.0041658220578107853 -0.041390761112507363 -0.046326878588517806 0.010325656068493011 -0.037740795922242436 0.029067275995496803 0.020377823421883774 0.014691933550275258 -0.011020129262886574
leaf_weight=158.52242538495921 1419.319745269604 1284.766416303959 1262.2936571427999 75.497685167443706 32.667551763355732 126.61655948244152 428.4469376377092 70.410976899089292 46.754269997240044 219.79749659317895 311.09892052970827 26.362275304272771 11.712845802307127 68.95927399568609 279.06819801320671 69.660128479590639 34.684717647731304 62.815170200890861 954.08797646360472 60.932929087197408 24.142031255585607 1154.1078270346625 57.573436649137875 103.06021698800032 920.4826183537516 77.847907974632108 39.40818937131553 19.818684378638864 492.78884904377628 623.16272340675641
leaf_count=3794 16534 8135 6993 1439 195 3586 7352 71 326 794 335 148 1 2325 5690 254 43 948 1059 1268 371 3141 3862 2100 4738 1914 116 23 787 8280
internal_value=0.00306039 0.00125577 -0.00164289 0.00484922 0.00709931 -0.00557799 -0.00732107 -0.0115337 -0.0204239 -0.0102581 -0.00575297 -0.00814997 -0.0678539 -0.00707795 -0.0110992 -0.0094948 -0.0246824 -0.00594287 0.00669345 -0.00793712 0.00828566 -0.00604623 0.0064942 0.000732241 0.00285562 0.00654351 -0.0197321 -0.0354907 0.00363168 0.000957292
internal_weight=10516.9 7027.51 4524.55 1707.42 1631.92 2817.13 2658.61 369.63 299.219 252.465 2531.99 2220.89 38.0751 2182.82 1730.23 1661.27 313.753 1347.52 3489.36 1277.86 452.589 1215.04 2502.96 1218.19 1160.62 998.331 162.287 122.879 2535.27 2042.48
internal_count=86622 59962 39074 9818 8379 29256 25462 1386 1315 989 21876 21541 149 21392 13669 11344 5733 5611 26660 5357 7723 4409 20888 12753 8891 6652 2239 2123 25601 24814
is_linear=0
shrinkage=0.03


Tree=168
num_leaves=31
num_cat=0
split_feature=56 5 55 55 71 65 65 6 59 65 59 56 65 59 55 55 65 57 56 58 56 56 65 21 56 55 10 57 55 65
split_gain=76.4926 65.5311 66.0905 103.455 79.1706 93.8169 93.3297 77.2574 96.6401 108.008 84.4007 72.2263 71.6702 99.211 150.349 176.524 183.203 111.845 129.593 90.8368 105.488 86.2447 148.847 85.5655 79.4263 75.8068 72.984 71.4717 78.0957 76.2806
threshold=0.0011161097395399886 1.0000000180025095e-35 0.02035367420542971 0.020063811075892984 1.0000000180025095e-35 621.50000000000011 1369.5000000000002 1.0000000180025095e-35 1.5000000000000002 62.500000000000007 1.0000000180025095e-35 0.030758389275860835 261.50000000000006 1.0000000180025095e-35 0.026100508894705211 0.048763003506173415 154.50000000000003 5.5000000000000009 0.0088004231848067046 1.0000000180025095e-35 0.043552575160501622 0.037227276579386147 192.50000000000003 1.0000000180025095e-35 0.0068179619555235353 0.086183747651422601 1.0000000180025095e-35 2.5000000000000004 0.031781826281211616 55.500000000000007
decision_type=2 2 2 2 2 2 2 2 2 2 2 2 2 2 2 2 2 2 2 2 2 2 2 2 2 2 2 2 2 2
left_child=-1 2 3 -2 5 7 -7 8 9 11 -11 -4 13 14 19 16 -16 18 -18 20 -9 -20 -23 -24 25 -17 -14 28 -15 -30
right_child=1 -3 4 -5 -6 6 -8 12 -10 10 -12 -13 26 27 15 24 17 -19 21 -21 -22 22 23 -25 -26 -27 -28 -29 29 -31
leaf_value=-0.035640943363735626 0.0021781255540807938 -0.045423336827758724 -0.040807666923443189 -0.051262366431307646 0.019669653821919712 -0.065028516043659293 0.0066420786245397654 -0.051041291417796807 0.022886643231643317 -0.065912549726853717 -0.0049143431061300534 -0.19176718422943684 0.013096271749139769 0.011911563622090027 -0.063946550229064494 -0.067560193777315009 -0.049753352793749234 -0.061873827887018035 0.010066993238612803 0.029090191834277756 0.017323312552819464 -0.096338560960425521 -0.058844807906876476 0.002112586528886992 0.01382634610534807 0.0058289270864988222 -0.025803055935668333 0.024024891351462144 -0.053232701648581057 -0.0021971243480507548
leaf_weight=43.4950460933469 6156.2405669188302 23.311771283275448 7.4740401133894903 31.777331417310052 385.96402406040579 32.631734454771504 31.499571772292256 31.42944506049389 50.63002141751349 24.322782957926393 106.34891820605844 4.4738439060747623 1493.1052862758515 535.45754184632096 69.284857432823628 21.604311147239059 57.307057941216044 36.577090963721275 229.790851470083 184.80748760176357 53.47494675591588 18.404142696410418 23.81165811046958 125.44223104044795 312.9612773032859 28.487290751188993 43.808980397880077 258.32583257183433 29.661627419758588 188.49208118615206
leaf_count=5960 71446 886 67 277 263 269 47 278 31 196 259 43 2120 734 642 126 485 181 344 169 40 112 131 162 282 45 172 173 161 417
internal_value=0.00361543 0.00377991 0.00389267 0.00189545 0.00670966 0.00545441 -0.0302644 0.00604401 -0.0124093 -0.0250115 -0.0166827 -0.107779 0.00700001 0.00353152 -0.00232766 -0.00808259 -0.0186237 -0.0121156 -0.00798648 0.0173381 -0.00828309 -0.00185448 -0.0181568 -0.00793934 0.00820118 -0.0265263 0.0119714 0.0104368 0.00575331 -0.0093475
internal_weight=10640.4 10596.9 10573.6 6188.02 4385.58 3999.61 64.1313 3935.48 193.25 142.62 130.672 11.9479 3742.23 2205.32 1193.38 923.671 560.618 491.333 454.756 269.712 84.9044 397.449 167.658 149.254 363.053 50.0916 1536.91 1011.94 753.611 218.154
internal_count=86518 80558 79672 71723 7949 7686 316 7370 596 565 455 110 6774 4482 2997 2510 2057 1415 1234 487 318 749 405 293 453 171 2292 1485 1312 578
is_linear=0
shrinkage=0.03


Tree=169
num_leaves=31
num_cat=0
split_feature=58 63 65 32 57 56 57 65 57 31 55 60 10 55 65 65 65 65 8 68 60 58 55 8 59 56 65 55 65 55
split_gain=75.6057 101.787 95.8324 126.339 125.292 90.2372 78.1464 166.51 127.088 91.9237 87.2016 72.4268 80.7325 69.0384 101.819 64.7991 64.5072 130.946 62.4349 61.2477 61.0361 60.6644 78.8938 64.0247 55.0826 67.2065 96.5542 249.054 54.6103 52.5875
threshold=1.0000000180025095e-35 1.0000000180025095e-35 182.50000000000003 1.0000000180025095e-35 2.5000000000000004 0.010117439650664703 5.5000000000000009 160.50000000000003 6.5000000000000009 1.0000000180025095e-35 0.0069782869163078536 1.0000000180025095e-35 1.0000000180025095e-35 0.0045490574989296342 370.50000000000006 190.50000000000003 199.50000000000003 231.50000000000003 1.0000000180025095e-35 1.0000000180025095e-35 2.5000000000000004 2.5000000000000004 0.0061860440093990795 1.0000000180025095e-35 1.0000000180025095e-35 0.023561139330300889 302.50000000000006 0.0081438441149685719 472.50000000000006 0.013997073386456787
decision_type=2 2 2 2 2 2 2 2 2 2 2 2 2 2 2 2 2 2 2 2 2 2 2 2 2 2 2 2 2 2
left_child=1 6 3 4 18 -3 29 -8 20 10 -10 13 -13 -4 15 -15 -17 19 -2 -18 -9 22 -19 -24 25 -12 27 -27 -16 -1
right_child=2 5 11 -5 -6 -7 7 8 9 -11 24 12 -14 14 28 16 17 21 -20 -21 -22 -23 23 -25 -26 26 -28 -29 -30 -31
leaf_value=0.0054097668327122549 -0.0059097255120086449 -0.039937248257386634 0.012807838924620217 0.018144022547505682 0.00015189165133608367 -4.7115994084207345e-05 -0.085908102512493173 -0.069410371726778497 -0.046156898933521442 -0.055043889302176886 -0.043508434713678747 0.01513154076240414 -0.035737605537087505 -0.055559452389678354 -0.054389985400621677 0.024818309857307697 -0.056868408381406867 -0.044300761939686649 -0.041116793192903144 0.027052415248372787 -0.017851223502398195 0.022678940942183316 -0.031929063755946507 0.010383648834515943 0.023645768156835306 0.01918046829030191 0.026654629942255103 -0.085622995533170071 -0.012170277778968772 -0.00010932731355619381
leaf_weight=3235.7433088458201 70.957811636806582 99.445656744093867 485.19636018751771 207.43020780663937 441.22486695338739 103.76665169163607 23.389304410025943 33.484905565157533 26.688440295358305 23.291773464414291 27.374105562164914 1376.3716091118113 27.743391188327223 15.362907300528603 40.965016786241904 116.68361231050221 45.989959402795648 33.871230772754643 126.41699643943866 8.7682549050077778 54.064695140579715 129.76693655364215 37.028122827410698 208.80960234877421 140.50296951644123 59.561217306181788 96.881377751007676 29.833628584630787 82.807353634168976 2988.2124730224314
leaf_count=46192 2616 709 4029 311 2447 150 425 624 1147 143 242 2966 221 396 1172 452 1325 1095 5909 7 207 131 998 1243 187 81 32 212 1051 9567
internal_value=0.00300371 0.00119854 0.00662909 -0.00214313 -0.00875088 -0.0196681 0.00183059 -0.00938821 -0.00558119 0.0015472 0.00514333 0.00947303 0.0141017 0.00407338 -0.00182179 0.0033298 0.00497998 -4.89407e-05 -0.0285532 -0.0431863 -0.0381321 0.00581087 -0.00206775 0.00390697 0.00912831 -0.000484491 0.00603663 -0.0163557 -0.0264677 0.00276038
internal_weight=10397.6 6942.24 3455.39 846.03 638.6 203.212 6739.03 515.072 491.683 404.134 380.842 2609.36 1404.12 1205.25 720.053 596.281 580.918 464.234 197.375 54.7582 87.5496 409.476 279.709 245.838 354.153 213.65 186.276 89.3948 123.772 6223.96
internal_count=86287 59918 26369 11283 10972 859 59059 3300 2875 2044 1901 15086 3187 11899 7870 5647 5251 4799 8525 1332 831 3467 3336 2241 754 567 325 293 2223 55759
is_linear=0
shrinkage=0.03


Tree=170
num_leaves=31
num_cat=0
split_feature=24 57 26 55 55 56 56 38 5 56 55 55 60 55 9 56 34 55 56 56 56 0 4 0 8 55 14 56 56 45
split_gain=74.0869 109.834 72.4341 103.701 71.7431 66.4764 123.172 61.7215 57.1133 57 81.5394 92.1758 161.374 157.848 142.488 86.8721 74.9357 80.4748 66.0104 77.279 63.8978 62.1168 61.1998 62.36 53.6698 93.6626 53.4073 65.959 63.134 56.7752
threshold=1.0000000180025095e-35 8.5000000000000018 1.0000000180025095e-35 0.06386747763884322 0.00048773207149649275 0.19223587426221075 0.054446249970382408 1.0000000180025095e-35 1.0000000180025095e-35 0.048022201973341977 0.028894404390139527 0.051588093059875891 1.5000000000000002 0.030649897275830201 1.0000000180025095e-35 0.027940916386617273 1.0000000180025095e-35 0.028776686551824315 0.0034748957205514566 0.0062989368783132943 0.044512489803421006 6.4500000000000011 1.0000000180025095e-35 8.3500000000000032 1.0000000180025095e-35 0.068361472679930133 1.0000000180025095e-35 0.0042363221945396923 0.0016370956852815514 1.0000000180025095e-35
decision_type=2 2 2 2 2 2 2 2 2 2 2 2 2 2 2 2 2 2 2 2 2 2 2 2 2 2 2 2 2 2
left_child=2 5 4 -4 -1 6 -2 8 9 10 16 12 13 -12 18 -14 20 -18 -15 -20 26 -21 -23 -24 25 -13 28 -28 -6 -30
right_child=1 -3 3 -5 7 -7 -8 -9 -10 -11 11 24 15 14 -16 -17 17 -19 19 21 -22 22 23 -25 -26 -27 27 -29 29 -31
leaf_value=-0.028612429614486731 -0.020549089526492023 0.02803288343798924 -0.024331992507128496 0.023056610013873505 0.02082080769751022 0.023186537322866546 -0.10473760729818342 -0.046984588465862218 -0.046192766245839956 0.0091630435595642674 -0.047892285944084088 0.0038653340966990041 0.020240407499245015 -0.041258696848050509 -0.037953639742038858 -0.009154010160380149 -0.046564211669557175 0.023094211450349848 0.019441016630125079 -0.054429140595309795 0.02627771589995646 0.0027655334199579349 -0.056264900983487937 0.027622031917374699 0.015303360543692085 -0.071785295807617278 -0.029662722182035774 0.015791941084929262 0.0030038776065331495 -0.046292317331977251
leaf_weight=61.490976742235944 172.10450358281378 46.844297137111425 179.65159138434683 53.1140973046422 179.96343252516817 24.794957861304283 16.330447159707546 20.634210650649038 19.570352606242523 1532.4450773284771 118.78712858996005 75.98821391328238 215.1120834024041 34.916065970784985 127.66835264334804 154.88432105630636 49.952872096182546 20.393598586320877 138.049327054061 22.622560891904868 119.03347824513912 219.97009362583049 32.067786073312163 9.8323732018470746 292.52891570515931 17.244557909667492 29.547725462616654 507.39678723471297 5781.9024302237667 20.106909452268155
leaf_count=4529 11699 50 4299 25 3674 10 91 1038 759 1537 1082 153 309 789 1617 291 1176 14 311 158 89 467 177 2 297 93 957 2507 47795 511
internal_value=0.00262896 -0.0131494 0.00303916 -0.0134662 0.00343243 -0.0222854 -0.0283595 0.00363764 0.00374993 0.00385544 0.00285865 -0.00356534 -0.00808223 -0.0165054 -0.0100627 0.00794409 0.00425678 -0.0263294 -0.00221305 0.00110322 0.00458484 -0.00783207 -0.00361488 -0.0363948 0.00899746 -0.0107405 0.00418476 0.0132401 0.00336987 0.00282509
internal_weight=10294.9 260.074 10034.9 232.766 9802.11 213.23 188.435 9740.62 9719.98 9700.41 8167.97 1459.67 1073.91 703.914 585.127 369.996 6708.3 70.3465 457.458 422.542 6637.95 284.493 261.87 41.9002 385.762 93.2328 6518.92 536.945 5981.97 5802.01
internal_count=86506 11850 74656 4324 70332 11800 11790 65803 64765 64006 62469 5746 5203 4603 3521 600 56723 1190 1904 1115 55533 804 646 179 543 246 55444 3464 51980 48306
is_linear=0
shrinkage=0.03


Tree=171
num_leaves=31
num_cat=0
split_feature=63 58 60 66 71 59 65 67 7 62 41 65 28 55 55 4 65 65 20 59 55 65 65 55 0 20 0 65 65 65
split_gain=73.5619 99.2674 100.444 71.954 82.4295 53.9315 69.9983 60.0156 75.8834 73.2827 121.332 149.095 70.068 68.8888 85.1981 67.7453 58.6041 61.1509 55.9824 55.9247 51.8357 169.426 104.065 94.1234 152.546 73.9863 74.1741 62.4981 73.382 58.568
threshold=1.0000000180025095e-35 1.0000000180025095e-35 1.0000000180025095e-35 1.0000000180025095e-35 1.0000000180025095e-35 1.5000000000000002 80.500000000000014 1.0000000180025095e-35 1.0000000180025095e-35 1.0000000180025095e-35 1.0000000180025095e-35 555.50000000000011 1.0000000180025095e-35 0.034261678046376622 0.00086633713243444135 1.0000000180025095e-35 176.50000000000003 166.50000000000003 1.0000000180025095e-35 17.500000000000004 0.031781826281211616 55.500000000000007 572.50000000000011 0.057612852812660494 6.7500000000000009 1.0000000180025095e-35 7.5500000000000007 419.50000000000006 304.50000000000006 251.50000000000003
decision_type=2 2 2 2 2 2 2 2 2 2 2 2 2 2 2 2 2 2 2 2 2 2 2 2 2 2 2 2 2 2
left_child=5 3 -3 4 -2 7 -7 9 12 20 11 13 15 14 -11 -9 17 -16 -8 -20 25 -22 23 24 -23 29 -27 28 -26 -1
right_child=1 2 -4 -5 -6 6 18 8 -10 10 -12 -13 -14 -15 16 -17 -18 -19 19 -21 21 22 -24 -25 27 26 -28 -29 -30 -31
leaf_value=-0.0031742110052893663 -0.036992062197492515 0.0021262258788454979 0.018483712020587163 0.011226609665655505 0.010508126774899621 0.030336937626041935 0.0085529059142607066 0.0094133399434178349 -0.05198283493102325 0.013170104484036129 0.041417609391292617 0.01367443095841955 -0.050676537819127128 0.0021992472557018946 -0.029458348204274929 -0.045559669364836894 -0.043401604718604714 0.014029315585226139 -0.045930995791691895 0.030117749012377307 -0.077176819623304804 -0.050866251096441398 -0.071879533430429562 0.0079367508937107246 -0.0049967580036360737 0.01060337460407652 -0.041537119554702025 0.019037901186314037 -0.053688933550305094 0.0038873350943479904
leaf_weight=2109.3273978395446 101.87946416001068 574.86321710509947 819.47126879077405 96.611402202048339 47.78055084310472 125.36260207880696 403.22487930231728 1288.5550561305427 18.434512079169508 41.626023552031256 38.328329484618735 143.25282065465581 17.23995450878283 90.228973288554698 106.46038130350644 19.521092603623401 183.02511510392651 39.220472087705275 32.980561483724159 10.919206619262694 27.8056434035243 73.052672330959467 18.468509296420962 446.75570373795927 254.31627767789178 1003.1419251568586 24.204428851662669 83.361466567730531 30.323756610741839 2116.9734416424762
leaf_count=18604 706 1406 719 114 49 403 2971 4863 308 1026 170 1541 276 186 6339 292 7230 556 1837 1 317 734 193 557 946 15624 367 137 222 17649
internal_value=0.00281815 0.00864549 0.0117461 -0.00888613 -0.021858 0.00172419 0.0106174 0.00110007 0.00689309 -4.05245e-05 -0.00967879 -0.0129854 0.0077506 -0.0212893 -0.0270026 0.00855877 -0.0321144 -0.0177347 0.00503323 -0.0267659 0.000961105 -0.00554709 -0.00326677 -0.0017602 -0.0115782 0.00211908 0.00933574 -0.00366239 -0.0103539 0.000363033
internal_weight=10386.7 1640.61 1394.33 246.271 149.66 8746.11 572.487 8173.62 1343.75 6829.87 642.142 603.814 1325.32 460.561 370.332 1308.08 328.706 145.681 447.125 43.8998 6187.73 934.084 906.278 887.81 441.054 5253.65 1027.35 368.002 284.64 4226.3
internal_count=86343 2994 2125 869 755 83349 5212 78137 5739 72398 17048 16878 5431 15337 15151 5155 14125 6895 4809 1838 55350 3106 2789 2596 2039 52244 15991 1305 1168 36253
is_linear=0
shrinkage=0.03


Tree=172
num_leaves=31
num_cat=0
split_feature=62 57 71 32 65 58 49 48 0 54 65 60 14 65 0 72 57 0 65 57 65 72 54 65 65 6 25 37 57 60
split_gain=125.582 167.153 135.764 115.405 78.7647 78.2702 91.0884 66.1486 69.3065 130.907 229.937 74.036 71.5598 150.82 106.145 107.735 77.1897 115.825 153.583 224.18 139.737 134.351 195.716 131.471 123.484 94.4832 89.7757 80.8917 78.1978 75.6317
threshold=1.0000000180025095e-35 6.5000000000000009 1.0000000180025095e-35 1.0000000180025095e-35 164.50000000000003 1.0000000180025095e-35 1.0000000180025095e-35 1.0000000180025095e-35 6.4500000000000011 1.0000000180025095e-35 126.50000000000001 3.5000000000000004 1.0000000180025095e-35 847.50000000000011 8.5500000000000025 1.0000000180025095e-35 1.5000000000000002 9.0500000000000025 257.50000000000006 2.5000000000000004 162.50000000000003 1.0000000180025095e-35 1.0000000180025095e-35 227.50000000000003 194.50000000000003 1.0000000180025095e-35 1.0000000180025095e-35 1.0000000180025095e-35 5.5000000000000009 1.0000000180025095e-35
decision_type=2 2 2 2 2 2 2 2 2 2 2 2 2 2 2 2 2 2 2 2 2 2 2 2 2 2 2 2 2 2
left_child=2 3 5 4 -2 7 -7 8 9 -1 -11 -12 13 16 15 -14 25 18 19 -18 29 22 -22 24 -19 26 -10 -27 -24 -21
right_child=1 -3 -4 -5 -6 6 -8 -9 12 10 11 -13 14 -15 -16 -17 17 23 -20 20 21 -23 28 -25 -26 27 -28 -29 -30 -31
leaf_value=0.013682416086137352 -0.039535725743061634 0.013203308094785085 0.015185166091870976 0.0073753672466679776 -0.014009933932160165 0.0076831768464926111 -0.064868139762714896 0.017801578507225493 -0.058523707909571981 0.022163769814292144 -0.042362842548464535 0.003240159678027633 -0.049204799796344997 -0.043484934091827895 0.016040370019036364 0.032110391582879337 0.0015632541885180578 -0.033470983475896401 0.0052552388930654156 0.021806861142873175 -0.078795774636211846 0.014770141605614431 -0.0044941289295767862 -0.045971675724292158 0.01719456427185662 0.0032674340399493581 0.0036937855692675877 -0.057739774471006131 -0.076014907447324295 -0.023173494991604725
leaf_weight=728.88306208922586 132.44607852440095 278.94630517732003 772.19649333041161 193.05404944717884 603.96912813035306 2017.1278080999909 14.705460635130292 187.94118313502986 44.017747720441548 118.96337538500666 134.74861594008689 41.762003121955786 47.108928400237346 79.778426019533072 373.84097966348054 20.281290795654058 447.61338931208593 79.250165831967024 888.28612126645749 52.620160885271616 113.94670050468994 29.69264960847795 69.790337229438592 131.24772879589 93.081447712349473 2246.115149158315 38.707129716407508 18.734507155808387 16.18167630705284 89.452086506527849
leaf_count=11143 7845 1276 680 573 12338 11798 173 375 565 632 6209 126 949 838 803 5 3332 714 4829 149 991 29 453 1137 233 17011 88 346 197 415
internal_value=0.00193987 -0.00713074 0.00317266 -0.0132409 -0.0186482 0.00202911 0.00712643 0.000328149 -0.000230991 0.00685933 -0.00996142 -0.0316158 -0.00172049 -0.00286654 0.00978843 -0.0246211 -0.00211329 -0.00642507 -0.00338308 -0.0127438 -0.0299315 -0.0443525 -0.0531634 -0.0234685 -0.00616369 0.00158177 -0.0297156 0.00273753 -0.018675 -0.00647787
internal_weight=10104.5 1208.42 8896.07 929.469 736.415 8123.88 2031.83 6092.04 5904.1 1024.36 295.474 176.511 4879.75 4438.52 441.231 67.3902 4358.74 2011.16 1707.58 819.297 371.684 229.611 199.919 303.579 172.332 2347.57 82.7249 2264.85 85.972 142.072
internal_count=86252 22032 64220 20756 20183 63540 11971 51569 51194 18110 6967 6335 33084 31327 1757 954 30489 12479 10395 5566 2234 1670 1641 2084 947 18010 653 17357 650 564
is_linear=0
shrinkage=0.03


Tree=173
num_leaves=31
num_cat=0
split_feature=71 17 57 58 65 65 8 63 56 54 56 56 2 65 65 2 55 60 72 0 40 56 65 52 0 0 65 31 13 55
split_gain=83.0428 76.321 71.3477 66.3811 98.1964 186.737 180.251 142.445 95.0922 88.021 134.366 303.708 155.207 131.807 217.658 114.181 87.5815 87.0741 84.895 81.7561 79.0493 100.183 139.011 136.537 86.5519 78.5516 243.235 126.549 82.8995 78.2417
threshold=1.0000000180025095e-35 1.0000000180025095e-35 143.00000000000003 1.0000000180025095e-35 261.50000000000006 239.50000000000003 1.0000000180025095e-35 1.0000000180025095e-35 0.0088004231848067046 1.0000000180025095e-35 0.044512489803421006 0.0068988356286288468 1.0000000180025095e-35 71.500000000000014 168.50000000000003 1.0000000180025095e-35 0.0059228531034993181 4.5000000000000009 1.0000000180025095e-35 8.7500000000000018 1.0000000180025095e-35 0.006175010396599955 99.500000000000014 1.0000000180025095e-35 8.9500000000000011 8.1500000000000004 153.50000000000003 1.0000000180025095e-35 1.0000000180025095e-35 0.086183747651422601
decision_type=2 2 2 2 2 2 2 2 2 2 2 2 2 2 2 2 2 2 2 2 2 2 2 2 2 2 2 2 2 2
left_child=3 -2 -3 4 5 7 8 9 -7 17 11 15 -12 -14 -15 -11 -17 20 -8 -16 21 22 -1 -24 25 28 -27 -28 -23 -6
right_child=1 2 -4 -5 29 6 18 -9 -10 10 12 -13 13 14 19 16 -18 -19 -20 -21 -22 24 23 -25 -26 26 27 -29 -30 -31
leaf_value=0.014347414614722531 0.011584926246533152 -0.061070220970168218 0.029914339979546171 0.0051000816513542642 0.0034444678886779356 -0.040697983827608156 -0.058282894727706133 -0.05304357270433234 0.018749546412937836 -0.035929593298194958 0.017866591786739168 -0.043490555835189439 0.008188857019841499 -0.15879227407524094 -0.070117468618459869 -0.03415283222346515 0.019638565073847185 -0.072785540527403714 0.021239201214485876 0.0066335749248978976 0.025677147277549776 -0.043603958015757019 -0.039438090807757321 0.030227076131691399 0.016391332145269062 0.014335807846935875 -0.022808457525262997 -0.085638511776586809 0.0069113305832667407 -0.093913375437191526
leaf_weight=99.117515039659338 1028.2250635740347 23.936430900357664 10.534268379211424 2786.4583669839485 3205.8940924562194 34.399206069530919 129.90309258192428 47.494715630804421 75.662770323106088 54.664646265402553 257.9453518409282 240.13933009412722 63.13339015468955 12.73143534362316 19.554146755486727 30.786611701070797 191.99588740000036 12.738205712637862 12.809259615372865 31.44924358651042 128.11284150171559 29.42598656725022 167.88851052657992 29.025298214517534 403.11551236832747 140.54819968558149 99.809817817586008 40.26852151285857 754.23772573456517 6.4474965520203105
leaf_count=1116 1430 158 1 25603 29484 1380 1921 376 89 2431 228 2963 65 95 81 2999 1324 77 9 31 276 1961 6612 109 1133 690 597 196 3102 38
internal_value=0.0021703 0.0101022 -0.0332058 0.00124359 -0.000457447 -0.00425933 -0.028921 -0.00206587 -2.95704e-05 -0.00118464 -0.00889692 -0.0188642 0.00452357 -0.0225327 -0.0526208 0.00253029 0.0120857 0.00247279 -0.0510472 -0.0235744 0.00301779 0.00135798 -0.0145326 -0.0290685 0.00457143 8.32832e-05 -0.0135083 -0.0413493 0.00496137 0.0032199
internal_weight=10168.5 1062.7 34.4707 9105.76 6319.3 3106.96 252.774 2854.18 110.062 2806.69 902.4 517.586 384.814 126.868 63.7348 277.447 222.782 1904.29 142.712 51.0034 1891.55 1763.44 296.031 196.914 1467.41 1064.29 280.627 140.078 783.664 3212.34
internal_count=86575 1589 159 84986 59383 29861 3399 26462 1469 26086 10217 9717 500 272 207 6754 4323 15869 1930 112 15792 15516 7837 6721 7679 6546 1483 793 5063 29522
is_linear=0
shrinkage=0.03


Tree=174
num_leaves=31
num_cat=0
split_feature=38 5 51 54 21 3 55 55 55 55 55 55 55 55 0 9 13 67 0 57 60 15 4 23 66 57 57 11 0 67
split_gain=54.491 52.1982 46.6275 41.0652 172.911 104.333 89.7979 132.9 120.717 124.99 76.0827 123.952 70.7271 67.9618 64.7978 174.857 63.6889 87.4702 149.756 117.98 74.9619 61.0834 57.7582 65.8687 57.1534 103.447 94.2993 68.9842 98.7628 76.7377
threshold=1.0000000180025095e-35 1.0000000180025095e-35 1.0000000180025095e-35 1.0000000180025095e-35 1.0000000180025095e-35 1.0000000180025095e-35 0.0069782869163078536 0.00027236291111624674 0.003521635503638119 0.0060364811750502406 0.0059228531034993181 0.0046958012892176866 0.00048773207149649275 0.0055922520620867834 7.5500000000000007 1.0000000180025095e-35 1.0000000180025095e-35 1.0000000180025095e-35 5.4500000000000011 1.5000000000000002 3.5000000000000004 1.0000000180025095e-35 1.0000000180025095e-35 1.0000000180025095e-35 1.0000000180025095e-35 1.5000000000000002 1.5000000000000002 1.0000000180025095e-35 8.7500000000000018 1.0000000180025095e-35
decision_type=2 2 2 2 2 2 2 2 2 2 2 2 2 2 2 2 2 2 2 2 2 2 2 2 2 2 2 2 2 2
left_child=1 2 3 12 13 6 7 -6 -9 10 11 -10 -1 -5 15 -8 21 18 22 -19 -20 -15 23 -18 25 -16 27 28 -26 -29
right_child=-2 -3 -4 4 5 -7 14 8 9 -11 -12 -13 -14 16 24 -17 17 19 20 -21 -22 -23 -24 -25 26 -27 -28 29 -30 -31
leaf_value=-0.036268566071610671 -0.045386865290730702 -0.044183083504739706 -0.036295348834288886 -0.041946560578674984 0.041991889952390657 -0.060750924321800667 -0.035138395023373611 -0.045837338458408053 0.0086634430466455171 -0.039249429699506649 0.030702068020385359 -0.043038085050720334 0.0045807275077171241 0.017349640687426397 0.022361494115144792 0.017371667345963293 0.022508524000706284 -0.049378772609171319 -0.042594323231817777 0.025479954323824237 -0.00049513752131298756 -0.034076355258818095 0.022159296454008222 -0.034113479909644466 -0.044691570781135427 0.0033813908649883268 0.009722105383520729 -0.086821147864870815 0.023418212201354274 -0.00029480807890933466
leaf_weight=37.36124933460087 20.035215870826505 20.106140684540151 26.044614390833885 63.791495605721138 45.224119515391067 20.974193098445539 104.27219459871412 75.180400266675861 164.42108008131618 72.617059648197028 73.34218556547421 54.828328029238037 7212.3487278875255 115.45459555445996 601.73190227753366 123.73730801130296 27.357613700194634 23.259687019628473 208.4770317657385 85.858221230941126 46.548235439462587 24.341849434684264 71.306266097672051 52.697186085031717 32.051729318452999 453.16463451762684 315.61616694973782 23.491266106400872 44.624888293561526 14.809744130820034
leaf_count=2720 1090 882 632 6139 527 493 1349 4209 1283 1590 268 1413 51801 944 1526 561 146 348 3451 239 135 281 441 1298 274 1238 557 276 82 25
internal_value=0.00285263 0.00295148 0.00304858 0.0031527 0.000161404 0.0043031 0.00495088 -0.00642701 -0.0114831 -0.00430519 0.00447162 -0.00440241 0.00436524 -0.0126137 0.00817729 -0.00669056 -0.00969862 -0.0145635 -0.0209563 0.00921948 -0.0349422 0.00821674 0.00268275 -0.0147247 0.0104623 0.0142189 0.00124764 -0.0218982 -0.00526131 -0.0542231
internal_weight=10255.1 10235 10214.9 10188.9 2939.18 2220.09 2199.11 485.613 440.389 365.209 292.592 219.249 7249.71 719.092 1713.5 228.01 655.301 515.504 406.386 109.118 255.025 139.796 151.361 80.0548 1485.49 1054.9 430.594 114.978 76.6766 38.301
internal_count=86218 85128 84246 83614 29093 15671 15178 9290 8763 4554 2964 2696 54521 13422 5888 1910 7283 6058 5471 587 3586 1225 1885 1444 3978 2764 1214 657 356 301
is_linear=0
shrinkage=0.03


Tree=175
num_leaves=31
num_cat=0
split_feature=56 56 67 55 55 56 33 0 55 63 0 55 52 0 65 54 71 56 55 11 0 56 57 57 32 65 56 65 56 56
split_gain=85.9213 105.281 134.625 147.254 95.5932 83.5163 76.039 74.9981 89.1546 80.0851 76.5927 70.9106 70.2073 67.1934 64.9591 62.9573 97.5766 83.1386 87.8864 76.6875 61.8931 61.7803 113.127 102.376 77.9887 164.014 75.5226 78.3571 69.9214 83.9438
threshold=0.0070793993871210567 0.0064957980922481463 1.0000000180025095e-35 0.06386747763884322 0.0066746296630805562 0.0064496039836892472 1.0000000180025095e-35 7.6500000000000012 0.0014676911939505613 1.0000000180025095e-35 9.7000000000000011 0.026136412670283479 1.0000000180025095e-35 4.3500000000000005 265.50000000000006 1.0000000180025095e-35 1.0000000180025095e-35 0.0045541502434662514 0.0090829550563634089 1.0000000180025095e-35 7.5500000000000007 0.0039470903806293018 3.5000000000000004 3.5000000000000004 1.0000000180025095e-35 184.50000000000003 0.005055418790465083 213.50000000000003 0.0033897661317019196 0.0029752212764485838
decision_type=2 2 2 2 2 2 2 2 2 2 2 2 2 2 2 2 2 2 2 2 2 2 2 2 2 2 2 2 2 2
left_child=1 5 3 -3 14 6 7 8 -1 21 -11 -6 13 -2 -4 19 17 20 -19 -10 -17 22 28 26 25 -25 -23 -28 29 -9
right_child=12 2 4 -5 11 -7 -8 9 15 10 -12 -13 -14 -15 -16 16 -18 18 -20 -21 -22 23 -24 24 -26 -27 27 -29 -30 -31
leaf_value=-0.037811286122929305 -0.022659739469119772 -0.032386609310943448 -0.042764767581207237 0.018661560297351335 -0.051830766166019088 0.022786334185853161 -0.039390018511497087 -0.0018216146937642238 -0.019818694481784714 -0.0080526063375102042 0.016433085518299952 0.0098917268398524185 -0.068741577126622794 0.0044295867016836193 0.023274847156462795 -0.034711606504311827 -0.081054586934587114 0.026899705055998164 -0.037052381481678873 0.014640939660027092 0.030202372176277074 -0.038637995909343414 -0.046845218325924594 0.020174380096174935 0.032644464121202449 -0.042538882607573589 -0.035394227071860795 -0.0051331758439147725 0.011748580275128906 -0.04342563378170089
leaf_weight=38.663531903599505 82.58695923697087 317.18806264096929 13.819136873236856 59.850794931873679 37.480826689163223 141.4512793343456 44.044242731673876 451.83306415310653 62.193540033360478 183.26355304196477 305.38338930718601 29.180633187992498 10.949736564420162 5959.7042973665812 147.45237083459506 71.931366163349594 13.571816624142228 101.46749915953842 22.921463935112115 742.45639451972966 15.332897610263897 141.20477435324574 45.327295563532971 85.80407669628039 62.290281602181494 65.160602985881269 103.60943096119445 293.60524027259089 341.53739053220488 47.327592020737939
leaf_count=5657 1141 10148 197 59 430 976 1083 6228 7428 404 262 44 176 21911 363 6160 95 2867 486 8160 13 3056 783 230 22 654 2198 2870 1469 908
internal_value=0.00166084 -0.00175945 -0.0132745 -0.0242553 0.00491636 0.000304661 -0.000683894 -0.000138139 0.00634233 -0.00339618 0.00725221 -0.0250653 0.00391262 0.00405564 0.0173873 0.00803502 -0.0059648 -0.000791309 0.0149136 0.0119562 -0.0230928 -0.00657586 -0.00120563 -0.0128959 0.00468086 -0.00699623 -0.0198535 -0.0130955 0.00130781 -0.00584521
internal_weight=10038.6 3985.35 604.972 377.039 227.933 3380.38 3238.93 3194.89 1068.54 2126.35 488.647 66.6615 6053.24 6042.29 161.272 1029.87 225.225 211.653 124.389 804.65 87.2643 1637.7 886.025 751.674 213.255 150.965 538.419 397.215 840.698 499.161
internal_count=86478 63250 11241 10207 1034 52009 51033 49950 30866 19084 666 474 23228 23052 560 25209 9621 9526 3353 15588 6173 18418 9388 9030 906 884 8124 5068 8605 7136
is_linear=0
shrinkage=0.03


Tree=176
num_leaves=31
num_cat=0
split_feature=71 55 0 58 65 65 65 57 55 65 57 56 55 57 65 0 0 17 52 56 65 55 54 56 65 55 56 56 56 65
split_gain=105.281 71.1837 81.7938 91.1095 88.1236 73.5137 84.3795 103.068 66.6833 66.3752 61.8763 61.3081 57.8489 84.2083 77.9427 48.5653 47.4042 102.318 94.724 89.454 107.782 95.9162 84.8612 82.6587 74.1176 68.5429 50.465 115.757 66.2689 52.404
threshold=1.0000000180025095e-35 0.0034659485706130546 8.7500000000000018 1.5000000000000002 431.50000000000006 146.50000000000003 225.50000000000003 2.5000000000000004 0.0022939534990536327 223.50000000000003 1.5000000000000002 0.0033704637159995845 0.0073991022256974679 4.5000000000000009 341.50000000000006 3.8500000000000001 5.5500000000000007 1.0000000180025095e-35 1.0000000180025095e-35 0.0088004231848067046 128.50000000000003 0.0081438441149685719 1.0000000180025095e-35 0.071706371629366064 124.50000000000001 0.034261678046376622 0.0014373729723480054 0.001933288950800299 0.00078054427200581185 182.50000000000003
decision_type=2 2 2 2 2 2 2 2 2 2 2 2 2 2 2 2 2 2 2 2 2 2 2 2 2 2 2 2 2 2
left_child=1 2 3 -1 5 -4 9 -8 -5 10 -7 -9 13 14 -2 -3 17 19 26 21 24 -17 -23 -22 -21 -19 28 -28 -18 -29
right_child=12 15 4 8 -6 6 7 11 -10 -11 -12 -13 -14 -15 -16 16 18 25 -20 20 23 22 -24 -25 -26 -27 27 29 -30 -31
leaf_value=-0.031637973884090259 -0.023573968951015274 -0.041477003297869929 -0.040238003465972186 0.019696870453986319 -0.045182215661708013 -0.033795893972743039 -0.038484834153105205 -0.051591121141493508 -0.06898654952849223 0.053101292313819284 0.019008849296768084 0.017834256949234868 0.017148527593942406 0.016099233357065576 0.0083257611896186412 -0.030534698523477101 -0.029138949554097304 0.021041734793824943 -0.061549845884709846 -0.010368802104903867 -0.045622019134523226 0.028348502729596044 -0.035119886373898693 0.0025169175326729873 0.047119251863149296 -0.065612200793502759 -0.037529538311391712 -0.0036842497365094308 0.031233916714585412 0.0021605589290384897
leaf_weight=205.62769733498862 142.52255629585125 23.166302893325337 31.131824094627518 59.091256936459104 35.889792887959629 22.592200687126024 63.027433666720754 12.028883127961306 7.7528773247031486 42.678264739224687 131.03095742598816 94.640339021920227 534.46955009270459 236.96786837931722 131.89643274899572 38.703404706859146 19.077107439516112 377.93317780761572 21.191726103192195 50.526234313379973 99.705479868571274 160.47666834262782 20.621738468034891 46.977044135332108 32.305801391601562 7.4486329584615296 71.392697692965157 1882.4022011385823 90.937516918871552 5170.5419730649155
leaf_count=19931 746 1046 1407 370 1079 838 1700 203 162 40 653 265 432 203 196 6591 2045 4251 253 133 789 1038 757 58 1 77 1514 13397 322 25962
internal_value=0.00126124 0.000193475 -0.0089399 -0.0217847 -0.000825905 0.00328612 0.00708784 -0.00838086 0.00854575 0.0204348 0.0110749 0.00959884 0.0102561 0.00303319 -0.00826716 0.00098866 0.00111537 0.00788139 0.000336011 -0.00184896 -0.0149169 0.0118022 0.0209682 -0.0302922 0.0123471 0.0192014 0.000525776 0.000212991 0.0205968 0.000600302
internal_weight=9864.76 8818.9 705.492 272.472 433.02 397.13 365.998 169.697 66.8441 196.301 153.623 106.669 1045.86 511.387 274.419 8113.41 8090.24 834.698 7255.54 449.316 229.515 219.802 181.098 146.683 82.832 385.382 7234.35 7124.34 110.015 7052.94
internal_count=86459 84882 26648 20463 6185 5106 3699 2168 532 1531 1491 468 1577 1145 942 58234 57188 13695 43493 9367 981 8386 1795 847 134 4328 43240 40873 2367 39359
is_linear=0
shrinkage=0.03


Tree=177
num_leaves=31
num_cat=0
split_feature=71 59 62 56 55 55 65 26 55 54 65 56 56 0 58 55 55 65 65 20 65 59 54 57 55 65 56 55 72 65
split_gain=81.0218 59.8277 175.731 57.6947 56.7377 87.139 88.3765 77.7884 156.96 72.1621 55.5734 53.1569 75.636 50.2758 49.7157 80.5811 167.614 94.9846 108.662 111.865 94.9555 147.321 234.927 133.048 120.749 191.373 112.666 113.183 108.062 105.475
threshold=1.0000000180025095e-35 1.0000000180025095e-35 1.0000000180025095e-35 0.0013997099996706566 0.0042056916755157572 0.0052393313713162363 233.50000000000003 1.0000000180025095e-35 0.034771930691627664 1.0000000180025095e-35 207.50000000000003 0.0014373729723480054 0.001919494434714227 9.5000000000000018 1.0000000180025095e-35 0.0097125389833710302 0.013203819495353141 138.50000000000003 153.50000000000003 1.0000000180025095e-35 261.50000000000006 1.0000000180025095e-35 1.0000000180025095e-35 3.5000000000000004 0.02035367420542971 1271.5000000000002 0.043552575160501622 0.027768086900342593 1.0000000180025095e-35 601.50000000000011
decision_type=2 2 2 2 2 2 2 2 2 2 2 2 2 2 2 2 2 2 2 2 2 2 2 2 2 2 2 2 2 2
left_child=3 2 13 -1 -5 6 -6 11 -9 -8 -4 -7 -13 -2 15 17 -17 -14 -19 -20 21 22 23 26 25 -22 27 -18 -25 -26
right_child=1 -3 10 4 5 7 9 8 -10 -11 -12 12 14 -15 -16 16 20 18 19 -21 24 -23 -24 28 29 -27 -28 -29 -30 -31
leaf_value=-0.0329539221806745 0.0017943908346657177 0.017640424045741478 -0.063237151099909988 0.0073381727233434012 -0.04465546061778819 0.038677558321375684 -0.00078963669329254157 -0.049263942536852935 0.016293579713237978 -0.044965009918869557 -0.016361214248985626 -0.035509956639002742 -0.037967536975311425 0.021852710374530598 0.0061382884824311987 -0.02753163368960454 -0.052461700078427154 0.026298028007426422 -0.00041862612691714071 0.018701374155941031 -0.051519928342039216 0.0036165960681258549 -0.041656736878792872 -0.058421609166326126 0.0095772858719846733 0.029525595032460647 0.012077832034939532 -0.0045138226327669697 0.01372497776239652 -0.037410917825802706
leaf_weight=42.295431965147145 225.20357618667185 517.10793358203955 31.68850483559072 1389.5907941460318 66.262998681180761 34.163899077102542 257.19167891185498 75.670627862637048 56.853460280690342 37.233716513874242 78.633365052286536 47.83105206140317 43.254150179214776 224.04068127600476 1881.5430443226069 220.42278892890317 54.187016396637773 218.88924933352973 1247.3959896864399 352.41077256214339 75.958577347511891 875.2858842976857 206.63421892083716 66.7403997159563 1239.582281237992 38.974715025862679 319.52524918690324 225.95561613712925 25.34540680795908 43.568708304082975
leaf_count=6830 320 458 388 27569 3150 39 2633 2073 51 1256 315 1459 2544 127 12057 1882 624 811 9515 4470 943 1657 1474 325 2099 34 315 652 19 272
internal_value=0.00251352 0.0102937 0.00348508 0.00159628 0.00176046 0.000754469 -0.0136214 0.00146168 -0.0212281 -0.00650945 -0.0302728 0.00188117 0.00170081 0.0118239 0.00195518 0.000456295 -0.00229613 0.00546933 0.00652269 0.00380224 -0.000534256 -0.00514151 -0.0136689 -0.00526061 0.00531021 -0.0240192 -8.05636e-05 -0.0139418 -0.0386301 0.00795394
internal_weight=10219.4 1076.67 559.566 9142.77 9100.47 7710.88 360.688 7350.19 132.524 294.425 110.322 7217.67 7183.51 449.244 7135.67 5254.13 3392.18 1861.95 1818.7 1599.81 3171.76 1773.67 898.388 691.754 1398.08 114.933 599.668 280.143 92.0858 1283.15
internal_count=86361 1608 1150 84753 77923 50354 7039 43315 2124 3889 703 41191 41152 447 39693 27636 10296 17340 14796 13985 8414 5066 3409 1935 3348 977 1591 1276 344 2371
is_linear=0
shrinkage=0.03


Tree=178
num_leaves=31
num_cat=0
split_feature=29 56 38 71 55 66 56 56 57 65 55 56 65 51 55 55 56 56 55 55 60 65 65 55 62 64 55 65 4 56
split_gain=59.9248 60.0367 58.5114 51.1554 77.7945 61.6289 54.97 105.121 96.2446 81.6426 67.5369 51.4366 51.3682 46.2669 44.9165 97.09 83.7738 44.5605 42.4302 74.1871 104.219 73.6321 160.596 89.3937 87.1888 53.5829 67.4803 41.7842 53.934 165.417
threshold=1.0000000180025095e-35 0.0011161097395399886 1.0000000180025095e-35 1.0000000180025095e-35 0.030522028566488325 1.0000000180025095e-35 0.0093449173492394354 0.0045737869771021837 6.5000000000000009 651.50000000000011 0.0038435313493479849 0.001919494434714227 245.50000000000003 1.0000000180025095e-35 0.0010735629434673237 0.0015803333099937355 0.0068179619555235353 0.0032610673789118349 0.06386747763884322 0.036496636214826468 1.0000000180025095e-35 269.50000000000006 358.50000000000006 0.048763003506173415 1.0000000180025095e-35 1.0000000180025095e-35 0.051588093059875891 751.50000000000011 1.0000000180025095e-35 0.17921699122365412
decision_type=2 2 2 2 2 2 2 2 2 2 2 2 2 2 2 2 2 2 2 2 2 2 2 2 2 2 2 2 2 2
left_child=1 -1 3 11 5 6 7 -5 9 10 -9 12 -3 14 16 -16 17 -13 19 27 -21 23 -23 24 -22 26 -24 28 29 -17
right_child=-2 2 -4 4 -6 -7 -8 8 -10 -11 -12 13 -14 -15 15 18 -18 -19 -20 20 21 22 25 -25 -26 -27 -28 -29 -30 -31
leaf_value=-0.034632276119969156 -0.032094362751604155 0.0032009522776820999 -0.046904701864327866 0.008640395610569257 0.022042496032283823 0.014914829968039348 0.013893780420449805 -0.01029074486352103 0.010267828954989597 0.0091703400539320679 -0.067125555604826304 -0.032374156259258935 -0.036363434029424921 -0.043381058485279574 -0.040875268140506654 0.00010126941483584225 -0.040512178857476787 0.022251223734916822 0.010548543284430525 -0.071639023796844128 -0.072151308487353918 -0.08267354294439315 -0.078533127367593131 0.012965905642680802 0.020397987879254027 0.01964121328445826 -0.0037937844290946618 0.010092744385864546 0.0055560782113861073 -0.13029259694673917
leaf_weight=38.326456684721052 44.631019317152095 55.538969160465058 20.52304688305594 146.45729068107903 292.39776484668255 268.49237633962184 119.62977503240108 25.995568981859833 46.988857115618885 24.015119343996048 71.241466157138348 13.38288933719741 61.717473900964251 19.032350874040276 46.530674053923576 4959.3468038993306 22.142462013071054 237.04549709375715 504.90958883054554 23.405117349000648 23.3550520373974 31.680514232022688 14.344708497053942 169.2338166963309 14.104813881218432 41.810759298503399 37.681927083525807 560.23591849498916 2151.8404792156653 7.771537333726882
leaf_count=5886 2605 1829 942 225 182 296 98 89 45 26 561 882 2951 572 2385 45851 1235 3407 548 189 188 219 108 195 8 32 83 2880 12001 50
internal_value=0.00220873 0.00236426 0.00250935 0.00261554 0.00906612 0.00364384 -0.0033419 -0.00991714 -0.0260275 -0.0400619 -0.0521906 0.00190092 -0.017755 0.0021625 0.00226524 0.00188372 0.0142326 0.0192149 0.00212146 0.00159065 -0.0117859 -0.00736674 -0.0253939 0.00365006 -0.0376793 -0.00538779 -0.0254932 0.00221156 0.00159001 -0.000128929
internal_weight=10093.8 10049.2 10010.9 9990.33 995.218 702.82 434.328 314.698 168.241 121.252 97.237 8995.11 117.256 8877.85 8858.82 8586.25 272.571 250.428 8539.72 8034.81 355.617 332.212 125.518 206.694 37.4599 93.8374 52.0266 7679.19 7118.96 4967.12
internal_count=86568 83963 78077 77135 1522 1340 1044 946 721 676 650 75613 4780 70833 70261 64737 5524 4289 62352 61804 1022 833 442 391 196 223 191 60782 57902 45901
is_linear=0
shrinkage=0.03


Tree=179
num_leaves=31
num_cat=0
split_feature=56 4 65 0 11 38 5 56 56 65 56 11 63 56 0 56 56 62 0 67 0 65 56 44 41 56 65 56 0 56
split_gain=58.9727 43.8121 85.1617 193.756 83.8657 43.779 42.0176 38.6254 55.8183 55.5241 46.2417 45.3616 41.327 124.499 85.7807 135.838 64.8472 51.5147 130.139 107.841 100.702 96.8671 69.0086 58.0455 52.654 52.238 71.0262 89.1888 59.3177 53.249
threshold=0.17581565966311982 1.0000000180025095e-35 94.500000000000014 6.4500000000000011 1.0000000180025095e-35 1.0000000180025095e-35 1.0000000180025095e-35 0.00078054427200581185 0.0016370956852815514 425.50000000000006 0.001919494434714227 1.0000000180025095e-35 1.0000000180025095e-35 0.0074326147304572326 9.7000000000000011 0.0068988356286288468 0.0068179619555235353 1.0000000180025095e-35 8.4500000000000011 1.0000000180025095e-35 6.9500000000000011 348.50000000000006 0.08814850758398339 1.0000000180025095e-35 1.0000000180025095e-35 0.0042056916755157572 124.50000000000001 0.022911396799314965 9.5000000000000018 0.034661218704314191
decision_type=2 2 2 2 2 2 2 2 2 2 2 2 2 2 2 2 2 2 2 2 2 2 2 2 2 2 2 2 2 2
left_child=5 2 3 -2 -5 6 7 -1 9 11 -10 -9 17 14 15 16 -14 23 20 22 -19 -21 25 -12 -22 28 29 -28 -20 -27
right_child=1 -3 -4 4 -6 -7 -8 8 10 -11 12 -13 13 -15 -16 -17 -18 18 19 21 24 -23 -24 -25 -26 26 27 -29 -30 -31
leaf_value=-0.033662039252905347 0.027111803875197682 0.021859316541473266 0.023555787905814123 -0.020280246559399227 -0.13751564346373626 -0.042635808330316612 -0.041942923422972886 -0.0083246479131390688 -0.024666141825791795 -0.034203686886469659 0.0025093904290103119 0.029972876762201565 -0.0042117030867257757 0.019479956798966889 0.010353117642019828 -0.037974149462132102 0.03158108786446915 -0.022658342540163391 0.012899604600650373 -0.054824999806634543 0.0086931358830808735 0.022387677950125855 0.025841240552943054 -0.044805358999573247 0.046696428467853893 -0.037123611991061248 -0.038286525177308822 -0.11535631565491505 -0.04094581414012332 0.029216786078991086
leaf_weight=25.642048771420377 24.9014234803617 240.45223403349519 55.732601316645741 9.5297013148665428 13.37700580060482 18.532075006209197 18.261042348691262 33.705350235337391 56.395550735440338 15.833533091456045 7036.139857345639 149.18035366709228 368.9398215393303 480.15403403318487 455.43394897691905 103.86107529280707 50.953454895992763 90.834915718864067 46.97175367816817 16.614244205877185 344.90915525372839 85.62975967861712 20.961900152266026 22.415660609607585 35.378950026468374 19.241296055377461 168.50910408291384 14.082906523719428 28.939451567537617 22.570566542446613
leaf_count=4259 7 123 26 20 87 1092 907 1346 2412 1151 51368 1411 1240 345 523 594 36 7299 505 113 5081 84 8 501 56 990 3898 88 921 7
internal_value=0.00266845 0.0148582 -0.00145391 -0.0304944 -0.0916315 0.00223601 0.00232602 0.00241374 0.00251289 0.0182089 0.0021816 0.0229079 0.00234507 0.006984 0.000842873 -0.00743079 0.000196415 0.00149309 -0.00528496 -0.0173335 0.00555994 0.00943143 -0.025854 0.00235281 0.0123419 -0.0295361 -0.0367899 -0.0448267 -0.00789324 -0.00146627
internal_weight=10074.1 343.993 103.541 47.8081 22.9067 9730.09 9711.56 9693.3 9667.66 198.719 9468.94 182.886 9412.54 1459.34 979.188 523.754 419.893 7953.2 894.644 423.521 471.123 102.244 321.277 7058.56 380.288 300.315 224.404 182.592 75.9112 41.8119
internal_count=86498 263 140 114 107 86235 85143 84236 79977 3908 76069 2757 73657 2738 2393 1870 1276 70919 19050 6614 12436 197 6417 51869 5137 6409 4983 3986 1426 997
is_linear=0
shrinkage=0.03


Tree=180
num_leaves=31
num_cat=0
split_feature=35 65 38 58 49 64 62 58 41 55 55 57 50 56 0 65 65 65 55 55 55 63 71 56 56 55 56 0 0 56
split_gain=61.9607 195.846 51.5175 51.0462 90.5889 88.0352 83.1743 108.934 98.0002 133.542 122.429 162.586 93.1938 79.7803 73.7008 62.7197 142.016 135.079 99.115 90.2554 81.1203 111.482 120.481 131.533 80.0401 70.076 129.44 117.174 67.9893 65.5125
threshold=1.0000000180025095e-35 780.50000000000011 1.0000000180025095e-35 1.0000000180025095e-35 1.0000000180025095e-35 1.0000000180025095e-35 1.0000000180025095e-35 2.5000000000000004 1.0000000180025095e-35 0.0046575976997566331 0.01036690078692047 2.5000000000000004 1.0000000180025095e-35 0.0040436066657152303 9.7000000000000011 448.50000000000006 555.50000000000011 401.50000000000006 0.0055922520620867834 0.004654583246142454 0.0015954949508172561 1.0000000180025095e-35 1.0000000180025095e-35 0.12145281554420055 0.016506303196287413 0.011945845925157792 0.044512489803421006 8.5500000000000025 4.2500000000000009 0.0038125144263475201
decision_type=2 2 2 2 2 2 2 2 2 2 2 2 2 2 2 2 2 2 2 2 2 2 2 2 2 2 2 2 2 2
left_child=2 -2 3 5 6 15 -5 8 9 13 12 -12 -11 14 -8 17 -17 20 -18 -19 29 -22 23 24 -23 26 -20 28 -27 -1
right_child=1 -3 -4 4 -6 -7 7 -9 -10 10 11 -13 -14 -15 -16 16 18 19 25 -21 21 22 -24 -25 -26 27 -28 -29 -30 -31
leaf_value=-0.015037573964175989 -0.057319192463126965 0.029607198128541113 -0.044846174880436178 0.010493018682851039 -0.060361316494077312 -0.024948776969012092 -0.049906878453529979 0.017508284317381006 0.041961832261855778 -0.044198859597898467 -0.04736268515608557 0.0099707757814452187 0.020209215258509036 0.017017825147494572 0.0060420144526229748 -0.029970341470260904 -0.037269535579033043 -0.040074513904845281 0.014118426852165473 0.023629009352608654 0.0026836198368103115 -0.051015248528406783 0.011447905988184978 0.020196492324261402 -0.13833946231556912 0.023792976380729702 -0.081152097765172973 0.0085075539714053149 -0.046795983581529636 0.023939968190725469
leaf_weight=45.073588275408838 53.739646129397443 39.814787166542374 18.406540129093628 2386.8071326213685 16.842341902491171 101.86778794691782 34.878778412312386 247.57027220909367 36.527301386289764 166.78892199529218 58.097486975922948 179.49311797646806 22.402659118175507 218.64092901913682 51.301370337198023 159.49137849455292 54.576383409381378 20.180381610844051 431.73402267272468 400.7732721544744 5049.3168454009865 46.664871688379208 47.572955908253789 18.392407897859812 11.800816749455405 13.98642076802207 12.242181956302373 134.01237540855072 75.52807232493069 253.99813434711541
leaf_count=3704 1329 66 1121 11786 223 1780 2761 380 82 6706 459 256 98 2421 626 3448 2367 935 3042 1270 35139 451 49 10 80 31 75 262 1075 4446
internal_value=0.00377465 -0.0204033 0.0039959 0.00408755 0.00708284 0.00259748 0.00743433 0.000243418 -0.00533662 -0.00775218 -0.0185667 -0.00418859 -0.036506 0.00740047 -0.0169143 0.00301526 -0.00444429 0.00413161 0.0012275 0.0204873 0.00287006 0.00199012 -0.0259487 -0.0489459 -0.0706709 0.00442613 0.011315 -0.00924615 -0.0356256 0.0180351
internal_weight=10408.5 93.5544 10315 10296.6 3419.35 6877.21 3402.51 1015.7 768.131 731.603 426.782 237.591 189.192 304.821 86.1801 6775.34 881.571 5893.77 722.079 420.954 5472.82 5173.75 124.431 76.8581 58.4657 667.503 443.976 223.527 89.5145 299.072
internal_count=86478 1395 85083 83962 25798 58164 25575 13789 13409 13327 7519 715 6804 5808 3387 56384 10300 46084 6852 2205 43879 35729 590 541 531 4485 3117 1368 1106 8150
is_linear=0
shrinkage=0.03


Tree=181
num_leaves=31
num_cat=0
split_feature=27 56 56 34 38 51 56 65 65 57 65 0 20 65 65 28 65 65 59 17 60 56 56 56 60 56 54 65 25 36
split_gain=66.4286 174.217 65.0976 45.7678 42.0325 41.4653 40.3959 60.938 43.1395 39.833 49.1398 85.8577 39.4463 81.8175 157.416 108.088 77.1154 101.801 94.3478 154.726 86.5312 117.18 82.0685 148.593 167.435 99.4103 103.223 161.278 118.22 105.287
threshold=1.0000000180025095e-35 0.044512489803421006 0.17581565966311982 1.0000000180025095e-35 1.0000000180025095e-35 1.0000000180025095e-35 0.0061184105244905104 368.50000000000006 215.50000000000003 1.5000000000000002 68.500000000000014 6.4500000000000011 1.0000000180025095e-35 55.500000000000007 118.50000000000001 1.0000000180025095e-35 257.50000000000006 247.50000000000003 1.0000000180025095e-35 1.0000000180025095e-35 1.5000000000000002 0.095310720481565928 0.027940916386617273 0.048022201973341977 1.0000000180025095e-35 0.023561139330300889 1.0000000180025095e-35 148.50000000000003 1.0000000180025095e-35 1.0000000180025095e-35
decision_type=2 2 2 2 2 2 2 2 2 2 2 2 2 2 2 2 2 2 2 2 2 2 2 2 2 2 2 2 2 2
left_child=2 -2 3 4 5 12 8 -8 -5 10 11 -4 16 -14 -15 -16 17 18 19 22 21 -18 25 24 -24 26 28 -28 29 -1
right_child=1 -3 9 6 -6 -7 7 -9 -10 -11 -12 -13 13 14 15 -17 20 -19 -20 -21 -22 -23 23 -25 -26 -27 27 -29 -30 -31
leaf_value=0.0045941780482010777 -0.045373954962854582 0.015830598296506151 0.02286757287959661 0.019428828497614795 -0.04466824929519126 -0.035251107163145126 -0.066948479712781894 0.00025223116962547432 -0.03724062246267347 0.027742199976149896 0.017727105061889053 -0.044698094200700075 0.029678807182184991 -0.048586365779114758 0.0078797684507381505 -0.042006976775707687 0.0027401743462154471 -0.026572082130474753 0.0065737328075527101 -0.044608867502593401 0.012947748387710178 -0.092284652995505673 0.004075713305151594 0.0019784482029248244 -0.050602081073646166 0.012987936272536676 0.0032956248737033714 -0.04617975914483706 -0.035888665932823846 -0.052746826068913323
leaf_weight=1026.7048087572184 86.766119891879498 79.274615172296762 30.3260716535151 35.46575939275499 15.901520669729505 24.862512621548376 26.393903598829638 21.80311045475537 17.086301597621059 143.10198358260095 127.28427512571216 36.022739462554455 129.75337048342044 46.891537331233849 1546.2504442365607 39.120217222880456 3130.8276525533729 136.66745331767015 1198.6952435709245 79.585790048338822 896.98720824869815 10.723772889003156 77.47196925804019 261.97682906128466 142.52030635438859 441.16659864597023 118.70372447744012 117.24056564319471 74.420347781444434 28.653788630472263
leaf_count=12787 3120 78 13 395 1098 628 426 116 475 53 78 102 244 1874 19223 1093 23618 1491 6418 2757 2604 54 171 346 494 430 1538 2503 1449 627
internal_value=0.00253091 -0.0162326 0.00284459 0.00239103 0.00260412 0.00268768 -0.0176246 -0.0371614 0.000652484 0.0157914 0.00686222 -0.0139348 0.00279063 0.00684076 0.00500824 0.00662307 0.00186813 -0.00125815 -0.000281123 -0.00375175 0.00473488 0.00238654 -0.00231225 -0.0132976 -0.0314156 0.000623705 -0.00337687 -0.0213798 0.000398469 0.00298887
internal_weight=10148.7 166.041 9982.61 9645.87 9545.13 9529.22 100.749 48.197 52.5521 336.735 193.633 66.3488 9504.36 1762.02 1632.26 1585.37 7742.35 3703.81 3567.14 2368.44 4038.54 3141.55 2288.86 481.969 219.992 1806.89 1365.72 235.944 1129.78 1055.36
internal_count=86303 3198 83105 82859 81447 80349 1412 542 870 246 193 115 79721 22434 22190 20316 57287 31011 29520 23102 26276 23672 20345 1011 665 19334 18904 4041 14863 13414
is_linear=0
shrinkage=0.03


Tree=182
num_leaves=31
num_cat=0
split_feature=24 57 72 57 56 57 60 56 56 56 65 65 60 65 56 56 57 9 4 27 9 57 32 0 65 57 65 65 56 60
split_gain=124.41 72.1964 54.9483 55.3221 59.3355 61.1273 52.9826 185.273 48.4477 97.6294 65.4646 48.1186 44.9041 317.701 142.918 64.8863 93.9351 41.5923 39.7145 120.139 121.784 149.481 120.663 119.132 104.277 221.689 97.3794 87.6841 152.656 83.9495
threshold=1.0000000180025095e-35 8.5000000000000018 1.0000000180025095e-35 11.500000000000002 0.0053150667800788689 13.500000000000002 1.0000000180025095e-35 0.0069318971412261092 0.19223587426221075 0.054446249970382408 288.50000000000006 413.50000000000006 3.5000000000000004 290.50000000000006 0.071706371629366064 0.036580011770314246 9.5000000000000018 1.0000000180025095e-35 1.0000000180025095e-35 1.0000000180025095e-35 1.0000000180025095e-35 1.5000000000000002 1.0000000180025095e-35 5.2500000000000009 361.50000000000006 1.5000000000000002 65.500000000000014 99.500000000000014 0.13862626742538772 1.5000000000000002
decision_type=2 2 2 2 2 2 2 2 2 2 2 2 2 2 2 2 2 2 2 2 2 2 2 2 2 2 2 2 2 2
left_child=2 8 3 12 -5 -6 7 -4 9 10 -2 -12 18 14 17 16 -15 -14 19 20 23 22 -22 -1 -20 -26 -25 28 29 -28
right_child=1 -3 6 4 5 -7 -8 -9 -10 -11 11 -13 13 15 -16 -17 -18 -19 24 -21 21 -23 -24 26 25 -27 27 -29 -30 -31
leaf_value=-0.040080281996125115 -0.046506170731359701 0.023538053006492518 0.01295029934858005 -0.056653402846160002 -0.053125708407948481 0.0032925999709287291 0.018831499318804016 -0.066564238240662113 0.021033931756950331 -0.09682366782534009 0.0053361041624184887 -0.043725097030065933 -0.080139433980626895 -0.052055610034438961 0.0099809890699902298 0.020339319519699202 0.030576948470871963 -0.022225520687671745 0.0093470795911211914 -0.047853608772900263 -0.041669876158721107 -0.00037524325704230388 0.0076834053366833278 0.020169986418692602 -0.044703471051544791 0.0072708287438863553 -0.035114911099932485 0.0042786391763458458 -0.16615379256873744 0.017696242088651844
leaf_weight=52.964142412616638 62.743103963162866 29.784019212238491 151.31529732607305 24.962715691028279 19.914273629838135 99.006995321833529 381.28513540897984 30.896033721743152 17.166553057730198 17.190666452050209 70.91135083057452 23.031752821218106 65.453120486752596 29.007300133846002 26.434513576328754 182.84568611904979 20.216638307087123 14.554320252966134 2087.6574472477514 41.68191795234452 167.26398523742682 643.58596567809582 60.278003326617181 343.06885144907574 104.5025579068315 245.54749580982752 65.658070942212362 5043.9905225345647 5.2671576440334311 44.827193629986141
leaf_count=2963 7950 48 249 499 149 248 337 194 8 94 1978 1742 461 273 24 103 14 61 14786 1357 4900 6096 241 816 2430 2631 1918 33972 42 107
internal_value=0.00289993 -0.0193217 0.00339489 0.00284797 -0.0155482 -0.0065193 0.0124862 -0.000822037 -0.0260914 -0.0308377 -0.02303 -0.00702594 0.00313594 -0.00757384 -0.0502354 0.0121251 -0.0181847 -0.0700086 0.0035438 0.00231337 0.00264612 -0.00777706 -0.0286193 0.00428155 0.00680652 -0.00832852 0.00471574 0.00368448 -0.0220213 -0.0137213
internal_weight=10173 220.827 9952.19 9388.69 143.884 118.921 563.496 182.211 191.043 173.877 156.686 93.9431 9244.8 338.512 106.442 232.07 49.2239 80.0074 8906.29 6468.59 6426.9 871.128 227.542 5555.78 2437.71 350.05 5502.81 5159.74 115.752 110.485
internal_count=86691 11820 74871 74091 896 397 780 443 11772 11764 11670 3720 73195 936 546 390 287 522 72259 52412 51055 11237 5141 39818 19847 5061 36855 36039 2067 2025
is_linear=0
shrinkage=0.03


Tree=183
num_leaves=31
num_cat=0
split_feature=56 48 56 65 56 65 20 65 65 9 65 40 65 57 56 47 56 72 71 57 65 53 2 65 65 65 56 56 56 72
split_gain=59.6561 69.9358 129.766 61.9421 80.5667 183.68 83.3365 60.7964 106.497 56.4335 146.726 96.7886 82.8442 87.2091 125.261 81.62 79.1595 68.3706 61.491 68.6881 76.7739 67.8381 66.4397 97.254 117.179 96.433 81.1634 125.7 100.831 130.266
threshold=0.068359195701562556 1.0000000180025095e-35 0.0048523279988582765 319.50000000000006 0.079010979990600375 219.50000000000003 1.0000000180025095e-35 153.50000000000003 55.500000000000007 1.0000000180025095e-35 245.50000000000003 1.0000000180025095e-35 373.50000000000006 2.5000000000000004 0.048022201973341977 1.0000000180025095e-35 0.056450161136221477 1.0000000180025095e-35 1.0000000180025095e-35 10.500000000000002 201.50000000000003 1.0000000180025095e-35 1.0000000180025095e-35 65.500000000000014 99.500000000000014 102.50000000000001 0.005515730662274068 0.0055721364692771459 0.0037325599991217509 1.0000000180025095e-35
decision_type=2 2 2 2 2 2 2 2 2 2 2 2 2 2 2 2 2 2 2 2 2 2 2 2 2 2 2 2 2 2
left_child=1 9 -3 4 5 -2 -6 8 -8 15 11 16 -12 14 -14 18 17 -11 19 21 -21 22 -1 -24 -25 -26 28 -28 -27 -30
right_child=3 2 -4 -5 6 -7 7 -9 -10 10 12 -13 13 -15 -16 -17 -18 -19 -20 20 -22 -23 23 24 25 26 27 -29 29 -31
leaf_value=-0.0071658038817922747 -0.086804563463443826 -0.060943865676407673 0.020395917565510745 0.019544032988104195 0.012280749670732062 0.0019600332802731206 -0.0021653011095966223 -0.00086106554741288851 -0.11260592373522245 -0.019971468758972922 0.0073780411987127287 0.033073486441296797 -0.036168206300807124 0.0036030382883352665 0.01827749187952735 0.018699518280779051 -0.10650063979624065 0.010905455567012437 0.010061576517567625 -9.2295218809265963e-05 -0.059414263611609341 0.022525215350485454 0.021247208570534887 -0.036294317824172431 0.036522964419750198 0.00067200736764924066 0.042087082159868366 0.0019405753816217578 -0.0292688185074487 0.023356354633596109
leaf_weight=931.57380266519613 26.584478653967381 17.877427842002362 279.58926147851162 320.73562366701663 558.76085259579122 87.466749342158437 17.457877852022651 60.821233173832297 13.350780360400675 568.69001150399708 871.53949348993774 34.669371918484103 154.47993345746363 244.91714197384135 49.653544440865517 249.38209830518463 7.9541733004152766 72.150866491196211 636.02112752664834 42.418187318078708 35.560946503392188 123.39481397796771 215.59564514707017 74.935879988974193 67.840824290426099 496.72938897695713 70.759472157602431 3220.7838883828663 266.62739960539329 49.512279290123843
leaf_count=11470 133 208 481 208 488 107 26 80 77 11988 7418 79 4372 2255 36 498 50 156 1001 244 542 319 885 2690 303 9430 227 23473 7088 61
internal_value=0.001867 0.00104661 0.0153197 0.00849958 0.0038462 -0.019305 0.00792934 -0.0184517 -0.0520597 0.000544486 -0.00385408 -0.0151267 0.00198705 -0.00846918 -0.0229003 0.00190497 -0.0177493 -0.0164835 0.00122999 0.000224559 -0.0275547 0.000622069 0.000116957 0.00163845 0.000638299 0.00131017 0.000719388 0.00281614 -0.007764 -0.0209793
internal_weight=9867.83 8782.66 297.467 1085.18 764.442 114.051 650.391 91.6299 30.8087 8485.19 2004.05 683.464 1320.59 449.051 204.133 6481.14 648.795 640.841 6231.75 5595.73 77.9791 5517.75 5394.36 4462.78 4247.19 4172.25 4104.41 3291.54 812.869 316.14
internal_count=86393 85274 689 1119 911 240 671 183 103 84585 26354 12273 14081 6663 4408 58231 12194 12144 57733 56732 786 55946 55627 44157 43272 40582 40279 23700 16579 7149
is_linear=0
shrinkage=0.03


Tree=184
num_leaves=31
num_cat=0
split_feature=5 38 27 60 56 56 71 59 62 58 56 0 8 56 57 0 51 30 65 65 4 66 66 2 60 56 56 65 65 65
split_gain=49.0525 45.1873 45.0918 147.664 47.3049 44.8589 42.0095 63.1532 137.533 69.4035 40.8314 40.0789 46.7921 55.1266 42.7954 95.8079 38.9423 37.7452 33.112 87.4118 157.752 115.25 75.2566 94.1631 80.6934 74.0056 66.9455 63.7428 72.0478 141.129
threshold=1.0000000180025095e-35 1.0000000180025095e-35 1.0000000180025095e-35 2.5000000000000004 0.0088004231848067046 0.18748543530795345 1.0000000180025095e-35 1.0000000180025095e-35 1.0000000180025095e-35 2.5000000000000004 0.0045489227543033953 9.5000000000000018 1.0000000180025095e-35 0.0017048308694175573 2.5000000000000004 5.8500000000000005 1.0000000180025095e-35 1.0000000180025095e-35 65.500000000000014 99.500000000000014 1.0000000180025095e-35 1.0000000180025095e-35 1.0000000180025095e-35 1.0000000180025095e-35 1.0000000180025095e-35 0.02161452528237261 0.08814850758398339 102.50000000000001 138.50000000000003 130.50000000000003
decision_type=2 2 2 2 2 2 2 2 2 2 2 2 2 2 2 2 2 2 2 2 2 2 2 2 2 2 2 2 2 2
left_child=1 2 6 5 -5 -4 16 8 11 17 -9 12 13 -8 15 -15 18 -10 22 20 21 -20 24 -24 -1 -22 -23 -21 29 -29
right_child=-2 -3 3 4 -6 -7 7 10 9 -11 -12 -13 -14 14 -16 -17 -18 -19 19 27 25 26 23 -25 -26 -27 -28 28 -30 -31
leaf_value=-0.045502799122442192 -0.044159362202571786 -0.044211034577136855 -0.046094239803804969 0.04350390474917825 -0.0033199938715125113 0.023661442724222895 0.024726856728853951 -0.0033073612759337949 -0.056552695789797019 0.0040079072266131117 0.020966590073788528 0.019374527645259026 0.010018756668151933 0.0058776053609046154 -0.011731761703202968 -0.12199814424745031 -0.041871589082549558 0.0071339728325806699 -0.026496928497255382 0.030858047017648438 -0.042191443620832013 -0.053512170366998985 -0.042211875934781949 0.0069369089585367052 0.017774440297034746 0.017184325247617205 -0.17156233482046421 -0.0029682159625758512 0.003097926576686158 -0.057994083378760504
leaf_weight=17.946760451100999 18.947951694295625 17.267123269659351 78.786348116482259 34.047606165986508 43.252271886914968 8.647002235054968 17.501237763091922 73.774821815080941 56.072244936134666 36.620090970769525 393.67151830531657 197.21170550817624 149.29326822329313 8.9792925789952296 28.788799523375928 11.47895156405866 16.666185859896359 9.5707824043929559 100.79575521224615 71.011973268541624 21.703996280615684 11.763573707270554 49.815130808361573 112.61608934687683 458.31873176983208 112.07189305871725 7.4515731409192076 278.9171109359304 7589.3006484106299 48.401956845613313
leaf_count=827 919 1091 3017 29 97 3 10 136 613 53 295 137 168 16 53 73 602 20 3329 443 672 219 319 262 934 84 58 5699 64483 1885
internal_value=0.00284249 0.00293538 0.00302082 -0.0124998 0.0175963 -0.039006 0.00328085 0.00916342 0.00191448 -0.0290656 0.0171367 0.00963241 0.000691109 -0.0200116 -0.0360863 -0.0682141 0.00262996 -0.0472994 0.00271818 0.00220753 -0.0150915 -0.0399158 0.00929369 -0.00830232 0.0152997 0.00730954 -0.105514 0.00275898 0.00250307 -0.011257
internal_weight=10080.7 10061.7 10044.5 164.733 77.2999 87.4334 9879.74 982.963 515.516 102.263 467.446 413.253 216.042 66.7483 49.247 20.4582 8896.78 65.643 8880.12 8241.42 253.787 120.011 638.697 162.431 476.265 133.776 19.2151 7987.63 7916.62 327.319
internal_count=86546 85627 84536 3146 126 3020 81390 1574 1143 686 431 457 320 152 142 89 79816 633 79214 76872 4362 3606 2342 581 1761 756 277 72510 72067 7584
is_linear=0
shrinkage=0.03


Tree=185
num_leaves=31
num_cat=0
split_feature=0 32 2 56 65 56 56 57 55 55 55 56 55 62 57 8 55 56 55 63 71 55 23 0 55 0 56 61 58 55
split_gain=53.1744 46.116 150.329 73.656 58.2517 117.719 115.985 80.9438 113.494 44.6698 55.7682 139.275 82.919 78.6803 148.228 115.841 81.701 73.5106 72.8058 68.0831 68.0035 78.5172 125.917 178.332 119.6 164.429 264.606 106.929 91.5564 84.0171
threshold=3.8500000000000001 1.0000000180025095e-35 1.0000000180025095e-35 0.0013997099996706566 198.50000000000003 0.0016476714740374251 0.0053657610444891026 2.5000000000000004 0.029049548550006982 0.0011415177090412735 0.0021089081406406199 0.032660197162707801 0.0022939534990536327 1.0000000180025095e-35 2.5000000000000004 1.0000000180025095e-35 0.0026188835409294369 0.0029752212764485838 0.038618714460970337 1.0000000180025095e-35 1.0000000180025095e-35 0.013997073386456787 1.0000000180025095e-35 7.5500000000000007 0.02035367420542971 6.7500000000000009 0.047574675621158906 1.0000000180025095e-35 1.0000000180025095e-35 0.0073991022256974679
decision_type=2 2 2 2 2 2 2 2 2 2 2 2 2 2 2 2 2 2 2 2 2 2 2 2 2 2 2 2 2 2
left_child=-1 3 -3 -2 -4 -6 -7 8 -8 -5 11 -11 -12 16 19 17 -14 -16 -17 -15 21 22 27 -24 25 -23 28 29 -27 -18
right_child=1 2 4 9 5 6 7 -9 -10 10 12 -13 13 14 15 18 20 -19 -20 -21 -22 24 23 -25 -26 26 -28 -29 -30 -31
leaf_value=-0.04054394372832492 -0.035829956588971638 -0.046906314241734082 0.021259293252424177 0.013639732859504202 0.037324233464617974 -0.049065031360364726 -0.047604511921962127 0.017015402362665286 0.016118029024397393 -0.028053695998436792 0.02844455903644242 0.032952081356135775 -0.042787653933912644 -0.037226986131053637 0.028072630908238673 0.0073462223942623427 0.0056701523168165265 -0.033858371217000388 -0.057979847828611208 0.0095515166933401122 0.01317311451883443 0.0090259043688218996 0.01866336384193204 -0.035554702574612441 0.00020135818856836281 -0.047742012747061378 -0.1813626451982368 -0.064912136905991499 0.0074866235569952238 -0.0056863682357167055
leaf_weight=25.003039910952793 45.536088668632146 39.384684914490208 355.06912709446624 286.81470614236605 76.123194189276546 43.282845702953637 52.158014504238963 155.24845572561026 47.023306651040912 148.4869198128581 104.29534541723842 42.567253559827805 34.421968236973044 166.33525196969276 19.40079302637605 567.0505075368128 2103.9572421659541 117.79316776411724 14.788772723637519 33.199446898244787 535.68109045038 89.009152539249044 809.68524673359934 57.629666799446568 2920.5842666484532 84.457721650600433 10.492651149630545 20.327870936191175 39.145364124327898 811.74249116878491
leaf_count=1629 6729 377 513 6200 42 341 452 181 39 8066 1075 13 1977 10098 62 4583 14179 1931 68 104 517 680 14361 623 6608 835 85 275 61 3723
internal_value=0.00230237 0.00241545 0.00946772 0.00181666 0.0125738 0.0042897 -0.00425368 0.00353173 -0.0175334 0.00201071 0.00162718 -0.0143607 0.00198649 0.00165604 -0.00662765 -0.000266438 0.00266903 -0.0249609 0.00558918 -0.029435 0.00288383 0.00208865 0.00498772 0.015024 -0.00141922 -0.0225399 -0.0434041 0.00201886 -0.0303313 0.00250759
internal_weight=9856.7 9831.69 768.29 9063.4 728.905 373.836 297.713 254.43 99.1813 9017.87 8731.05 191.054 8540 8435.7 918.568 719.033 7517.13 137.194 581.839 199.535 7482.71 6947.03 3803.34 867.315 3143.69 223.105 134.096 2936.03 123.603 2915.7
internal_count=86427 84798 1945 82853 1568 1055 1013 672 491 76124 69924 8079 61845 60770 16846 6644 43924 1993 4651 10202 41947 41430 33161 14984 8269 1661 981 18177 896 17902
is_linear=0
shrinkage=0.03


Tree=186
num_leaves=31
num_cat=0
split_feature=56 0 28 65 56 71 57 30 56 56 65 56 58 56 5 65 65 63 13 15 11 67 6 57 71 65 56 56 58 65
split_gain=58.3121 47.6686 64.9608 134.028 97.7076 76.2127 43.4534 41.922 46.5265 65.8422 48.1681 44.4189 131.933 48.8191 40.8746 38.2004 86.1064 128.539 64.7294 55.6646 122.282 56.1568 118.641 45.7908 44.8791 41.5687 40.3908 40.5399 39.7095 37.8702
threshold=0.17581565966311982 9.8500000000000032 1.0000000180025095e-35 186.50000000000003 0.023561139330300889 1.0000000180025095e-35 1.5000000000000002 1.0000000180025095e-35 0.0054756753681658452 0.0062335325816534918 235.50000000000003 0.049807384346336886 1.5000000000000002 0.0062989368783132943 1.0000000180025095e-35 751.50000000000011 584.50000000000011 1.0000000180025095e-35 1.0000000180025095e-35 1.0000000180025095e-35 1.0000000180025095e-35 1.0000000180025095e-35 1.0000000180025095e-35 1.5000000000000002 1.0000000180025095e-35 580.50000000000011 0.012841886520352541 0.018723845800721603 1.0000000180025095e-35 697.50000000000011
decision_type=2 2 2 2 2 2 2 2 2 2 2 2 2 2 2 2 2 2 2 2 2 2 2 2 2 2 2 2 2 2
left_child=1 2 7 -4 5 -5 -2 14 10 -10 -9 12 13 -11 15 16 25 18 29 23 -21 22 -22 26 -24 -1 -17 -28 -25 -18
right_child=6 -3 3 4 -6 -7 -8 8 9 11 -12 -13 -14 -15 -16 19 17 -19 -20 20 21 -23 24 28 -26 -27 27 -29 -30 -31
leaf_value=0.0018945704881012154 0.0059395185812508421 0.017470194876985146 -0.067556685670176975 -0.043524219779286173 0.013902487710191138 0.018837953267518612 0.028081924332980845 -0.01815303964044275 -0.057139959449575332 0.024729306874316626 0.029325111387202969 0.022623962479059866 0.023379159327173712 -0.043551931118902112 -0.042938543794033598 0.03730249520125721 -0.045387112896519075 0.01340089718369772 -0.045076484208051132 -0.05269251574318716 0.028997348502357918 0.022760141968372952 -0.035178215209674513 -0.044289007450353968 0.012083515310294859 0.033007910828877003 -0.025119406839368481 0.020859797085017763 0.014011317024544216 0.022846944647778707
leaf_weight=8021.8086580839081 193.33823001012206 181.9917326583527 34.08020068181213 66.917502966913162 117.11666300334036 23.174838062375784 135.64343307539821 21.294986826484092 14.218959703575818 10.501970050390808 152.91735725139733 98.752485334873199 78.032283100299537 59.120731230126694 17.210003426793264 116.07934514724184 9.4042609044845431 80.105250690772664 108.49100830547104 33.072481662966311 59.398044844099786 121.38853431958705 76.389938650769182 16.124965417970088 23.040947947651148 37.838395451180986 20.876901436131448 82.133379040285945 26.383440002799034 23.71534759158385
leaf_count=72745 203 383 716 1788 158 14 50 318 289 25 415 50 88 1064 864 588 463 118 2740 446 142 132 993 714 22 168 162 81 184 191
internal_value=0.00272327 0.00230246 0.0020116 -0.0133247 -0.00412344 -0.0274518 0.0151266 0.00241054 0.0114948 0.00344367 0.0234511 0.00715648 -0.00327086 -0.033048 0.00196413 0.00205622 0.00153647 -0.0168651 -0.0339597 0.00952764 0.000985262 0.00748539 -0.00425804 0.0197153 -0.0242151 0.00204472 0.0252259 0.0113894 -0.00861373 0.00270961
internal_weight=10060.6 9731.58 9549.59 241.289 207.209 90.0923 328.982 9308.3 434.839 260.626 174.212 246.407 147.655 69.6227 8873.46 8856.25 8281.36 221.716 141.611 574.888 313.29 280.217 158.829 261.598 99.4309 8059.65 219.09 103.01 42.5084 33.1196
internal_count=86314 86061 85678 2676 1960 1802 253 83002 2249 1516 733 1227 1177 1089 80753 79889 76425 3512 3394 3464 1735 1289 1157 1729 1015 72913 831 243 898 654
is_linear=0
shrinkage=0.03


Tree=187
num_leaves=31
num_cat=0
split_feature=24 57 55 57 58 57 40 13 4 55 62 11 59 55 55 55 55 0 43 6 55 0 55 43 55 0 55 55 55 13
split_gain=101.242 155.095 59.2962 66.1576 54.148 93.6938 122.388 100.603 86.1076 211.866 125.73 62.5337 78.714 60.7021 206.252 73.7609 95.3711 71.5377 65.8452 61.6329 100.605 69.1062 59.2198 50.9398 44.2282 42.6796 44.0736 41.7553 114.87 173.366
threshold=1.0000000180025095e-35 8.5000000000000018 0.034771930691627664 2.5000000000000004 1.0000000180025095e-35 3.5000000000000004 1.0000000180025095e-35 1.0000000180025095e-35 1.0000000180025095e-35 0.0085685421769181088 1.0000000180025095e-35 1.0000000180025095e-35 1.0000000180025095e-35 0.00095627457833280299 0.0033897661317019196 0.0035825669712940523 0.0042814658813455381 7.7500000000000009 1.0000000180025095e-35 1.0000000180025095e-35 0.0092217361296526232 7.7500000000000009 0.0072480298081758826 1.0000000180025095e-35 0.029049548550006982 9.7000000000000011 0.0072480298081758826 0.0073991022256974679 0.0047920786754938865 1.0000000180025095e-35
decision_type=2 2 2 2 2 2 2 2 2 2 2 2 2 2 2 2 2 2 2 2 2 2 2 2 2 2 2 2 2 2
left_child=4 2 -2 -4 5 13 7 -7 9 25 -10 -11 -13 17 -15 -16 -17 -1 19 20 22 -22 -18 27 -14 -9 -27 28 -6 -30
right_child=1 -3 3 -5 23 6 -8 8 10 11 -12 12 24 14 15 16 18 -19 -20 -21 21 -23 -24 -25 -26 26 -28 -29 29 -31
leaf_value=-0.031805524697283788 -0.045103832374380252 0.027855713381617554 -0.04206149617675712 0.013573794990890439 0.010365620943055504 0.016453292596346949 -0.080408454514409047 -0.050088525974135004 -0.0082523902873457185 0.005690831357816499 0.032646991108215478 -0.043209471978396273 -0.032103469921607737 -0.030649956004329407 0.023802152655850634 -0.0402963115395795 -0.036863129762860103 0.028258768991556424 -0.039895078347371278 0.0039122996544595908 -0.018801313908448251 -0.082821469098774719 0.029170971877915682 -0.058223819554813483 0.017086335763926649 -0.040279994999216376 0.011883277368631104 0.010420225173723298 0.027319993387430859 -0.0094116682871469501
leaf_weight=19.588559401418024 104.77441738413472 51.954307630192488 32.614894618280232 44.156841001473367 995.54828473692032 157.70781568015809 19.07656752836192 142.6454415753542 257.95883580179361 247.84823943389347 90.573305546757183 64.98845712246839 22.923399571096525 167.47528844546468 149.22380608331878 45.514746066997759 14.359535448267705 139.95409292411932 31.193411912099691 4560.8752114198578 133.48848116971203 16.317865681601688 60.295397325709928 10.180504463998657 51.681344608427025 35.010534131724853 23.874994212761521 1171.9433190725686 133.74234326758597 815.57027539974661
leaf_count=3242 11592 46 162 48 8970 442 156 3090 1192 507 394 372 124 10162 625 1348 684 2112 329 26719 759 173 216 242 55 423 103 1993 744 9448
internal_value=0.00200578 -0.0174699 -0.0305226 -0.0102986 0.00248227 0.000911817 -0.0069968 -0.00564592 -0.00937704 -0.0163617 0.00243916 -0.0033546 -0.019341 0.00256363 0.00200002 0.00309707 0.00245683 0.0207319 0.00286912 0.00315615 -0.0121573 -0.0262777 0.0161502 0.0057216 0.00174734 -0.0412277 -0.0192853 0.00594907 0.00325086 -0.00421349
internal_weight=9813.06 233.5 181.546 76.7717 9579.56 6452.58 1114.29 1095.21 937.505 588.972 348.532 387.441 139.593 5338.29 5178.74 5011.27 4862.04 159.543 4816.53 4785.34 224.461 149.806 74.6549 3126.98 74.6047 201.531 58.8855 3116.8 1944.86 949.313
internal_count=86472 11848 11802 210 74624 53227 6858 6702 6260 4674 1586 1058 551 46369 41015 30853 30228 5354 28880 28551 1832 932 900 21397 179 3616 526 21155 19162 10192
is_linear=0
shrinkage=0.03


Tree=188
num_leaves=31
num_cat=0
split_feature=27 56 33 57 55 58 29 65 55 71 55 55 55 55 69 3 56 8 62 0 26 55 0 55 57 65 56 65 60 55
split_gain=97.6033 104.884 93.2805 63.3806 62.465 46.6968 69.773 46.9879 54.7028 48.8385 43.0012 180.512 87.4033 147.248 77.2856 74.5873 164.991 89.0162 52.4918 130.711 107.757 103.419 86.7104 83.0199 73.4867 85.3944 157.273 163.986 144.098 116.599
threshold=1.0000000180025095e-35 0.044512489803421006 1.0000000180025095e-35 5.5000000000000009 0.014255165993021049 2.5000000000000004 1.0000000180025095e-35 209.50000000000003 0.0040041430429044239 1.0000000180025095e-35 0.0022939534990536327 0.0033897661317019196 0.0021089081406406199 0.0016370956852815514 1.0000000180025095e-35 1.0000000180025095e-35 0.079010979990600375 1.0000000180025095e-35 1.0000000180025095e-35 8.5500000000000025 1.0000000180025095e-35 0.051588093059875891 9.9500000000000011 0.036496636214826468 4.5000000000000009 333.50000000000006 0.026935654732692067 219.50000000000003 5.5000000000000009 0.022816273384930998
decision_type=2 2 2 2 2 2 2 2 2 2 2 2 2 2 2 2 2 2 2 2 2 2 2 2 2 2 2 2 2 2
left_child=2 -2 5 -4 -3 6 10 8 -7 -10 12 14 13 -1 -12 18 17 -17 24 23 21 22 -21 -20 -13 26 -26 -28 -29 -27
right_child=1 4 3 -5 -6 7 -8 -9 9 -11 11 15 -14 -15 -16 16 -18 -19 19 20 -22 -23 -24 -25 25 29 27 28 -30 -31
leaf_value=0.010170751814034134 -0.044535699901246555 0.039049078005344379 -0.04440939111341239 0.01720338843705236 -0.020321251250397153 0.017430534305557854 -0.040141320533452617 0.017285228084661788 -0.064011572317122692 0.00018537612311729385 -0.036832477741457675 0.0045466068274571539 0.031252195188810471 -0.035635520109110329 0.021507607030951593 0.015392838250965277 -0.19666542437875043 -0.041592563380254452 0.0087556680369037833 -0.037736291378720616 0.013474555435595005 0.015852830901375015 0.021873256091449481 -0.051429286088304278 0.00067147195727926604 -0.020237268347296236 -0.069217485859913455 -0.0019137555206320638 -0.083783362182032736 0.024513953122774233
leaf_weight=483.52377304678521 82.22594058948016 28.31353785097599 61.344973050872795 19.198506492422894 34.046074487268925 38.299645529768895 34.08580174844974 335.01520889333915 20.163714082736988 21.488815542310476 146.99204371967062 6431.688210226479 132.50720114770229 71.638199233741034 23.038643523585051 46.14339897276659 3.7145187295973292 51.044046789465938 464.11390757701884 241.62482324361918 81.279448026150931 46.442748220637441 23.504502358846366 20.596112819737755 403.38273704354651 75.669863939008792 67.849728140048683 135.86846317350864 21.571672344580293 165.07143490598537
leaf_count=12864 3133 3 1525 40 84 57 2540 428 200 38 6340 35682 1050 3989 48 267 36 793 9517 3667 1117 37 37 112 1419 808 380 220 119 102
internal_value=0.00189277 -0.0224888 0.00225973 -0.0296924 0.0068259 0.00253125 0.00208511 0.0123629 -0.0082214 -0.0316641 0.00224701 0.00165928 0.00945572 0.00420646 -0.028848 0.00228919 -0.0232199 -0.0146554 0.0026067 -0.00432215 -0.0171613 -0.0251707 -0.0323894 0.00609769 0.00344 -0.00474218 -0.0105565 -0.0305744 -0.0135891 0.0104222
internal_weight=9811.45 144.586 9666.86 80.5435 62.3596 9586.32 9171.35 414.967 79.9522 41.6525 9137.27 8449.6 687.669 555.162 170.031 8279.57 100.902 97.1874 8178.66 877.562 392.852 311.572 265.129 484.71 7301.1 869.414 628.673 225.29 157.44 240.741
internal_count=86652 3220 83432 1565 87 81867 81144 723 295 238 78604 60701 17903 16853 6388 54313 1096 1060 53217 14487 4858 3741 3704 9629 38730 3048 2138 719 339 910
is_linear=0
shrinkage=0.03


Tree=189
num_leaves=31
num_cat=0
split_feature=29 36 65 65 38 0 51 59 65 57 62 49 49 57 6 53 58 57 0 63 58 65 65 59 66 30 65 65 65 23
split_gain=83.1903 46.9818 97.3711 70.7786 44.5523 38.1102 34.4313 29.2374 88.7845 81.6399 41.9031 114.828 77.767 64.9347 59.7735 124.751 57.5179 60.2416 57.0275 64.4007 54.1891 83.8777 90.7213 53.8971 51.2355 49.5568 93.4605 160.617 60.4184 45.5242
threshold=1.0000000180025095e-35 1.0000000180025095e-35 341.50000000000006 456.50000000000006 1.0000000180025095e-35 9.8500000000000032 1.0000000180025095e-35 1.5000000000000002 71.500000000000014 3.5000000000000004 1.0000000180025095e-35 1.0000000180025095e-35 1.0000000180025095e-35 4.5000000000000009 1.0000000180025095e-35 1.0000000180025095e-35 1.5000000000000002 3.5000000000000004 7.9500000000000011 1.0000000180025095e-35 1.0000000180025095e-35 934.50000000000011 875.50000000000011 1.0000000180025095e-35 1.0000000180025095e-35 1.0000000180025095e-35 225.50000000000003 223.50000000000003 601.50000000000011 1.0000000180025095e-35
decision_type=2 2 2 2 2 2 2 2 2 2 2 2 2 2 2 2 2 2 2 2 2 2 2 2 2 2 2 2 2 2
left_child=1 4 -3 -4 5 6 7 10 -9 -10 11 14 13 16 15 24 17 25 -15 -20 21 22 -16 -17 -1 26 27 -12 -27 -18
right_child=-2 2 3 -5 -6 -7 -8 8 9 -11 12 -13 -14 18 20 23 29 -19 19 -21 -22 -23 -24 -25 -26 28 -28 -29 -30 -31
leaf_value=-0.038688935061632797 -0.042121367359715237 -0.04403355196993667 0.020498071040167768 -0.060666680153201841 -0.044376578241973927 0.017025830674321559 -0.031989752846096786 0.030758402568323972 -0.024070055493991518 0.008716640869207334 -0.017217669673525296 -0.046030707892362049 0.031208366723490553 0.017301771592285378 0.002308203990527921 0.023149182433108748 0.0070267147212075458 -0.05211097247331628 -0.049426745598517265 0.0052579962937027982 0.0082477235539562491 -0.027165068524088183 0.028942006200098527 -0.031313238406053434 -0.0086696260962668397 -0.042980425138898277 -0.037159520124003267 0.051258228806664259 0.031694801997648625 -0.046267534316187575
leaf_weight=100.14164473819255 36.493258979353413 57.392964150232729 61.440167051739991 10.454988040030001 16.917559574154438 169.79083062172867 24.649002245510928 132.86526661767857 81.431792920615408 399.47848249936942 170.97217475763318 41.618847301288042 53.249489794368856 165.44989541794348 5506.139776496093 103.77265695706592 175.90625510449172 39.199056342316908 27.749159319733735 58.984525350853801 1917.5073832768976 83.978925982490182 116.5717717128864 18.480286141508259 105.08050012966851 11.917732757457996 132.63533545096288 36.570490212412551 39.347223259159364 14.708990350511156
leaf_count=2206 2572 1024 163 136 1100 377 627 200 2223 2509 7420 544 95 1032 43757 322 658 902 314 72 10187 860 363 146 417 509 5078 66 47 482
internal_value=0.00248311 0.00265221 -0.0152453 0.00802477 0.00289119 0.00297795 0.00272665 0.00281975 0.00914833 0.00312649 0.00238331 0.00308347 -0.00365275 -0.00581133 0.00334628 -0.00918587 -0.0110179 -0.0170795 0.00700795 -0.0126015 0.0038857 0.00241883 0.00286543 0.0147291 -0.0234346 -0.0134476 -0.017589 -0.0049638 0.0138446 0.00269422
internal_weight=9910.9 9874.4 129.288 71.8952 9745.12 9728.2 9558.41 9533.76 613.776 480.91 8919.98 7993.29 926.69 873.441 7951.67 327.475 621.257 430.642 252.184 86.7337 7624.2 5706.69 5622.71 122.253 205.222 391.443 340.178 207.543 51.265 190.615
internal_count=86408 83836 1323 299 82513 81413 81036 80409 4932 4732 75477 58802 16675 16580 58258 3091 15162 14022 1418 386 55167 44980 44120 468 2623 13120 12564 7486 556 1140
is_linear=0
shrinkage=0.03


Tree=190
num_leaves=31
num_cat=0
split_feature=4 9 65 55 65 58 0 56 54 55 65 56 55 13 67 65 58 55 17 71 72 56 60 11 27 56 56 65 56 55
split_gain=66.34 104.996 104.576 104.525 100.879 94.5156 92.0181 226.217 142.305 92.992 87.3366 108.96 81.231 80.2151 112.931 87.8016 78.3645 91.5057 76.6112 84.145 75.9937 73.2023 67.5017 66.9656 72.37 71.9304 66.6901 170.646 83.6445 106.155
threshold=1.0000000180025095e-35 1.0000000180025095e-35 302.50000000000006 0.010957361226626923 65.500000000000014 1.5000000000000002 6.4500000000000011 0.054446249970382408 1.0000000180025095e-35 0.06386747763884322 99.500000000000014 0.13862626742538772 0.0043382913902570595 1.0000000180025095e-35 1.0000000180025095e-35 102.50000000000001 1.0000000180025095e-35 0.030810663257538635 1.0000000180025095e-35 1.0000000180025095e-35 1.0000000180025095e-35 0.039092439184851828 1.5000000000000002 1.0000000180025095e-35 1.0000000180025095e-35 0.0033897661317019196 0.033474976598428303 321.50000000000006 0.029978885211646739 0.029049548550006982
decision_type=2 2 2 2 2 2 2 2 2 2 2 2 2 2 2 2 2 2 2 2 2 2 2 2 2 2 2 2 2 2
left_child=1 4 16 5 -1 -4 7 8 18 10 11 22 -7 14 -12 -15 17 -3 19 -6 -16 -19 -8 24 25 -2 28 -28 29 -17
right_child=23 2 3 -5 6 12 9 -9 -10 -11 13 -13 -14 15 20 26 -18 21 -20 -21 -22 -23 -24 -25 -26 -27 27 -29 -30 -31
leaf_value=0.017141294482605575 -0.034631921153884027 -0.04943225111333175 -0.040448110972323544 0.010722907429109464 -0.02381824153180527 0.02042095542558137 -0.03542888998018847 -0.084265246546748593 -0.043704307626540873 0.016715560002786557 0.020352653242305611 -0.13724500061951392 -0.062441946487441821 0.03369337044113907 -0.039016685379686201 -0.00058925759149098709 -0.007073128733474013 -0.050425306828068617 0.023499250015377487 0.017220152163136208 0.032993018590014751 0.0029959100181735274 0.016786066043055166 0.0087859207076410421 -0.049054175761321275 0.0024030761828162258 -0.0079833163064023226 0.020259947864651455 -0.032505917709495527 -0.025581577871379459
leaf_weight=344.34760036246735 49.0310551162911 122.35189254581928 85.028197397914482 311.36818616942037 117.92040815787186 60.118668336916016 65.21014660250512 35.817272195592523 72.067772907073959 337.2333956239745 353.53972301492468 6.461657650768756 11.901329620333852 66.786259298984078 52.310179966618307 3222.936570246362 236.18097384637076 31.036522172216792 104.96133600415487 71.414012972731143 16.679845809936523 82.264269679784775 32.852141880139243 1815.6072162838391 26.567409117895295 832.76230875405599 356.5494198910892 416.48785865260288 80.646203687414527 159.58084626958589
leaf_count=1093 2528 5358 4959 871 8213 129 1851 176 4654 270 805 43 152 241 422 28588 3812 366 1396 171 1 103 83 13067 1036 3878 614 276 291 900
internal_value=0.00150081 -7.33631e-05 -0.00937991 0.000665368 0.00140764 -0.0192167 0.000431962 -0.0133719 -0.0062305 0.00150872 0.000443743 -0.0265493 0.00606022 0.00104629 0.0135035 -0.000179793 -0.0193327 -0.031538 0.00306309 -0.00833005 -0.0213841 -0.0119509 -0.0179433 0.00546032 -0.00118916 0.000306893 -0.000721649 0.00723977 -0.00250035 -0.00177556
internal_weight=9578.02 6854.05 940.25 468.416 5913.8 157.048 5569.46 402.181 366.364 5167.27 4830.04 104.524 72.02 4725.52 422.53 4302.99 471.834 235.653 294.296 189.334 68.99 113.301 98.0623 2723.97 908.361 881.793 4236.2 773.037 3463.16 3382.52
internal_count=86347 65838 15750 6111 50088 5240 48995 14610 14434 34385 34115 1977 281 32138 1228 30910 9639 5827 9780 8384 423 469 1934 20509 7442 6406 30669 890 29779 29488
is_linear=0
shrinkage=0.03


Tree=191
num_leaves=31
num_cat=0
split_feature=62 58 65 65 49 55 55 65 55 0 55 26 65 55 29 71 28 65 56 0 56 65 65 72 60 54 0 72 0 55
split_gain=114.6 107.506 169.027 139.153 84.4603 93.9856 83.9439 67.0221 77.2593 61.9797 58.9162 69.7559 69.1382 90.189 57.8675 50.2806 51.7419 93.2537 116.123 48.7865 57.0497 46.2443 89.8035 80.4286 63.0419 103.981 88.7628 92.7612 76.448 55.7004
threshold=1.0000000180025095e-35 2.5000000000000004 493.50000000000006 274.50000000000006 1.0000000180025095e-35 0.034771930691627664 0.0046575976997566331 678.50000000000011 0.016299180440167958 7.5500000000000007 0.06386747763884322 1.0000000180025095e-35 308.50000000000006 0.00038080732580121748 1.0000000180025095e-35 1.0000000180025095e-35 1.0000000180025095e-35 192.50000000000003 0.023561139330300889 6.0500000000000007 0.040675701023522033 751.50000000000011 584.50000000000011 1.0000000180025095e-35 1.0000000180025095e-35 1.0000000180025095e-35 9.7000000000000011 1.0000000180025095e-35 6.6500000000000012 0.0092217361296526232
decision_type=2 2 2 2 2 2 2 2 2 2 2 2 2 2 2 2 2 2 2 2 2 2 2 2 2 2 2 2 2 2
left_child=10 2 3 4 5 6 -2 8 -4 -9 11 14 13 -13 15 16 21 19 -19 -18 -21 22 -1 -24 -23 28 27 -27 -26 -30
right_child=1 -3 7 -5 -6 -7 -8 9 -10 -11 -12 12 -14 -15 -16 -17 17 18 -20 20 -22 24 23 -25 25 26 -28 -29 29 -31
leaf_value=0.0029249364861982344 -0.0064137335221727959 0.01302259727470672 0.023381321841488827 -0.045741569919460101 0.035200112246239035 0.010039876060614376 -0.035302674256441929 0.0054082646541895093 -0.040766369336325103 -0.051205413932420292 0.013279276816733116 0.031666348596769721 0.0076205317709837168 -0.050143016057746376 -0.038973489908639476 0.011573179643841474 -0.0098260475431484768 -0.034590525634365037 0.01493364717556641 -0.047640013318477718 -0.15302172265038819 0.033976349495950721 -0.032289429369172208 0.02459613364825174 0.034440271144319128 -0.044589794173460387 0.020065557617117515 0.032458335311565598 0.018278953037153618 -0.018074490667243152
leaf_weight=6565.1625755072018 164.64448871005152 201.11261458980152 182.47387357984553 141.42310354621441 30.930342153355014 102.54199598392006 201.54502983091515 45.87698227049259 17.702228507958353 26.879014459555037 512.38907025009394 14.029437823628539 54.563795785477851 67.257889581829659 28.234900245035533 612.07434011716396 16.551118150469847 64.032160127884708 122.61272063665092 20.08745053521125 5.7697259299457064 93.004458882496692 113.35230005114863 27.023321836488321 126.38493827503407 77.3446780629165 44.649616637500003 16.377311393618584 89.07585420756368 64.546649353113025
leaf_count=51803 6545 384 1669 4694 58 130 7106 933 100 532 493 5 536 1488 2030 637 172 1457 143 457 44 193 2591 22 290 1414 56 2 262 259
internal_value=0.00226249 -0.00678998 -0.0111588 -0.0195674 -0.0120826 -0.0152709 -0.0223666 0.0085912 0.0175341 -0.0159178 0.00341886 0.00280283 -0.0184383 -0.0358102 0.00316192 0.00331438 0.00263403 -0.0113734 -0.00215038 -0.0509806 -0.0759768 0.00308011 0.00241593 -0.021242 0.0117676 0.00676141 -0.0144459 -0.0309256 0.0172556 0.00298643
internal_weight=9849.65 1115.13 914.017 641.085 499.662 468.732 366.19 272.932 200.176 72.756 8734.52 8222.14 135.851 81.2873 8086.28 8058.05 7445.97 229.053 186.645 42.4083 25.8572 7216.92 6705.54 140.376 511.384 418.379 138.372 93.722 280.007 153.623
internal_count=86505 22151 21767 18533 13839 13781 13651 3234 1769 1465 64354 63861 2029 1493 61832 59802 59165 2273 1600 673 501 56892 54416 2613 2476 2283 1472 1416 811 521
is_linear=0
shrinkage=0.03


Tree=192
num_leaves=31
num_cat=0
split_feature=58 56 55 55 56 55 65 56 57 56 0 35 56 0 65 56 35 2 65 65 31 0 60 56 72 65 60 55 32 60
split_gain=88.1368 88.6453 104.689 90.5043 110.027 109.783 195.551 81.3398 68.3297 65.5486 60.3489 57.6953 57.2766 81.8567 70.0195 106.556 66.2219 74.3519 117.273 135.52 117.91 59.6453 56.1818 54.6283 54.2707 52.2118 147.845 99.4634 151.878 96.0691
threshold=1.0000000180025095e-35 0.0064496039836892472 0.068361472679930133 0.0010735629434673237 0.0039470903806293018 0.027768086900342593 601.50000000000011 0.0038125144263475201 3.5000000000000004 0.0064957980922481463 5.2500000000000009 1.0000000180025095e-35 0.0032610673789118349 7.8500000000000005 286.50000000000006 0.0036472570579653518 1.0000000180025095e-35 1.0000000180025095e-35 152.50000000000003 150.50000000000003 1.0000000180025095e-35 8.7500000000000018 1.0000000180025095e-35 0.0066168109075340131 1.0000000180025095e-35 257.50000000000006 4.5000000000000009 0.0069782869163078536 1.0000000180025095e-35 1.5000000000000002
decision_type=2 2 2 2 2 2 2 2 2 2 2 2 2 2 2 2 2 2 2 2 2 2 2 2 2 2 2 2 2 2
left_child=1 2 3 7 8 6 -6 -1 12 -3 -2 -12 13 16 15 -14 17 18 19 -5 -20 -17 -8 -11 -24 26 27 28 -25 -27
right_child=10 9 -4 4 5 -7 22 -9 -10 23 11 -13 14 -15 -16 21 -18 -19 20 -21 -22 -23 24 25 -26 29 -28 -29 -30 -31
leaf_value=-0.034918808745817882 -0.045386295356309531 0.028976566577220187 -0.071333553007251901 -0.015467951090143546 -0.039761369678622267 0.0030910594088303287 0.029004226713216986 0.026689828965474258 -0.032747466184816436 -0.03150555981397192 0.0073943783422547611 -0.06206234708837071 -0.047348703016914233 -0.029480786671998591 0.019666116135696809 -0.042144925376303717 0.037930178058343256 0.012474410882106544 -0.035075944621562806 0.063356566195202524 0.011348791694784435 0.024311228403650225 -0.03106594497909114 -0.043206353369492405 0.032552742014555262 0.0016973612677676734 -0.067159895035693071 0.0021260439016638835 0.024826459007385178 0.014776352996184612
leaf_weight=21.660471447437885 18.797757282285602 84.838086642979761 20.056347164325416 42.450458560269908 268.80801424536912 169.00688140781131 54.27291384190903 132.41413211874897 54.994265308814647 41.090589365951018 3307.7231340749713 9.8093727823579666 40.187028474116232 96.276200453517959 250.29466267413227 13.968271316320168 38.273806518409401 186.35252516485343 170.17548050446931 35.030658860428957 68.550335599458776 64.606501279165968 41.586554441513726 101.36258968572656 15.922746618278323 1499.4103677516396 28.339445674500894 2263.3314637739968 40.745617585256696 761.71858674060786
leaf_count=3566 2041 608 113 1094 11044 785 334 2049 1765 1240 24203 188 849 2011 1238 420 215 4214 4923 35 260 134 1148 4880 2 8731 164 6732 71 1379
internal_value=0.00288697 0.000879214 -0.0048305 -0.00403476 -0.00613879 -0.0170204 -0.0259359 0.0178593 -0.000492241 0.00299377 0.00686074 0.00717037 0.0013015 -0.00414528 0.0106902 -0.00823313 0.000410892 -0.00251614 -0.0113621 0.0205233 -0.0217533 0.0121161 0.00736852 0.00252231 -0.0131964 0.00282677 -0.000222889 0.000593304 -0.0236626 0.00610794
internal_weight=9942.06 6605.73 1784.89 1764.83 1610.76 549.597 380.59 154.075 1061.16 4820.84 3336.33 3317.53 1006.17 637.109 369.056 118.762 540.833 502.559 316.207 77.4811 238.726 78.5748 111.782 4736 57.5093 4694.91 2433.78 2405.44 142.108 2261.13
internal_count=86436 60004 36199 36086 30471 13313 12528 5615 17158 23805 26432 24391 15393 12752 2641 1403 10741 10526 6312 1129 5183 554 1484 23197 1150 21957 11847 11683 4951 10110
is_linear=0
shrinkage=0.03


Tree=193
num_leaves=31
num_cat=0
split_feature=23 54 55 0 20 55 60 55 55 60 55 72 30 8 14 0 59 9 20 58 47 27 55 55 58 55 69 55 55 55
split_gain=48.668 110.966 118.021 124.838 146.948 69.6993 77.1128 65.0724 75.9664 67.8737 66.3072 60.8117 56.7465 73.8336 53.2159 97.4891 74.8664 66.4091 160.563 128.761 117.576 101.453 89.7094 81.7179 85.5559 99.3747 102.147 82.0593 99.9154 79.819
threshold=1.0000000180025095e-35 1.0000000180025095e-35 0.0066168109075340131 7.4500000000000011 1.0000000180025095e-35 0.013997073386456787 1.5000000000000002 0.031781826281211616 0.0073991022256974679 1.0000000180025095e-35 0.034771930691627664 1.0000000180025095e-35 1.0000000180025095e-35 1.0000000180025095e-35 1.0000000180025095e-35 8.4500000000000011 1.5000000000000002 1.0000000180025095e-35 1.0000000180025095e-35 1.5000000000000002 1.0000000180025095e-35 1.0000000180025095e-35 0.086183747651422601 0.002133105675743575 2.5000000000000004 0.0034659485706130546 1.0000000180025095e-35 0.057612852812660494 0.036496636214826468 0.0021089081406406199
decision_type=2 2 2 2 2 2 2 2 2 2 2 2 2 2 2 2 2 2 2 2 2 2 2 2 2 2 2 2 2 2
left_child=14 7 11 5 -5 6 -4 8 12 -10 -9 -3 13 -2 17 16 -16 18 21 -20 22 23 -19 29 25 26 -25 28 -27 -1
right_child=1 2 3 4 -6 -7 -8 10 9 -11 -12 -13 -14 -15 15 -17 -18 20 19 -21 -22 -23 -24 24 -26 27 -28 -29 -30 -31
leaf_value=0.0069194656351017981 -0.035554520996397727 -0.041825048742201137 0.016742112361737563 -0.034915142687445097 0.024816161915699495 -0.020529442855537962 -0.044057582327375201 -0.037627771459105182 -0.02043301866169879 0.021773929813525231 0.0037044207504382891 0.016845169761120819 0.019157701690840339 0.0035479759912242672 -0.054929441362873775 0.014194442246339043 0.025532684120719587 0.005907052149793238 -0.035981315183276123 0.016809639973722947 -0.072301176787682567 -0.055649731639690357 -0.097627810949250701 -0.044629895771303385 0.016788032220927895 -0.0019946665973819152 0.029705207266654887 0.013870968925949504 -0.042986105692869037 0.042347379065590551
leaf_weight=329.9603041496739 50.154300048197911 91.510417377423437 112.83552876381145 42.557141342491377 251.11474865511991 223.17199641597108 21.49991347710602 39.140953927824739 35.255959122427157 715.51942476589466 268.30198591668159 18.627057364210486 163.05221171677113 288.08364627647097 32.919123652784037 490.95594921745942 14.309682488499673 2076.3022828088069 196.85166989016579 52.003219779042411 16.61822130496148 28.532134677123395 6.5622365418821564 86.483078808407299 225.95890161453281 3448.7057382818966 19.80149961845018 292.95738653093576 53.364170341053978 68.401130202692002
leaf_count=4967 8433 7511 2044 494 590 1739 319 279 523 2513 487 35 1175 9317 749 1329 66 13421 8741 374 213 650 41 2248 230 17484 13 260 226 145
internal_value=0.002327 0.00611893 -0.003267 0.00160714 0.0160712 -0.0102859 0.00675769 0.0107001 0.0137346 0.0197674 -0.00166257 -0.0318401 0.00467809 -0.0023379 0.0011436 0.0102206 -0.0305266 0.00043449 -0.00151105 -0.0249265 0.00488394 -0.000226365 0.00553416 0.000135272 -0.00111831 -0.00215946 -0.030633 -0.00135416 -0.00263138 0.0130935
internal_weight=9761.51 2320.83 761.317 651.179 293.672 357.507 134.335 1559.51 1252.07 750.775 307.443 110.137 501.29 338.238 7440.69 538.185 47.2288 6902.5 4803.02 248.855 2099.48 4554.16 2082.86 4525.63 4127.27 3901.31 106.285 3795.03 3502.07 398.361
internal_count=86616 35459 12732 5186 1084 4102 2363 22727 21961 3036 766 7546 18925 17750 51157 2144 815 49013 35338 9115 13675 26223 13462 25573 20461 20231 2261 17970 17710 5112
is_linear=0
shrinkage=0.03


Tree=194
num_leaves=31
num_cat=0
split_feature=55 71 56 0 65 0 56 58 65 57 0 55 55 27 0 55 65 0 56 57 57 56 55 46 65 56 56 56 65 56
split_gain=84.9603 42.456 80.8092 70.2614 63.4449 63.9103 55.0059 107.405 78.2211 104.147 52.9475 87.5017 101.469 85.5892 112.846 76.9346 75.996 78.0742 71.4247 61.9699 59.4105 62.2264 58.8326 56.9102 46.3688 43.2022 41.7559 106.586 54.416 47.1632
threshold=0.00048773207149649275 1.0000000180025095e-35 0.023561139330300889 9.7000000000000011 493.50000000000006 8.5500000000000025 0.0036999751382169113 2.5000000000000004 65.500000000000014 15.500000000000002 6.4500000000000011 0.021143348457428057 0.028776686551824315 1.0000000180025095e-35 6.5500000000000007 0.010957361226626923 361.50000000000006 5.3500000000000005 0.05207135636207947 2.5000000000000004 3.5000000000000004 0.040675701023522033 0.086183747651422601 1.0000000180025095e-35 404.50000000000006 0.17581565966311982 0.0088004231848067046 0.05207135636207947 265.50000000000006 0.0062335325816534918
decision_type=2 2 2 2 2 2 2 2 2 2 2 2 2 2 2 2 2 2 2 2 2 2 2 2 2 2 2 2 2 2
left_child=-1 10 3 4 5 6 -3 8 -8 -10 11 15 -13 -12 -15 16 17 -2 -17 22 -21 -22 25 -18 -23 26 29 -28 -29 -14
right_child=1 2 -4 -5 -6 -7 7 -9 9 -11 13 12 19 14 -16 18 23 -19 -20 20 21 24 -24 -25 -26 -27 27 28 -30 -31
leaf_value=-0.037806731767404428 -0.018922256353496158 0.0095137165479819708 0.021244974058051286 0.01315037445447716 0.012185973727516914 -0.052242312274445854 0.024215562092157202 0.018182603010441684 -0.070720856427967022 0.019812631761581719 0.00077546385183726565 -0.047448420909549954 -0.033632470183383473 0.01739698271677537 -0.05181077364809706 0.031010392841810262 -0.036632804979617233 0.019668077821719081 -0.052108237101595394 0.026027186043952179 0.011041999397099185 -0.066195647345969152 -0.083111780379564196 0.026309618569491086 0.0099934594368280786 0.020809359200275265 -0.053545510867592204 -0.03416760514537414 0.013745251845127567 0.017021253285769616
leaf_weight=47.464493878978828 56.79108685580286 86.326149002416059 288.93567423801869 288.4032074213028 109.47178894467652 34.83606777433306 13.464888229966162 40.802179620601237 57.16981487069279 13.764293141663073 7373.2048714194971 38.81656318900059 20.257895638162154 31.696392997444491 60.669215091955266 239.3883623599977 53.169901012748596 259.30475105307414 8.8003637939691526 140.3158557266288 73.736729492782615 19.307855490595106 7.8583074435591689 16.185503886837978 10.765025794506071 49.082415364682674 52.573326703626662 29.759760282933712 68.620852835476398 73.865837201941758
leaf_count=4684 6620 144 196 334 123 185 8 36 576 7 49902 548 774 309 1498 1352 6145 11651 40 168 155 117 50 26 10 25 364 82 53 243
internal_value=0.00181536 0.00201482 0.00809199 0.0021692 -0.00674291 -0.0151692 -0.00884665 -0.0214812 -0.0406448 -0.0531222 0.00136093 0.00715626 -0.00121167 0.000414128 -0.0281293 0.0148711 0.00645335 0.012697 0.0278659 0.00215527 0.0133669 -0.00383052 -0.00692147 -0.0217787 -0.0394787 -0.00461141 -0.00976638 -0.019497 -0.000946172 0.00588029
internal_weight=9664.81 9617.34 933.174 644.238 355.835 246.363 211.527 125.201 84.399 70.9341 8684.17 1218.6 584.96 7465.57 92.3656 633.64 385.451 316.096 248.189 546.144 244.125 103.81 302.018 69.3554 30.0729 294.16 245.078 150.954 98.3806 94.1237
internal_count=86425 81741 1609 1413 1079 956 771 627 591 583 80132 28423 2589 51709 1807 25834 24442 18271 1392 2041 450 282 1591 6171 127 1541 1516 499 135 1017
is_linear=0
shrinkage=0.03


Tree=195
num_leaves=31
num_cat=0
split_feature=34 58 33 0 15 65 52 65 65 66 2 59 59 65 56 56 56 11 56 56 57 65 56 57 65 56 65 57 25 56
split_gain=67.8757 59.7067 92.8618 70.6917 103.615 129.432 66.1027 64.7606 90.3701 155.35 153 152.449 102.789 127.159 126.282 108.165 106.919 102.282 232.014 173.163 88.0973 86.0443 143.781 86.0193 127.63 117.962 83.2509 75.7948 73.9533 72.1038
threshold=1.0000000180025095e-35 1.0000000180025095e-35 1.0000000180025095e-35 6.1500000000000012 1.0000000180025095e-35 697.50000000000011 1.0000000180025095e-35 608.50000000000011 331.50000000000006 1.0000000180025095e-35 1.0000000180025095e-35 1.0000000180025095e-35 1.5000000000000002 251.50000000000003 0.17666694414367556 0.032660197162707801 0.036580011770314246 1.0000000180025095e-35 0.12145281554420055 0.0072401483730347776 1.5000000000000002 153.50000000000003 0.0049775421792727509 4.5000000000000009 302.50000000000006 0.026935654732692067 146.50000000000003 6.5000000000000009 1.0000000180025095e-35 0.002155962769067302
decision_type=2 2 2 2 2 2 2 2 2 2 2 2 2 2 2 2 2 2 2 2 2 2 2 2 2 2 2 2 2 2
left_child=1 2 3 -1 5 -5 7 8 9 11 12 21 13 14 15 -11 -15 28 19 -19 -9 26 -23 -24 25 27 -6 -25 -12 -10
right_child=-2 -3 -4 4 6 -7 -8 20 29 10 17 -13 -14 16 -16 -17 -18 18 -20 -21 -22 22 23 24 -26 -27 -28 -29 -30 -31
leaf_value=0.0085908076927587486 -0.023893459459159081 0.0060741433064817165 -0.041039610526497843 -0.029422136477265513 -0.0018069251892962612 0.0085323658903360359 -0.055497915869015486 -0.0023866654275057223 -0.022209626301200412 -0.048239174324165725 0.017935029571840906 0.013345577276164007 0.028951292692247527 -0.047231686247650888 0.012671738812280451 -0.1158524170676504 0.0058913789162199724 -0.03611202862674822 -0.15508649282510922 0.0053041685776664543 -0.039977245231056731 -0.039291096005077492 0.001190414830498349 -0.063076472107290435 0.025314595155328138 -0.073667369288186416 0.025741908623664905 0.00049267246590099128 -0.016824818562850525 0.010685084636241248
leaf_weight=1027.8881517453992 85.819316229302785 3238.566191882448 45.768484358093701 223.5171129333321 235.71262478726567 125.80470582986891 17.498756657238118 206.90395399986301 62.222527370264288 74.520329487539129 243.01639218721539 924.60765022065607 24.930358724668622 54.087616880889982 20.03798570483923 30.68859676271677 88.994950570166111 137.95639226482308 9.0428060814738256 261.87428889260627 76.062510781674064 107.15004935227626 825.85171588137746 21.365903735044412 39.332129520829767 46.71605465747416 168.72360501263756 68.768033955828287 70.288632113719359 1194.6855916648346
leaf_count=19706 1416 26066 1252 6381 2957 815 274 1385 1533 1041 410 3771 20 707 15 171 92 1636 64 541 1215 3125 4977 139 36 234 333 153 270 5579
internal_value=0.00251583 0.00275259 0.00108 0.00138814 5.62791e-06 -0.0157679 0.00110813 0.00131757 0.00215588 -0.000351485 -0.010205 0.00375467 -0.0284396 -0.0338594 -0.0558243 -0.0688665 -0.0143785 -0.00277131 -0.0126409 -0.00904039 -0.0125964 -0.00210895 -0.00642736 -0.00287749 -0.0218448 -0.0354843 0.0097211 -0.0151029 0.0101081 0.00904029
internal_weight=9758.4 9672.58 6434.02 6388.25 5360.36 349.322 5011.04 4993.54 4710.57 3453.67 1015.44 2438.23 293.26 268.329 125.247 105.209 143.083 722.179 408.873 399.831 282.966 1513.62 1109.18 1002.03 176.182 136.85 404.436 90.1339 313.305 1256.91
internal_count=86314 84898 58832 57580 37874 7196 30678 30404 27804 20692 4967 15725 2046 2026 1227 1212 799 2921 2241 2177 2600 11954 8664 5539 562 526 3290 292 680 7112
is_linear=0
shrinkage=0.03


Tree=196
num_leaves=31
num_cat=0
split_feature=56 55 55 55 65 34 55 35 65 55 60 57 65 59 65 58 13 56 57 55 56 65 23 63 56 56 60 48 56 58
split_gain=54.1967 49.6192 108.869 123.648 125.926 98.7125 92.5342 91.5341 85.5759 78.213 117.716 162.295 101.464 158.843 160.793 125.671 111.193 108.647 88.4669 80.0587 80.6312 95.4137 85.8927 99.2742 79.1898 77.3801 70.2369 68.8198 62.4506 60.3898
threshold=0.17581565966311982 0.013997073386456787 0.02035367420542971 0.016609917414209353 431.50000000000006 1.0000000180025095e-35 0.013203819495353141 1.0000000180025095e-35 158.50000000000003 0.025300402343066578 1.0000000180025095e-35 7.5000000000000009 302.50000000000006 1.5000000000000002 276.50000000000006 1.0000000180025095e-35 1.0000000180025095e-35 0.0035371064566473123 8.5000000000000018 0.057612852812660494 0.0038973443058121777 267.50000000000006 1.0000000180025095e-35 1.0000000180025095e-35 0.13862626742538772 0.006065409998572845 1.5000000000000002 1.0000000180025095e-35 0.034661218704314191 1.0000000180025095e-35
decision_type=2 2 2 2 2 2 2 2 2 2 2 2 2 2 2 2 2 2 2 2 2 2 2 2 2 2 2 2 2 2
left_child=1 5 3 8 -5 6 27 9 26 -4 11 -11 13 14 16 24 28 -18 19 20 -19 22 25 -24 -16 -22 -3 -1 -12 -6
right_child=-2 2 7 4 29 -7 -8 -9 -10 10 12 -13 -14 -15 15 -17 17 18 -20 -21 21 -23 23 -25 -26 -27 -28 -29 -30 -31
leaf_value=0.0021182608352105004 0.013796094440700615 -0.084814196361121322 0.011765380808108905 -0.066061754863338859 -0.046618470744394853 -0.043723531747997514 0.028352483358570574 -0.052231038649300496 0.0041409204207135336 -0.039405115112117722 -0.021367019144949907 0.019698584252401515 0.0090958655253671299 0.025563332548108487 -0.08371368936536952 0.007447931364344294 -0.043018962000426236 0.028764068000123509 -0.059674792951998373 0.013297837181968879 -0.050903918689797815 0.019442483844849683 -0.042782700957530749 0.021896187847605778 0.023500783079840527 -0.003181795160223694 0.017951410754662459 0.019909235952418215 -0.086800065932151296 0.015059879030333453
leaf_weight=5262.7624149477851 320.79780832305551 17.926486923999619 488.14420275256271 73.375962803518632 21.456984414195176 39.339720614036196 129.408739516075 28.673361665161792 184.94655916100601 149.07441029905749 38.994892811897444 57.253159129060805 836.75621596438577 152.61031357012689 50.742667081649415 26.405219702981412 56.216969868444721 63.273353668861091 21.637881430331618 318.2181686796248 30.949597652535886 117.16664928290993 113.55922982242191 25.593247406184673 6.6088289655745021 718.70950704766437 8.309899980202319 202.2663679291727 19.558501727879047 38.379707074258476
leaf_count=72300 265 204 1037 915 204 1260 214 209 789 1485 333 44 1829 75 392 33 1354 68 111 297 252 99 712 15 2 1305 9 533 102 45
internal_value=0.00169191 0.00127287 -0.00144417 -0.0174738 -0.0399907 0.00304014 0.00337674 0.000223335 -0.00314879 0.000696012 -0.00123501 -0.0229887 0.000501472 -0.00358683 -0.00636818 -0.046588 -0.00412849 -0.00249357 -0.000847434 0.000112309 -0.00382057 -0.00589659 -0.00925498 -0.0308155 -0.0711679 -0.00521719 -0.052801 0.00278025 -0.044314 -0.00746025
internal_weight=9619.12 9298.32 3664.54 344.396 133.213 5633.78 5594.44 3320.15 211.183 3291.47 2803.33 206.328 2597 1760.25 1607.63 83.7567 1523.88 1465.32 1409.11 1387.47 1069.25 1005.98 888.812 139.152 57.3515 749.659 26.2364 5465.03 58.5534 59.8367
internal_count=86492 86227 11920 2166 1164 74307 73047 9754 1002 9545 8508 1529 6979 5150 5075 427 4648 4213 2859 2748 2451 2383 2284 727 394 1557 213 72833 435 249
is_linear=0
shrinkage=0.03


Tree=197
num_leaves=31
num_cat=0
split_feature=28 56 55 18 56 56 51 39 57 55 56 55 47 55 55 57 24 34 55 55 56 2 50 27 56 71 0 0 0 56
split_gain=48.9411 72.0161 68.4572 61.4863 72.9949 50.4578 51.9031 50.3383 48.0112 47.2274 46.3549 43.1473 40.2943 44.9061 84.0424 70.5552 65.7204 65.2649 73.2484 61.4314 74.0112 87.6977 87.3171 86.2473 134.383 156.499 65.0949 62.8252 49.6097 47.1665
threshold=1.0000000180025095e-35 0.040675701023522033 0.030649897275830201 1.0000000180025095e-35 0.010117439650664703 0.048022201973341977 1.0000000180025095e-35 1.0000000180025095e-35 1.5000000000000002 0.0029021728080734686 0.0034748957205514566 0.057612852812660494 1.0000000180025095e-35 0.029049548550006982 0.029395112010871392 4.5000000000000009 1.0000000180025095e-35 1.0000000180025095e-35 0.028776686551824315 0.06386747763884322 0.0038973443058121777 1.0000000180025095e-35 1.0000000180025095e-35 1.0000000180025095e-35 0.025256962971620851 1.0000000180025095e-35 7.2500000000000009 4.5500000000000007 4.3500000000000005 0.0016370956852815514
decision_type=2 2 2 2 2 2 2 2 2 2 2 2 2 2 2 2 2 2 2 2 2 2 2 2 2 2 2 2 2 2
left_child=5 3 -3 -2 9 6 7 12 11 -5 -9 -7 13 17 -15 16 19 28 -19 20 21 -16 23 24 25 -22 27 -26 -1 -30
right_child=1 2 -4 4 -6 8 -8 10 -10 -11 -12 -13 -14 14 15 -17 -18 18 -20 -21 22 -23 -24 -25 26 -27 -28 -29 29 -31
leaf_value=-0.033451438040205936 -0.039238228466943664 -0.1036739149427441 -0.011950295966852136 0.016061765679220942 0.017996923393851734 -0.0015877490662954004 -0.045905460231373922 0.0090248494362035348 0.013557070425739169 -0.032272688730267729 -0.04399878188312855 0.014281958775425258 0.013543210255603254 -0.064874244846890208 -0.038666116410998576 0.013120007158739695 -0.047350243907999891 -0.047075635871371459 0.019011160840209627 0.009065790377643889 -0.049411281557507937 0.017506395013211003 0.027038695817914533 0.023926904848049709 0.012274573581255882 0.011236468820300143 0.0015045006574025523 -0.059862408052530403 0.018903347933168543 0.0028658223264696023
leaf_weight=32.235940512771776 37.77316617393808 12.657080618664624 16.435271546244621 24.839934529241873 111.96667536068708 566.68938025133684 19.449131327288342 22.962046438013203 700.29677096568048 62.161623832216719 39.478670929645887 210.74302722886205 269.59686586583848 18.708913857291918 28.971600363380276 215.88175801839679 32.029323808266781 46.508285645380965 21.458545039698947 234.64714581612498 185.50843062828062 151.02099399526196 42.961121100001037 41.896626434288919 15.608346097171305 47.775154761970043 212.95960679091513 32.652453299611807 168.69870795278257 6073.6259628870685
leaf_count=3907 1347 74 31 432 128 832 637 293 617 720 726 168 740 147 1339 260 362 1335 22 294 1534 847 28 74 31 45 318 183 5543 63239
internal_value=0.00241787 -0.0102533 -0.0539752 -0.00467608 0.00204879 0.00277604 0.00182978 0.00195255 0.00786506 -0.018447 -0.0246649 0.00272696 0.00216677 0.00176164 -0.00340796 -0.00243054 -0.00571204 0.00278951 -0.0262375 -0.00432411 -0.00846819 0.00830119 -0.0136833 -0.0169891 -0.0204969 -0.036996 -0.00567749 -0.0367565 0.00310807 0.00330219
internal_weight=9698.2 265.834 29.0924 236.741 198.968 9432.36 7954.64 7935.19 1477.73 87.0016 62.4407 777.432 7872.75 7603.15 1260.62 1241.91 1026.03 6342.53 67.9668 994.001 759.354 179.993 579.362 536.401 494.504 233.284 261.22 48.2608 6274.56 6242.32
internal_count=86253 2732 105 2627 1280 83521 81904 81267 1617 1152 1019 1000 80248 79508 5462 5315 5055 74046 1357 4693 4399 2186 2213 2185 2111 1579 532 214 72689 68782
is_linear=0
shrinkage=0.03


Tree=198
num_leaves=31
num_cat=0
split_feature=24 60 65 14 0 15 59 65 56 56 65 65 56 60 60 54 0 56 56 0 56 65 25 4 55 57 56 65 55 55
split_gain=43.6039 65.6398 59.7658 43.684 56.7801 67.6954 69.6613 54.8311 47.3112 57.4068 45.8232 100.953 69.2597 58.9542 57.6152 61.4239 110.27 86.2887 51.5807 47.0158 59.9862 63.0539 45.2098 43.4015 40.2541 46.1065 40.075 40.0153 62.2224 41.8744
threshold=1.0000000180025095e-35 1.5000000000000002 310.50000000000006 1.0000000180025095e-35 9.5000000000000018 1.0000000180025095e-35 1.0000000180025095e-35 184.50000000000003 0.045669345270555904 0.033474976598428303 74.500000000000014 97.500000000000014 0.13862626742538772 1.5000000000000002 1.5000000000000002 1.0000000180025095e-35 8.3500000000000032 0.054446249970382408 0.0054756753681658452 8.3500000000000032 0.02161452528237261 55.500000000000007 1.0000000180025095e-35 1.0000000180025095e-35 0.022816273384930998 1.5000000000000002 0.19223587426221075 102.50000000000001 0.0035378959508221264 0.057612852812660494
decision_type=2 2 2 2 2 2 2 2 2 2 2 2 2 2 2 2 2 2 2 2 2 2 2 2 2 2 2 2 2 2
left_child=3 24 26 10 5 -5 8 -6 9 -7 14 13 27 18 15 19 17 -17 -12 20 23 -22 -20 -1 -2 -26 -3 28 -13 -29
right_child=1 2 -4 4 7 6 -8 -9 -10 -11 11 12 -14 -15 -16 16 -18 -19 22 -21 21 -23 -24 -25 25 -27 -28 29 -30 -31
leaf_value=0.034561631220639551 -0.040977803155392616 -0.05369718915167284 0.026925792890026407 0.012735425172034878 -0.035915579562511922 -0.050333825014456587 0.0029806685038176526 0.022506102648337682 -0.14451027340428163 0.01587000737282666 -0.0094547065611217066 0.039453299330827793 0.025717654624413461 0.010313656696079729 0.028817858724628206 -0.047089533344626261 0.017834202183783534 -0.0017779269990715637 -0.065541620658228258 -0.015670641069416 -0.029677722962455782 0.013522216989502938 0.0063299740876424145 -0.0052236281943082042 -0.034852270489722122 0.0055594165833829211 0.022102590543963734 0.0010921789015544739 -0.01577132903897845 0.0098039464411154541
leaf_weight=159.82335735237575 56.774173099431209 16.382712977385381 62.463471757044317 231.29245895234635 14.315359317464752 39.038933665324294 94.424767740623793 299.29417193343397 2.6417206786572924 16.143458388745785 39.859619377610215 58.032692023967684 110.58848175220191 32.597088713810081 116.16521762615594 66.580868967925198 107.11131105874665 86.093002544716001 47.870600172587729 44.409396877017571 37.847500534728169 139.16693731024861 9.1917668739915808 28.864613434663625 39.842676011612639 66.646946673630737 9.1235571727156657 7235.2775097294143 25.995866687269881 532.19783545332029
leaf_count=265 10433 545 330 2259 79 855 487 431 21 14 1138 232 47 113 87 1233 262 123 1008 391 116 125 74 355 327 194 4 63826 408 631
internal_value=0.00273652 -0.00957717 0.0112303 0.00306059 0.0102867 0.00253097 -0.0129533 0.0197336 -0.0385813 -0.0310283 0.00249204 0.00181962 0.00224835 -0.0243516 0.00940271 0.00599804 -0.00540337 -0.0217161 -0.0359966 0.0132158 0.0167569 0.0041708 -0.0540547 0.02848 -0.0207888 -0.00974403 -0.0267728 0.00191455 0.0223839 0.00169026
internal_weight=9826.06 251.234 87.9697 9574.82 697.151 383.541 152.249 313.61 57.8241 55.1824 8877.67 8091.61 7962.09 129.519 786.062 669.897 259.785 152.674 96.922 410.112 365.702 177.014 57.0624 188.688 163.264 106.49 25.5063 7851.5 84.0286 7767.48
internal_count=86413 11833 879 74580 4146 3636 1377 510 890 869 70434 67477 65144 2333 2957 2870 1618 1356 2220 1252 861 241 1082 620 10954 521 549 65097 640 64457
is_linear=0
shrinkage=0.03


Tree=199
num_leaves=31
num_cat=0
split_feature=57 58 65 40 65 65 55 15 56 7 55 55 55 55 65 55 56 65 65 65 54 9 65 56 65 14 67 67 37 56
split_gain=58.4638 149.915 181.56 142.923 116.738 87.7226 86.4451 81.6989 79.2153 77.2024 69.604 87.4478 68.1956 76.5623 86.2067 64.9774 60.6665 85.8129 72.4861 105.201 89.5399 87.521 60.0105 59.6477 58.9941 56.4776 96.6273 86.4961 93.9735 59.8822
threshold=1.5000000000000002 1.0000000180025095e-35 160.50000000000003 1.0000000180025095e-35 144.50000000000003 875.50000000000011 0.030649897275830201 1.0000000180025095e-35 0.048022201973341977 1.0000000180025095e-35 0.00095627457833280299 0.004389902681319907 0.068361472679930133 0.030649897275830201 697.50000000000011 0.014255165993021049 0.0022730135126592869 245.50000000000003 138.50000000000003 114.50000000000001 1.0000000180025095e-35 1.0000000180025095e-35 74.500000000000014 0.069730256856936554 62.500000000000007 1.0000000180025095e-35 1.0000000180025095e-35 1.0000000180025095e-35 1.0000000180025095e-35 0.0037686893296689705
decision_type=2 2 2 2 2 2 2 2 2 2 2 2 2 2 2 2 2 2 2 2 2 2 2 2 2 2 2 2 2 2
left_child=1 5 4 8 -3 7 -5 12 16 10 -9 22 13 14 -1 -7 17 -2 19 20 21 24 -12 -15 -18 27 -27 28 29 -20
right_child=3 2 -4 6 -6 15 -8 9 -10 -11 11 -13 -14 23 -16 -17 18 -19 25 -21 -22 -23 -24 -25 -26 26 -28 -29 -30 -31
leaf_value=-0.04025171954363068 0.0025732689231647817 -0.037573264569516762 -0.042907378062083522 -0.068248916279018898 0.027901097297581851 0.02081276629919562 0.021253279318178032 0.02382236851709436 0.012733033515853294 -0.024440781547942107 0.024541880909988659 0.0013951108413077771 -0.07580096639788092 0.012200710126069497 0.0041161190955405292 -0.045914471363821645 0.029739967325980429 -0.041203166032109884 0.012082678279691006 -0.038737977689669308 -0.027967697807251165 -0.058753209720935763 -0.038385070685115527 -0.029694340611417992 -0.0015327648162422876 0.014772231330428119 -0.056946168499788889 0.011686973271989821 -0.058169542539243391 -0.00057963392303608352
leaf_weight=120.38394887399772 94.814552395007922 35.344422253183438 167.06326511219959 38.85190116323065 74.351211028551916 228.10064037085976 12.313269451260565 116.56369038957928 687.97802230063826 108.55228962053661 15.706345852231605 2144.040931280455 14.954438745975493 128.51671933248872 58.109092843573308 13.005885491729712 100.22333898601937 68.954168295662384 375.95524446234049 86.899658077803906 84.151370155363111 15.480718492923186 79.438732180104125 39.045903768390417 116.88915344886482 536.2524709347781 16.48945867002476 735.97207127540605 23.499815951858182 3103.398683060339
leaf_count=9365 3281 3410 6298 486 893 847 13 2253 626 1013 47 12466 93 674 505 141 206 3682 3258 1933 1087 603 3934 102 1494 5073 352 1837 412 19866
internal_value=0.000983485 -0.00220446 -0.0233092 0.00273129 0.00665612 -0.000292669 -0.046715 -0.00177719 0.00315732 0.000177678 0.00132198 0.000140581 -0.015085 -0.0122503 -0.0258651 0.0170386 0.00192586 -0.0159968 0.00249381 -0.00970026 -0.00163685 0.0079685 -0.02785 0.00231996 0.0129735 0.00352285 0.0125337 0.00234515 0.000379602 0.000791648
internal_weight=9441.3 3343.18 276.759 6098.12 109.696 3066.42 51.1652 2825.31 6046.96 2464.3 2355.75 2239.19 361.01 346.056 178.493 241.107 5358.98 163.769 5195.21 403.644 316.745 232.593 95.1451 167.563 217.112 4791.57 552.742 4238.83 3502.85 3479.35
internal_count=86250 42041 10601 44209 4303 31440 499 30452 43710 19713 18700 16447 10739 10646 9870 988 43084 6963 36121 5323 3390 2303 3981 776 1700 30798 5425 25373 23536 23124
is_linear=0
shrinkage=0.03


Tree=200
num_leaves=31
num_cat=0
split_feature=56 60 55 65 63 37 57 65 55 0 0 65 55 72 0 56 56 56 55 65 65 57 0 55 61 59 71 0 62 56
split_gain=55.104 51.7252 111.198 85.6397 73.9843 66.6021 61.4091 105.03 60.6447 70.2436 58.6286 63.7657 59.2008 108.752 78.6404 62.0088 114.731 80.5578 57.7726 55.6415 100.923 65.0067 120.047 134.75 78.1046 61.4379 53.0687 71.4777 50.7015 76.2473
threshold=0.0011161097395399886 1.0000000180025095e-35 0.0022939534990536327 164.50000000000003 1.0000000180025095e-35 1.0000000180025095e-35 3.5000000000000004 259.50000000000006 0.0087812165602526738 9.7000000000000011 6.9500000000000011 104.50000000000001 0.0057592837274565859 1.0000000180025095e-35 7.2500000000000009 0.0057348499751212123 0.0058227935986299309 0.0062335325816534918 0.000661284296626267 751.50000000000011 484.50000000000006 6.5000000000000009 8.7500000000000018 0.06386747763884322 1.0000000180025095e-35 1.0000000180025095e-35 1.0000000180025095e-35 7.6500000000000012 1.0000000180025095e-35 0.0029752212764485838
decision_type=2 2 2 2 2 2 2 2 2 2 2 2 2 2 2 2 2 2 2 2 2 2 2 2 2 2 2 2 2 2
left_child=-1 2 3 -2 5 28 7 -7 9 -6 -4 -12 13 26 -14 -16 -17 -18 -5 20 21 22 23 -19 25 -24 -13 -28 -3 -30
right_child=1 4 10 18 8 6 -8 -9 -10 -11 11 12 14 -15 15 16 17 19 -20 -21 -22 -23 24 -25 -26 -27 27 -29 29 -31
leaf_value=-0.035625471511210857 -0.037876121452646627 0.0022965713321060877 -0.024604919072665918 -0.039822921683872282 -0.010501413616505743 -0.062304228368998772 0.036242090204912474 0.016099009821849697 0.018082734875338308 0.016453688807868964 -0.035836131711423379 -0.028227055688979853 0.023622456365969428 0.015812165764675097 -0.046676207034169158 0.036813959953260499 -0.051545552928412557 -0.047811908673379457 0.01922642515861853 0.024262900388428849 -0.054878552531338318 0.015284893459742288 0.0049750838690150222 0.021654977856076001 -0.069979728670570285 -0.03398305238232819 0.023708411702129371 -0.045651406403656107 0.022846316154917636 -0.01677322126359598
leaf_weight=33.895094906241866 27.004875377024291 6013.7838951445447 128.04015125479782 14.682196857393135 188.3965384401381 17.251206182991154 96.738185909285676 96.762320323847234 516.82761459099129 159.96800715662539 52.415650183218531 230.73331238894025 120.83834381843917 90.745635096915066 26.02210268721683 67.772298376425169 29.151063288882142 102.44002620319952 339.35299599224527 67.767866533249617 32.437050481443293 162.31980151170865 507.22826923499815 32.543199948966503 12.839414507267064 38.248856910970062 43.72377126570791 18.079178296029568 51.666180173531757 258.5373916853714
leaf_count=5897 2022 37157 14005 641 578 287 66 306 447 122 1907 6633 511 100 463 159 785 2470 2952 204 633 238 3391 18 156 709 42 107 499 2994
internal_value=0.00200663 0.00214399 -0.00195796 0.0127174 0.00333278 0.00224035 0.0187908 0.00379737 0.0115717 0.00188796 -0.00513455 -0.00359596 -0.00250641 -0.012754 0.000775633 -0.00180306 -0.00065063 -0.00326314 0.0166723 -0.00173828 -0.00374749 -0.00174728 -0.00575124 -0.031028 0.000404429 0.00218615 -0.0216389 0.0030148 0.00168591 -0.0101222
internal_weight=9578.21 9544.32 2144.39 381.04 7399.93 6534.74 210.752 114.014 865.192 348.365 1763.35 1635.31 1582.89 383.282 1199.61 1078.77 1052.75 984.976 354.035 955.824 888.057 855.62 693.3 134.983 558.317 545.477 292.536 61.8029 6323.99 310.204
internal_count=86499 80602 38146 5615 42456 41309 659 593 1147 700 32531 18526 16619 6882 9737 9226 8763 8604 3593 7819 7615 6982 6744 2488 4256 4100 6782 149 40650 3493
is_linear=0
shrinkage=0.03


Tree=201
num_leaves=31
num_cat=0
split_feature=43 57 38 51 65 65 0 0 65 55 55 65 0 63 55 55 55 26 55 66 55 55 46 55 63 46 24 57 55 55
split_gain=51.5905 64.3143 39.977 31.3569 30.3765 95.1808 94.9632 93.334 101.571 84.6153 108.05 73.949 68.3914 56.847 55.3471 56.0318 72.3375 52.4084 84.4754 84.6823 77.1839 64.4927 44.2018 53.7559 41.3289 40.9852 36.0397 107.459 48.7336 37.3631
threshold=1.0000000180025095e-35 6.5000000000000009 1.0000000180025095e-35 1.0000000180025095e-35 476.50000000000006 875.50000000000011 7.4500000000000011 7.3500000000000005 1271.5000000000002 0.003866179080688759 0.004654583246142454 559.50000000000011 8.5500000000000025 1.0000000180025095e-35 0.0090829550563634089 0.010501873210954102 0.034261678046376622 1.0000000180025095e-35 0.06386747763884322 1.0000000180025095e-35 0.003521635503638119 0.0031429205094269147 1.0000000180025095e-35 0.026136412670283479 1.0000000180025095e-35 1.0000000180025095e-35 1.0000000180025095e-35 1.5000000000000002 0.0059228531034993181 0.0040872057278096563
decision_type=2 2 2 2 2 2 2 2 2 2 2 2 2 2 2 2 2 2 2 2 2 2 2 2 2 2 2 2 2 2
left_child=2 -2 3 4 17 6 24 -7 -9 -8 -11 22 -10 14 -13 -16 -17 26 19 20 21 -19 23 -12 25 -6 29 -28 -29 -1
right_child=1 -3 -4 -5 5 7 9 8 12 10 11 13 -14 -15 15 16 -18 18 -20 -21 -22 -23 -24 -25 -26 -27 27 28 -30 -31
leaf_value=0.0090141734743186888 -0.045988216484112325 0.0065871634104809167 -0.042685786062986703 -0.031494854159558806 -0.042498435799230544 0.02449170286136414 -0.044887006461544567 -0.032123880189516389 -0.035720764883685391 0.024766008591469539 -0.052679822393440927 -0.033922757533885621 0.021767235907855526 0.019534077500393762 0.017612809696812674 -0.03532380946538604 0.012935236072901866 -0.046186520777341408 0.02449647638462378 0.02013976807941073 -0.050310598331574273 0.022341786255575622 0.018152371373233403 -0.0096091781064297759 0.002938172758909687 0.024615801389123712 -0.051331022487479797 -0.040409666469253577 0.0074928305115584534 0.0032863630843848832
leaf_weight=1211.8279452271163 43.035943219096225 39.506437380201533 16.489965424589172 23.058383137875353 107.53954412645544 202.19463037169771 39.309326720001991 73.676509056589566 21.600382794829784 124.67030578176491 58.285412528930465 53.354450138751417 106.25299883284606 99.88101156335324 90.503091549500823 62.079437148466241 49.471206100657582 18.658216275973246 45.670700181275606 34.565175750176422 80.272902224722202 32.306450772215612 16.599263226147741 47.521566652983893 27.971232938725734 8.2219125009141845 40.928478934445593 20.64686189762142 162.47996311208408 6638.2058653191852
leaf_count=21029 745 108 1106 648 4995 1150 1714 817 224 336 910 1034 168 81 156 551 63 855 18 144 2708 242 23 164 114 19 5358 3221 2153 35452
internal_value=0.00242703 -0.0210469 0.00263287 0.00271604 0.00280261 -0.00168011 -0.00776256 0.0101427 -0.00430357 -0.00280686 9.05753e-06 -0.00649032 0.011853 0.000457612 -0.0070496 0.00017866 -0.0139968 0.00344609 -0.0112634 -0.0212013 -0.0321596 -0.00315251 -0.0264973 -0.0336064 -0.0297143 -0.0375617 0.00383271 -0.00800713 0.00190187 0.00417161
internal_weight=9596.79 82.5424 9514.24 9497.75 9474.69 1189.13 785.408 403.725 201.53 641.675 602.366 477.695 127.853 355.289 255.408 202.054 111.551 8285.56 211.473 165.803 131.238 50.9647 122.406 105.807 143.733 115.761 8074.09 224.055 183.127 7850.03
internal_count=86306 853 85453 84347 83699 12519 10160 2359 1209 5032 3318 2982 392 1885 1804 770 614 71180 3967 3949 3805 1097 1097 1074 5128 5014 67213 10732 5374 56481
is_linear=0
shrinkage=0.03


Tree=202
num_leaves=31
num_cat=0
split_feature=0 54 55 34 56 29 55 60 60 57 71 26 56 55 63 0 55 65 57 56 65 55 65 65 56 0 56 0 55 57
split_gain=57.6863 70.8824 49.4903 90.7818 65.5772 62.5836 61.1334 99.7369 89.2565 83.4024 75.352 53.6738 60.5661 87.5106 58.4923 51.5133 92.8982 116.927 55.8978 47.6396 43.4165 57.3239 48.9691 125.58 70.2058 88.7745 90.9186 128.313 118.192 97.3977
threshold=5.1500000000000012 1.0000000180025095e-35 0.057612852812660494 1.0000000180025095e-35 0.08814850758398339 1.0000000180025095e-35 0.036496636214826468 1.5000000000000002 1.0000000180025095e-35 1.5000000000000002 1.0000000180025095e-35 1.0000000180025095e-35 0.018723845800721603 0.003521635503638119 1.0000000180025095e-35 9.0500000000000025 0.077177660430596665 148.50000000000003 1.5000000000000002 0.0011161097395399886 751.50000000000011 0.003866179080688759 196.50000000000003 194.50000000000003 0.033474976598428303 5.5500000000000007 0.0066404463067947124 7.4500000000000011 0.016609917414209353 9.5000000000000018
decision_type=2 2 2 2 2 2 2 2 2 2 2 2 2 2 2 2 2 2 2 2 2 2 2 2 2 2 2 2 2 2
left_child=1 -1 3 5 -5 6 11 8 -8 10 -10 19 13 14 -13 16 -4 -18 -19 -2 22 -22 23 -21 25 -24 28 -28 -27 -29
right_child=2 -3 15 4 -6 -7 7 -9 9 -11 -12 12 -14 -15 -16 -17 17 18 -20 20 21 -23 24 -25 -26 26 27 29 -30 -31
leaf_value=-0.003548675852238586 -0.034874534562920598 -0.045558072797171043 0.010565358231484709 -0.05011570977904449 0.025140201131646653 -0.041057994920240842 -0.070954415208513255 -0.086527488782492848 -0.062168154841094864 0.0077133794775299143 0.018535805598325291 -0.041091970495639861 0.016573126232468031 -0.042883029943388572 0.020130540976248248 0.019263049745764125 0.0086086921014240023 -0.099943878855573723 -0.026682417319667324 0.0031583752028408814 -0.041726418555503554 0.011917872182973058 0.015497863088750476 0.029130910665986432 0.0067363093686926686 0.0033888729987115868 -0.038276284841567615 -0.0086562604350644591 -0.022666376608487061 0.022093315773127505
leaf_weight=123.79870869837032 30.108146643338841 50.169325754060992 261.67981233680621 49.731684649770614 12.452017784118651 30.415390787849901 17.812436054344289 14.763623105362056 32.501384904258884 159.48990522138774 14.553480066359041 18.590375095329364 45.190806828904897 84.279472099326085 48.642770371166989 278.49875563941896 41.869058387354016 18.302221294492483 20.178407249972224 2673.6769324745183 17.556151307653636 562.1562628209067 236.53549535291677 177.78078909745091 1012.6000174442306 1669.4861597261333 122.96798884953023 1240.6323244885425 171.90948472381569 99.237600099295378
leaf_count=5180 5083 3617 310 1380 4 2094 149 92 273 234 8 1167 53 2920 46 204 54 113 53 21634 631 2451 6895 407 1265 18162 3510 7136 1126 127
internal_value=0.00120942 -0.0158546 0.00153507 0.000940327 -0.0348867 0.0012071 0.00136406 -0.013557 -0.00839258 -0.00268137 -0.0373411 0.00180017 -0.0136426 -0.0227044 0.00284801 0.00970852 0.00189524 -0.0261241 -0.063176 0.00218084 0.00232492 0.0102242 0.0017052 0.00478734 -0.000225563 -0.00221788 -0.00349038 -0.00907091 0.000945418 -0.00636401
internal_weight=9337.57 173.968 9163.6 8543.07 62.1837 8480.89 8450.47 239.121 224.357 206.545 47.0549 8211.35 196.703 151.513 67.2331 620.528 342.029 80.3497 38.4806 8014.65 7984.54 579.712 7404.83 2851.46 4553.37 3540.77 3304.23 1462.84 1841.4 1339.87
internal_count=86378 8797 77581 76847 1384 75463 73369 756 664 515 281 72613 4186 4133 1213 734 530 220 166 68427 63344 3082 60262 22041 38221 36956 30061 10773 19288 7263
is_linear=0
shrinkage=0.03


Tree=203
num_leaves=31
num_cat=0
split_feature=60 56 36 56 57 55 65 65 54 65 65 58 66 55 65 55 58 65 57 0 55 57 65 18 65 56 65 66 55 65
split_gain=52.3784 100.172 127.033 126.263 104.942 100.71 111.836 97.3416 213.102 92.2247 88.8212 94.1625 120.674 120.39 91.3792 76.4292 71.7164 65.7664 65.2295 65.2257 65.1562 63.9501 193.301 135.58 118.46 300.627 136.949 68.1135 86.3731 65.4278
threshold=1.0000000180025095e-35 0.0043756935958853332 1.0000000180025095e-35 0.0055721364692771459 3.5000000000000004 0.0046063051656597817 793.50000000000011 717.50000000000011 1.0000000180025095e-35 407.50000000000006 160.50000000000003 2.5000000000000004 1.0000000180025095e-35 0.00070332916830404132 138.50000000000003 0.0061860440093990795 1.0000000180025095e-35 341.50000000000006 2.5000000000000004 4.4500000000000011 0.01115846687889677 3.5000000000000004 154.50000000000003 1.0000000180025095e-35 329.50000000000006 0.027940916386617273 270.50000000000006 1.0000000180025095e-35 0.031824896673176999 452.50000000000006
decision_type=2 2 2 2 2 2 2 2 2 2 2 2 2 2 2 2 2 2 2 2 2 2 2 2 2 2 2 2 2 2
left_child=1 17 3 5 7 -3 -7 8 10 15 14 12 13 -12 -5 -6 19 -1 -14 -2 -18 -21 -23 -24 25 26 -25 28 -27 -26
right_child=16 2 -4 4 9 6 -8 -9 -10 -11 11 -13 18 -15 -16 -17 20 -19 -20 21 -22 22 23 24 29 27 -28 -29 -30 -31
leaf_value=-0.036177238217196261 0.017379222255060969 0.025147565108581366 -0.056578666821519047 -0.017483963579201425 -0.026110779986487455 -0.041458585815157226 0.031355674659183388 0.023460659908602237 -0.046314897423599816 -0.029258078560439958 0.02916295005214142 0.020729101217587153 0.0050365015430068267 -0.040360908399657662 0.022230481174077329 0.014293044733324538 0.0031899477363254341 -0.001680059451229155 -0.064221667960322346 0.002483368650063125 0.015031580885573412 -0.083958186107677218 -0.040175473691529136 0.01426343314463327 0.022466682551570898 -0.080645262017118843 -0.050353777969247504 -0.025110648589697068 0.0093491162196789202 -0.021634093160810063
leaf_weight=119.33620259784948 229.80621055447409 288.05673241771001 33.897302402940113 75.665612284567032 45.096737912419485 47.647096568485722 30.22089347866131 75.447225945448736 134.96505191079632 55.851440273487242 24.485021107509965 64.109038668102585 169.53583436833287 201.57480150227639 162.58190759669378 499.47663380924496 882.96496855077567 84.949576940111001 12.185226257599423 4658.3058584417449 794.65310869144741 27.009224147797795 82.024264025822049 296.06945301478845 224.80522354238201 55.210111361928284 31.79419506713748 90.562227323651314 11.339971788227556 34.153385782236001
leaf_count=7481 3442 2496 811 3927 646 2814 64 480 5420 990 108 89 1047 7952 1327 1353 3986 2166 151 34629 957 334 1824 572 309 284 262 199 10 355
internal_value=0.00216063 -0.0019912 0.000137562 0.00118587 -0.00262316 0.0169822 -0.0131598 -0.00898348 -0.0119043 0.00712699 -0.00530843 -0.0128383 -0.0181534 -0.0327354 0.00959711 0.0109054 0.00335003 -0.0219101 6.63677e-05 0.00175485 0.0088047 0.00110031 -0.00644701 -0.0038139 0.000243784 -0.00850038 0.00786319 -0.0424818 -0.0653991 0.0165895
internal_weight=9543.78 2125.08 1920.8 1886.9 1520.97 365.925 77.868 920.55 845.102 600.425 710.137 471.89 407.781 226.06 238.248 544.573 7418.7 204.286 181.721 5741.08 1677.62 5511.27 852.968 825.959 743.935 484.976 327.864 157.112 66.5501 258.959
internal_count=86485 39322 29675 28864 23490 5374 2878 20501 20021 2989 14601 9347 9258 8060 5254 1999 47163 9647 1198 42220 4943 38778 4149 3815 1991 1327 834 493 294 664
is_linear=0
shrinkage=0.03


Tree=204
num_leaves=31
num_cat=0
split_feature=44 32 36 11 65 56 56 56 57 65 65 55 51 5 0 56 55 0 65 65 56 55 65 56 56 65 65 60 59 55
split_gain=74.3082 63.8529 53.2741 135.311 75.1556 56.5843 47.7428 47.4427 67.7001 153.27 115.35 98.2801 45.3914 43.195 39.7203 36.7327 38.2461 58.7405 48.4272 125.071 73.8026 76.2788 132.495 96.7316 80.1963 66.4703 122.363 91.0157 272.27 81.1687
threshold=1.0000000180025095e-35 1.0000000180025095e-35 1.0000000180025095e-35 1.0000000180025095e-35 184.50000000000003 0.025256962971620851 0.0011161097395399886 0.0019487272561923073 3.5000000000000004 198.50000000000003 265.50000000000006 0.016299180440167958 1.0000000180025095e-35 1.0000000180025095e-35 9.8500000000000032 0.17581565966311982 0.00070332916830404132 7.7500000000000009 182.50000000000003 178.50000000000003 0.001506055158456856 0.0069782869163078536 116.50000000000001 0.0038418136046520644 0.0052393313713162363 201.50000000000003 221.50000000000003 1.5000000000000002 1.0000000180025095e-35 0.057612852812660494
decision_type=2 2 2 2 2 2 2 2 2 2 2 2 2 2 2 2 2 2 2 2 2 2 2 2 2 2 2 2 2 2
left_child=1 2 6 -4 5 -5 -1 -3 9 -9 -11 -12 13 14 15 16 17 -8 19 20 -18 22 24 -23 -22 27 29 -20 -29 -27
right_child=-2 7 3 4 -6 -7 12 8 -10 10 11 -13 -14 -15 -16 -17 18 -19 25 -21 21 23 -24 -25 -26 26 -28 28 -30 -31
leaf_value=-0.034714549713751736 -0.046535352791796492 0.032201998780229391 0.035332864826871875 -0.046429171432865221 -0.063363914221127873 0.025315921560139003 -0.036150528374476187 0.017000477806352284 0.022294696387944294 -0.067277419970667149 -0.031791388444046186 0.012651191152264112 -0.044139350367177678 -0.045908593758025772 0.017627026646161781 0.0123379097650378 0.03559547542592828 0.022009676479136854 0.015578712888638204 -0.059184785377891146 0.016936721263641239 -0.030421496904781641 -0.032057339133014839 0.0022779124370753828 -0.025394409984330801 -0.021624273393188863 0.0028941340009146312 -0.072604852260852087 0.023081715559671916 0.018980235794913841
leaf_weight=30.522024685924407 26.782500666551641 82.606991237495095 30.133678399230121 16.700425261282362 45.800434585253242 21.472347281873226 16.536620997794671 269.89068555808626 213.07088499562815 33.442450116155669 80.101745834457688 99.133975540287793 17.924555567267817 15.645284392245228 151.85035294923 308.70448947325349 46.10586313692329 149.30924951500492 638.85192035217187 33.426765823940514 126.42122076293163 85.127104556158883 190.15610802370793 1488.8298243478348 57.911599031795049 294.16295037556119 4897.0206034050352 42.438360568165081 68.857303507742472 51.336737463250756
leaf_count=5905 819 86 66 482 741 9 2339 560 155 342 661 137 614 827 320 267 267 1627 3629 865 2485 1253 8732 6132 2741 4180 39553 426 215 43
internal_value=0.00245928 0.00260075 0.00187366 -0.0184031 -0.0378751 -0.00645622 0.00214135 0.0108329 0.00825275 0.00201946 -0.0169822 -0.00727671 0.00227492 0.00237605 0.00246871 0.00219571 0.0018118 0.0160286 0.00151587 -0.00249046 -0.00151113 -0.00240699 -0.0145567 0.000491179 0.00357234 0.00287184 0.00167563 0.0112184 -0.0137263 -0.0155536
internal_weight=9630.28 9603.49 8825.25 114.107 83.9732 38.1728 8711.14 778.247 695.64 482.569 212.678 179.236 8680.62 8662.69 8647.05 8495.2 8186.49 165.846 8020.65 2027.98 1994.55 1948.45 374.489 1573.96 184.333 5992.67 5242.52 750.148 111.296 345.5
internal_count=86478 85659 83718 1298 1232 491 82420 1941 1855 1700 1140 798 76515 75901 75074 74754 74487 3966 70521 22475 21610 21343 13958 7385 5226 48046 43776 4270 641 4223
is_linear=0
shrinkage=0.03


Tree=205
num_leaves=31
num_cat=0
split_feature=53 55 0 29 0 32 65 30 55 54 4 56 55 56 65 57 65 55 56 59 0 72 20 55 65 45 21 56 56 65
split_gain=66.8784 86.2785 57.8342 70.3611 60.3739 93.6803 65.3014 55.4309 73.6023 90.0359 120.447 97.6327 79.7176 95.8351 78.3947 70.1 112.412 77.397 132.238 65.6832 64.6751 69.6825 63.1738 62.2104 129.513 61.6794 57.9054 96.1878 96.9949 95.0864
threshold=1.0000000180025095e-35 0.016609917414209353 9.5000000000000018 1.0000000180025095e-35 9.0500000000000025 1.0000000180025095e-35 1549.5000000000002 1.0000000180025095e-35 0.0066168109075340131 1.0000000180025095e-35 1.0000000180025095e-35 0.0069318971412261092 0.031824896673176999 0.0068179619555235353 559.50000000000011 2.5000000000000004 410.50000000000006 0.051588093059875891 0.074008704164995345 1.5000000000000002 7.0500000000000007 1.0000000180025095e-35 1.0000000180025095e-35 0.077177660430596665 150.50000000000003 1.0000000180025095e-35 1.0000000180025095e-35 0.029978885211646739 0.036580011770314246 166.50000000000003
decision_type=2 2 2 2 2 2 2 2 2 2 2 2 2 2 2 2 2 2 2 2 2 2 2 2 2 2 2 2 2 2
left_child=2 -2 3 4 7 6 -6 8 9 11 -11 14 25 -14 22 16 17 18 19 -15 -12 -22 -1 -19 -25 26 27 29 -29 -10
right_child=1 -3 -4 -5 5 -7 -8 -9 12 10 20 -13 13 15 -16 -17 -18 23 -20 -21 21 -23 -24 24 -26 -27 -28 28 -30 -31
leaf_value=0.0063802806160678134 -0.0079807082030439597 -0.090043632538818433 0.0061640374790696128 -0.041938639581036385 -0.052518215868329124 0.027761991081464644 0.027609752378520952 0.013397722495636557 -0.0088851808737357672 -0.036745753029378367 0.021501828938852548 -0.024436315530285847 -0.037069366989358671 -0.064116154327824651 -0.047602716598451347 0.0097368698010934784 -0.066660797126186402 0.01200000665270377 0.0045842586001638135 0.023247765466533146 -0.03584474294060247 0.02434424068864938 -0.020293991430250062 0.012416558486958319 -0.095456145252747773 -0.054897101733458069 0.0020686227647583708 -0.057381508243411226 0.0012285470078885184 0.019188130884706802
leaf_weight=831.73001464278786 44.935843716084491 14.618990056304026 2591.2315784074744 33.336914293198788 58.54957334586652 23.701463292352855 10.168635027948765 331.09265490146936 126.26035749247239 166.79182707526343 68.748762995601282 139.84073509488371 81.395837041462073 59.656852530257311 26.476541949166858 249.59113465435803 28.696727217058651 189.72398141212761 73.438667979091406 8.3625387698411924 56.521621476946166 23.942644357681274 87.415853206388419 26.181768903508782 15.031248109415172 14.875854750396682 2953.6610171265565 26.481599718797952 337.04525088705122 752.70125765215926
leaf_count=14882 460 146 11881 2600 1080 24 6 1869 2924 11173 2261 3185 1159 427 1564 277 154 189 89 4 1880 18 6547 29 87 212 12291 231 678 8186
internal_value=0.00214871 -0.0292791 0.00235107 0.000897705 0.00111486 -0.0228358 -0.0404353 0.00144981 0.000824297 -0.00524176 -0.0193074 -0.00113289 0.00254486 -0.00658628 0.00233544 -0.00272203 -0.0104799 -0.00598366 -0.0233766 -0.0531941 0.00030016 -0.0178561 0.00382411 0.00472504 -0.0282561 0.00413347 0.00435577 0.00978679 -0.00318668 0.01515
internal_weight=9452.21 59.5548 9392.65 6801.42 6768.08 92.4197 68.7182 6675.66 6344.57 1401.47 316.005 1085.46 4943.1 732.079 945.622 650.683 401.092 372.395 141.458 68.0194 149.213 80.4643 919.146 230.937 41.213 4211.03 4196.15 1242.49 363.527 878.962
internal_count=86513 606 85907 74026 71426 1110 1086 70316 68447 41510 15332 26178 26937 2415 22993 1256 979 825 520 431 4159 1898 21429 305 116 24522 24310 12019 909 11110
is_linear=0
shrinkage=0.03


Tree=206
num_leaves=31
num_cat=0
split_feature=65 65 60 59 67 56 7 63 56 0 55 65 55 55 4 14 55 65 33 56 65 65 62 60 65 32 59 72 32 65
split_gain=47.282 90.475 152.231 82.1053 72.3447 89.2178 95.5114 123.054 91.0434 87.0095 113.51 85.3009 132.694 82.2319 67.6908 127.88 107.631 106.95 105.973 85.9881 120.945 148.466 116.023 177.171 99.1961 89.7671 88.8153 74.7394 69.3462 65.811
threshold=199.50000000000003 192.50000000000003 1.5000000000000002 17.500000000000004 1.0000000180025095e-35 0.030758389275860835 1.0000000180025095e-35 1.0000000180025095e-35 0.024051509200471031 9.5000000000000018 0.01036690078692047 215.50000000000003 0.030649897275830201 0.026136412670283479 1.0000000180025095e-35 1.0000000180025095e-35 0.057612852812660494 265.50000000000006 1.0000000180025095e-35 0.0038125144263475201 270.50000000000006 361.50000000000006 1.0000000180025095e-35 1.5000000000000002 476.50000000000006 1.0000000180025095e-35 1.0000000180025095e-35 1.0000000180025095e-35 1.0000000180025095e-35 545.50000000000011
decision_type=2 2 2 2 2 2 2 2 2 2 2 2 2 2 2 2 2 2 2 2 2 2 2 2 2 2 2 2 2 2
left_child=1 -1 -3 -4 5 8 11 -8 14 10 -10 12 -7 -12 15 16 19 18 27 24 22 -22 23 25 26 -21 -2 -16 -24 -13
right_child=4 2 3 -5 -6 6 7 -9 9 -11 13 29 -14 -15 17 -17 -18 -19 -20 20 21 -23 28 -25 -26 -27 -28 -29 -30 -31
leaf_value=0.0019474200431176419 0.011624214373720621 0.021836764575655681 -0.071852399697483388 0.029313276034943114 0.005632353864796668 -0.079539281230836631 -0.084167548684370694 0.023376335503186164 -0.065809295742912832 0.0084295760052508894 0.00048420062201998387 0.0089859342186577127 0.0079743418986374538 -0.065766001118095427 -0.044928261085937574 0.011314619501023124 0.013924941644462183 0.0064440086280368779 0.032630783050820178 -0.049333301948035292 -0.043911750325108002 -0.014266034116384652 0.01841002227608627 0.010745529180082616 -0.04478515431867143 0.0024919773233867144 -0.022389650005632367 0.017428724037462404 -0.066996440413670047 -0.024881464691287193
leaf_weight=3022.4726270997562 296.24469629715895 397.84405116661219 24.413200319555472 9.4415569305419904 1284.0662108123506 25.476877212990075 23.087426951155066 15.303964320570229 63.727041301317513 55.309886366128922 75.762022011447698 1139.8773784004152 37.541251080110669 20.683956753462553 95.131257181259571 292.54426397886709 151.51603691466153 876.87421883583011 25.679341365699656 125.19152245903388 239.61449788755272 417.32757851494534 166.85331291097827 120.54135112671065 41.067443617437675 39.371672899462283 89.033059717876313 20.530082165729254 8.0460206049028766 53.140209872275591
leaf_count=30761 3454 1700 289 1 5374 154 115 8 437 55 190 1364 48 119 3189 7529 179 9274 60 3761 4887 7478 1405 706 1866 137 1692 22 94 165
internal_value=0.00100678 0.00378491 0.0166156 -0.0436073 -0.000648217 -0.00243507 0.00421475 -0.0417922 -0.00510788 -0.0238997 -0.0350464 0.0056531 -0.0280953 -0.014253 -0.00375311 -0.00697453 -0.0101363 0.00253512 -0.0215905 -0.012506 -0.0168777 -0.0251294 -0.00506434 -0.0168428 -0.00104031 -0.036994 0.00372641 -0.0338053 0.0141225 0.00745781
internal_weight=9253.71 3454.17 431.699 33.8548 5799.54 4515.48 1294.43 38.3914 3221.05 215.483 160.173 1256.04 63.0181 96.446 3005.57 1987.35 1694.81 1018.21 141.341 1543.29 1116.95 656.942 460.004 285.105 426.345 164.563 385.278 115.661 174.899 1193.02
internal_count=86513 32751 1990 290 53762 48388 1854 123 46534 801 746 1731 202 309 45733 33188 25659 12545 3271 25480 18468 12365 6103 4604 7012 3898 5146 3211 1499 1529
is_linear=0
shrinkage=0.03


Tree=207
num_leaves=31
num_cat=0
split_feature=55 55 55 0 56 56 48 33 44 18 55 0 17 55 56 56 0 62 49 48 32 55 59 11 26 59 41 11 64 16
split_gain=42.1418 117.212 81.5856 57.577 54.2118 55.207 108.292 54.515 52.5842 49.8356 92.1539 67.5606 60.737 56.9351 55.9319 69.9913 88.6684 129.342 104.624 77.0001 83.3909 139.355 105.683 69.2063 55.5191 54.908 51.0217 48.8744 81.6451 55.4501
threshold=0.0015954949508172561 0.002057627291215169 0.002133105675743575 9.7000000000000011 0.0070793993871210567 0.0068988356286288468 1.0000000180025095e-35 1.0000000180025095e-35 1.0000000180025095e-35 1.0000000180025095e-35 0.0036392459991437072 7.5500000000000007 1.0000000180025095e-35 0.0040872057278096563 0.0068179619555235353 0.003521635503638119 9.7000000000000011 1.0000000180025095e-35 1.0000000180025095e-35 1.0000000180025095e-35 1.0000000180025095e-35 0.0047920786754938865 1.0000000180025095e-35 1.0000000180025095e-35 1.0000000180025095e-35 1.0000000180025095e-35 1.0000000180025095e-35 1.0000000180025095e-35 1.0000000180025095e-35 1.0000000180025095e-35
decision_type=2 2 2 2 2 2 2 2 2 2 2 2 2 2 2 2 2 2 2 2 2 2 2 2 2 2 2 2 2 2
left_child=-1 -2 3 -3 5 7 -7 9 -6 10 -4 13 14 -12 15 27 19 24 -19 20 21 23 -22 -17 -18 -25 -15 28 29 -11
right_child=1 2 4 -5 8 6 -8 -9 -10 12 11 -13 -14 26 -16 16 17 18 -20 -21 22 -23 -24 25 -26 -27 -28 -29 -30 -31
leaf_value=0.010527848084158735 -0.037493178896962805 -0.040324610569448346 -0.03777015661683588 0.040006568535635147 0.0036846738554202163 -0.028960287824404934 0.027841632173800281 -0.0326945593691177 -0.047323785014562664 -0.037848995221641521 0.031939804906988063 -0.037465555707335813 -0.043102877129811597 0.005081225309493515 0.017288712003316376 0.0093276087075810747 0.0062731066398513894 -0.04967669176665674 0.029822708464628072 0.023036734452645639 -0.031320489428296079 -0.0397797378180915 0.027536374363130299 -0.050264615612843996 -0.0439184079266388 -0.0057763813099178741 0.041633400450771504 0.006991687352200078 0.030153660166358554 0.030471641816061379
leaf_weight=511.31354350425681 67.221365222605527 8.1884849887574074 37.516697514569387 73.776266148139257 5505.7674202519993 145.68988237633312 37.1878761081025 45.348728401135304 17.254268828663044 74.572941022684972 105.85065592704632 24.904740182653768 30.837135346424475 465.68809781793243 135.02678258236847 115.70491130207665 643.53102165891323 71.441696543683065 18.035192332230508 43.141417083097622 43.826148529537022 236.82035844519851 69.904280612245202 42.083412329404382 19.473877153126523 60.096536681288853 36.154547119600466 743.39467333539505 27.57409541412926 11.684973063413052
leaf_count=13538 4010 721 4513 184 20896 3712 39 976 219 1637 1148 487 1844 15199 541 904 2092 1876 20 102 324 4031 65 1177 354 484 151 4804 145 3
internal_value=0.00215932 0.00168051 0.00198089 0.031592 0.0017018 -0.00134939 -0.0173211 -0.00040269 0.00351678 8.68325e-05 0.00730976 0.0100387 -0.00194298 0.0120438 -0.00138627 -0.00252874 -0.00674839 0.000150035 -0.0335001 -0.0152226 -0.0181616 -0.0238978 0.00478051 -0.00653271 0.00473495 -0.0244087 0.00779213 0.00418579 -0.0140398 -0.0283508
internal_weight=9469.01 8957.7 8890.48 81.9648 8808.51 3285.49 182.878 3102.61 5523.02 3057.26 670.115 632.598 2387.15 607.693 2356.31 2221.29 1364.06 752.482 89.4769 611.577 568.436 454.705 113.73 217.885 663.005 102.18 501.843 857.227 113.832 86.2579
internal_count=86196 72658 68648 905 67743 46628 3751 42877 21115 41901 21498 16985 20403 16498 18559 18018 11429 4342 1896 7087 6985 6596 389 2565 2446 1661 15350 6589 1785 1640
is_linear=0
shrinkage=0.03


Tree=208
num_leaves=31
num_cat=0
split_feature=55 58 5 0 0 55 56 56 57 65 55 65 56 65 65 56 31 56 60 65 55 25 56 55 22 66 65 65 0 56
split_gain=44.1629 46.7121 38.0459 38.9221 53.1167 49.9096 41.5115 39.3311 36.2367 41.6437 51.9626 39.7436 36.0757 34.3396 144.569 144.29 85.6243 75.0732 110.431 105.371 75.3602 77.0892 101.003 63.8989 58.4526 58.4302 64.7253 60.2072 97.0818 54.5686
threshold=0.000661284296626267 1.5000000000000002 1.0000000180025095e-35 4.4500000000000011 5.1500000000000012 0.013203819495353141 0.045669345270555904 0.17581565966311982 1.5000000000000002 122.50000000000001 0.031781826281211616 77.500000000000014 0.062958234266293586 142.50000000000003 116.50000000000001 0.044512489803421006 1.0000000180025095e-35 0.0039470903806293018 1.5000000000000002 65.500000000000014 0.034771930691627664 1.0000000180025095e-35 0.10483687077254721 0.0034659485706130546 1.0000000180025095e-35 1.0000000180025095e-35 51.500000000000007 62.500000000000007 9.7000000000000011 0.040675701023522033
decision_type=2 2 2 2 2 2 2 2 2 2 2 2 2 2 2 2 2 2 2 2 2 2 2 2 2 2 2 2 2 2
left_child=1 -1 3 5 -5 12 -7 13 9 10 -9 -12 -2 14 17 16 29 23 19 25 21 22 -21 -6 -15 26 -19 28 -27 -16
right_child=2 -3 -4 4 7 6 -8 8 -10 -11 11 -13 -14 24 15 -17 -18 18 -20 20 -22 -23 -24 -25 -26 27 -28 -29 -30 -31
leaf_value=-0.035997195080962267 -0.032139325439678693 0.014975915092051723 -0.043623431439991249 -0.033587579227496778 -0.04177044348127168 0.028471202639133931 -0.0060723731910075768 0.0081635766453525636 0.026617665686780295 0.02961547550899531 -0.06084830795488342 -0.00054700253332038166 0.027639767916392572 0.0034014863347391474 -0.032232813957478519 -0.11952807428916647 0.024218522065971918 -0.025124008523620792 0.020935696822860627 -0.041744277158492535 0.013286295869716802 0.0067018016480644912 -0.1788268122240865 0.020231137170274947 -0.031457515680396043 -0.060646289200405684 0.016850288307528889 0.016450594227052084 0.015777190550566037 0.018281926697662172
leaf_weight=50.846955927350791 29.403192013211083 22.849805369216483 14.760157098964553 35.115388963349687 15.003635253277023 153.70780880865641 38.861506782472134 107.60466856136918 115.3277902957052 47.044994376599789 19.597117401659489 18.864628281444311 12.07527035474777 7772.1508321326692 157.4658023208176 12.35603756457567 35.718630914809182 39.328936904537841 139.06466343428474 108.90029897547356 31.949235465377569 28.354624708357733 4.195261074230074 246.24377873921185 42.543909884247114 42.684250381425954 184.07378576831979 29.588420197833329 22.22233125846833 21.253227777779102
leaf_count=5652 4014 85 747 3201 1370 484 81 105 52 10 71 24 3 56669 4937 79 76 280 236 4190 47 302 37 1672 1041 280 548 37 24 17
internal_value=0.00277605 -0.020204 0.00295594 0.00303281 0.00272701 0.0150902 0.0215048 0.00286862 0.0133845 0.00538511 -0.0025673 -0.0320352 -0.0144954 0.00250407 -0.00241099 -0.0237413 -0.0176928 0.00303521 -0.00257268 -0.00925588 -0.0279947 -0.0373466 -0.0483521 0.0165246 0.00320771 0.00102106 0.00938189 -0.0186366 -0.0346385 -0.0261573
internal_weight=9599.16 73.6968 9525.46 9510.7 9276.65 234.048 192.569 9241.54 308.439 193.111 146.066 38.4617 41.4785 8933.1 1118.4 226.794 214.438 891.609 630.362 491.297 173.399 141.45 113.096 261.247 7814.69 317.898 223.403 94.495 64.9066 178.719
internal_count=86371 5737 80634 79887 75305 4582 565 72104 262 210 200 95 4017 71842 14132 5109 5030 9023 5981 5745 4576 4529 4227 3042 57710 1169 828 341 304 4954
is_linear=0
shrinkage=0.03


Tree=209
num_leaves=31
num_cat=0
split_feature=32 56 65 57 55 58 51 56 56 8 55 17 27 56 67 56 56 20 56 57 55 56 55 25 72 40 66 60 66 65
split_gain=62.5934 49.6748 59.5956 152.706 105.609 78.4603 46.8945 46.8054 43.4255 164.223 251.803 117.054 111.525 105.184 102.281 94.3688 147.727 93.8843 87.4538 116.271 93.639 85.9639 85.5778 82.3024 91.2185 72.2332 87.6033 68.2935 92.6421 72.2039
threshold=1.0000000180025095e-35 0.0016476714740374251 198.50000000000003 3.5000000000000004 0.029049548550006982 2.5000000000000004 1.0000000180025095e-35 0.0012507313961251478 0.0039470903806293018 1.0000000180025095e-35 0.026100508894705211 1.0000000180025095e-35 1.0000000180025095e-35 0.0072401483730347776 1.0000000180025095e-35 0.011975709061230659 0.033474976598428303 1.0000000180025095e-35 0.024051509200471031 1.5000000000000002 0.015677023898642627 0.0045273608812876802 0.0011415177090412735 1.0000000180025095e-35 1.0000000180025095e-35 1.0000000180025095e-35 1.0000000180025095e-35 1.0000000180025095e-35 1.0000000180025095e-35 152.50000000000003
decision_type=2 2 2 2 2 2 2 2 2 2 2 2 2 2 2 2 2 2 2 2 2 2 2 2 2 2 2 2 2 2
left_child=6 -2 -3 4 5 -4 7 -1 14 10 18 13 21 -12 27 -15 -17 -18 22 20 -20 -11 -10 -24 -25 -23 -27 28 -9 -29
right_child=1 2 3 -5 -6 -7 -8 8 9 12 11 -13 -14 15 -16 16 17 -19 19 -21 -22 25 23 24 -26 26 -28 29 -30 -31
leaf_value=-0.035326634570755001 0.032174024500152006 0.016437990425030347 -0.043038559748721485 0.020711881673358971 0.011526073146425498 0.023983769852321077 -0.045299197808951461 -0.039308222932733998 0.0035275595821326936 -0.029731455424444626 -0.03558265150667516 -0.061757104112460291 -0.03773262684879003 0.022144339394406867 -0.032487950939367398 -0.058747893162420108 0.0068444641140149908 -0.033419141946180633 -0.07870517502574928 0.011011463736504117 -0.012190968655621436 0.0033273678722316753 -0.039356483399383732 -0.050800481392185001 0.035495760372327087 -0.062738562782594751 0.0054097052616278781 0.021101077092633397 0.010263540832661561 0.0046702627554171339
leaf_weight=32.235103123570298 75.264997002668679 298.17037981981412 116.62741843960248 153.96239772904664 67.956576003693044 17.489927984774113 19.433172113065666 64.192339844070375 60.161969419787056 72.661711235239636 59.176345809421036 24.983857874642126 61.937473978236085 224.62871673644986 61.575350577302743 35.806577123701572 561.17172770574689 56.453993007540703 27.125751894433051 130.77731671184301 60.493066551629454 5012.2324070551695 369.75405298979604 16.560843496932648 28.627059647813439 32.128382352297194 34.52169380383566 322.95117276988458 70.078085263914545 940.13668740697904
leaf_count=6257 72 580 1077 132 86 9 662 5723 2240 2440 542 244 1079 278 1173 244 641 172 213 188 158 32214 16244 350 7 299 90 1667 611 10835
internal_value=0.000827555 0.00924994 0.00656749 -0.00172166 -0.0188319 -0.0341855 9.33603e-05 0.000204278 0.000346029 -0.000652517 -0.00888059 0.00105466 0.00196179 0.00279306 0.00504478 0.00541691 -0.000358491 0.0031161 -0.0226473 -0.00689274 -0.0334387 0.00244627 -0.0298596 -0.0346972 0.00345406 0.00291239 -0.0278827 0.00672073 -0.0135512 0.00888473
internal_weight=9109.28 729.472 654.207 356.036 202.074 134.117 8379.8 8360.37 8328.14 6869.2 1655.72 962.221 5213.48 937.237 1458.93 878.061 653.432 617.626 693.5 218.396 87.6188 5151.54 475.104 414.942 45.1879 5078.88 66.6501 1397.36 134.27 1263.09
internal_count=86527 1956 1884 1304 1172 1086 84571 83909 77652 57643 21521 2121 36122 1877 20009 1335 1057 813 19400 559 371 35043 18841 16601 357 32603 389 18836 6334 12502
is_linear=0
shrinkage=0.03


Tree=210
num_leaves=31
num_cat=0
split_feature=29 56 57 65 55 71 56 0 58 55 66 56 10 54 56 65 4 56 56 65 56 62 56 65 39 56 60 55 56 55
split_gain=49.1401 38.5806 34.884 36.5845 61.9531 33.9911 46.2565 142.848 129.359 73.0446 56.2006 45.8302 134.787 50.6834 57.2058 50.9554 48.5089 46.1666 116.52 130.315 50.4309 74.2724 41.5673 42.3202 40.8483 60.302 39.972 111.626 70.4804 55.7559
threshold=1.0000000180025095e-35 0.17581565966311982 1.5000000000000002 122.50000000000001 0.031781826281211616 1.0000000180025095e-35 0.095310720481565928 7.7500000000000009 1.0000000180025095e-35 0.10679836295196168 1.0000000180025095e-35 0.002155962769067302 1.0000000180025095e-35 1.0000000180025095e-35 0.001933288950800299 51.500000000000007 1.0000000180025095e-35 0.0039470903806293018 0.0047237969248847241 370.50000000000006 0.0048172015739119875 1.0000000180025095e-35 0.023561139330300889 380.50000000000006 1.0000000180025095e-35 0.051136231577932643 1.0000000180025095e-35 0.0026626206054341075 0.0033704637159995845 0.002057627291215169
decision_type=2 2 2 2 2 2 2 2 2 2 2 2 2 2 2 2 2 2 2 2 2 2 2 2 2 2 2 2 2 2
left_child=1 5 3 4 -3 6 9 8 10 11 -8 12 13 15 -15 -1 -14 26 19 -19 21 -20 23 -7 -22 -26 27 28 -13 -28
right_child=-2 2 -4 -5 -6 22 7 -9 -10 -11 -12 17 16 14 -16 -17 -18 18 20 -21 24 -23 -24 -25 25 -27 29 -29 -30 -31
leaf_value=0.023281220326589934 -0.030936232255864018 0.0098874728127481982 0.02626544780340025 0.028336247429128353 -0.033861793431341991 -0.0019430428585483553 -0.1253818800099939 0.0036474877828294458 0.012231781246523922 -0.096257364435020629 -0.037102108507516135 -0.025012083495202283 0.024713413056573347 -0.032529059279751318 0.019223665745616025 -0.039059957229690752 -0.030646197909326375 -0.045185556553301386 -0.042241480198737823 0.0041600406278664865 0.0022792437388199412 0.034139496720124202 0.018971280176990658 0.013723734106213985 -0.053174994372973974 0.01704470153494619 -0.033577566903168793 -0.042217137367788912 0.028299586087465224 0.011667077818410775
leaf_weight=12.344819186968378 38.14206436349923 104.88091740012169 114.30296062491834 45.863557383418083 39.193590976297855 400.12985367246438 18.49965388700366 116.14365369081497 15.177835131064056 5.7873314460739484 11.421451147645714 31.357827211642871 101.59711839284864 32.670891328372818 43.816304330786807 127.03987826908269 15.670422539245918 98.349979229875316 12.390996615999027 93.191907800763147 6345.505140730711 83.263935934068286 228.89324549026787 252.26941655576229 27.392303031549091 17.340494383126497 24.217388574572396 50.103174786279851 71.455481118318858 951.61073447132367
leaf_count=63 2564 96 53 12 99 1085 113 140 13 40 30 1498 1086 4302 535 6853 764 4617 413 1557 48177 230 182 282 600 14 2008 2763 433 5947
internal_value=0.00261131 0.00274937 0.0132429 0.0053096 -0.00216532 0.00240048 0.00180555 -0.0140567 -0.0587406 0.00212125 -0.0939735 0.00220302 -0.00867799 -0.022706 -0.00301661 -0.0334121 0.0171192 0.00266843 0.00171924 -0.0212803 0.00240164 0.0239106 0.00799934 0.00412671 0.00207598 -0.0261771 0.00827721 -0.00595327 0.0119553 0.010511
internal_weight=9530.02 9491.88 304.241 189.938 144.075 9187.64 8306.35 161.243 45.0989 8145.11 29.9211 8139.32 333.139 215.872 76.4872 139.385 117.268 7806.18 6677.43 191.542 6485.89 95.6549 881.293 652.399 6390.24 44.7328 1128.74 152.916 102.813 975.828
internal_count=86569 84005 260 207 195 83745 82196 296 156 81900 143 81860 13603 11753 4837 6916 1850 68257 55608 6174 49434 643 1549 1367 48791 614 12649 4694 1931 7955
is_linear=0
shrinkage=0.03


Tree=211
num_leaves=31
num_cat=0
split_feature=26 51 29 55 55 63 55 55 48 55 55 55 5 38 30 62 57 65 55 57 55 65 65 57 0 57 32 60 55 65
split_gain=50.9027 47.7401 40.6718 40.4671 83.7589 51.0986 41.1936 49.9568 34.8173 87.5614 71.795 64.6056 33.4054 32.6418 31.873 32.9586 44.9958 45.5499 33.3109 36.8027 36.5902 56.9555 83.5693 32.3943 30.8044 27.1352 27.0767 54.7929 162.121 138.26
threshold=1.0000000180025095e-35 1.0000000180025095e-35 1.0000000180025095e-35 0.01115846687889677 0.003521635503638119 1.0000000180025095e-35 0.011945845925157792 0.034771930691627664 1.0000000180025095e-35 0.016299180440167958 0.028776686551824315 0.0046368854748460473 1.0000000180025095e-35 1.0000000180025095e-35 1.0000000180025095e-35 1.0000000180025095e-35 7.5000000000000009 636.50000000000011 0.0055644576374645361 1.5000000000000002 0.034771930691627664 58.500000000000007 659.50000000000011 45.500000000000007 5.3500000000000005 2.5000000000000004 1.0000000180025095e-35 1.0000000180025095e-35 0.036496636214826468 140.50000000000003
decision_type=2 2 2 2 2 2 2 2 2 2 2 2 2 2 2 2 2 2 2 2 2 2 2 2 2 2 2 2 2 2
left_child=1 2 8 4 5 -2 -5 -8 12 11 -11 -10 13 14 23 18 17 -17 19 -16 21 -20 24 26 -23 -13 27 28 29 -1
right_child=3 -3 -4 6 -6 -7 7 -9 9 10 -12 25 -14 -15 15 16 -18 -19 20 -21 -22 22 -24 -25 -26 -27 -28 -29 -30 -31
leaf_value=-0.040971730815473659 -0.03975572160365827 -0.044496520489761292 -0.028212063426795761 0.037003463920303126 -0.045119738151749161 0.019223850189501717 -0.045450759750974797 0.011180560638212307 -0.033414482901335869 -0.079836173028632773 -0.00065785409872101089 0.029483616300683843 -0.041035147968936203 -0.040756085582962752 -0.032139275041505717 -0.056982794667309947 0.021255621496505915 0.017595042254762758 0.034414909231927145 0.029176886519885262 0.01887003107543847 0.01332746956198581 0.023738086931537183 0.027465889480167427 -0.049289818746322704 0.00028849546647470846 0.0078241531100735062 0.0028936768603190352 -0.071402274096698928 0.00026497547926328724
leaf_weight=76.774611118278699 17.427617802939494 18.223219979052374 36.828485187375918 23.638071060180664 68.207753958253306 45.810555015224963 20.754676716867834 38.625600324478 17.528078321134672 13.175020395778118 37.830953961005434 189.37833561375737 14.748080721386939 14.531554295514068 8.609936784632735 21.657368050568039 22.600713575491682 10.349122966057619 23.211373090744019 135.84446209025919 106.61437607835978 7.9172280190396114 27.607455979567021 45.076453100889921 44.959500040742569 33.751511658774689 713.4012528329622 6270.0815059308115 30.16868997819256 1237.5571588790408
leaf_count=7439 1188 642 2590 1 2882 47 164 45 243 86 74 235 903 1096 382 716 27 74 2 326 83 89 29 27 533 99 1972 41879 245 22222
internal_value=0.00239643 0.00273524 0.00283427 -0.0120178 -0.0223137 0.00260399 0.00435576 -0.00903822 0.00296295 0.0131439 -0.0222518 0.0207068 0.00262451 0.00270237 0.0027789 0.0109428 -0.0106055 -0.033066 0.0142801 0.0253264 0.00660884 -0.0060573 -0.0180085 0.0023785 -0.0398408 0.0250884 0.00223943 0.00171525 -0.00377844 -0.00217312
internal_weight=9372.89 9158.43 9140.2 214.464 131.446 63.2382 83.0183 59.3803 9103.37 291.664 51.006 240.658 8811.71 8796.96 8782.43 409.372 54.6072 32.0065 354.764 144.454 210.31 103.696 80.4842 8373.06 52.8767 223.13 8327.98 7614.58 1344.5 1314.33
internal_count=86340 82013 81371 4327 4117 1235 210 209 78781 737 160 577 78044 77141 76045 2261 817 790 1444 708 736 653 651 73784 622 334 73757 71785 29906 29661
is_linear=0
shrinkage=0.03


Tree=212
num_leaves=31
num_cat=0
split_feature=37 57 60 28 18 65 59 63 55 38 5 55 56 56 56 56 71 59 62 55 55 55 56 56 18 65 56 55 56 58
split_gain=46.0432 68.3347 49.7411 37.4112 79.3356 73.9481 41.3463 70.4597 60.4002 33.9677 33.1771 31.1793 47.6422 30.5331 29.8342 49.5279 30.9304 57.6787 115.46 41.7831 53.6361 39.3631 62.0746 46.1568 31.8343 69.098 99.4505 68.108 65.9676 64.3372
threshold=1.0000000180025095e-35 1.5000000000000002 1.0000000180025095e-35 1.0000000180025095e-35 1.0000000180025095e-35 146.50000000000003 1.0000000180025095e-35 1.0000000180025095e-35 0.0069990775907807388 1.0000000180025095e-35 1.0000000180025095e-35 0.0040041430429044239 0.0414396605349414 0.079010979990600375 0.00078054427200581185 0.00082499269559835147 1.0000000180025095e-35 1.0000000180025095e-35 1.0000000180025095e-35 0.034261678046376622 0.0037420077390576084 0.0055761826431144886 0.001506055158456856 0.0072401483730347776 1.0000000180025095e-35 621.50000000000011 0.05207135636207947 0.0029021728080734686 0.011975709061230659 1.5000000000000002
decision_type=2 2 2 2 2 2 2 2 2 2 2 2 2 2 2 2 2 2 2 2 2 2 2 2 2 2 2 2 2 2
left_child=3 -2 -3 9 -5 -6 7 8 -7 10 14 -4 -13 -10 -1 -16 24 18 21 20 -20 22 -18 -24 27 -26 -27 -17 29 -29
right_child=1 2 11 4 5 6 -8 -9 13 -11 -12 12 -14 -15 15 16 17 -19 19 -21 -22 -23 23 -25 25 26 -28 28 -30 -31
leaf_value=-0.03315491823999183 -0.055708669757740047 -0.055524822540760035 0.024512849384936773 -0.045203305229976946 -0.076494665422821517 0.0040115025086257042 0.018259980993553911 0.020661478932073471 -0.064001680303868824 -0.041546241299901185 -0.042863454688188161 -0.040260720508990273 0.015279604477021709 0.015084737532465513 0.039705341977456225 -0.023526965259869834 0.028048218766010203 0.016250105362665565 -0.0046234313883728251 0.014780625010273454 -0.056596582573608188 0.012702463887411239 -0.059953747059406141 0.0052836986982065228 0.0015088542619506207 -0.011182069992823819 -0.13723806992497745 0.013628808198485803 0.0005708474536270478 -0.019880587744492466
leaf_weight=20.053345804735727 28.793759860564023 13.664885498234069 37.773301599139813 44.569693342971732 10.157616558411972 28.450374679887318 86.295781695749611 41.622739708051085 31.972144161816686 14.827390468941301 13.524084896656857 24.944760343525559 29.108380613848567 4.6779881399124852 31.269285170885269 70.641972207034996 20.405338391661644 396.45592964533716 28.043398112989962 15.729951815679668 49.204542677616701 301.65129367727786 24.475009152665734 15.578562092036007 5742.5495337085449 270.40310740322457 4.7647112160921088 915.35547509050957 930.92118931293953 53.77979455734021
leaf_count=4049 618 283 152 1388 179 469 315 28 325 1103 776 177 24 3 191 10475 6 392 146 15 541 295 103 21 34556 2351 34 23519 2734 1177
internal_value=0.00179213 -0.0155827 -0.00421003 0.00204831 -0.00942813 -0.00139738 0.00292851 -0.00952285 -0.0288422 0.0023681 0.00244588 0.00394213 -0.0106172 -0.0537746 0.00251961 0.00260398 0.00246826 0.00790032 0.000606607 -0.0290324 -0.0380289 0.00827592 -0.013657 -0.0350694 0.0018883 0.00080419 -0.0138538 0.00519666 0.00627639 0.0117507
internal_weight=9301.67 134.285 105.491 9167.38 247.746 203.177 193.019 106.723 65.1005 8919.63 8904.81 91.8264 54.0531 36.6501 8891.28 8871.23 8839.96 851.544 455.088 92.9779 77.2479 362.11 60.4589 40.0536 7988.42 6017.72 275.168 1970.7 1900.06 969.135
internal_count=86445 1254 636 85191 2707 1319 1140 825 797 82484 81381 353 201 328 80605 76556 76365 1519 1127 702 687 425 130 124 74846 36941 2385 37905 27430 24696
is_linear=0
shrinkage=0.03


Tree=213
num_leaves=31
num_cat=0
split_feature=0 51 65 0 0 65 65 55 55 68 55 55 63 63 60 7 65 65 21 4 10 65 41 4 57 65 11 34 65 65
split_gain=48.1477 43.9364 38.9325 87.021 53.6995 50.2825 82.8042 39.1825 104.723 93.699 58.8657 247.372 128.003 64.1926 73.1128 86.2093 72.759 214.239 91.4577 71.8697 61.2589 59.8646 58.0048 57.4572 122.654 66.7874 67.0155 79.1177 56.0075 109.837
threshold=4.1500000000000012 1.0000000180025095e-35 875.50000000000011 7.3500000000000005 8.5500000000000025 1271.5000000000002 912.50000000000011 0.0046575976997566331 0.0055112087782088837 1.0000000180025095e-35 0.02035367420542971 0.015677023898642627 1.0000000180025095e-35 1.0000000180025095e-35 1.5000000000000002 1.0000000180025095e-35 86.500000000000014 235.50000000000003 1.0000000180025095e-35 1.0000000180025095e-35 1.0000000180025095e-35 621.50000000000011 1.0000000180025095e-35 1.0000000180025095e-35 1.5000000000000002 300.50000000000006 1.0000000180025095e-35 1.0000000180025095e-35 201.50000000000003 231.50000000000003
decision_type=2 2 2 2 2 2 2 2 2 2 2 2 2 2 2 2 2 2 2 2 2 2 2 2 2 2 2 2 2 2
left_child=-1 2 7 -4 -5 6 -6 -2 9 -9 11 -10 20 14 15 21 -16 18 -18 28 -13 22 23 -12 25 26 27 -25 -17 -30
right_child=1 -3 3 4 5 -7 -8 8 10 -11 13 12 -14 -15 16 19 17 -19 -20 -21 -22 -23 -24 24 -26 -27 -28 -29 29 -31
leaf_value=-0.039325940058986299 0.0061350051983181716 -0.044259330074508885 0.02434001201552104 -0.025689618822667393 0.017815325033752442 0.020039050505286884 -0.061131761722541804 -0.028296132923069373 0.00069035024821642512 0.026506551986213284 0.0035188537994916861 -0.060855115036928802 0.0052005882954463799 0.015775386529450073 0.030203073836893655 -0.074407302062042255 -0.054459442030660762 0.014258178057380472 -0.0087666840609301484 0.002636375074673996 0.0016687370927789401 -0.060133774736815131 0.026828794176311045 -0.034743087733454976 -0.039334932402587119 -0.060483042385555671 0.0089461067876642607 0.033674112284644966 0.026360778330902578 -0.063773368195181451
leaf_weight=24.007450037079252 1695.0947743585712 17.163005751157471 220.3684659069113 62.725096513371682 25.919303900620434 94.006000636145473 20.673410930845421 177.76751513565978 3158.5801011652075 32.492381618125364 1558.6097687859219 105.65268596878741 47.70369317609584 390.12864908872871 130.75704718008637 29.147587653133087 49.914249306311831 738.29911905212793 177.13860372159979 54.400419042140129 16.191869821341243 13.180934254196471 78.638947051891591 72.022012576810084 91.778606443971512 15.228290909682981 279.99879228790815 18.358517329150345 22.315032844082452 24.690749087021686
leaf_count=1744 33586 613 1108 721 59 165 232 5375 31787 43 4137 1297 77 429 37 297 336 844 388 227 77 152 72 512 767 351 904 7 20 218
internal_value=0.00224852 0.00235865 0.00244845 0.0113247 -0.00283178 0.00747516 -0.0177623 0.00202835 0.00107183 -0.0197419 0.00169328 -0.00120968 -0.0364025 0.00427301 0.00293097 -0.00015548 0.00928447 0.00642272 -0.0190063 -0.0237236 -0.0526004 0.00130102 0.0017122 0.000729397 -0.00836617 -0.000912606 0.00169292 -0.0206294 -0.042344 -0.0213262
internal_weight=9442.95 9418.95 9401.78 423.692 203.324 140.599 46.5927 8978.09 7283 210.26 7072.74 3328.13 169.548 3744.61 3354.48 2258.37 1096.11 965.352 227.053 130.554 121.845 2127.82 2114.63 2036 477.386 385.608 370.379 90.3805 76.1534 47.0058
internal_count=86582 84838 84225 2285 1177 456 291 81940 48354 5418 42936 33238 1451 9698 9269 7664 1605 1568 724 762 1374 6902 6750 6678 2541 1774 1423 519 535 238
is_linear=0
shrinkage=0.03


Tree=214
num_leaves=31
num_cat=0
split_feature=18 56 21 15 41 55 37 8 61 55 24 56 6 45 0 55 59 27 60 56 56 0 63 56 55 55 55 21 56 8
split_gain=50.2126 49.3977 53.6098 58.082 58.0335 68.8269 59.4031 52.2759 50.5369 46.6946 46.6333 44.6646 72.511 45.8445 86.3902 92.0135 47.8572 61.1915 43.0807 42.2539 64.4114 44.6057 41.1076 40.5115 42.4302 126.494 61.8507 72.4021 62.212 110.258
threshold=1.0000000180025095e-35 0.048022201973341977 1.0000000180025095e-35 1.0000000180025095e-35 1.0000000180025095e-35 0.028776686551824315 1.0000000180025095e-35 1.0000000180025095e-35 1.0000000180025095e-35 0.0010735629434673237 1.0000000180025095e-35 0.051136231577932643 1.0000000180025095e-35 1.0000000180025095e-35 7.3500000000000005 0.031781826281211616 1.0000000180025095e-35 1.0000000180025095e-35 1.5000000000000002 0.0029614265517496591 0.001933288950800299 5.6500000000000012 1.0000000180025095e-35 0.0033704637159995845 0.0066168109075340131 0.0046063051656597817 0.026136412670283479 1.0000000180025095e-35 0.027940916386617273 1.0000000180025095e-35
decision_type=2 2 2 2 2 2 2 2 2 2 2 2 2 2 2 2 2 2 2 2 2 2 2 2 2 2 2 2 2 2
left_child=9 2 4 -4 5 6 8 -7 -2 -1 -5 12 -11 14 16 -16 17 -13 22 20 21 -14 -3 -21 25 -25 28 -28 29 -26
right_child=1 18 3 10 -6 7 -8 -9 -10 11 -12 13 19 -15 15 -17 -18 -19 -20 23 -22 -23 -24 24 26 -27 27 -29 -30 -31
leaf_value=-0.037071576290623499 -0.044135085228382907 0.0011347010662082907 -0.046142099157792674 0.0018126177955638968 0.024532086094870956 -0.057621950554249013 0.015632098850461695 0.0090539748452299791 0.021094755225262697 -0.038646896997771608 -0.052955096639704338 -0.022579111820335802 0.024409377839143327 0.02871956667175975 -0.10602136881543379 -0.013817441611844278 0.011502377396067284 0.027889573801334305 0.018215170748503647 0.028838349544406689 -0.02642037457340592 -0.035621742944947681 0.020752365321001252 0.013359014804278532 -0.038208885036817047 -0.022722005755881562 0.0065770521396037616 -0.040461675189667791 0.027535327180811461 0.014332173267884954
leaf_weight=20.652386540179577 112.44021996868105 610.12231789529324 21.950515341181017 5729.3436661241576 33.827321533637587 10.908482160928541 21.184781433737953 94.124425208843604 11.21541269647423 27.5487318455489 13.027503821125718 110.55993166193366 59.926100245203997 37.200567431747913 13.827300607226787 29.468547256663442 152.66369977593422 25.918947711586952 272.46999812684953 103.8134076159331 70.521349271533836 12.707981970648687 113.1426421944052 248.89237361636333 37.382155384671933 133.52667170857603 508.68595552525949 30.263357553631067 312.63953262148425 576.67463249956199
leaf_count=4408 4047 780 843 35622 151 135 149 252 23 1483 232 281 2817 10 78 58 137 7 202 1194 3673 1668 85 8592 3265 7895 1451 357 392 6031
internal_value=0.00318101 0.00188166 0.000861684 0.00148909 -0.0118467 -0.0168498 -0.0301852 0.00165104 -0.0380971 0.006821 0.00167917 0.00719945 0.00887481 -0.00241899 -0.00597914 -0.0449931 -2.30344e-06 -0.0128614 0.00806982 0.00951784 -0.00617913 0.0135653 0.00422797 0.0106717 0.00963613 0.000734445 0.0119567 0.00386567 0.016653 0.0110767
internal_weight=9556.63 7043.76 6048.02 5764.32 283.701 249.873 144.84 105.033 123.656 2512.87 5742.37 2492.22 2122.58 369.639 332.438 43.2958 289.143 136.479 995.735 2095.03 143.155 72.6341 723.265 1951.88 1848.06 382.419 1465.65 538.949 926.696 614.057
internal_count=86318 42521 41454 36697 4757 4606 4219 387 4070 43797 35854 39389 38818 571 561 136 425 288 1067 37335 8158 4485 865 29177 27983 16487 11496 1808 9688 9296
is_linear=0
shrinkage=0.03


Tree=215
num_leaves=31
num_cat=0
split_feature=56 6 65 2 35 57 65 65 65 65 56 68 56 0 65 59 0 56 53 65 65 60 56 16 13 37 66 60 65 65
split_gain=60.8714 69.4729 66.0569 80.6447 72.6797 62.03 196.942 155.461 105.016 169.491 104.672 84.3999 72.4665 87.0441 72.0283 108.455 81.2891 70.7537 71.4884 59.3109 56.9903 83.0757 141.967 63.6874 70.6396 58.3851 65.5552 124.294 90.1361 94.1692
threshold=0.026231540054596634 1.0000000180025095e-35 751.50000000000011 1.0000000180025095e-35 1.0000000180025095e-35 1.5000000000000002 198.50000000000003 288.50000000000006 192.50000000000003 160.50000000000003 0.015672130700583192 1.0000000180025095e-35 0.0016370956852815514 7.7500000000000009 302.50000000000006 1.0000000180025095e-35 7.9500000000000011 0.0025014244426696769 1.0000000180025095e-35 55.500000000000007 235.50000000000003 2.5000000000000004 0.027940916386617273 1.0000000180025095e-35 1.0000000180025095e-35 1.0000000180025095e-35 1.0000000180025095e-35 1.5000000000000002 358.50000000000006 278.50000000000006
decision_type=2 2 2 2 2 2 2 2 2 2 2 2 2 2 2 2 2 2 2 2 2 2 2 2 2 2 2 2 2 2
left_child=2 -2 4 -4 5 6 8 11 9 -1 12 -8 -9 -14 16 -16 -15 19 -19 -7 21 23 -23 -3 -25 26 27 28 29 -22
right_child=1 20 3 -5 -6 17 7 10 -10 -11 -12 -13 13 14 15 -17 -18 18 -20 -21 25 22 -24 24 -26 -27 -28 -29 -30 -31
leaf_value=0.0069874889251961792 -0.017063786709975229 0.0048829821827402597 -0.033145801057904198 0.012996049568252524 -0.044444560808041267 0.021910149027111664 -0.036752180543135629 0.027170041755345674 0.028368001413234409 -0.037006401526586831 -0.051200664965435051 0.021467731650497292 -0.030460556026299837 0.030311775926409382 -0.0011756265841136042 -0.043128220583855049 -0.042016766148555248 0.0010740623029236657 0.027467514592696706 -0.026691420949079982 -0.0099010526743614855 0.015810072247021786 -0.05592377001878613 -0.0058614494431851382 -0.069457180833138302 0.033144816229741317 0.015844957102847095 0.016489253271324483 0.0015046322432649712 -0.061121665686730553
leaf_weight=519.57937612331443 127.43837157497182 1300.3567602601834 35.78573594608315 472.53685349071748 34.402886956144357 26.380711730191251 281.68086074016901 60.054449299394037 148.62703146660351 91.875070714108006 44.168484925990924 23.69912384415511 116.12102458444133 93.595966536318883 374.34727956276038 64.117166244948748 15.512661439890506 3473.4591969498288 93.88744636438787 133.29069973353762 96.520488555543125 43.142161469906569 56.386800692416728 61.333480001892895 20.237900303676724 88.985514283180237 574.01488973014057 327.98842711467296 304.32133768219501 47.935241078026593
leaf_count=11052 315 2040 817 2827 1203 161 9792 1136 752 3999 376 60 6197 241 3262 851 287 31254 197 6991 244 44 265 162 155 34 451 325 537 219
internal_value=0.00107465 0.00453566 -0.000654675 0.00968898 -0.00159602 -0.00132297 -0.00583913 -0.0141082 0.00584062 0.000327486 -0.00688952 -0.0321787 -0.00411841 -0.00698617 -0.00196162 -0.00739458 0.0197402 0.00089957 0.0017762 -0.0185751 0.00548345 0.00135088 -0.0249818 0.0032641 -0.0222897 0.0097318 0.00816604 0.0024784 -0.00777532 -0.0272011
internal_weight=9151.78 3048.66 6103.12 508.323 5594.8 5560.4 1833.38 1073.3 760.081 611.454 767.917 305.38 723.749 663.694 547.573 438.464 109.109 3727.02 3567.35 159.671 2921.22 1481.46 99.529 1381.93 81.5714 1439.77 1350.78 776.765 448.777 144.456
internal_count=86246 4791 81455 3644 77811 76608 38005 22202 15803 15051 12350 9852 11974 10838 4641 4113 528 38603 31451 7152 4476 2666 309 2357 317 1810 1776 1325 1000 463
is_linear=0
shrinkage=0.03


Tree=216
num_leaves=31
num_cat=0
split_feature=56 17 3 56 48 0 0 55 56 52 55 33 12 57 65 55 56 10 55 57 72 56 65 65 56 65 56 65 15 33
split_gain=61.933 72.6931 74.5887 66.4238 101.836 60.4686 137.664 71.9755 56.1053 53.6802 53.0156 52.9191 53.4006 110.27 51.3109 47.9073 71.3685 58.6956 82.4525 52.4987 69.5162 50.5438 64.6951 112.558 48.7796 47.0681 45.9888 50.1673 45.6398 45.4963
threshold=0.0070793993871210567 1.0000000180025095e-35 1.0000000180025095e-35 0.0068988356286288468 1.0000000180025095e-35 7.8500000000000005 8.7500000000000018 0.00070332916830404132 0.0022730135126592869 1.0000000180025095e-35 0.068361472679930133 1.0000000180025095e-35 1.0000000180025095e-35 1.5000000000000002 68.500000000000014 0.025300402343066578 0.0066404463067947124 1.0000000180025095e-35 0.0040436066657152303 7.5000000000000009 1.0000000180025095e-35 0.00087936137278369936 912.50000000000011 140.50000000000003 0.005055418790465083 176.50000000000003 0.0069318971412261092 223.50000000000003 1.0000000180025095e-35 1.0000000180025095e-35
decision_type=2 2 2 2 2 2 2 2 2 2 2 2 2 2 2 2 2 2 2 2 2 2 2 2 2 2 2 2 2 2
left_child=1 3 10 5 26 11 -7 -8 28 29 -3 12 15 -14 -10 16 17 19 -19 -1 -21 -20 23 -23 -17 -26 27 -5 -9 -2
right_child=9 2 -4 4 -6 6 7 8 14 -11 -12 -13 13 -15 -16 24 -18 18 21 20 -22 22 -24 -25 25 -27 -28 -29 -30 -31
leaf_value=0.016035267254179281 0.0044298427531614653 -0.037766216003734657 0.027322011481651219 0.0076627992953649969 0.02738375557522351 -0.045707337895288178 0.022884034870699396 0.029749862128765826 -0.056319820811539079 -0.051293884409676908 0.021738980396105084 -0.035690586501148404 -0.032501051248037427 0.0066081381590978039 -0.00059647118884935803 -0.031697748237439927 -0.046482210830187477 -0.046981495206152517 0.040009580852626118 -0.062954980894235152 0.025035033432002887 0.028949865543451175 0.025846216328674905 -0.039929410053100502 0.020352915650296725 -0.023829481109293001 -0.045274696589698647 -0.047218929984108128 -0.036069169610423758 0.024630314994067325
leaf_weight=938.42838998943625 5589.8703847203869 107.15868562114701 23.233041158760898 44.496219484084577 35.405704007716849 62.976222369601601 106.47992453383631 10.228243827819822 14.028146162308984 14.406162506988037 14.732997492887078 26.623577266538632 91.371383551049803 217.23983197809866 1437.1273531293555 48.541218309816031 18.32270759709354 31.266575127199758 29.939506079426792 16.73787605540565 14.072885860688986 31.390465480188141 47.563108467962593 62.161490798185696 61.514740447513759 32.269014077843167 73.077025376849633 21.438357918377733 67.640683733479818 101.23729725007433
leaf_count=10331 22651 13293 344 547 42 1455 1274 1 234 171 24 767 6449 6650 10623 1417 907 1548 69 369 8 200 53 1640 100 213 2404 639 1720 223
internal_value=0.00268508 -0.000346226 -0.0210822 0.00050949 -0.0174885 0.00144703 -0.0025364 -0.000847161 -0.00251366 0.00464286 -0.0304555 0.00550371 0.00619345 -0.0050386 -0.00117355 0.00879722 0.0107645 0.0116987 -0.00298633 0.014764 -0.0232417 0.00528174 -0.00231593 -0.0167559 -0.00761048 0.00505966 -0.0290312 -0.0106206 -0.0271561 0.00479345
internal_weight=9390.98 3685.47 145.125 3540.34 174.417 3365.92 1698.48 1635.5 1529.02 5705.51 121.892 1667.44 1640.82 308.611 1451.16 1332.21 1189.88 1171.56 202.321 969.239 30.8108 171.055 141.115 93.552 142.325 93.7838 139.012 65.9346 77.8689 5691.11
internal_count=86366 63321 13661 49660 3632 46028 15307 13852 12578 23045 13317 30721 29954 13099 10857 16855 15125 14218 3510 10708 377 1962 1893 1840 1730 313 3590 1186 1721 22874
is_linear=0
shrinkage=0.03


Tree=217
num_leaves=31
num_cat=0
split_feature=0 17 17 12 65 56 55 55 56 0 21 65 65 57 56 12 56 55 56 0 55 62 65 0 56 56 55 65 65 4
split_gain=40.7917 86.1267 85.7703 83.4926 75.9098 73.5578 67.8201 67.7723 97.9828 78.3682 85.3382 57.0783 157.992 53.2789 52.6448 52.4703 52.1695 51.763 48.8617 72.5 157.949 90.8195 89.8415 118.614 65.6223 85.8332 118.199 67.4607 62.6809 98.9481
threshold=5.5500000000000007 1.0000000180025095e-35 1.0000000180025095e-35 1.0000000180025095e-35 398.50000000000006 0.0072401483730347776 0.034261678046376622 0.0072480298081758826 0.025256962971620851 8.5500000000000025 1.0000000180025095e-35 257.50000000000006 132.50000000000003 1.5000000000000002 0.024051509200471031 1.0000000180025095e-35 0.0039295846732344255 0.034771930691627664 0.048022201973341977 7.1500000000000012 0.0092217361296526232 1.0000000180025095e-35 780.50000000000011 6.1500000000000012 0.0040243207833668268 0.0046398999284602256 0.0010735629434673237 51.500000000000007 164.50000000000003 1.0000000180025095e-35
decision_type=2 2 2 2 2 2 2 2 2 2 2 2 2 2 2 2 2 2 2 2 2 2 2 2 2 2 2 2 2 2
left_child=2 18 3 4 11 -3 16 14 -9 10 -10 12 13 -1 -7 -12 -4 -5 19 20 22 -22 23 -2 -21 26 -26 -27 29 -20
right_child=1 5 6 17 -6 7 -8 8 9 -11 15 -13 -14 -15 -16 -17 -18 -19 28 24 21 -23 -24 -25 25 27 -28 -29 -30 -31
leaf_value=0.024319095869174755 0.012470538547462684 -0.038578050643264437 -0.032160447063693524 -0.034844789072690799 -0.039740918572674207 0.025709922303247611 -0.061714423088887867 -0.040629887682311787 0.0036928517875254468 0.025220403017929643 -0.060795600253217619 0.021080187278624193 -0.040620371810523144 -0.058199688537673308 -0.047610541403594484 0.0017324366052570996 0.021486122885926572 0.0043019954603815318 -0.023315334300309992 0.0068286312994512068 -0.050350571634799675 0.0042137552034110272 0.028010052000279954 -0.036440943770253927 0.021137593356182774 -0.054859666571859783 -0.040961440166963396 0.00031358507991559645 0.01169983227149125 0.0093321767116956462
leaf_weight=103.20993008244113 96.971838479941653 77.6711099653985 16.177772108952922 87.079145910000079 29.125999796102406 73.632524338230724 8.5839268576237355 83.823065953270998 91.624763755127788 63.395695487037301 40.555432120338082 190.75399727180775 62.031153840485786 6.6119175370695293 9.0636287424713355 16.950884728692472 383.31979984237842 46.11454095877707 137.34922776371241 1370.2780430109342 109.86280105459446 36.295615585841006 81.158974689664319 81.08319454111188 37.333473647944629 19.031263481476344 99.296715638483874 4635.4461544255319 780.8951212009415 210.01657817512751
leaf_count=387 5732 7814 3093 7983 1284 757 88 1503 207 30 221 2018 2761 347 88 45 4135 102 308 11910 1651 155 473 4654 285 161 2001 25146 722 211
internal_value=0.00115256 0.000472081 0.00709108 -0.000932651 0.00604967 -0.0121709 0.0173893 -0.00667247 -0.0133698 -0.00247816 -0.0143424 0.00982693 -0.00271369 0.0188706 0.017201 -0.0426499 0.0192388 -0.0213603 0.00122395 0.000232643 -0.0120407 -0.036864 0.00204389 -0.00988203 0.00104196 -0.000614137 -0.0239629 7.62568e-05 0.00698831 -0.0036066
internal_weight=9084.74 8151.74 933.008 524.927 391.733 456.717 408.081 379.046 296.35 212.527 149.131 362.607 171.853 109.822 82.6962 57.5063 399.498 133.194 7695.02 6566.76 405.372 146.158 259.214 178.055 6161.39 4791.11 136.63 4654.48 1128.26 347.366
internal_count=86272 64074 22198 14882 6797 10665 7316 2851 2006 503 473 5513 3495 734 845 266 7228 8085 53409 52168 12665 1806 10859 10386 39503 27593 2286 25307 1241 519
is_linear=0
shrinkage=0.03


Tree=218
num_leaves=31
num_cat=0
split_feature=58 55 34 52 37 65 65 20 65 65 65 27 55 55 63 0 57 27 55 0 55 26 45 2 65 55 59 65 65 65
split_gain=46.1235 74.7838 59.1029 57.7975 52.8605 78.7637 89.0069 51.8067 69.7333 111.799 71.6821 60.4038 58.8552 166.435 60.123 51.5615 48.2422 77.7459 47.9956 81.4863 78.6927 76.0197 54.718 51.5489 115.363 91.0073 77.9493 109.856 112.914 72.9103
threshold=1.0000000180025095e-35 0.00091904144094209631 1.0000000180025095e-35 1.0000000180025095e-35 1.0000000180025095e-35 174.50000000000003 440.50000000000006 1.0000000180025095e-35 404.50000000000006 659.50000000000011 912.50000000000011 1.0000000180025095e-35 0.031781826281211616 0.048763003506173415 1.0000000180025095e-35 5.2500000000000009 4.5000000000000009 1.0000000180025095e-35 0.057612852812660494 8.9500000000000011 0.040204257762726812 1.0000000180025095e-35 1.0000000180025095e-35 1.0000000180025095e-35 55.500000000000007 0.0035378959508221264 1.0000000180025095e-35 150.50000000000003 152.50000000000003 65.500000000000014
decision_type=2 2 2 2 2 2 2 2 2 2 2 2 2 2 2 2 2 2 2 2 2 2 2 2 2 2 2 2 2 2
left_child=1 -1 15 4 7 -6 -7 11 12 -10 -11 18 14 -14 16 -2 -9 -18 20 -20 21 22 23 24 -3 -25 27 -26 -29 -27
right_child=2 3 -4 -5 5 6 -8 8 9 10 -12 -13 13 -15 -16 -17 17 -19 19 -21 -22 -23 -24 25 26 29 -28 28 -30 -31
leaf_value=-0.035527749526205181 -0.045737783880568456 -0.03895361936115467 -0.052931158073887132 -0.049721821315420509 -0.065526444571499254 0.026990513541234197 -0.050361489087259549 0.014872821364644654 -0.042543741934773775 0.016468433916247333 -0.033791284257812665 -0.039094734284404173 -0.063256144425107672 0.0075430027895459478 -0.055675969679799334 0.0056510471367383916 -0.045585964886224517 0.023133128592105714 -0.0079105653346276308 0.020546134317822897 -0.03743284475003384 -0.045875636766843392 -0.05437959941653988 -0.028976206016476953 -0.048966117243908161 0.014378665238610739 0.012265906819398662 0.05204321297428436 -0.00088639465636400653 -0.0036590825242210465
leaf_weight=50.248935473704478 16.68586017618145 54.698350668775674 14.746120690630049 19.264446237648372 9.0388230438111332 168.12223805913527 13.625252487661781 823.46516513953975 64.393685307677515 109.27295547129324 32.25314218326821 36.021590520453174 36.128309344014269 152.3536290617194 10.651103537529705 3029.2690830940555 30.449685845858767 27.150111314840615 146.77791790594347 233.67621111311018 53.245088717550971 32.807401719881454 16.027210915810429 116.87664236264391 39.809459095638886 221.58331855780852 729.9835248310701 36.893109388765879 848.23648955053795 2148.0994559595565
leaf_count=5934 2054 426 463 380 182 419 206 10950 2704 859 597 534 553 239 153 24095 1031 134 301 149 251 1281 325 5908 791 631 3085 40 5879 16082
internal_value=0.00203905 0.000563379 0.00505661 0.000861044 0.00102643 0.0165306 0.0209477 0.000530831 0.00586535 -0.0100993 0.00485775 -0.000925289 0.00891523 -0.00629003 0.0121326 0.00535462 0.0130145 -0.0133527 -0.00062313 0.00957568 -0.00152788 -0.00106882 -0.000709025 -0.000491124 0.00351777 -0.00324772 0.0049442 -0.000841265 0.00137601 -0.00196706
internal_weight=9321.85 6261.15 3060.7 6210.9 6191.64 190.786 181.747 6000.85 1286.12 205.92 141.526 4714.74 1080.2 188.482 891.716 3045.95 881.065 57.5998 4678.71 380.454 4298.26 4245.01 4212.21 4196.18 1709.62 2486.56 1654.92 924.939 885.13 2369.68
internal_count=86636 60024 26612 54090 53710 807 625 52903 17220 4160 1456 35683 13060 792 12268 26149 12115 1165 35149 450 34699 34448 33167 32842 10221 22621 9795 6710 5919 16713
is_linear=0
shrinkage=0.03


Tree=219
num_leaves=31
num_cat=0
split_feature=18 56 56 54 57 13 2 65 55 55 55 55 6 57 65 37 57 65 8 32 56 56 55 55 55 8 56 57 0 55
split_gain=41.346 74.3684 165.15 93.5079 152.979 58.8252 107.083 61.6453 53.1158 76.2311 178.665 108.936 80.0859 67.1596 72.1074 66.0283 58.3291 58.2764 57.4369 86.5165 54.5847 101.286 84.4145 179.376 75.1271 83.4447 75.2188 59.1109 107.544 78.715
threshold=1.0000000180025095e-35 0.032660197162707801 0.027940916386617273 1.0000000180025095e-35 5.5000000000000009 1.0000000180025095e-35 1.0000000180025095e-35 51.500000000000007 0.057612852812660494 0.0059628976246150316 0.0070793993871210567 0.0059228531034993181 1.0000000180025095e-35 6.5000000000000009 192.50000000000003 1.0000000180025095e-35 7.5000000000000009 184.50000000000003 1.0000000180025095e-35 1.0000000180025095e-35 0.0052764950153820619 0.0057950219280482303 0.00070332916830404132 0.003866179080688759 0.0046575976997566331 1.0000000180025095e-35 0.0069633442171564012 1.5000000000000002 9.0500000000000025 0.0052393313713162363
decision_type=2 2 2 2 2 2 2 2 2 2 2 2 2 2 2 2 2 2 2 2 2 2 2 2 2 2 2 2 2 2
left_child=-1 2 5 4 -4 6 -2 -7 9 11 12 16 -11 14 17 -12 20 -14 19 -10 27 -22 -23 -24 25 -25 -26 28 -9 -29
right_child=1 -3 3 -5 -6 7 -8 8 18 10 15 -13 13 -15 -16 -17 -18 -19 -20 -21 21 22 23 24 26 -27 -28 29 -30 -31
leaf_value=0.0054475676947357563 -0.050782386704166238 0.0063406861619354268 -0.081224976300775673 -0.0021592895362169367 -0.011781309653469558 -0.049866881507638024 0.016316077932397342 0.0050570284003452802 -0.064033751194329289 0.019891540064306219 -0.00061250970957522541 0.036331488727347254 -0.028395352631168651 0.0030693479276651518 -0.043789890610411573 -0.051380576283176813 -0.028416874448504516 0.013775827417599203 0.019124303418650481 0.021147225955674854 -0.036198902708837931 0.025662691523842786 -0.033876195355238774 -0.050658291362348333 0.0054447863697229919 0.026694291825744558 -0.039197594147691757 0.0073256897328512326 -0.040833188217492628 0.033609697697908981
leaf_weight=2362.7733934066891 21.934015379607445 1679.0491253542714 54.477117642760277 74.365195750258863 59.644457248970866 21.901480466105568 327.62980391370365 231.58134605308442 19.289315833942965 35.880965235381154 2216.0988872100279 85.753624067176133 90.412432044817251 58.131501160445623 189.02536317638442 22.299184250528924 54.412357148888987 42.807175047462806 211.67862275987864 22.005544869229198 75.89702006837615 98.033180535276188 134.93019907818234 12.700447061622979 115.41707549151033 159.4756500593503 47.021064310480142 559.65562555742508 56.291850680645439 124.82012687427778
leaf_count=43926 614 1984 305 184 133 333 940 4185 105 292 11146 155 1943 169 3325 220 566 163 159 13 1873 826 3246 245 1145 403 624 5276 1865 180
internal_value=0.00202312 0.000850305 -0.000915383 -0.0284101 -0.0453486 0.000119309 0.011973 -0.000767404 -0.00052618 -0.00129409 -0.00450111 0.003554 -0.0225239 -0.0265667 -0.0319058 -0.00114099 0.0018504 -0.0148429 0.0128149 -0.019215 0.00288658 -0.00388786 0.000488866 -0.00481038 0.00697616 0.0207289 -0.00763863 0.00736912 -0.00402681 0.0121608
internal_weight=9265.39 6902.62 5223.57 188.487 114.122 5035.08 349.564 4685.52 4663.62 4410.65 2654.66 1755.99 416.257 380.376 322.245 2238.4 1670.24 133.22 252.973 41.2949 1615.82 643.475 567.578 469.544 334.614 172.176 162.438 972.349 287.873 684.476
internal_count=86543 42617 40633 622 438 40011 1554 38457 38124 37847 17258 20589 5892 5600 5431 11366 20434 2106 277 118 19868 8362 6489 5663 2417 648 1769 11506 6050 5456
is_linear=0
shrinkage=0.03


Tree=220
num_leaves=31
num_cat=0
split_feature=54 62 0 31 65 65 60 56 59 59 56 56 65 65 60 56 63 65 66 56 65 56 0 65 65 0 65 56 56 56
split_gain=54.3746 124.97 110.343 73.6692 143.713 258.803 96.9083 72.6247 70.2834 67.2974 61.5962 57.3738 54.8996 61.6983 138.829 84.8254 79.1134 69.5979 124.016 124.065 85.986 124.516 84.8204 82.4141 66.8622 63.7588 163.571 140.154 59.0504 64.3924
threshold=1.0000000180025095e-35 1.0000000180025095e-35 5.3500000000000005 1.0000000180025095e-35 158.50000000000003 261.50000000000006 1.5000000000000002 0.0019941073967910724 1.0000000180025095e-35 1.5000000000000002 0.026231540054596634 0.10483687077254721 401.50000000000006 292.50000000000006 1.5000000000000002 0.0022020675352604339 1.0000000180025095e-35 267.50000000000006 1.0000000180025095e-35 0.12145281554420055 199.50000000000003 0.13862626742538772 8.0500000000000025 241.50000000000003 253.50000000000003 8.3500000000000032 194.50000000000003 0.049807384346336886 0.0037325599991217509 0.02161452528237261
decision_type=2 2 2 2 2 2 2 2 2 2 2 2 2 2 2 2 2 2 2 2 2 2 2 2 2 2 2 2 2 2
left_child=3 2 11 -1 8 6 -6 -4 -5 12 -3 -2 13 15 16 -9 -15 18 20 22 25 23 -20 -22 -25 26 27 -17 -24 -30
right_child=1 10 7 4 5 -7 -8 9 -10 -11 -12 -13 -14 14 -16 17 -18 -19 19 -21 21 -23 28 24 -26 -27 -28 -29 29 -31
leaf_value=0.0043392449668919813 -0.045565281980874721 -0.038757398787265897 -0.036733173517379154 0.021004406553244193 -0.033172333542709008 0.000546304402014929 -0.089553565518886893 0.041300521814338367 -0.019167107592931405 0.020503630270278392 0.0022390625425947152 0.018541162227679972 0.0083330970072134341 -0.052934433507392402 0.010732512876230652 -0.03654330855605608 0.0010269261540845859 0.013988402289771877 -0.048103675603891838 -0.11761820327397936 -0.046964307660992501 0.02963091665209169 0.029258608190310478 0.0081378246743886631 -0.052917654164375653 0.014222814171077519 0.031016808464997669 0.0062601741306379599 -0.059140927934595307 9.0059412207578427e-05
leaf_weight=6019.53535882695 67.581712746414269 115.82846340182732 43.697093843817129 167.16700468008639 74.443887476809323 207.10064855542441 44.480064714327455 42.17036285350332 50.253800238635449 161.34378601569915 45.813374761492014 14.80081846565008 584.23790215628105 88.361459391657263 90.182102768565528 137.50565190010821 33.612912026233971 219.14661357575096 61.218966618820559 11.729394882917402 91.604305126296822 42.054886445403099 32.379118402022868 67.612967058899812 20.126950058911461 346.78970434784424 90.553843579487875 136.39816310070455 23.112776427937206 52.442014522850513
leaf_count=54479 4425 5935 3718 222 429 981 272 288 257 359 79 8 3462 2146 328 2957 63 839 538 67 1834 10 43 450 466 962 220 162 253 73
internal_value=0.00192552 -0.00172739 -4.2632e-05 0.00338401 -0.0071853 -0.0197596 -0.054831 0.00114716 0.0116741 0.00187222 -0.0271956 -0.0339637 0.000478929 -0.00241593 -0.0174339 -8.74777e-05 -0.0381767 -0.00142712 -0.00447078 -0.0271317 -5.14452e-05 -0.0163354 -0.0202029 -0.0272186 -0.00630639 0.00503328 -0.00372577 -0.0152829 -0.00408149 -0.018565
internal_weight=9183.29 2620.31 2458.66 6562.98 543.445 326.025 118.924 2376.28 217.421 2332.58 161.642 82.3825 2171.24 1587 212.156 1374.85 121.974 1332.68 1113.53 180.882 932.646 221.399 169.153 179.344 87.7399 711.247 364.458 273.904 107.934 75.5548
internal_count=86325 29685 23671 56640 2161 1682 701 19238 479 15520 6014 4433 15161 11699 2537 9162 2209 8874 8035 974 7061 2760 907 2750 916 4301 3339 3119 369 326
is_linear=0
shrinkage=0.03


Tree=221
num_leaves=31
num_cat=0
split_feature=3 57 55 55 65 32 65 65 55 56 48 65 65 56 32 55 57 65 55 63 59 57 55 65 56 56 59 58 17 65
split_gain=42.937 87.5064 41.2513 98.2525 101.123 91.755 76.0631 69.0975 96.0614 110.437 142.691 93.5957 112.928 98.9126 116.687 82.1562 81.1471 81.0926 74.3795 67.3542 83.4252 66.948 66.0989 57.0551 50.8074 107.55 61.6099 106.415 54.1553 49.6017
threshold=1.0000000180025095e-35 1.5000000000000002 0.007222384741534674 0.0039295846732344255 373.50000000000006 1.0000000180025095e-35 1271.5000000000002 257.50000000000006 0.005786946757218134 0.0047920786754938865 1.0000000180025095e-35 199.50000000000003 194.50000000000003 0.0014373729723480054 1.0000000180025095e-35 0.0065232643342508587 6.5000000000000009 764.50000000000011 0.0068988356286288468 1.0000000180025095e-35 1.0000000180025095e-35 2.5000000000000004 0.004474372081653911 190.50000000000003 0.0063291234767716645 0.0072401483730347776 1.0000000180025095e-35 1.5000000000000002 1.0000000180025095e-35 184.50000000000003
decision_type=2 2 2 2 2 2 2 2 2 2 2 2 2 2 2 2 2 2 2 2 2 2 2 2 2 2 2 2 2 2
left_child=2 -2 3 4 24 6 -6 11 9 21 -11 12 13 -5 15 -15 -13 18 -10 20 -17 -9 -16 -24 28 -26 27 -27 -1 -22
right_child=1 -3 -4 7 5 -7 -8 8 17 10 -12 16 -14 14 22 19 -18 -19 -20 -21 29 -23 23 -25 25 26 -28 -29 -30 -31
leaf_value=0.013304663105055325 -0.055779963591617507 -0.0010669123542433377 0.0030296166086432883 0.036917163600896745 -0.04198812225776264 0.018480159719816432 0.017042467569242933 0.0077014636008649016 0.013866463579655156 -0.040169832809758013 0.023874361774629326 -0.043972722047289019 0.022900637063317256 -0.045332227736293557 0.032689202148402437 -0.058784556392768368 0.0062484504270368495 -0.041674104472562042 -0.016322265492744882 0.010881721387055055 -0.046897212111598009 -0.037989006986744504 -0.060987031636237685 0.023569336841289985 -0.046439230452175635 -0.044182368540863826 0.024302607838220247 0.023234669010797855 -0.035526083906676519 0.031621364032241715
leaf_weight=803.57508396543562 34.596030881875777 100.99062153663544 6011.0306091979146 30.36253513963311 96.513573305874161 48.118411374511197 24.009924572776072 217.6038968906214 475.54684099352016 164.27033772813593 37.919432130642235 130.98524785108748 91.112315737424069 129.48538976599957 51.887830452993512 41.237528571185976 36.801099581323797 28.676829317191732 85.967241761449259 62.580257442532456 9.802762667648496 32.254226957949868 15.297003083629534 12.094680019654334 42.559384655636677 42.904046983938315 84.669623606896494 39.634368508879561 20.037913684795058 21.012597649416421
leaf_count=13159 1174 852 26702 89 5597 138 201 2185 4388 4198 45 3947 448 7115 36 2202 189 817 1717 160 471 911 134 10 2784 1916 413 36 4631 41
internal_value=0.0013595 -0.0153336 0.00161585 -0.00133811 0.00520374 -0.0162723 -0.030185 -0.00603329 -0.00128223 -0.0116752 -0.0281004 -0.0138458 -0.00688162 -0.0141834 -0.0187957 -0.0283526 -0.0329858 0.00668441 0.0092238 -0.0118083 -0.0313946 0.00167535 0.0129994 -0.0241364 0.00872085 -0.00444342 0.00645829 -0.0119186 0.012075 0.00595464
internal_weight=9023.54 135.587 8887.95 2876.92 1202.02 168.642 120.523 1674.9 1042.24 452.048 202.19 632.659 464.873 373.761 343.398 264.119 167.786 590.191 561.514 134.633 72.0529 249.858 79.2795 27.3917 1033.38 209.767 167.208 82.5384 823.613 30.8154
internal_count=86706 2026 84680 57978 28875 5936 5798 29103 14261 7339 4243 14842 10706 10258 10169 9989 4136 6922 6105 2874 2714 3096 180 144 22939 5149 2365 1952 17790 512
is_linear=0
shrinkage=0.03


Tree=222
num_leaves=31
num_cat=0
split_feature=58 0 0 55 56 58 55 55 9 62 19 72 71 55 60 68 46 0 0 64 55 10 56 56 54 55 56 57 0 56
split_gain=44.0674 39.7161 49.1956 48.6495 49.8552 43.3565 58.4513 101.962 135.969 132.195 100.542 80.8982 74.8405 65.9546 57.2126 55.3419 54.8856 54.6299 67.5671 57.2204 53.4239 80.6616 55.5334 73.3666 50.9476 144.695 139.459 50.8505 84.8669 49.0337
threshold=4.5000000000000009 4.4500000000000011 5.1500000000000012 0.013203819495353141 0.045669345270555904 1.0000000180025095e-35 0.01115846687889677 0.0045490574989296342 1.0000000180025095e-35 1.0000000180025095e-35 1.0000000180025095e-35 1.0000000180025095e-35 1.0000000180025095e-35 0.00070332916830404132 2.5000000000000004 1.0000000180025095e-35 1.0000000180025095e-35 7.0500000000000007 6.4500000000000011 1.0000000180025095e-35 0.002057627291215169 1.0000000180025095e-35 0.0016370956852815514 0.0067497694644379725 1.0000000180025095e-35 0.0078429521481543762 0.0072401483730347776 1.5000000000000002 9.8500000000000032 0.0046000212550423832
decision_type=2 2 2 2 2 2 2 2 2 2 2 2 2 2 2 2 2 2 2 2 2 2 2 2 2 2 2 2 2 2
left_child=1 3 -3 -1 -5 -4 7 8 20 11 15 14 -13 -10 17 16 -11 18 -9 24 22 29 -7 -24 25 27 -26 28 -19 -22
right_child=-2 2 5 4 -6 6 -8 9 13 10 -12 12 -14 -15 -16 -17 -18 19 -20 -21 21 -23 23 -25 26 -27 -28 -29 -30 -31
leaf_value=-0.016889179285700891 0.022955178087096264 -0.032423430806606007 -0.00071755825852349436 0.02724805787829767 -0.0097199668058484175 0.023948857527976427 0.0098107305927725066 -0.041508985447926666 0.018707846767258802 -0.046576000169552503 0.018369474470736169 -0.07308716763536241 0.0065089018031702639 -0.033894314177046844 -0.07900320451747353 0.013548151709997397 0.014175384281506467 -0.046022628630763542 0.027020313560374411 0.035892543239705234 0.0066853223789527308 -0.053933942989350399 -0.036412862429708516 0.011633269792805108 -0.049716230653775922 -0.077060151709934951 0.02207895899803905 0.00079906021615627667 0.031645264847927047 0.025893316740420964
leaf_weight=39.440780839850049 81.736350863007829 39.343790351395 5737.7905979030475 152.01779100159183 41.244137818925083 51.266919228866755 964.64227446531004 13.547518611609119 27.448575190646807 147.17685579223325 36.867803271125013 24.40010004339274 18.023737681098282 89.026133304381801 6.7373549528419963 18.070353766292101 14.266050165402701 51.764566445810487 124.23341786932724 35.167894244194031 179.10374293490895 12.830877797532592 58.586714270873927 54.29737318714615 28.093160924618132 25.105478545185179 149.15902848681435 327.44029514613794 15.875797548331319 364.48231335713353
leaf_count=4593 75 3570 52984 542 101 852 1717 2027 189 5409 1437 232 22 2295 66 66 44 1049 566 3 2657 383 1723 267 506 128 349 1275 7 1128
internal_value=0.00116224 0.000958338 0.000627223 0.0131612 0.0193493 0.000782621 0.00381524 0.000723777 0.00850528 -0.0055659 -0.0263643 -4.91661e-05 -0.0398997 -0.0214443 0.00217479 -0.0356025 -0.0411534 0.00298622 0.0200315 -0.000751986 0.0133694 0.0177993 -0.00166333 -0.0134034 -0.00296542 -0.00865074 0.0104849 -0.00412007 -0.0275978 0.0195885
internal_weight=8929.19 8847.45 8614.75 232.703 193.262 8575.4 2837.61 1872.97 837.043 1035.93 216.381 819.548 42.4238 116.475 777.125 179.513 161.443 770.387 137.781 632.606 720.568 556.417 164.151 112.884 597.438 420.186 177.252 395.081 67.6404 543.586
internal_count=86262 86187 80951 5236 643 77381 24397 22680 9494 13186 6956 6230 254 2484 5976 5519 5453 5910 2593 3317 7010 4168 2842 1990 3314 2459 855 2331 1056 3785
is_linear=0
shrinkage=0.03


Tree=223
num_leaves=31
num_cat=0
split_feature=55 55 58 68 39 56 25 56 55 57 65 56 56 9 55 65 65 56 57 65 58 24 65 55 55 65 66 25 56 65
split_gain=49.549 73.8961 57.8667 52.5853 44.7845 46.6666 43.0772 68.1922 93.7441 83.1389 62.8798 62.7273 62.0074 162.146 68.7643 57.4364 49.3549 48.905 43.5834 71.3895 175.057 42.0101 40.2246 83.0847 79.6879 61.3881 50.8445 47.6469 109.563 76.4089
threshold=0.0046575976997566331 0.0051741267214716344 2.5000000000000004 1.0000000180025095e-35 1.0000000180025095e-35 0.051136231577932643 1.0000000180025095e-35 0.13862626742538772 0.028894404390139527 7.5000000000000009 160.50000000000003 0.095310720481565928 0.02231702036974894 1.0000000180025095e-35 0.0081438441149685719 164.50000000000003 1369.5000000000002 0.047449099905198626 4.5000000000000009 321.50000000000006 1.5000000000000002 1.0000000180025095e-35 350.50000000000006 0.003866179080688759 0.0024173382566595298 404.50000000000006 1.0000000180025095e-35 1.0000000180025095e-35 0.0039295846732344255 199.50000000000003
decision_type=2 2 2 2 2 2 2 2 2 2 2 2 2 2 2 2 2 2 2 2 2 2 2 2 2 2 2 2 2 2
left_child=21 2 3 -2 6 -6 -3 8 10 11 -8 16 13 15 -15 -12 17 -10 -14 20 -20 22 27 24 26 -25 -24 -1 -29 -30
right_child=1 4 -4 -5 5 -7 7 -9 9 -11 12 -13 18 14 -16 -17 -18 -19 19 -21 -22 -23 23 25 -26 -27 -28 28 29 -31
leaf_value=0.0078830080389981488 -0.039787352621738256 0.0031497538390741217 0.020849662499748341 0.019594424643227068 -0.042773256512497866 0.013028242854806627 -0.037473880144893945 0.029425217082103168 -0.050721487046789186 0.016143979861272365 0.028761207227825231 0.011999208702966301 0.016790055598058656 0.02979418939817207 -0.031470420573434771 -0.042442883837275992 0.0090032827482783555 -0.11648507231203302 -0.091660858704826959 0.0250167527170858 0.030019619588255893 -0.03910583751752944 -0.023926854852075147 -0.03565346593993865 -0.044410641554456745 0.019475598839646478 0.011703308750773163 -0.030792192951151303 -0.037948826930083113 0.037649879597462549
leaf_weight=1182.0876720894521 86.120214240436326 6727.6317654822669 23.425856975372881 15.238265209365634 38.313630943011958 19.949415594339371 40.582885321899084 48.044928811490536 50.884487600531429 24.442761634476483 10.61118753091432 13.820195334032176 213.69989032112062 77.163661729660816 20.019215910928324 102.83996446478704 8.7665613340213877 13.226639248430727 21.885825846344233 29.236762728542089 19.179967880249023 16.367034597424208 58.659498547349358 19.427940835099434 55.022624585559242 169.27589826562325 90.096169531723717 28.007206064990896 12.185077948786782 164.77220396540361
leaf_count=20670 3172 44408 30 27 618 21 442 13 361 20 12 13 178 177 117 1436 11 73 118 11 3 4519 3214 347 2037 1220 1126 1257 566 359
internal_value=0.00288401 0.00182511 -0.020979 -0.0307557 0.00220828 -0.0237692 0.00241537 -0.00469384 -0.0072715 -0.0322126 -0.00204196 -0.0458744 0.000934824 -0.0113686 0.016982 -0.03559 -0.0568632 -0.0658697 0.0100677 -0.0103154 -0.0354668 0.00736459 0.00781372 -0.000664427 -0.0139143 0.0136418 -0.00241285 0.0102115 0.0235368 0.0322602
internal_weight=9400.99 7605.08 124.784 101.358 7480.3 58.263 7422.04 694.405 646.36 111.141 535.219 86.6979 494.636 210.634 97.1829 113.451 72.8777 64.1111 284.002 70.3026 41.0658 1795.9 1779.53 392.482 203.778 188.704 148.756 1387.05 204.964 176.957
internal_count=86576 51261 3229 3199 48032 639 47393 2985 2972 478 2494 458 2052 1742 294 1448 445 434 310 132 121 35315 30796 7944 6377 1567 4340 22852 2182 925
is_linear=0
shrinkage=0.03


Tree=224
num_leaves=31
num_cat=0
split_feature=36 56 55 56 3 56 57 5 55 55 55 55 55 55 55 63 68 10 56 65 58 56 55 47 48 55 60 56 72 55
split_gain=65.2681 66.637 44.9682 43.0335 37.23 78.9902 37.1122 34.2677 33.5554 32.6553 145.502 74.8247 95.4676 60.579 83.8798 55.9094 55.7527 49.9568 43.8931 42.3866 62.7653 135.964 47.9619 40.906 37.625 97.0584 46.7908 104.566 112.285 118.062
threshold=1.0000000180025095e-35 0.024051509200471031 0.0026626206054341075 0.0013997099996706566 1.0000000180025095e-35 0.011338004811851243 1.5000000000000002 1.0000000180025095e-35 0.0026188835409294369 0.0022939534990536327 0.0034659485706130546 0.0021089081406406199 0.0016370956852815514 0.0046575976997566331 0.0051741267214716344 1.0000000180025095e-35 1.0000000180025095e-35 1.0000000180025095e-35 0.032660197162707801 102.50000000000001 1.5000000000000002 0.0049957085586622681 0.000661284296626267 1.0000000180025095e-35 1.0000000180025095e-35 0.01115846687889677 1.0000000180025095e-35 0.0072401483730347776 1.0000000180025095e-35 0.036496636214826468
decision_type=2 2 2 2 2 2 2 2 2 2 2 2 2 2 2 2 2 2 2 2 2 2 2 2 2 2 2 2 2 2
left_child=3 2 8 -1 7 -6 -7 9 -2 11 15 12 18 17 16 23 -15 -12 19 -5 21 22 -21 -11 26 -26 27 -16 29 -29
right_child=1 -3 -4 4 5 6 -8 -9 -10 10 13 -13 -14 14 24 -17 -18 -19 -20 20 -22 -23 -24 -25 25 -27 -28 28 -30 -31
leaf_value=-0.028047491909871734 -0.052158517530384627 0.011198020190460381 -0.05218126911133493 0.035727288313221563 -0.0426365062701149 -0.023932147214755336 0.018348461289471252 -0.043665395584551202 0.029418071052576805 -0.041255068851450263 0.011604085178690226 0.028712003110003471 -0.030196928245896273 -0.035926167335339376 -0.01884255914298736 -0.0033689210674012369 0.021891681619368136 -0.045822842182426195 0.034638607754498202 -0.034704519223308201 0.02042442458076801 -0.041468397789585325 0.014512249984965375 0.012966438783047344 0.025550349836903938 -0.018687688533707381 0.0027936123747794987 0.0057641529725839741 -0.062367880730675028 -0.049794866789135493
leaf_weight=41.880904886693315 5.8333009058551406 36.601445704698563 52.501006566177239 35.724966481313459 50.807747868908336 26.813093730248511 56.032060661353171 13.562594057024397 12.516591893043369 112.19611504424392 749.3549635238378 134.75670824174449 64.50331204993563 81.736494394332112 305.77664966407247 80.909540237742476 17.626263843849301 12.920863631879909 50.663240805268288 19.449770698702196 109.0008310105768 70.548698096979933 139.31372695576283 13.614792016567661 169.43736600549892 59.656353332102299 5650.4156825358514 802.34385581560491 23.043486755283084 34.967798723548185
leaf_count=6925 154 39 1119 404 1692 119 54 851 4 6854 7079 1039 4241 2925 11280 200 28 665 8 1823 194 4360 3022 70 264 180 21651 8688 170 166
internal_value=0.00165442 -0.0214792 -0.0382811 0.00193525 0.00207972 -0.0135762 0.00454199 0.00232034 0.0021301 0.0023967 0.00188749 0.00900494 0.00352891 0.00253826 0.00167982 -0.0228979 -0.0255538 0.0105719 0.00871007 0.00511507 0.00178673 -0.00712269 0.00830333 -0.0353314 0.00206746 0.0139995 0.00166445 -0.00380455 0.00155574 0.00338727
internal_weight=9034.51 107.452 70.8509 8927.06 8885.18 133.653 82.8452 8751.52 18.3499 8737.96 8114 623.961 489.205 7907.28 7145 206.72 99.3628 762.276 424.701 374.038 338.313 229.312 158.763 125.811 7045.64 229.094 6816.55 1166.13 860.355 837.312
internal_count=86268 1316 1277 84952 78027 1865 173 76162 158 75311 60220 15091 14052 53096 45352 7124 2953 7744 9811 9803 9399 9205 4845 6924 42399 444 41955 20304 9024 8854
is_linear=0
shrinkage=0.03


Tree=225
num_leaves=31
num_cat=0
split_feature=58 36 0 65 55 55 29 38 59 65 57 37 0 60 30 55 54 65 55 72 55 57 65 37 57 60 65 22 72 58
split_gain=36.0868 86.0926 58.2385 41.8654 45.678 49.9793 34.8983 31.4639 32.2147 64.0158 61.1815 52.0549 36.334 60.39 48.7374 75.2499 184.105 118.262 97.7125 81.932 68.8808 104.228 90.8914 61.4136 60.7454 119.785 188.335 123.136 76.1598 107.472
threshold=2.5000000000000004 1.0000000180025095e-35 7.2500000000000009 209.50000000000003 0.0040436066657152303 0.026136412670283479 1.0000000180025095e-35 1.0000000180025095e-35 1.5000000000000002 80.500000000000014 3.5000000000000004 1.0000000180025095e-35 9.5000000000000018 3.5000000000000004 1.0000000180025095e-35 0.0069782869163078536 1.0000000180025095e-35 1027.5000000000002 0.0062472032940587771 1.0000000180025095e-35 0.031781826281211616 2.5000000000000004 480.50000000000006 1.0000000180025095e-35 3.5000000000000004 1.0000000180025095e-35 290.50000000000006 1.0000000180025095e-35 1.0000000180025095e-35 1.0000000180025095e-35
decision_type=2 2 2 2 2 2 2 2 2 2 2 2 2 2 2 2 2 2 2 2 2 2 2 2 2 2 2 2 2 2
left_child=1 6 -3 4 -2 -6 7 8 12 -10 11 -11 14 -14 15 16 18 -18 19 -1 23 22 -22 24 -17 -26 27 28 29 -27
right_child=3 2 -4 -5 5 -7 -8 -9 9 10 -12 -13 13 -15 -16 20 17 -19 -20 -21 21 -23 -24 -25 25 26 -28 -29 -30 -31
leaf_value=0.0030419700820722064 0.015310958953463639 0.006838514912817388 -0.046227281823351118 0.01631405006845273 -0.050311349446640431 0.027263459644750191 -0.027564323581474114 -0.041582161543743903 0.029030336319573122 -0.031240467122037121 0.0097868149530922158 0.026561322435819702 0.0059498176471977585 -0.059656576773885001 0.013054796242992234 0.0064416109658613288 -0.036905014422085124 0.024827703771343176 -0.042238428363893299 -0.073499838957283889 -0.01034359843778789 0.011246753607391552 -0.074242590577937459 -0.04950341978301085 0.016055119094358028 -0.041418501972764296 0.010239244266157141 0.037176251084032809 0.011175504777532168 -0.0040947673725850947
leaf_weight=899.03106923109226 36.169359424966387 27.863771880525746 53.692052949860226 316.4173532644927 28.765230932680424 9.2643276588059944 33.514187626995408 13.444104005891857 120.07975059957244 64.293208973518631 349.15188589287573 17.030197566491552 2178.3607652053761 11.708322010119444 289.10140376313939 2772.7744336205287 218.25620279122813 31.296997877274407 46.324464316632657 11.765499771194298 543.95796283195887 228.8528270884708 19.84171855270688 18.257383987598587 234.95801576350641 243.70854665790102 281.14226853352739 28.994519539643079 43.351454189047217 97.268795092124492
leaf_count=21975 61 292 998 442 227 9 2581 1101 376 2117 2384 29 10526 82 1857 16658 15294 341 3037 183 2525 342 269 225 636 1199 576 10 41 226
internal_value=0.00265383 0.00226041 -0.028234 0.0115669 -0.00862498 -0.0311991 0.00254631 0.00266461 0.00273734 0.009756 0.00432467 -0.0189604 0.00226491 0.00557201 0.00105883 0.00045033 -0.00620126 -0.0290948 -0.000208017 0.00197369 0.00222975 -0.00579482 -0.0127199 0.0039405 0.00421736 -0.0024181 -0.00868223 -0.0215463 -0.0260614 -0.0308145
internal_weight=9268.64 8878.02 81.5558 390.616 74.1989 38.0296 8796.47 8762.95 8749.51 550.555 430.475 81.3234 8198.95 2190.07 6008.88 5719.78 1206.67 249.553 957.121 910.797 4513.11 792.653 563.8 3720.46 3702.2 929.424 694.466 413.323 384.329 340.977
internal_count=86619 85880 1290 739 297 236 84590 82009 80908 4906 4530 2146 76002 10608 65394 63537 40830 15635 25195 22158 22707 3136 2794 19571 19346 2688 2052 1476 1466 1425
is_linear=0
shrinkage=0.03


Tree=226
num_leaves=31
num_cat=0
split_feature=71 0 62 44 55 0 0 65 56 63 56 16 52 55 56 55 64 57 55 56 8 56 65 69 62 2 0 54 56 60
split_gain=47.3161 68.417 48.9237 48.2946 43.0972 55.6082 106.05 71.3169 62.1885 73.7583 109.098 52.885 67.4972 48.5239 100.756 102.488 110.326 48.3769 57.5405 47.6367 86.5071 83.45 90.1751 78.7827 68.0334 64.3792 60.3636 124.511 128.396 58.511
threshold=1.0000000180025095e-35 7.4500000000000011 1.0000000180025095e-35 1.0000000180025095e-35 0.031781826281211616 7.1500000000000012 6.1500000000000012 398.50000000000006 0.0067497694644379725 1.0000000180025095e-35 0.0029021728080734686 1.0000000180025095e-35 1.0000000180025095e-35 0.051588093059875891 0.025256962971620851 0.038618714460970337 1.0000000180025095e-35 2.5000000000000004 0.068361472679930133 0.0032610673789118349 1.0000000180025095e-35 0.0022020675352604339 152.50000000000003 1.0000000180025095e-35 1.0000000180025095e-35 1.0000000180025095e-35 6.5500000000000007 1.0000000180025095e-35 0.039092439184851828 1.0000000180025095e-35
decision_type=2 2 2 2 2 2 2 2 2 2 2 2 2 2 2 2 2 2 2 2 2 2 2 2 2 2 2 2 2 2
left_child=3 2 -2 4 11 6 7 17 9 10 -7 19 -13 14 -10 -16 -17 18 -6 20 21 22 -1 26 -23 -24 27 29 -29 -21
right_child=1 -3 -4 -5 5 8 -8 -9 13 -11 -12 12 -14 -15 15 16 -18 -19 -20 23 -22 24 25 -25 -26 -27 -28 28 -30 -31
leaf_value=0.034035324169242979 -0.0019426577684960125 0.012043487663498295 -0.04692806786330414 -0.042224586879960155 -0.0087866095055787793 0.0049145673542831418 -0.062250126170184515 -0.06740675691362473 -0.049290890195234568 0.013249749833654657 -0.056632673358834117 -0.016551758015116082 0.034016499153697803 0.011386032528171755 0.0068693277991555149 -0.082769270082075255 0.023346934781483406 0.013138643558383704 -0.077749475713415325 -0.03192390056155045 -0.021455487320576186 -0.044252530705391382 -0.009235575801033135 -0.050667084941529307 0.012194903920312684 0.018976558939378295 0.0027517592852343768 -0.034464326233372075 0.010815522357645947 0.021991860394817871
leaf_weight=89.530269685514213 102.77725271787494 759.30189007567242 26.633634339203127 21.855674467151402 107.53209535191854 43.633572944534535 37.251201029408548 15.917958357575115 38.745363988680765 47.434972520917654 62.319079356675502 223.36035412394995 25.630658817797666 348.51913169492036 307.47575539443642 23.776333764195442 13.124737437814472 90.166898183175363 11.168162018992005 17.944584526176186 195.95518570047716 55.299208029318834 217.0622799868288 22.931007996026892 28.626995161030209 108.27908996263795 5337.9386239373416 88.863117923778191 150.31136560998857 499.48669347791292
leaf_count=1063 199 1015 385 812 613 598 412 176 299 63 543 17087 79 351 376 124 5 120 70 2781 8750 1509 3628 346 370 1495 34610 5294 258 2744
internal_value=0.00203527 0.0086076 -0.0114898 0.00132461 0.0014457 -0.00394543 -0.0160564 -0.00815941 -0.000345586 -0.0176492 -0.0314772 0.0023219 -0.0112311 0.00330124 -0.00406384 0.00115257 -0.0454064 -0.00334444 -0.0158705 0.00281884 -0.00462063 0.00202272 0.0075529 0.00366435 -0.0250816 0.000183275 0.00387706 0.011802 -0.00608125 0.0200641
internal_weight=9118.85 888.713 129.411 8230.14 8208.28 1147.07 262.036 224.785 885.029 153.388 105.953 7061.22 248.991 731.641 383.122 344.377 36.9011 208.867 118.7 6812.23 694.753 498.798 414.872 6117.48 83.9262 325.341 6094.54 756.606 239.174 517.431
internal_count=86175 1599 584 84576 83764 3750 1391 979 2359 1204 1141 80014 17166 1155 804 505 129 803 683 62848 16815 8065 6186 46033 1879 5123 45687 11077 5552 5525
is_linear=0
shrinkage=0.03


Tree=227
num_leaves=31
num_cat=0
split_feature=56 38 5 56 64 59 51 18 23 12 60 59 7 65 65 65 0 65 65 65 65 23 65 65 56 17 61 56 72 0
split_gain=41.187 33.7307 31.1514 29.6484 48.757 78.5131 36.1234 34.4405 61.7924 102.544 68.2508 63.3092 56.3161 55.6822 55.5565 154.722 69.9443 59.2886 104.62 57.7738 53.1463 111.697 96.9205 58.0527 58.1344 51.2021 51.1098 46.652 47.4249 46.0824
threshold=0.0011161097395399886 1.0000000180025095e-35 1.0000000180025095e-35 0.048022201973341977 1.0000000180025095e-35 1.0000000180025095e-35 1.0000000180025095e-35 1.0000000180025095e-35 1.0000000180025095e-35 1.0000000180025095e-35 1.5000000000000002 2.5000000000000004 1.0000000180025095e-35 55.500000000000007 182.50000000000003 140.50000000000003 5.6500000000000012 201.50000000000003 231.50000000000003 286.50000000000006 697.50000000000011 1.0000000180025095e-35 448.50000000000006 395.50000000000006 0.001933288950800299 1.0000000180025095e-35 1.0000000180025095e-35 0.0072401483730347776 1.0000000180025095e-35 7.4500000000000011
decision_type=2 2 2 2 2 2 2 2 2 2 2 2 2 2 2 2 2 2 2 2 2 2 2 2 2 2 2 2 2 2
left_child=-1 2 3 4 6 -6 7 12 25 11 -11 26 13 -2 15 16 -15 -16 -19 -20 21 -21 23 24 -23 -9 -10 28 -22 -26
right_child=1 -3 -4 -5 5 -7 -8 8 9 10 -12 -13 -14 14 17 -17 -18 18 19 20 27 22 -24 -25 29 -27 -28 -29 -30 -31
leaf_value=-0.035153280416789182 0.026924814798682521 -0.042536928672434554 -0.042931918130583516 0.0063823096178859048 -0.0015895631530761041 -0.05984643310626412 -0.041592451092044576 0.001734146846897623 -0.049861579204091823 -0.043292928710383406 0.016819063667678609 0.016469970526490178 -0.037990174191551526 0.022807310344887217 0.021830710364650438 -0.034902420705143135 -0.013473266504948895 -0.032266674372953434 0.016787224334912434 -0.039883460163413667 -0.031117833248600752 0.031331646546351295 -0.037496951357043617 0.024292995277840328 -0.024352632857399852 -0.04836914690540061 0.017955655467639383 0.019493128052541383 0.030887301342080328 0.0064178193027401289
leaf_weight=25.529896752555942 109.84494549399824 14.090054646796487 12.651595931900372 1434.1625596722588 68.70005002176913 28.909902348226751 16.106054509698879 5521.6673223717225 90.951769053892349 19.677720692121511 94.890720566327218 18.859281295211986 25.196403815927624 125.9312979610113 219.40853301148309 109.9734709444092 75.899581314224633 63.60941659976379 360.92315427232097 66.098374911976862 35.672015352873132 38.275884701564792 47.608666616295523 121.37144237244502 87.047249345239834 17.419035727973096 10.716676163021473 200.82054339136812 15.004245340125633 86.514016568951774
leaf_count=5890 318 961 841 1679 1134 389 590 31699 3054 845 221 58 1416 2895 2338 5214 3558 3447 5305 2991 1463 541 2486 1291 3818 759 19 722 4 571
internal_value=0.00217469 0.00228281 0.00235668 0.00242427 0.00168414 -0.0192759 0.00195657 0.00205479 0.000927486 -0.0141036 0.00620925 -0.0333043 0.00569034 0.00633543 0.00495274 -0.00643971 0.00916464 0.00760183 0.00480474 0.00705908 0.00201499 -0.00419271 0.00209036 0.00784185 -0.00165364 0.00156788 -0.0426078 0.0130191 -0.0125169 -0.00906578
internal_weight=9163.53 9138 9123.91 9111.26 7677.1 97.61 7579.49 7563.38 5774.18 235.096 114.568 120.528 1789.2 1764 1654.16 311.804 201.831 1342.35 1122.95 1059.34 698.412 446.916 380.817 333.209 211.837 5539.09 101.668 251.497 50.6763 173.561
internal_count=86517 80627 79666 78825 77146 1523 75623 75033 36655 4197 1066 3131 38378 36962 36644 11667 6453 24977 22639 19192 13887 11698 8707 6221 4930 32458 3073 2189 1467 4389
is_linear=0
shrinkage=0.03


Tree=228
num_leaves=31
num_cat=0
split_feature=0 65 52 58 55 4 9 65 56 63 65 7 65 65 57 67 55 0 56 56 65 55 67 56 56 55 0 31 13 65
split_gain=47.8208 48.0887 44.6715 60.2013 44.5666 39.6283 70.2482 97.4754 84.43 107.85 82.7869 87.6476 102.467 115.652 72.6459 69.9012 69.2604 60.9241 58.9513 54.1336 55.1664 56.7743 51.6498 55.9189 108.709 53.6583 50.5023 52.1776 161.725 164.727
threshold=4.3500000000000005 1369.5000000000002 1.0000000180025095e-35 1.5000000000000002 0.0015954949508172561 1.0000000180025095e-35 1.0000000180025095e-35 110.50000000000001 0.0064496039836892472 1.0000000180025095e-35 65.500000000000014 1.0000000180025095e-35 259.50000000000006 174.50000000000003 1.5000000000000002 1.0000000180025095e-35 0.038618714460970337 9.0500000000000025 0.0070793993871210567 0.0064957980922481463 434.50000000000006 0.0036999751382169113 1.0000000180025095e-35 0.0016370956852815514 0.0025911217181607952 0.0011886901009739246 5.3500000000000005 1.0000000180025095e-35 1.0000000180025095e-35 164.50000000000003
decision_type=2 2 2 2 2 2 2 2 2 2 2 2 2 2 2 2 2 2 2 2 2 2 2 2 2 2 2 2 2 2
left_child=1 4 5 -4 -1 6 10 14 9 -9 17 22 13 -13 -8 16 -7 -2 -15 -10 21 -21 23 -12 -25 -26 -27 -28 -29 -30
right_child=2 -3 3 -5 -6 15 7 8 19 -11 11 12 -14 18 -16 -17 -18 -19 -20 20 -22 -23 -24 24 25 26 27 28 29 -31
leaf_value=0.023086682728971429 0.021347708503098771 0.030552150069935283 -0.053460413915235983 0.015759830540045358 -0.040358526881644242 0.0076115811401245769 -0.080470841338430452 -0.036591414786260809 0.033240715931703836 0.0046077064705112294 0.023531909134133534 -0.068584049430264471 -0.046849734520375184 -0.053393475337178135 -0.015074437632827056 -0.050263973077685022 -0.025366753491505651 -0.02920655604784745 0.02363821512274868 -0.052955205626988758 -0.024160559751037411 0.0056407187236977799 0.0079773982274746504 -0.034748035488242734 -0.028649950669385967 -0.022119964640192544 0.0034305978657896484 0.026233571529376318 0.0036972815806153823 -0.047213771838824303
leaf_weight=11.30603597740628 303.70100739282134 13.436395103781249 27.574841627370915 18.102876520482823 58.004888108462183 2403.6849146029817 24.759490522112173 129.08758022133406 47.363023500467534 101.68303486754303 97.220406962951529 17.113172676828981 68.707479502609203 9.164224042760905 39.075078111614857 18.466221300288453 57.759685009950772 22.222862705035368 75.914015662972815 14.370586274271771 72.0286550745368 471.30129355742247 1365.4391069979902 75.697755201268592 51.92794856333785 76.890259986605088 3232.9201128929926 82.937131002545357 111.08578190981643 116.61596100998577
leaf_count=821 850 13 546 21 3607 18690 608 7049 157 270 2921 391 1345 281 864 293 210 209 131 884 1096 3056 5181 2997 2138 3601 27280 37 215 564
internal_value=0.0027928 -0.0197759 0.00299942 -0.0262773 -0.0298282 0.00314946 0.00193521 -0.00585185 -0.00309928 -0.0184965 0.00316347 0.00227258 -0.0188055 0.000321074 -0.0412897 0.00638252 0.00682773 0.0178219 0.0148168 0.00279405 0.000153487 0.00380167 0.00296736 0.00118672 0.000600991 0.00133889 0.00177681 0.00230143 -0.00942344 -0.0224689
internal_weight=9215.56 82.7473 9132.81 45.6777 69.3109 9087.14 6607.23 899.669 835.834 230.771 5707.56 5381.63 170.899 102.191 63.8346 2479.91 2461.44 325.924 85.0782 605.064 557.701 485.672 5210.73 3845.3 3748.07 3672.38 3620.45 3543.56 310.639 227.702
internal_count=86326 4441 81885 567 4428 81318 62125 13984 12512 7319 48141 47082 2148 803 1472 19193 18900 1059 412 5193 5036 3940 44934 39753 36832 33835 31697 28096 816 779
is_linear=0
shrinkage=0.03


Tree=229
num_leaves=31
num_cat=0
split_feature=71 49 62 56 55 57 59 62 55 55 35 65 60 56 55 9 55 55 55 65 65 65 57 65 30 55 55 56 54 63
split_gain=65.3349 58.7837 79.1961 49.3557 86.9277 65.8714 46.5184 96.954 62.9624 51.7376 45.9702 125.235 43.4291 58.4676 63.0811 75.4694 104.311 89.0924 57.8884 57.1118 86.3349 74.5377 64.7117 77.42 93.9915 114.602 58.1689 79.1626 54.1191 51.9409
threshold=1.0000000180025095e-35 1.0000000180025095e-35 1.0000000180025095e-35 0.001933288950800299 0.005360410972892026 1.5000000000000002 1.0000000180025095e-35 1.0000000180025095e-35 0.0038125144263475201 0.034261678046376622 1.0000000180025095e-35 780.50000000000011 1.0000000180025095e-35 0.0038125144263475201 0.00095627457833280299 1.0000000180025095e-35 0.02035367420542971 0.030185961961733933 0.000661284296626267 751.50000000000011 810.50000000000011 476.50000000000006 8.5000000000000018 160.50000000000003 1.0000000180025095e-35 0.027897052336334126 0.0061860440093990795 0.005055418790465083 1.0000000180025095e-35 1.0000000180025095e-35
decision_type=2 2 2 2 2 2 2 2 2 2 2 2 2 2 2 2 2 2 2 2 2 2 2 2 2 2 2 2 2 2
left_child=1 3 -3 4 5 -1 7 -2 -9 -10 12 -12 13 -5 18 19 -17 -18 -15 21 -21 22 23 28 25 26 27 29 -16 -25
right_child=6 2 -4 10 -6 -7 -8 8 9 -11 11 -13 -14 14 15 16 17 -19 -20 20 -22 -23 -24 24 -26 -27 -28 -29 -30 -31
leaf_value=0.02283895915035378 0.008815331140928322 -0.056482258979498073 0.019651388301053098 -0.026565174286466466 -0.035691919856813401 -0.041027172878179405 0.015735593356859815 0.0070885346491288397 -0.058156760370940336 0.0087476340558306619 -0.053706413681312654 0.026406507989591703 0.0019089429658750317 -0.038935557205186364 0.013066692971918264 -0.044667647539377811 0.016633389136678882 -0.044153444098061295 0.025749950700744026 0.039460613676303533 -0.048030545833038472 -0.04392560604077192 0.021656825720342533 -0.037301824737504492 0.017578580252124911 -0.071201369555962887 -0.0046087871828109882 -0.044961213781992575 -0.02418670784678633 0.016694163511528266
leaf_weight=59.022968075980316 376.83641888108104 35.586018083093222 17.896917519217823 93.412171954507357 90.454025374263438 18.201884517846338 421.11673639516812 34.390962022123858 46.362127602566034 13.023703856393693 44.730288237071363 27.72723258624319 5992.9082998454687 13.162458321530719 278.38172841300548 90.553114302456379 74.819875835615676 29.401624492369592 107.86877374652249 58.873778906388907 11.33865989409969 37.403334389084193 98.533808177162427 23.573970868295874 96.66112318917294 29.206800207204651 373.92261761845293 88.306872235509218 39.204921021191694 45.146656823926605
leaf_count=2350 456 566 81 4681 5409 3840 454 141 542 16 1122 63 36536 607 5890 7145 159 231 407 65 349 1533 318 1403 476 254 5771 3937 1590 50
internal_value=0.000812751 -5.9042e-05 -0.0311127 0.000157215 -0.0158947 0.00745368 0.00850439 0.00201409 -0.025121 -0.0435823 0.000510848 -0.0231076 0.000739555 -0.00366707 -0.00222084 -0.00405234 -0.0213034 -0.000771657 0.0184538 -0.00119054 0.0248555 -0.00285845 -0.00138725 -0.00373733 -0.00961296 -0.0143281 -0.0110716 -0.0263348 0.00840641 -0.002098
internal_weight=8768.03 7876.3 53.4829 7822.82 167.679 77.2249 891.73 470.613 93.7768 59.3858 7655.14 72.4575 7582.68 1589.77 1496.36 1375.33 194.775 104.222 121.031 1180.55 70.2124 1110.34 1072.94 974.405 656.818 560.157 530.95 157.027 317.587 68.7206
internal_count=86442 84833 647 84186 11599 6190 1609 1155 699 558 72587 1185 71402 34866 30185 29171 7535 390 1014 21636 414 21222 19689 19371 11891 11415 11161 5390 7480 1453
is_linear=0
shrinkage=0.03


Tree=230
num_leaves=31
num_cat=0
split_feature=55 55 55 62 57 4 65 65 57 56 66 40 56 56 56 0 62 57 65 56 23 20 65 63 65 65 57 32 65 55
split_gain=48.6748 62.1865 135.604 65.6062 51.3317 38.3795 70.7066 253.733 185.269 83.0317 74.1197 100.208 85.2072 74.3476 77.4913 72.3854 75.054 68.4166 174.178 120.326 107.965 78.1497 70.7001 108.942 69.4094 67.2225 141.345 92.6264 65.8867 65.7439
threshold=0.06386747763884322 0.036496636214826468 0.048763003506173415 1.0000000180025095e-35 1.5000000000000002 1.0000000180025095e-35 65.500000000000014 138.50000000000003 3.5000000000000004 0.044512489803421006 1.0000000180025095e-35 1.0000000180025095e-35 0.0068179619555235353 0.0055721364692771459 0.005515730662274068 7.9500000000000011 1.0000000180025095e-35 1.5000000000000002 697.50000000000011 0.00082499269559835147 1.0000000180025095e-35 1.0000000180025095e-35 521.50000000000011 1.0000000180025095e-35 912.50000000000011 404.50000000000006 1.5000000000000002 1.0000000180025095e-35 245.50000000000003 0.0026626206054341075
decision_type=2 2 2 2 2 2 2 2 2 2 2 2 2 2 2 2 2 2 2 2 2 2 2 2 2 2 2 2 2 2
left_child=1 5 3 -3 -4 6 -1 8 9 -8 11 17 13 14 25 -14 -17 18 19 -9 -21 -22 -19 -24 -20 26 -12 28 -28 -30
right_child=-2 2 4 -5 -6 -7 7 10 -10 -11 12 -13 15 -15 -16 16 -18 22 24 20 21 -23 23 -25 -26 -27 27 -29 29 -31
leaf_value=0.013333541882462932 0.011450491807486151 -0.059964668737405816 -0.016333510060082535 -0.0029941392868732737 0.010811888975208791 0.0054589715690688684 -0.037276836366504022 0.040193851769980062 0.0042020304060241898 -0.099961824124811735 -0.043038609792056613 -0.06312748869456157 -0.012255648108518653 -0.019597368750603032 0.042683012357488406 0.017347470674418195 -0.0127793463162705 0.0032588326034781378 0.020601030608296097 -0.033246121222757136 -0.041026629918701402 0.0022219019342879466 -0.035349614129107851 0.0085547826200282027 -0.017131191211120021 0.01421365470475246 0.022731465167770977 -0.065645748588751829 0.01502123621377046 -0.046623684842669433
leaf_weight=386.09941974724279 487.66333257453516 60.386492350167828 102.34378276439384 26.009412059094757 158.39566747797653 2374.0458693781329 167.13857049369835 29.90597682545922 109.50106625995249 21.091070041060448 77.60596954626817 22.121376956492895 98.192188262233685 156.93534787738463 41.628441024397034 852.66449745383579 80.818112139764708 2466.7606105140585 200.291525683293 285.90340694545012 45.450692569553212 196.96204453115934 109.2190439873375 93.863842411381484 55.283104912319686 188.32737395154254 124.53393969290482 14.670864127576349 31.151355525187682 29.417778134578839
leaf_count=1451 558 494 335 70 206 20269 10223 699 719 119 1421 302 473 1399 36 1170 568 21885 1046 7734 5706 3451 3796 196 652 753 276 122 122 242
internal_value=0.00223982 0.00171666 -0.0107041 -0.0430442 0.000135255 0.00223992 0.000940746 6.84182e-05 -0.0268188 -0.0447918 0.00161223 -0.000878782 0.00675898 -0.00162048 0.00396797 0.0121507 0.0147283 -0.000465496 -0.00807495 -0.0174565 -0.0207896 -0.00602213 0.0018561 -0.0151147 0.0124043 0.000423287 -0.00895712 0.0044309 0.0103079 -0.01519
internal_weight=9094.38 8606.72 347.135 86.3959 260.739 8259.58 5885.54 5499.44 297.731 188.23 5201.71 3505.76 1695.95 664.271 507.336 1031.67 933.483 3483.64 813.797 558.222 528.316 242.413 2669.84 203.083 255.575 465.707 277.38 199.774 185.103 60.5691
internal_count=86493 85935 1105 564 541 84830 64561 63110 11061 10342 52049 45467 6582 4371 2972 2211 1738 45165 19288 17590 16891 9157 25877 3992 1698 2936 2183 762 640 364
is_linear=0
shrinkage=0.03


Tree=231
num_leaves=31
num_cat=0
split_feature=58 0 0 61 0 52 0 57 61 30 59 65 57 56 65 40 72 59 65 65 37 56 56 13 65 57 60 43 65 56
split_gain=62.2532 72.5103 59.1495 86.1172 56.7661 52.8417 47.5505 47.1802 101.7 56.017 46.912 112.376 62.6209 138.587 102.751 86.9152 98.706 78.7626 176.639 100.544 77.4697 75.5524 100.662 75.4191 72.9415 141.241 176.094 107.305 93.36 88.3761
threshold=1.0000000180025095e-35 6.1500000000000012 9.5000000000000018 1.0000000180025095e-35 8.8500000000000032 1.0000000180025095e-35 3.8500000000000001 1.5000000000000002 1.0000000180025095e-35 1.0000000180025095e-35 1.5000000000000002 407.50000000000006 1.5000000000000002 0.0067497694644379725 55.500000000000007 1.0000000180025095e-35 1.0000000180025095e-35 1.0000000180025095e-35 164.50000000000003 209.50000000000003 1.0000000180025095e-35 0.011975709061230659 0.05207135636207947 1.0000000180025095e-35 257.50000000000006 4.5000000000000009 1.0000000180025095e-35 1.0000000180025095e-35 156.50000000000003 0.024051509200471031
decision_type=2 2 2 2 2 2 2 2 2 2 2 2 2 2 2 2 2 2 2 2 2 2 2 2 2 2 2 2 2 2
left_child=1 6 4 -4 7 10 -1 8 9 -2 12 -12 20 14 -14 16 23 24 -19 -20 -3 -21 -23 -16 25 -15 28 -28 -27 -26
right_child=2 5 3 -5 -6 -7 -8 -9 -10 -11 11 -13 13 17 15 -17 -18 18 19 21 -22 22 -24 -25 29 26 27 -29 -30 -31
leaf_value=-0.039421627906012294 -0.039014462748734748 0.0016063551253547052 0.011208346755222916 -0.044354356750778097 -0.040564883413551314 -0.053114391712696531 0.0083344479290647019 0.0036569217182245324 0.035558233335013581 0.015423237358925503 0.016625704326988008 -0.052021055848870089 0.025806463012097575 -0.0049713945918546309 0.0047380155557183888 0.020243662450472873 0.018966567390688818 -0.047634487654683415 0.034111225473539411 0.017026268123810306 -0.050957994553706004 -0.066432958921997284 0.0075942920085790748 -0.039644574450073446 -0.013062307256720914 0.024272427347578777 -0.077721228431242975 0.020158880497866721 -0.045088413344644612 0.0098826508447647336
leaf_weight=18.176236195446108 84.736515081218386 2480.92301844947 1217.3983086900553 24.66771073587006 27.454469474716461 16.908445152934291 928.17375828173317 1534.6282923503895 27.527930697222473 20.642077045355109 245.8450927042577 22.534983566903975 37.911994833470089 588.03304678990389 38.756796112000302 33.75085791471065 33.610408218577504 41.468010974465869 163.13043816346908 105.18182527193858 24.493944250323693 27.50072137080133 38.938993386924267 295.86577841369217 231.19120318639034 45.21993179153651 76.227563022228424 11.176343999803064 27.075462865177542 431.52766619808972
leaf_count=1444 7773 20507 5040 198 439 322 19052 12627 98 265 1064 674 159 2268 501 183 53 293 146 691 411 156 41 9015 1713 37 471 7 148 442
internal_value=0.00152513 -0.000235761 0.00509943 0.0100701 0.00145322 -0.00167277 0.00737657 0.00216891 -0.0149117 -0.0283062 -0.00148824 0.0106899 -0.00218105 -0.00584073 -0.0209044 -0.0253629 -0.0295865 -0.0021223 0.0100566 0.0173238 0.00107234 0.00126173 -0.0235778 -0.0345053 -0.00537568 -0.011792 -0.0367193 -0.0651188 -0.00196476 0.00187062
internal_weight=8900.68 5963.62 2937.06 1242.07 1694.99 5017.27 946.35 1667.53 132.907 105.379 5000.36 268.38 4731.98 2226.57 439.896 401.984 368.233 1786.67 376.22 334.752 2505.42 171.622 66.4397 334.623 1410.45 747.732 159.699 87.4039 72.2954 662.719
internal_count=86238 59798 26440 5238 21202 39302 20496 20763 8136 8038 38980 1738 37242 16324 9911 9752 9569 6413 1327 1034 20918 888 197 9516 5086 2931 663 478 185 2155
is_linear=0
shrinkage=0.03


Tree=232
num_leaves=31
num_cat=0
split_feature=0 30 35 56 56 65 56 56 65 65 57 57 38 9 3 2 65 65 57 65 65 31 56 56 60 27 21 0 65 27
split_gain=43.9577 37.2012 34.8834 45.1939 52.0326 55.9526 32.0337 77.2719 82.8492 60.9292 40.0246 29.7756 28.9603 28.1717 65.886 57.0531 122.193 70.5848 116.558 62.0182 112.198 151.409 95.0559 63.6726 48.1428 47.0443 49.7188 48.4753 45.6946 45.3303
threshold=4.2500000000000009 1.0000000180025095e-35 1.0000000180025095e-35 0.049807384346336886 0.034661218704314191 829.50000000000011 0.0064957980922481463 0.043552575160501622 55.500000000000007 188.50000000000003 4.5000000000000009 45.500000000000007 1.0000000180025095e-35 1.0000000180025095e-35 1.0000000180025095e-35 1.0000000180025095e-35 110.50000000000001 350.50000000000006 1.5000000000000002 192.50000000000003 120.50000000000001 1.0000000180025095e-35 0.08814850758398339 0.033474976598428303 1.0000000180025095e-35 1.0000000180025095e-35 1.0000000180025095e-35 7.0500000000000007 348.50000000000006 1.0000000180025095e-35
decision_type=2 2 2 2 2 2 2 2 2 2 2 2 2 2 2 2 2 2 2 2 2 2 2 2 2 2 2 2 2 2
left_child=-1 2 11 4 5 -4 9 8 -8 -3 -10 12 13 29 15 17 -17 19 -19 20 -15 22 23 -22 -20 26 -21 -28 -29 -2
right_child=1 6 3 -5 -6 -7 7 -9 10 -11 -12 -13 -14 14 -16 16 -18 18 24 25 21 -23 -24 -25 -26 -27 27 28 -30 -31
leaf_value=-0.039460265065379779 0.0028572176598313354 -0.049251956202949983 -0.047989490764453149 -0.10046206739152784 0.019670147765627914 0.021228318890204934 0.032353249088298362 0.018251635232506724 -0.054015737693396716 0.021661409643023405 0.0017652261404575197 0.027164114087583378 -0.041736367333124288 0.0070863374001226475 -0.072164084897085076 -0.052802556542136093 -0.0043828820059670674 -0.046046491890509092 -0.053456319441520475 -0.029815793019422818 -0.043574855488892901 0.026528835376276066 0.0265850892833643 -0.10826602392998368 0.0062434809542408799 0.035852573045200037 0.028818249015344521 0.0037627718978927365 0.039099497320233281 -0.016740282881170548
leaf_weight=22.299049320648919 6164.7467457398561 10.555049065500496 38.115026611310896 4.5555726587772361 29.483349066227674 13.710896191187201 18.617547631729394 101.26815698575228 42.084831392538035 215.61661915443256 15.746175275766289 39.723766066483222 12.95412959807072 280.1582915741601 10.81488227489899 49.151579197579849 730.03194325129152 64.725569289497798 12.23705654520745 27.239833658270072 53.436541575661977 32.693492661579512 12.309222996234892 18.935863062739372 148.08320692244888 64.896263470014674 109.54987153554976 411.4460360124358 34.834096416365355 107.1051344493535
leaf_count=1858 52658 325 1188 26 30 53 9 72 933 826 66 30 1063 1324 243 1510 12959 1446 550 851 1802 62 4 113 803 222 548 2283 20 2503
internal_value=0.00169429 0.00180213 0.00137734 -0.0175368 -0.0117266 -0.0296222 0.0106861 0.00113898 -0.0214724 0.0181498 -0.0390559 0.00157309 0.00144804 0.00152018 -0.00152262 -0.00111489 -0.007501 0.00280432 -0.0124012 0.00608607 -0.00323783 -0.0277319 -0.0487457 -0.0617458 0.00138354 0.0118025 0.00906894 0.0110247 0.00660221 0.00251993
internal_weight=8897.13 8874.83 8470.94 85.8648 81.3093 51.8259 403.888 177.717 76.4486 226.172 57.831 8385.07 8345.35 8332.4 2060.54 2049.73 779.184 1270.55 225.046 1045.5 397.533 117.375 84.6816 72.3724 160.32 647.966 583.07 555.83 446.28 6271.85
internal_count=86380 84522 82291 1297 1271 1241 2231 1080 1008 1151 999 80994 80964 79901 24740 24497 14469 10028 2799 7229 3305 1981 1919 1915 1353 3924 3702 2851 2303 55161
is_linear=0
shrinkage=0.03


Tree=233
num_leaves=31
num_cat=0
split_feature=65 60 18 65 25 35 65 9 16 66 65 65 65 21 65 34 65 65 60 0 13 31 65 25 58 60 11 65 58 65
split_gain=47.3751 150.385 199.364 81.8639 80.3896 72.617 89.811 61.9016 81.0629 54.2814 98.5708 178.172 74.2309 67.1762 66.8102 61.4346 60.8309 129.727 104.823 81.9011 82.1361 87.1327 205.033 78.3431 83.5882 70.2025 95.5176 60.276 59.9957 108.102
threshold=142.50000000000003 1.5000000000000002 1.0000000180025095e-35 102.50000000000001 1.0000000180025095e-35 1.0000000180025095e-35 829.50000000000011 1.0000000180025095e-35 1.0000000180025095e-35 1.0000000180025095e-35 341.50000000000006 274.50000000000006 152.50000000000003 1.0000000180025095e-35 302.50000000000006 1.0000000180025095e-35 265.50000000000006 290.50000000000006 3.5000000000000004 7.5500000000000007 1.0000000180025095e-35 1.0000000180025095e-35 164.50000000000003 1.0000000180025095e-35 1.5000000000000002 1.5000000000000002 1.0000000180025095e-35 296.50000000000006 1.0000000180025095e-35 176.50000000000003
decision_type=2 2 2 2 2 2 2 2 2 2 2 2 2 2 2 2 2 2 2 2 2 2 2 2 2 2 2 2 2 2
left_child=1 2 7 4 -4 9 -7 -1 -9 12 11 -11 13 -2 -13 16 19 18 23 28 -21 -22 -23 24 -18 26 -19 -28 29 -14
right_child=5 -3 3 -5 -6 6 -8 8 -10 10 -12 14 15 -15 -16 -17 17 25 -20 20 21 22 -24 -25 -26 -27 27 -29 -30 -31
leaf_value=0.013601945809227599 -0.027217141920323734 0.018504120067994428 -0.0177311096489258 -0.037883926074973595 0.020046521373063755 -0.054259179318385128 0.023240480369731246 -0.054582759414669862 0.01242450024132916 0.0069087141624445871 0.013518162724313072 -0.037011843956373053 0.014780623791540467 0.020806062890936766 -0.0081424507034450807 -0.050214416979507487 0.020181281338062008 -0.024340661400692361 -0.066930736778964814 0.013093743527540965 -0.0079948213081719142 8.6113146192338719e-05 -0.073504458105633358 -0.040705319890227729 -0.060180332870754888 0.010861250611058193 -0.048704979752849632 8.7172925879610053e-05 0.013451550627781909 -0.013674336401119818
leaf_weight=316.16711072050748 28.351077009858273 219.44658970122691 394.13291809659859 159.83909506046621 57.310776208760217 41.587904013271327 18.991403076681308 29.168118881189002 34.575518873465626 1118.5928488588615 1021.7839881609143 113.11600480103516 193.05620019984781 254.31095260808797 198.28928032587282 20.721947692996764 604.47912403223017 168.48291133171006 12.797511667013167 140.61962206222233 963.81817448657239 74.526546469540335 61.771150443208171 19.76413521298673 10.93352112470893 408.57522006398358 22.127957898948807 1545.3490412022402 337.76711696586062 314.62123935128329
leaf_count=5546 1030 790 3640 4158 246 1119 47 986 1228 4276 3603 938 2602 1246 948 760 3829 7392 89 354 7033 126 357 326 142 2272 534 16653 5388 8379
internal_value=0.00160068 -0.00391356 -0.0088904 -0.0194852 -0.0129015 0.00246869 -0.0299804 0.00816317 -0.0186065 0.00273009 0.00640691 0.00131978 0.000989578 0.0159104 -0.018714 0.000125682 0.000349745 0.00324467 0.0149967 -0.00352503 -0.00842907 -0.0111896 -0.0335581 0.01675 0.0186583 -0.000311565 -0.00294594 -0.000632236 0.00367337 -0.00284589
internal_weight=8905.08 1210.64 991.194 611.283 451.444 7694.43 60.5793 379.911 63.7436 7633.86 2451.78 1430 5182.07 282.662 311.405 4899.41 4878.69 2792.51 647.974 2086.18 1240.74 1100.12 136.298 635.177 615.413 2144.54 1735.96 1567.48 845.445 507.677
internal_count=86037 16594 15804 8044 3886 69443 1166 7760 2214 68277 9765 6162 58512 2276 1886 56236 55476 31237 4386 24239 7870 7516 483 4297 3971 26851 24579 17187 16369 10981
is_linear=0
shrinkage=0.03


Tree=234
num_leaves=31
num_cat=0
split_feature=56 35 32 65 65 65 65 71 9 55 55 55 72 55 26 65 56 56 65 54 55 55 55 21 56 60 55 66 53 65
split_gain=64.6977 90.7755 66.0826 55.33 47.685 93.2139 56.8154 64.1944 49.4287 41.252 55.1694 50.5605 47.9825 37.7457 46.1246 177.418 51.7303 32.8019 54.2302 32.1859 157.763 117.959 97.4315 80.0994 123.483 90.1377 65.9384 81.453 98.5694 109.322
threshold=0.0027928750166438913 1.0000000180025095e-35 1.0000000180025095e-35 132.50000000000003 267.50000000000006 290.50000000000006 659.50000000000011 1.0000000180025095e-35 1.0000000180025095e-35 0.000661284296626267 0.00070332916830404132 0.00091904144094209631 1.0000000180025095e-35 0.057612852812660494 1.0000000180025095e-35 308.50000000000006 0.0072401483730347776 0.00082499269559835147 245.50000000000003 1.0000000180025095e-35 0.038618714460970337 0.0042814658813455381 0.0010735629434673237 1.0000000180025095e-35 0.084603725430266341 1.0000000180025095e-35 0.0022228184774181607 1.0000000180025095e-35 1.0000000180025095e-35 164.50000000000003
decision_type=2 2 2 2 2 2 2 2 2 2 2 2 2 2 2 2 2 2 2 2 2 2 2 2 2 2 2 2 2 2
left_child=1 2 3 -1 -5 8 7 -7 -6 12 -11 -12 -2 14 19 -16 -17 -4 -19 23 21 22 -21 24 25 -13 -25 28 29 -28
right_child=9 -3 17 4 5 6 -8 -9 -10 10 11 13 -14 -15 15 16 -18 18 -20 20 -22 -23 -24 26 -26 -27 27 -29 -30 -31
leaf_value=0.00563645347997752 -0.039846919920610638 0.037250277389337422 0.040354084835886157 -0.040121967510316367 -0.032725260208971152 -0.039284886659931316 0.0057755505728219539 0.0044390284182021728 0.025101582788005956 0.028344709408344354 -0.046881030932435404 -0.0086962436617327981 0.025008291575996312 0.00947934367061244 -0.048407160446519 -0.039099330468286501 0.025936141869705991 0.024350454481338046 -0.048824272035452546 0.021957725226207345 -0.065714196978271036 0.001735177198037728 -0.04321056113463858 0.017100214932715685 -0.080011833779770988 0.014785524897090235 0.004779129598355452 0.0051485566815780356 0.022381028892402868 -0.010665066790926795
leaf_weight=96.980110539912857 40.042112674418604 36.641205313542741 29.021556856110692 80.346247741581465 15.76393405854469 155.26373022462576 47.119924318696576 37.230401628650725 64.7326036967861 72.498993910325225 17.821823921331088 172.0040272696715 12.929001883603631 616.29035545536317 72.099287725592148 12.139768969282157 69.125661733094603 24.748515892773867 13.111275899922473 25.820416930771898 32.287326281890273 2097.4111168112868 92.521120444609551 224.73344927332073 12.491770483553408 993.01719521092309 619.75982827314147 1729.2427726703172 120.73970190109685 1229.6099765071558
leaf_count=3103 3343 310 5 5966 771 6616 1256 58 365 252 738 10498 7 768 2671 711 288 40 137 292 246 14461 5700 2543 63 6963 4066 5081 232 8864
internal_value=0.00160549 -0.00789031 -0.010882 -0.0146484 -0.0195627 -0.0142935 -0.0236527 -0.030849 0.0135145 0.00229702 0.00246859 0.00223459 -0.0238472 0.00234816 0.00176122 -0.014469 0.0158637 0.0169341 -0.00159509 0.00210182 -0.00088861 8.52284e-05 -0.0289269 0.00341948 0.0102783 0.0113142 0.00135925 0.000398629 -0.00377107 -0.00548963
internal_weight=8863.55 600.96 564.318 497.437 400.457 320.111 239.614 192.494 80.4965 8262.59 8209.61 8137.12 52.9711 8119.29 7503 153.365 81.2654 66.8813 37.8598 7349.64 2248.04 2215.75 118.342 5101.6 1177.51 1165.02 3924.09 3699.35 1970.11 1849.37
internal_count=86414 18627 18317 18135 15032 9066 7930 6674 1136 67787 64437 64185 3350 63447 62679 3670 999 182 177 59009 20699 20453 5992 38310 17524 17461 20786 18243 13162 12930
is_linear=0
shrinkage=0.03


Tree=235
num_leaves=31
num_cat=0
split_feature=0 55 71 55 19 0 55 55 65 55 2 60 56 55 65 35 39 35 56 60 60 65 58 65 56 56 56 55 55 55
split_gain=47.9077 71.553 43.8339 53.3214 48.3167 64.0126 55.0284 128.992 89.5503 99.3417 58.9874 100.49 79.861 208.47 106.217 119.99 69.5424 60.3896 65.7288 59.1314 103.96 76.4202 177.959 74.3297 178.249 57.8359 110.945 58.9652 55.332 122.209
threshold=5.1500000000000012 0.06386747763884322 1.0000000180025095e-35 0.030522028566488325 1.0000000180025095e-35 7.3500000000000005 0.0035825669712940523 0.0039692727316404828 373.50000000000006 0.0011415177090412735 1.0000000180025095e-35 1.0000000180025095e-35 0.05207135636207947 0.030522028566488325 158.50000000000003 1.0000000180025095e-35 1.0000000180025095e-35 1.0000000180025095e-35 0.001933288950800299 2.5000000000000004 3.5000000000000004 350.50000000000006 1.0000000180025095e-35 348.50000000000006 0.0414396605349414 0.006175010396599955 0.002195863684994514 0.0044112072716893424 0.051588093059875891 0.038618714460970337
decision_type=2 2 2 2 2 2 2 2 2 2 2 2 2 2 2 2 2 2 2 2 2 2 2 2 2 2 2 2 2 2
left_child=1 -1 4 -4 6 -6 8 -8 -2 -10 11 16 13 14 15 -13 -9 18 -16 21 -21 25 -23 24 -22 26 -20 -28 29 -12
right_child=2 -3 3 -5 5 -7 7 10 9 -11 28 12 -14 -15 17 -17 -18 -19 19 20 23 22 -24 -25 -26 -27 27 -29 -30 -31
leaf_value=-0.027234645221165216 0.01100024069356568 0.020080450019281042 0.0034389956457258693 0.0200924242228964 0.012304357105236882 -0.037926918489023284 -0.043849305059271537 -0.046765175731874914 0.012513775848077485 -0.042492034347622651 0.0010242144323543269 -0.056932544369404058 0.010059535613544991 -0.039282726625914512 -0.035979185658708356 0.030404402556439357 0.021611074066790758 0.038410476533478573 0.015231049052992413 -0.071083138615532782 0.0012947261641708964 -0.039120580851081353 0.022378294044048414 0.024328855567110855 -0.082669242967490078 0.016054443733662261 0.019229922518312476 -0.042473881299847083 0.010826972431385787 -0.045957901154827244
leaf_weight=112.42978776923337 786.25803515871667 37.725256001576781 601.91095945972484 242.16864720499143 486.5713691449273 22.997883097428712 60.33365311982925 76.888414671346254 54.482341466922662 62.658324617324979 4099.5753987643911 57.855128487732145 327.25806331261992 152.88880648777558 45.032830175663548 17.936222727003042 15.548279538561472 35.334108428563923 116.2715995546896 23.911544242408127 99.410555405542254 98.987270608398831 72.596526411827654 51.914174739271402 28.498824877664447 402.64997967839008 16.934736296767369 66.505675591528416 519.87861296458868 49.441694397479296
leaf_count=8739 16166 35 1338 215 12630 414 1431 3735 1380 3184 26939 852 306 1834 1483 15 143 53 623 152 192 1476 109 28 163 835 38 983 611 318
internal_value=0.00145207 -0.0152929 0.00174304 0.00823503 0.0010439 0.00996748 0.000423037 -0.000550634 0.00735223 -0.0170194 -0.000134059 -0.00490565 -0.00315246 -0.00651791 -0.00206913 -0.0361372 -0.0351558 0.000403099 -0.000946269 0.000702491 -0.0136376 0.00449013 -0.0131217 -0.00564805 -0.017909 0.00952032 -0.00366782 -0.0298713 0.00161057 0.000453414
internal_weight=8842.85 150.155 8692.7 844.08 7848.62 509.569 7339.05 6435.65 903.399 117.141 6375.32 1706.42 1613.99 1286.73 1133.84 75.7914 92.4367 1058.05 1022.71 977.681 203.735 773.946 171.584 179.824 127.909 602.362 199.712 83.4404 4668.9 4149.02
internal_count=86420 8774 77646 1553 76093 13044 63049 42319 20730 4564 40888 13020 9142 8836 7002 867 3878 6135 6082 4599 535 4064 1585 383 355 2479 1644 1021 27868 27257
is_linear=0
shrinkage=0.03


Tree=236
num_leaves=31
num_cat=0
split_feature=54 0 9 62 56 56 0 57 65 65 56 56 56 57 56 65 60 65 43 57 65 58 60 43 56 14 56 11 56 56
split_gain=69.3021 141.281 185.787 123.161 89.9684 119.804 87.1956 105.302 65.7379 111.98 100.484 65.4927 67.1509 64.5269 146.763 57.0177 50.5317 112.489 71.0304 63.7811 49.5823 63.5451 55.0973 48.7221 64.3163 50.9425 49.8496 47.9106 44.6565 47.4526
threshold=1.0000000180025095e-35 8.3500000000000032 1.0000000180025095e-35 1.0000000180025095e-35 0.0066168109075340131 0.0066404463067947124 6.1500000000000012 1.5000000000000002 235.50000000000003 280.50000000000006 0.048022201973341977 0.002195863684994514 0.0022020675352604339 2.5000000000000004 0.030758389275860835 354.50000000000006 4.5000000000000009 323.50000000000006 1.0000000180025095e-35 18.500000000000004 126.50000000000001 1.0000000180025095e-35 3.5000000000000004 1.0000000180025095e-35 0.002195863684994514 1.0000000180025095e-35 0.17666694414367556 1.0000000180025095e-35 0.0030578462405835565 0.0064957980922481463
decision_type=2 2 2 2 2 2 2 2 2 2 2 2 2 2 2 2 2 2 2 2 2 2 2 2 2 2 2 2 2 2
left_child=16 2 4 28 -2 -6 20 -8 10 -10 -9 -4 -13 14 -14 -11 23 18 19 -18 -7 22 -22 -1 -25 26 -26 -17 -3 -30
right_child=1 3 11 -5 5 6 7 8 9 15 -12 12 13 -15 -16 27 17 -19 -20 -21 21 -23 -24 24 25 -27 -28 -29 29 -31
leaf_value=0.0045584865355859554 -0.041194492930126538 -0.034514109432255052 -0.038123104859989286 -0.033788858354965375 0.03946963515619667 0.025662153452638097 -0.046588012624140356 -0.052420421989369859 0.019620266307490565 -0.074593168870570298 0.0088195023957902702 0.042571926259502686 -0.038093609207878756 0.015925292742261149 0.0073657862261502886 0.011951039767570538 -0.069182184017448758 0.012445339436115173 0.024856296549837356 0.022995550610369602 -0.038553475953946759 0.017671465963251465 0.0076235202533339796 0.020574845858875944 -0.070096197698693657 0.020334230150404586 0.0042917607172254192 -0.044448178115059946 0.01821815486571355 0.0046514356554969169
leaf_weight=6266.2013021114253 127.27305955982592 20.449582124041626 30.563447132408328 65.272173166289576 35.195624010739266 47.972958877842757 132.83177925694326 71.531785112936632 92.859266288811341 18.117443128954619 35.739349130541086 41.475730833713897 87.465666937452625 217.29067293829576 229.500468342565 29.136061325203627 46.517319919803413 68.561984431085875 11.160878539085386 7.3793305531144133 66.607604986827937 52.334631265024655 35.00905866001267 24.306556475214165 31.967596681628493 10.429263572907074 10.604905154556034 23.833424067182932 350.60667871148326 685.34588465606794
leaf_count=55375 9449 873 2225 1448 164 204 1769 971 220 253 37 118 4592 1293 322 120 300 94 4 5 1407 517 92 259 557 29 11 427 1328 1829
internal_value=0.00224329 -0.00200278 -0.0084466 0.00589534 -0.0182333 -0.0136184 -0.0167618 -0.0247901 -0.0139824 -0.00198932 -0.0321242 0.00396703 0.00626366 0.00337069 -0.00525892 -0.030098 0.00387987 -0.0143119 -0.0422721 -0.0563726 -0.000654134 -0.00896728 -0.0227253 0.00426525 -0.0192574 -0.0375672 -0.0518928 -0.013779 0.00837695 0.00925608
internal_weight=8973.54 2496.41 1374.74 1121.67 768.442 641.169 605.973 404.049 271.217 163.946 107.271 606.296 575.733 534.257 316.966 71.0869 6477.13 133.62 65.0575 53.8967 201.924 153.951 101.617 6343.51 77.3083 53.0018 42.5725 52.9695 1056.4 1035.95
internal_count=86292 29658 24180 5478 15630 6181 6017 3797 2028 1020 1008 8550 6325 6207 4914 800 56634 403 309 305 2220 2016 1499 56231 856 597 568 547 4030 3157
is_linear=0
shrinkage=0.03


Tree=237
num_leaves=31
num_cat=0
split_feature=43 57 56 65 65 56 55 59 0 0 66 55 25 55 57 56 0 28 56 55 55 55 55 55 56 56 25 56 55 55
split_gain=60.4175 108.226 48.9148 48.3345 117.152 83.6101 78.347 87.3473 101.171 85.2509 83.0457 76.914 70.6334 62.0919 58.196 52.7842 96.3282 40.4006 41.4655 40.3907 39.7635 36.6477 36.0919 51.8936 49.4941 39.5357 39.7114 61.387 36.3261 43.2311
threshold=1.0000000180025095e-35 6.5000000000000009 0.036580011770314246 138.50000000000003 126.50000000000001 0.002638247507691031 0.00027236291111624674 1.5000000000000002 5.4500000000000011 6.5500000000000007 1.0000000180025095e-35 0.0052846530653278328 1.0000000180025095e-35 0.000661284296626267 4.5000000000000009 0.12145281554420055 7.9500000000000011 1.0000000180025095e-35 0.12145281554420055 0.057612852812660494 0.00070332916830404132 0.0040436066657152303 0.0053182043232061528 0.0072480298081758826 0.0038418136046520644 0.056450161136221477 1.0000000180025095e-35 0.17581565966311982 0.030522028566488325 0.025074921457035035
decision_type=2 2 2 2 2 2 2 2 2 2 2 2 2 2 2 2 2 2 2 2 2 2 2 2 2 2 2 2 2 2
left_child=3 2 -2 4 6 -6 -1 8 19 17 11 -11 15 -5 22 -12 -17 18 -10 -8 -15 -9 -13 -24 -25 28 27 -27 29 -26
right_child=1 -3 -4 13 5 -7 7 21 9 10 12 14 -14 20 -16 16 -18 -19 -20 -21 -22 -23 23 24 25 26 -28 -29 -30 -31
leaf_value=0.044416880624792286 -0.045783157231018522 0.010701633418809628 -0.1437295399846493 -0.029937034924728694 0.018173902663553228 -0.055246856839251977 0.022476247098384187 -0.054640888984003218 -0.042610461018605689 -0.036813926267612755 -0.021760303276831188 0.036009348640916573 0.027289300716078154 0.027369894849713236 -0.079024273084012719 -0.013719198224867552 -0.11974510819688361 0.0011322305403311372 -0.11967727761374362 -0.069305804532802898 0.0034808799420712991 0.026502797525427096 -0.039810905798944543 -0.041007884785589269 0.0051732052273784322 -0.052487508980041765 0.025173033300103492 -0.00038886627460905915 0.020389179306156472 -0.05775685787516769
leaf_weight=32.762123842694564 23.681591280437718 32.445225260853476 5.3583374619483939 48.78782364620929 17.576612682216364 59.846260290301871 124.63471796029626 4.3393412591140068 35.574088004650548 46.328138015443983 136.08146873765509 29.7453456686344 21.065593986073509 62.250220217450988 6.6167464176542117 16.296214062720541 14.161103583872316 13.373617305063815 7.4187269750982514 3.5165292695164672 7668.6698151177989 107.1704944234807 23.777310201257933 19.183656214925577 74.021864541806281 28.025411991402507 26.056167405098677 68.189319342374802 196.05703038320644 10.308501152321695
leaf_count=77 700 100 39 4668 480 2457 1760 644 2618 2382 1058 46 26 271 89 29 81 63 47 19 64977 579 1255 612 765 103 12 93 252 77
internal_value=0.00241652 -0.0269818 -0.0680388 0.00262258 -0.00319594 -0.0385596 -0.000540778 -0.00203872 -0.00514756 -0.00924755 -0.00641814 -0.000316863 -0.0235071 0.00346213 0.0032602 -0.0300569 -0.0652553 -0.0444458 -0.058327 0.0194406 0.00367675 0.0228875 0.00456903 0.00239444 0.00486189 0.00714342 -0.00705188 -0.015948 0.0133367 -0.00310605
internal_weight=8963.32 61.4852 29.0399 8901.83 1122.13 77.4229 1044.7 1011.94 900.432 772.28 715.914 528.309 187.604 7779.71 481.981 166.539 30.4573 56.3664 42.9928 128.151 7730.92 111.51 475.365 445.619 421.842 402.658 122.271 96.2147 280.387 84.3304
internal_count=86379 839 739 85540 15624 2937 12687 12610 11387 9608 6880 5686 1194 69916 3304 1168 110 2728 2665 1779 65248 1223 3215 3169 1914 1302 208 196 1094 842
is_linear=0
shrinkage=0.03


Tree=238
num_leaves=31
num_cat=0
split_feature=56 38 18 27 56 56 60 72 55 55 63 56 55 59 13 33 59 33 59 12 56 36 48 55 60 0 53 6 55 55
split_gain=39.9942 32.4618 34.6213 79.9158 56.482 40.7457 91.0793 109.483 59.9849 89.9816 107.229 74.0473 68.6703 94.5307 64.2218 53.7261 51.294 50.9354 58.541 90.5239 62.0422 50.8477 49.7929 56.8192 49.7908 49.1959 109.613 57.2364 52.7101 171.55
threshold=0.0011161097395399886 1.0000000180025095e-35 1.0000000180025095e-35 1.0000000180025095e-35 0.18748543530795345 0.031760312482723076 2.5000000000000004 1.0000000180025095e-35 0.011945845925157792 0.021765767382888639 1.0000000180025095e-35 0.011975709061230659 0.027897052336334126 1.5000000000000002 1.0000000180025095e-35 1.0000000180025095e-35 1.5000000000000002 1.0000000180025095e-35 1.0000000180025095e-35 1.0000000180025095e-35 0.0034690099206890371 1.0000000180025095e-35 1.0000000180025095e-35 0.0055825586881825175 1.5000000000000002 6.9500000000000011 1.0000000180025095e-35 1.0000000180025095e-35 0.02035367420542971 0.012889886427373445
decision_type=2 2 2 2 2 2 2 2 2 2 2 2 2 2 2 2 2 2 2 2 2 2 2 2 2 2 2 2 2 2
left_child=-1 2 -2 5 -5 6 8 16 15 10 14 17 -13 -14 -10 22 -8 18 19 20 -11 -16 -4 -24 25 26 -7 -27 29 -29
right_child=1 -3 3 4 -6 24 7 -9 9 11 -12 12 13 -15 21 -17 -18 -19 -20 -21 -22 -23 23 -25 -26 27 -28 28 -30 -31
leaf_value=-0.035597939164585861 0.0058234394422274965 -0.042446785328234267 0.0025302162712643027 -0.056110472859541238 0.028588604119584166 -0.083782283390467754 -0.053848193220289407 0.020174126922003217 0.010635799287953936 -0.050100100816363596 0.0084268958707549024 0.0027827419967370454 -0.053716074883165703 0.027555485727445896 -0.046676107632835161 -0.034560787472764407 -0.00053389515310059389 0.033465584612256447 0.010372412178292888 -0.053020274356474613 0.00085051901947114171 0.021473675584696445 -0.019826686571653339 0.026044542428570228 0.012591819567068809 -0.021912273561276122 0.026883119023165217 0.0042818812453492422 0.0079427457670587509 -0.085651691323155366
leaf_weight=23.848829397556983 2232.4250337593876 13.430031646013957 3471.2710572146789 33.799878944439115 8.2309713363647443 17.055275908671319 70.468355382414302 34.917232407256961 24.160275710048154 21.874242334626615 76.587434695102274 65.678933729417622 66.080498171271756 15.279307857155798 134.09752737093368 33.002908072056016 21.043745899572968 45.630600573960692 339.90123035793658 33.382456091640051 360.04139570094412 10.064675793051718 28.186506338883191 150.37360464595258 618.25025037489831 75.678858837112784 13.861036017537119 97.016165412031114 778.7368931574747 22.739953311160207
leaf_count=5918 39801 949 31122 688 1 111 632 25 44 192 93 94 356 4 1371 571 69 12 775 259 958 15 257 213 571 165 4 144 861 107
internal_value=0.00241228 0.00251797 0.00259058 0.00150743 -0.0392448 0.00177184 0.000431182 -0.0246067 0.00108535 -0.00475916 -0.0209296 -0.000563381 -0.0200567 -0.0383041 -0.0342579 0.00297902 -0.0417266 0.00303629 0.00115587 -0.00639421 -0.0021909 -0.0418031 0.00332784 0.0187335 0.00590004 0.00177536 -0.0348788 0.00297319 0.00509129 -0.0133631
internal_weight=8937.12 8913.27 8899.84 6667.41 42.0309 6625.38 5002.04 126.429 4875.61 1192.78 244.91 947.869 147.039 81.3598 168.322 3682.83 91.5121 800.83 755.199 415.298 381.916 144.162 3649.83 178.56 1623.34 1005.09 30.9163 974.172 898.493 119.756
internal_count=86382 80464 79515 39714 689 39025 37062 726 36336 4173 1523 2650 454 360 1430 32163 701 2196 2184 1409 1150 1386 31592 470 1963 1392 115 1277 1112 251
is_linear=0
shrinkage=0.03


Tree=239
num_leaves=31
num_cat=0
split_feature=58 59 66 59 65 65 24 55 65 65 65 55 65 55 60 19 32 68 65 71 68 65 55 0 65 57 55 0 55 65
split_gain=62.8121 58.4436 119.011 115.602 117.349 98.0211 102.923 91.5018 83.2647 113.867 76.2818 71.0198 83.9847 141.347 91.5425 92.2758 69.6383 69.8468 64.3339 62.8139 61.6599 61.18 59.9937 64.8783 64.0386 146.678 58.3975 56.4749 54.8691 89.2061
threshold=1.0000000180025095e-35 1.0000000180025095e-35 1.0000000180025095e-35 1.5000000000000002 186.50000000000003 341.50000000000006 1.0000000180025095e-35 0.0056011532385552764 194.50000000000003 341.50000000000006 51.500000000000007 0.0010735629434673237 333.50000000000006 0.0055922520620867834 5.5000000000000009 1.0000000180025095e-35 1.0000000180025095e-35 1.0000000180025095e-35 329.50000000000006 1.0000000180025095e-35 1.0000000180025095e-35 323.50000000000006 0.06386747763884322 4.4500000000000011 282.50000000000006 4.5000000000000009 0.068361472679930133 9.7000000000000011 0.0062472032940587771 194.50000000000003
decision_type=2 2 2 2 2 2 2 2 2 2 2 2 2 2 2 2 2 2 2 2 2 2 2 2 2 2 2 2 2 2
left_child=1 11 5 4 -4 10 7 -7 -6 19 -3 -1 14 -14 15 21 17 26 -16 20 -10 22 23 -13 28 -26 -15 -24 29 -25
right_child=-2 2 3 -5 8 6 -8 -9 9 -11 -12 12 13 16 18 -17 -18 -19 -20 -21 -22 -23 27 24 25 -27 -28 -29 -30 -31
leaf_value=0.016653215887518842 0.0048876377696659857 -0.022662856277968858 -0.03862205505370496 0.021978991840379099 0.032505699226219743 0.0058949233373829331 0.034195935055749679 -0.03280629435725467 -0.055560187993928437 0.0065993008642414759 0.013258378606426577 0.021505503750838411 -0.029575629717522436 0.0081924714308999023 -0.06327048657904763 -0.042979435580167487 -0.0390518582054745 -0.064323725002952956 0.023602386588999102 0.013573516372905197 0.019184904590695776 -0.043491655435655571 -0.0076174611357431353 -0.018589519161587312 -0.040873665079907126 0.013681686242043762 -0.058214191582809056 0.022382789791538467 -0.0080601020796984262 0.014982985013423159
leaf_weight=162.23078142550366 2881.3679410841905 54.899321017568582 133.22620835754788 89.07258721801918 44.843140342622064 94.359708921852871 41.813456164825766 129.87443492894454 74.458613395196153 134.88739723896288 1150.0321602193835 72.480531501503719 111.73084062347698 1137.4838074812687 39.81759193551261 58.476610303288908 29.685084309079684 11.324281280161811 8.8917143642902357 19.147652039304376 10.935437926091252 35.774451123332256 95.770159590989351 99.085026806103997 135.70092637574999 65.052845319965854 11.057396492920814 135.25619849935174 1348.0095781989658 246.37992003910767
leaf_count=5800 26528 323 761 186 35 2620 746 3071 813 646 8370 1235 4554 6186 273 4714 226 88 5 16 15 611 197 3583 2514 128 53 69 8574 3522
internal_value=0.0012699 -0.000533548 0.00364871 -0.00888053 -0.0155011 0.00796659 -0.00849032 -0.0165666 -0.00456797 -0.0116179 0.0116043 -0.00270801 -0.00357478 0.00253397 -0.0069705 -0.00609411 0.00557224 0.00674698 -0.0472564 -0.0349629 -0.0458772 -0.0051096 -0.00446532 -0.00616489 -0.00723446 -0.0232152 0.00750307 0.00996719 -0.00532743 0.00532798
internal_weight=8663.13 5781.76 1977.55 506.571 417.498 1470.98 266.048 224.234 284.272 239.429 1204.93 3804.21 3641.98 1301.28 2340.7 2291.99 1189.55 1159.87 48.7093 104.542 85.3941 2233.51 2197.74 1966.71 1894.23 200.754 1148.54 231.026 1693.47 345.465
internal_count=86462 59934 17602 2472 2286 15130 6437 5691 1525 1490 8693 42332 36532 11107 25425 25147 6553 6327 278 844 828 20433 19822 19556 18321 2642 6239 266 15679 7105
is_linear=0
shrinkage=0.03


Tree=240
num_leaves=31
num_cat=0
split_feature=65 65 56 65 56 21 65 54 55 13 58 48 56 10 56 56 7 8 65 57 65 60 59 41 56 65 32 55 55 56
split_gain=41.4642 109.633 133.072 117.386 115.117 94.8142 70.4642 70.8616 69.9336 144.5 107.59 67.0093 59.5505 105.603 79.584 73.2033 70.496 71.8648 60.3299 54.2614 50.9137 83.582 145.057 65.8172 52.7881 89.1811 53.624 105.08 129.637 95.7286
threshold=203.50000000000003 255.50000000000003 0.0055721364692771459 245.50000000000003 0.13862626742538772 1.0000000180025095e-35 213.50000000000003 1.0000000180025095e-35 0.013997073386456787 1.0000000180025095e-35 1.5000000000000002 1.0000000180025095e-35 0.0063783844441154579 1.0000000180025095e-35 0.074008704164995345 0.037227276579386147 1.0000000180025095e-35 1.0000000180025095e-35 263.50000000000006 51.500000000000007 192.50000000000003 1.5000000000000002 1.0000000180025095e-35 1.0000000180025095e-35 0.0022020675352604339 152.50000000000003 1.0000000180025095e-35 0.0069782869163078536 0.0039692727316404828 0.0059738020574179301
decision_type=2 2 2 2 2 2 2 2 2 2 2 2 2 2 2 2 2 2 2 2 2 2 2 2 2 2 2 2 2 2
left_child=11 2 3 6 5 -4 -2 -8 9 -7 19 20 16 -14 15 -15 18 -18 -3 -11 23 -22 -23 24 25 -1 27 28 29 -26
right_child=1 12 4 -5 -6 8 7 -9 -10 10 -12 -13 13 14 -16 -17 17 -19 -20 -21 21 22 -24 -25 26 -27 -28 -29 -30 -31
leaf_value=0.024433090409120534 -0.043304911208618749 -0.046973154658913462 -0.044921591620021066 -0.053257214969112947 0.027095644636692257 0.01506293554912649 0.02098988684980424 -0.0422817718082317 -0.0049779242425632411 -0.055524531330570039 -0.0025578853300360564 -0.040466817444241958 0.0054622443667912421 -0.051547134033976254 -0.14084840139179539 0.0041361181626973229 0.026552145344630049 -0.028078980977975194 -0.004332667028881583 0.027646435369204848 0.017723953065502094 -0.070919640807584922 0.02094610472936451 0.027398806832841065 0.0077806833527899431 -0.038882112975831891 0.013842495581303502 0.0022261228178676899 -0.036116580407180451 -0.045138067379933769
leaf_weight=170.10576908179064 17.689983604821464 29.604623676750634 106.69507663078912 25.181907644364401 51.541474489495158 59.569224190665409 250.50014268705854 16.090297285518318 327.22595262643881 138.46508720318525 56.205367550370283 29.301598006917629 2709.7792353948171 36.743513051056652 4.2806702945381394 48.308474002406001 118.44583434707602 25.61298380097287 1258.4181786901499 6.858862876892089 440.20120549915737 26.552481240709312 34.505873609537957 93.62512927793432 193.29490231444652 21.767837886542111 254.77438953774981 1921.9881258852001 154.29258638656393 35.553857403101574
leaf_count=3630 1033 932 3380 966 18 120 2115 1043 748 2780 179 235 14666 1134 32 72 762 792 21900 1 2583 311 129 258 5339 1680 541 7961 8953 2346
internal_value=0.00135518 -0.000303377 -0.00894578 0.00757776 -0.015796 -0.0190112 0.0131344 0.0170273 -0.014244 -0.0257935 -0.0378848 0.00395202 0.0018552 0.00440037 -0.0275138 -0.0202392 -0.00311912 0.0167124 -0.00534842 -0.051437 0.0043529 0.0131596 -0.0195026 0.00279739 0.00195071 0.0170857 0.000810067 -0.00063572 -0.0149603 -0.000601367
internal_weight=8663.18 5287.22 1056.02 309.462 746.561 695.02 284.28 266.59 588.324 261.099 201.529 3375.96 4231.19 2799.11 89.3327 85.052 1432.08 144.059 1288.02 145.324 3346.66 501.26 61.0584 2845.4 2751.78 191.874 2559.9 2305.13 383.141 228.849
internal_count=86639 52673 12383 5157 7226 7208 4191 3158 3828 3080 2960 33966 40290 15904 1238 1206 24386 1554 22832 2781 33731 3023 440 30708 30450 5310 25140 24599 16638 7685
is_linear=0
shrinkage=0.03


Tree=241
num_leaves=31
num_cat=0
split_feature=29 51 56 56 34 10 65 56 56 26 65 65 59 17 55 59 55 6 52 40 3 55 56 33 65 65 28 50 42 55
split_gain=37.4758 36.7877 30.4077 135.952 91.2209 77.504 98.2544 92.3183 74.9214 67.2633 58.2852 167.728 55.6378 54.9461 45.3424 67.3411 56.3084 53.0825 40.5021 40.4775 40.2949 80.2704 54.5397 40.284 40.3356 70.2794 44.4171 39.7494 36.7683 36.6277
threshold=1.0000000180025095e-35 1.0000000180025095e-35 0.0059738020574179301 0.006175010396599955 1.0000000180025095e-35 1.0000000180025095e-35 267.50000000000006 0.048022201973341977 0.032660197162707801 1.0000000180025095e-35 245.50000000000003 263.50000000000006 1.5000000000000002 1.0000000180025095e-35 0.031781826281211616 1.5000000000000002 0.086183747651422601 1.0000000180025095e-35 1.0000000180025095e-35 1.0000000180025095e-35 1.0000000180025095e-35 0.021143348457428057 0.048022201973341977 1.0000000180025095e-35 284.50000000000006 272.50000000000006 1.0000000180025095e-35 1.0000000180025095e-35 1.0000000180025095e-35 0.00079251063634212424
decision_type=2 2 2 2 2 2 2 2 2 2 2 2 2 2 2 2 2 2 2 2 2 2 2 2 2 2 2 2 2 2
left_child=1 2 9 4 -4 18 8 12 -7 10 14 -12 -8 19 17 16 -16 -1 20 23 -5 22 28 24 25 -13 29 -19 -22 -26
right_child=-2 -3 3 5 -6 6 7 -9 -10 -11 11 13 -14 -15 15 -17 -18 27 -20 -21 21 -23 -24 -25 26 -27 -28 -29 -30 -31
leaf_value=-0.043873400524468552 -0.029475464242755954 -0.042896631243274135 -0.054690368072659069 0.0022177445686108132 0.027853304366323162 -0.037841941125784324 -0.047917315890728521 -0.13585164894203236 0.010768910024827038 -0.032394172558472337 -0.050735809394756838 0.0064919324151597492 0.018462684964873882 -0.036821547811431016 -0.048103667924265334 0.030993793429263561 0.015065588003377888 0.013404860950389796 -0.043910308657794099 -0.038094709662375242 -0.042653268958322409 -0.075399038727179915 0.026174545502346557 -0.037823857990715713 -0.04003834917106823 -0.0393318236017536 -0.04561592632990772 -0.044123696915871327 0.027238866321470094 0.0083284900610079635
leaf_weight=14.141648740493109 33.862465093829087 15.622957114905146 61.619762143483968 5726.1400734761046 14.260249110986477 38.161033008062077 45.731766420023632 8.0617042779922468 104.19971833191812 42.708557863501483 53.01932289884644 80.120194002149219 14.41660630982369 29.256817271143518 39.661235938358004 23.222695086384192 17.895884150639176 1007.7419168281122 16.412747485563159 19.197882059990661 29.368161639082246 16.723500344203785 29.858690645545721 18.756674298696453 13.293331396052961 47.049828391100164 13.233079327779704 9.9771175563801062 7.9692114610224953 1143.8183121689253
leaf_count=613 2612 640 2212 32705 36 1645 1183 62 106 2226 1847 803 51 4150 935 5 19 18239 282 303 768 131 11 368 1156 1163 302 163 9 11819
internal_value=0.00156783 0.00169201 0.00177713 0.000625254 -0.0390173 0.0011299 -0.016707 -0.0460291 -0.00243472 0.00451236 0.00514783 0.00111245 -0.0319653 0.00316242 0.0102842 -0.0112561 -0.028541 0.0119797 0.00177729 0.00406527 0.00191389 -0.0186013 -0.00356733 0.00470863 0.00535212 -0.0106363 0.00709703 0.0127981 -0.0274142 0.00773874
internal_weight=8735.5 8701.64 8686.02 6112.92 75.88 6037.04 210.571 68.2101 142.361 2573.09 2530.39 1417.75 60.1484 1364.73 1112.64 80.7798 57.5571 1031.86 5826.47 1335.47 5810.06 83.9196 67.1961 1316.27 1297.51 127.17 1170.34 1017.72 37.3374 1157.11
internal_count=86564 83952 83312 39201 2248 36953 3047 1296 1751 44111 41885 21911 1234 20064 19974 959 954 19015 33906 15914 33624 919 788 15611 15243 1966 13277 18402 777 12975
is_linear=0
shrinkage=0.03


Tree=242
num_leaves=31
num_cat=0
split_feature=37 60 58 57 66 57 62 36 57 49 57 55 0 55 4 55 55 0 58 54 58 55 55 60 56 13 58 53 55 55
split_gain=36.5439 107.721 36.8218 32.928 59.6492 47.6778 29.8215 71.1917 64.0978 50.6006 70.8201 64.4182 76.833 53.7264 50.0406 71.2136 103.422 59.6994 56.9898 42.7237 41.1616 38.4372 75.9494 92.2813 86.2121 80.6806 156.12 73.0966 69.6846 72.6592
threshold=1.0000000180025095e-35 1.0000000180025095e-35 4.5000000000000009 3.5000000000000004 1.0000000180025095e-35 1.5000000000000002 1.0000000180025095e-35 1.0000000180025095e-35 1.5000000000000002 1.0000000180025095e-35 2.5000000000000004 0.061506534462757854 9.9500000000000011 0.038618714460970337 1.0000000180025095e-35 0.02035367420542971 0.0068272023513347773 7.3500000000000005 1.0000000180025095e-35 1.0000000180025095e-35 2.5000000000000004 0.011945845925157792 0.02035367420542971 1.5000000000000002 0.026935654732692067 1.0000000180025095e-35 1.0000000180025095e-35 1.0000000180025095e-35 0.010957361226626923 0.010501873210954102
decision_type=2 2 2 2 2 2 2 2 2 2 2 2 2 2 2 2 2 2 2 2 2 2 2 2 2 2 2 2 2 2
left_child=2 -2 6 4 5 -3 21 8 -8 10 11 12 -10 14 15 16 18 -18 -12 -20 -21 28 23 25 -25 -23 27 -27 29 -1
right_child=1 3 -4 -5 -6 -7 7 -9 9 -11 13 -13 -14 -15 -16 -17 17 -19 19 20 -22 22 -24 24 -26 26 -28 -29 -30 -31
leaf_value=0.0029474158742168171 -0.05135982784500389 -0.045662903284572037 0.022291983690858157 0.032962062955373544 0.041311286947652522 0.0076127425829184614 -0.034821159135336087 -0.057123174913089651 -0.036083857580020404 0.029818449059552461 -0.040058725216766296 0.022980788561053213 0.030292521750244994 -0.038494320843533561 0.018415928933524225 0.016176042452414136 0.00035693535320462582 -0.054287146993130822 0.0086305660395410034 -0.055875661699914071 0.016093773593881523 0.0097709795808831722 0.00087363709055022869 -0.034480238222553854 0.027673514772833099 -0.046553709617772242 0.0071208826823123388 0.022925142956000649 0.022439021193381755 -0.054667664891647087
leaf_weight=3678.2260783140628 20.209175092109945 19.013138545196853 71.224842445226386 91.983530243072892 34.287903474294581 60.98583941810648 52.423373650311987 21.268193350522779 125.32285752866301 44.528526208829135 27.564788425239385 25.706882605329156 17.151519156992435 27.975657118950039 150.72811314590581 152.32905383058824 26.035656025742355 57.162535202143772 242.34359994551778 18.14703687743895 10.832068172516303 66.853138005419169 2992.7555571078228 25.841289758915082 79.405606023967266 181.66768203754327 85.053426039841725 14.141057503409682 166.25159638997866 18.807915428769775
leaf_count=50553 517 371 74 81 20 250 6406 638 6359 49 2174 17 11 109 1401 215 721 1158 1862 630 30 460 9172 224 26 2207 160 15 536 150
internal_value=0.00128593 0.0131504 0.00096374 0.019688 0.00881118 -0.00545656 0.000778243 -0.00407946 -0.00286908 -0.00102423 -0.00261462 -0.020065 -0.0279378 0.00152319 0.0032109 -0.00110396 -0.00801736 -0.0373859 0.000255073 0.00448278 -0.0293348 0.00144301 -0.000860503 -0.0122948 0.012232 -0.0197324 -0.0267648 -0.041445 0.00349724 0.00263961
internal_weight=8606.23 226.48 8379.75 206.27 114.287 79.999 8308.52 999.52 978.252 925.828 881.3 168.181 142.474 713.119 685.143 534.415 382.086 83.1982 298.887 271.323 28.9791 7309 3445.72 452.962 105.247 347.715 280.862 195.809 3863.29 3697.03
internal_count=86596 1239 85357 722 641 621 85283 21780 21142 14736 14687 6387 6370 8300 8191 6790 6575 1879 4696 2522 660 63503 12264 3092 250 2842 2382 2222 51239 50703
is_linear=0
shrinkage=0.03


Tree=243
num_leaves=31
num_cat=0
split_feature=65 55 56 65 65 40 55 34 55 55 66 0 60 56 56 0 71 65 0 66 3 56 65 56 55 55 65 60 65 55
split_gain=96.8631 76.8642 133.981 103.306 98.3864 81.8527 95.53 73.7112 71.4979 97.6248 74.2346 64.498 65.6499 86.714 100.68 71.1746 53.3247 52.14 52.0846 46.97 64.3397 48.2624 79.4923 63.3459 46.9488 44.5454 43.6629 111.149 181.792 102.554
threshold=331.50000000000006 0.0044557620430692333 0.0058227935986299309 245.50000000000003 235.50000000000003 1.0000000180025095e-35 0.023512261309360332 1.0000000180025095e-35 0.0059228531034993181 0.0059628976246150316 1.0000000180025095e-35 4.3500000000000005 3.5000000000000004 0.040675701023522033 0.068359195701562556 7.7500000000000009 1.0000000180025095e-35 288.50000000000006 4.4500000000000011 1.0000000180025095e-35 1.0000000180025095e-35 0.0064496039836892472 584.50000000000011 0.0058736741035108906 0.004918669514921461 0.010501873210954102 255.50000000000003 1.5000000000000002 290.50000000000006 0.06386747763884322
decision_type=2 2 2 2 2 2 2 2 2 2 2 2 2 2 2 2 2 2 2 2 2 2 2 2 2 2 2 2 2 2
left_child=1 -1 3 4 5 6 -3 16 10 -10 -4 -11 18 15 -15 -14 -5 -16 -13 20 -2 23 -23 25 -12 -21 -20 28 -28 -30
right_child=19 2 8 7 -6 -7 -8 -9 9 11 24 12 13 14 17 -17 -18 -19 26 21 -22 22 -24 -25 -26 -27 27 -29 29 -31
leaf_value=0.005843691265509157 0.0029974803308133293 -0.038780681595196001 -0.049086966061280615 -0.042181293750782167 0.022746706782459176 0.033272440891724916 -0.0053012759731246471 0.026359122028027964 0.035483474900885305 -0.040633728660140929 0.018836572304006236 0.033464892149484636 -0.055845924882726973 -0.079275012507494233 -0.035076106801470615 0.0049639864264533345 0.0011163395772887735 0.024262161552989627 -0.0019484393184607263 0.0088157067465087988 -0.046317432705486009 0.019792207030762978 -0.010324163024802397 -0.053808981834917231 -0.039905851501359751 -0.024171823521292136 0.0082382135585402499 0.020553332761171557 -0.045422265755830783 0.014895698837806242
leaf_weight=1016.687602896629 1790.3517762507436 123.62465110742414 55.382166160605266 188.96090158898005 80.742869511217577 29.554251206485787 200.48458867904992 17.570733309345087 65.608310719006113 35.87375739032359 37.302605785182095 41.038404244056437 18.695638814708218 33.659618412144482 36.082161672413349 142.89267019182444 29.528816058067605 19.936257664114237 2739.0388714234177 270.78128539134923 23.133386013836571 538.97381166450214 91.73132253671065 16.80965479608858 16.999469248228706 41.642934597126441 389.01937409352104 297.481620244449 108.00433962928946 32.524329172447324
leaf_count=24555 21027 5071 2307 4540 349 60 2433 66 249 883 82 36 181 197 106 283 54 7 15648 1828 732 892 404 287 238 406 1775 355 1474 31
internal_value=0.000581394 -0.00163756 -0.00324311 -0.0156588 -0.0069479 -0.0137723 -0.0181513 -0.031592 -0.00119425 -0.000529389 -0.0249758 -0.00114507 -0.000767485 -0.015563 -0.0390434 -0.00237188 -0.0363512 -0.0139032 0.000267179 0.00518613 0.00234322 0.0105488 0.0154026 0.00123206 5.79663e-05 0.00435572 -0.000124136 0.00591283 -0.00233493 -0.0314555
internal_weight=8530.12 5756.69 4740.01 670.467 434.406 353.663 324.109 236.06 4069.54 3959.86 109.684 3894.25 3858.37 251.266 89.678 161.588 218.49 56.0184 3607.11 2773.42 1813.49 959.939 630.705 329.234 54.3021 312.424 3566.07 827.03 529.548 140.529
internal_count=86556 60980 36425 12573 7913 7564 7504 4660 23852 21225 2627 20976 20093 774 310 464 4594 113 19319 25576 21759 3817 1296 2521 320 2234 19283 3635 3280 1505
is_linear=0
shrinkage=0.03


Tree=244
num_leaves=31
num_cat=0
split_feature=34 39 29 0 56 72 0 16 32 56 65 57 65 10 56 56 0 19 59 19 56 56 56 54 0 65 56 60 0 71
split_gain=73.5936 72.494 52.673 43.6717 38.4087 45.9885 38.3888 42.2153 36.4574 41.7801 60.3656 115.779 72.2058 54.4807 40.7647 40.1623 32.922 55.5774 135.584 52.813 41.5944 41.4747 61.253 48.6865 41.3896 37.5254 36.7368 53.1858 34.5038 35.8456
threshold=1.0000000180025095e-35 1.0000000180025095e-35 1.0000000180025095e-35 9.7000000000000011 0.17581565966311982 1.0000000180025095e-35 4.4500000000000011 1.0000000180025095e-35 1.0000000180025095e-35 0.0016476714740374251 203.50000000000003 3.5000000000000004 265.50000000000006 1.0000000180025095e-35 0.0053657610444891026 0.0013997099996706566 5.5500000000000007 1.0000000180025095e-35 1.0000000180025095e-35 1.0000000180025095e-35 0.12145281554420055 0.0088004231848067046 0.039092439184851828 1.0000000180025095e-35 6.3500000000000005 174.50000000000003 0.040675701023522033 6.5000000000000009 6.4500000000000011 1.0000000180025095e-35
decision_type=2 2 2 2 2 2 2 2 2 2 2 2 2 2 2 2 2 2 2 2 2 2 2 2 2 2 2 2 2 2
left_child=1 2 6 -2 5 -3 -1 8 15 -10 -11 12 -12 14 -14 -8 17 18 21 24 -20 23 -23 -17 -18 -24 -27 -28 -26 -30
right_child=3 4 -4 -5 -6 -7 7 -9 9 10 11 -13 13 -15 -16 16 19 -19 20 -21 -22 22 25 -25 28 26 27 -29 29 -31
leaf_value=0.015035554746273244 -0.059238933479152607 -0.056880024234717531 -0.038713327692585377 -0.010219004418107327 0.02462505332904983 0.01596908296285969 -0.034930020496855368 -0.0075557371774801129 0.031177431871277982 0.016052025736419766 -0.061673643624196729 0.018679244896980206 -0.045996859051844835 -0.053755195213645551 0.0041769376090754935 0.026256815390057905 -0.035953678081231087 0.027499239523622418 -0.035193459032596394 -0.041762753402711572 -0.14111689536228417 -0.044938719367988052 0.024209868497217825 -0.032697768571748421 0.028050903839364413 0.014648931360869618 -0.059948599179922776 0.024524144118743065 0.00089414829348200366 0.008377519411409488
leaf_weight=208.32383966958514 25.509720838457724 37.644751677042223 27.214538637846999 44.103282236814266 8.4773845635354501 9.2979867625981552 25.583660811942536 393.20581602664606 68.653833971591666 304.12849603570066 28.316454802989028 128.86319902725518 15.77110677747987 20.836121889296919 110.36954963475 146.5631408412155 25.249625237673172 117.31305464745674 40.996380615732051 24.322906720801257 2.8341144472360602 22.803576326929033 59.91244287788868 12.94006726828229 43.739274833380478 28.053773331455886 19.532706453464929 9.2887850701808912 5982.4986507408321 636.51131121814251
leaf_count=4691 956 1046 2574 457 4 12 5326 15719 66 609 331 127 184 195 398 2072 1050 712 1770 613 22 274 52 1671 143 37 134 10 44123 996
internal_value=0.00173506 0.00198646 0.00221109 -0.0287669 -0.0319085 -0.0424186 0.00234703 0.00202555 0.00250485 0.00915601 0.00662348 -0.00282591 -0.0186513 -0.0100018 -0.00240863 0.00187816 0.00201431 0.00976761 0.00363939 0.00148132 -0.0450376 0.010899 -0.00105267 0.0213001 0.00164481 0.00782514 -0.00955463 -0.0328147 0.00179267 0.00161494
internal_weight=8628.86 8559.25 8503.83 69.613 55.4201 46.9427 8476.61 8268.29 7875.08 676.939 608.285 304.156 175.293 146.977 126.141 7198.14 7172.56 460.238 342.925 6712.32 43.8305 299.094 139.591 159.503 6688 116.788 56.8753 28.8215 6662.75 6619.01
internal_count=86374 84961 83899 1413 1062 1058 81325 76634 60915 1910 1844 1235 1108 777 582 59005 53679 6754 6042 46925 1792 4250 507 3743 46312 233 181 144 45262 45119
is_linear=0
shrinkage=0.03


end of trees

feature_importances:
desc_len=1173
product_kev_rate=1150
vendor_kev_rate=1130
cvss_base=531
ref_total=357
ref_vendor_advisory=281
ref_exploit=219
ref_patch=174
poc_github=158
dom_github=115
dom_packetstorm=110
cwe_other=97
cwe_78=83
poc_exploitdb=81
kw_unauth=80
kw_rce=69
cwe_89=60
c_N=53
ui_N=49
cwe_502=47
pr_N=44
cwe_352=44
cwe_125=43
cwe_22=43
pr_L=42
c_H=42
s_U=41
i_N=41
av_L=40
cwe_79=40
av_N=38
cwe_787=38
ac_L=37
i_H=36
cwe_276=36
cwe_416=34
a_H=31
cwe_269=31
s_C=30
cwe_94=29
cwe_434=27
cwe_287=27
av_P=26
dom_zdi=26
a_N=25
cwe_862=25
cwe_200=25
av_A=24
cwe_120=24
cwe_20=22
cwe_476=22
cwe_863=22
cwe_918=22
cwe_732=20
ac_H=19
cwe_798=19
c_L=17
i_L=17
cwe_362=17
pr_H=16
dom_exploitdb=16
cwe_190=15
kw_deser=14
ui_R=13
cwe_400=13
cwe_119=12
cwe_284=12
cwe_306=12
a_L=7
kw_ssrf=7
cwe_77=6
kw_auth_bypass=4

parameters:
[boosting: gbdt]
[objective: binary]
[metric: average_precision]
[tree_learner: serial]
[device_type: cpu]
[data_sample_strategy: bagging]
[data: ]
[valid: ]
[num_iterations: 600]
[learning_rate: 0.03]
[num_leaves: 31]
[num_threads: 16]
[seed: 42]
[deterministic: 0]
[force_col_wise: 0]
[force_row_wise: 0]
[histogram_pool_size: -1]
[max_depth: -1]
[min_data_in_leaf: 40]
[min_sum_hessian_in_leaf: 0.001]
[bagging_fraction: 0.8]
[pos_bagging_fraction: 1]
[neg_bagging_fraction: 1]
[bagging_freq: 1]
[bagging_seed: 400]
[bagging_by_query: 0]
[feature_fraction: 0.8]
[feature_fraction_bynode: 1]
[feature_fraction_seed: 30056]
[extra_trees: 0]
[extra_seed: 12879]
[early_stopping_round: 0]
[early_stopping_min_delta: 0]
[first_metric_only: 0]
[max_delta_step: 0]
[lambda_l1: 0]
[lambda_l2: 1]
[linear_lambda: 0]
[min_gain_to_split: 0]
[drop_rate: 0.1]
[max_drop: 50]
[skip_drop: 0.5]
[xgboost_dart_mode: 0]
[uniform_drop: 0]
[drop_seed: 17869]
[top_rate: 0.2]
[other_rate: 0.1]
[min_data_per_group: 100]
[max_cat_threshold: 32]
[cat_l2: 10]
[cat_smooth: 10]
[max_cat_to_onehot: 4]
[top_k: 20]
[monotone_constraints: ]
[monotone_constraints_method: basic]
[monotone_penalty: 0]
[feature_contri: ]
[forcedsplits_filename: ]
[refit_decay_rate: 0.9]
[cegb_tradeoff: 1]
[cegb_penalty_split: 0]
[cegb_penalty_feature_lazy: ]
[cegb_penalty_feature_coupled: ]
[path_smooth: 0]
[interaction_constraints: ]
[verbosity: -1]
[saved_feature_importance_type: 0]
[use_quantized_grad: 0]
[num_grad_quant_bins: 4]
[quant_train_renew_leaf: 0]
[stochastic_rounding: 1]
[linear_tree: 0]
[max_bin: 255]
[max_bin_by_feature: ]
[min_data_in_bin: 3]
[bin_construct_sample_cnt: 200000]
[data_random_seed: 175]
[is_enable_sparse: 1]
[enable_bundle: 1]
[use_missing: 1]
[zero_as_missing: 0]
[feature_pre_filter: 1]
[pre_partition: 0]
[two_round: 0]
[header: 0]
[label_column: ]
[weight_column: ]
[group_column: ]
[ignore_column: ]
[categorical_feature: ]
[forcedbins_filename: ]
[precise_float_parser: 0]
[parser_config_file: ]
[objective_seed: 16083]
[num_class: 1]
[is_unbalance: 1]
[scale_pos_weight: 1]
[sigmoid: 1]
[boost_from_average: 1]
[reg_sqrt: 0]
[alpha: 0.9]
[fair_c: 1]
[poisson_max_delta_step: 0.7]
[tweedie_variance_power: 1.5]
[lambdarank_truncation_level: 30]
[lambdarank_norm: 1]
[label_gain: ]
[lambdarank_position_bias_regularization: 0]
[eval_at: ]
[multi_error_top_k: 1]
[auc_mu_weights: ]
[num_machines: 1]
[local_listen_port: 12400]
[time_out: 120]
[machine_list_filename: ]
[machines: ]
[gpu_platform_id: -1]
[gpu_device_id: -1]
[gpu_device_id_list: ]
[gpu_use_dp: 0]
[num_gpu: 1]

end of parameters

pandas_categorical:[]
